Date,AAPL,MSFT,V,MA,JPM
2006-01-03,2.237673282623291,18.672447204589844,,,23.633686065673828
2006-01-04,2.244258165359497,18.76287841796875,,,23.49728012084961
2006-01-05,2.226597785949707,18.776792526245117,,,23.568449020385742
2006-01-06,2.2840731143951416,18.721134185791016,,,23.73450469970703
2006-01-09,2.276588201522827,18.68635368347168,,,24.11998748779297
2006-01-10,2.4205775260925293,18.783748626708984,,,24.155582427978516
2006-01-11,2.511583089828491,18.98549461364746,,,24.137794494628906
2006-01-12,2.5232560634613037,18.881147384643555,,,23.6929931640625
2006-01-13,2.562174081802368,18.915929794311523,,,23.67519760131836
2006-01-17,2.535830020904541,18.776792526245117,,,23.5506591796875
2006-01-18,2.469371795654297,18.665477752685547,,,23.295629501342773
2006-01-19,2.366095542907715,18.79766845703125,,,23.1651554107666
2006-01-20,2.277787446975708,18.373294830322266,,,22.5661678314209
2006-01-23,2.325084924697876,18.331554412841797,,,22.696638107299805
2006-01-24,2.276289224624634,18.282848358154297,,,22.60174560546875
2006-01-25,2.2212085723876953,18.366336822509766,,,22.821184158325195
2006-01-26,2.165229082107544,18.435901641845703,,,23.479476928710938
2006-01-27,2.1562485694885254,19.333341598510742,,,23.574377059936523
2006-01-30,2.245156764984131,19.47944450378418,,,23.63368034362793
2006-01-31,2.260423421859741,19.583799362182617,,,23.574377059936523
2006-02-01,2.2577295303344727,19.507265090942383,,,23.651470184326172
2006-02-02,2.1583445072174072,19.256820678710938,,,23.716718673706055
2006-02-03,2.150859832763672,19.159421920776367,,,23.443906784057617
2006-02-06,2.014653444290161,18.902021408081055,,,23.39052963256836
2006-02-07,2.023634672164917,18.742013931274414,,,23.283777236938477
2006-02-08,2.059856414794922,18.721134185791016,,,23.485414505004883
2006-02-09,1.9443057775497437,18.54721450805664,,,23.586240768432617
2006-02-10,2.014953136444092,18.568078994750977,,,23.67519760131836
2006-02-13,1.937120795249939,18.359371185302734,,,23.586240768432617
2006-02-14,2.024832010269165,18.540260314941406,,,23.781946182250977
2006-02-15,2.0721304416656494,18.763633728027344,,,23.912425994873047
2006-02-16,2.1125433444976807,18.714771270751953,,,24.208955764770508
2006-02-17,2.104161262512207,18.637981414794922,,,24.185222625732422
2006-02-21,2.067939519882202,18.526294708251953,,,24.137794494628906
2006-02-22,2.1349942684173584,18.651939392089844,,,24.558862686157227
2006-02-23,2.1478662490844727,18.61006736755371,,,24.380949020385742
2006-02-24,2.139185667037964,18.589122772216797,,,24.707124710083008
2006-02-27,2.1251156330108643,18.882301330566406,,,24.659683227539062
2006-02-28,2.050276517868042,18.756656646728516,,,24.39874267578125
2006-03-01,2.068537950515747,18.945127487182617,,,24.689348220825195
2006-03-02,2.0838048458099365,18.826454162597656,,,24.707124710083008
2006-03-03,2.027226448059082,18.798534393310547,,,24.665611267089844
2006-03-06,1.9601706266403198,18.78458023071289,,,24.57073974609375
2006-03-07,1.9850188493728638,18.889280319213867,,,24.60038185119629
2006-03-08,1.965559959411621,19.021915435791016,,,24.671545028686523
2006-03-09,1.913771629333496,18.847396850585938,,,24.34535789489746
2006-03-10,1.891619324684143,18.966064453125,,,24.392803192138672
2006-03-13,1.966158151626587,18.924184799194336,,,24.351303100585938
2006-03-14,2.0152533054351807,19.007949829101562,,,24.541080474853516
2006-03-15,1.9826228618621826,19.09869956970215,,,24.446178436279297
2006-03-16,1.9251478910446167,19.03586769104004,,,24.505489349365234
2006-03-17,1.9356249570846558,19.196422576904297,,,24.552936553955078
2006-03-20,1.9155677556991577,19.468669891357422,,,24.582595825195312
2006-03-21,1.8503085374832153,19.363964080810547,,,24.43431854248047
2006-03-22,1.8461183309555054,18.952112197875977,,,24.938425064086914
2006-03-23,1.800915002822876,18.742691040039062,,,24.932498931884766
2006-03-24,1.7949291467666626,18.85437774658203,,,24.968082427978516
2006-03-27,1.7814559936523438,18.85437774658203,,,24.97401237487793
2006-03-28,1.757509469985962,18.77759552001953,,,24.647830963134766
2006-03-29,1.8658747673034668,18.86136817932129,,,24.718992233276367
2006-03-30,1.8784477710723877,19.007949829101562,,,24.63003158569336
2006-03-31,1.877549409866333,18.993993759155273,,,24.69527816772461
2006-04-03,1.8754544258117676,19.238313674926758,,,24.867265701293945
2006-04-04,1.831149935722351,19.294157028198242,,,25.27383804321289
2006-04-05,2.0119597911834717,19.363964080810547,,,25.435279846191406
2006-04-06,2.132599115371704,19.238313674926758,,,25.285804748535156
2006-04-07,2.089193105697632,19.021915435791016,,,24.93301773071289
2006-04-10,2.055665969848633,19.049835205078125,,,25.0406494140625
2006-04-11,2.035308361053467,18.938152313232422,,,24.87921905517578
2006-04-12,1.9969934225082397,18.987016677856445,,,25.0526123046875
2006-04-13,1.9898078441619873,18.89626121520996,,,25.22600555419922
2006-04-17,1.9401154518127441,18.7357177734375,,,25.11241340637207
2006-04-18,1.982323169708252,19.00096893310547,,,25.471145629882812
2006-04-19,1.965261697769165,18.868349075317383,,,25.483108520507812
2006-04-20,2.0245327949523926,18.868349075317383,,,25.471145629882812
2006-04-21,2.006870985031128,18.952112197875977,,,25.41136360168457
2006-04-24,1.9682542085647583,18.924184799194336,,,25.518983840942383
2006-04-25,1.9808273315429688,18.924184799194336,,,25.24393653869629
2006-04-26,2.0400993824005127,18.917198181152344,,,25.507034301757812
2006-04-27,2.0763208866119385,19.021915435791016,,,26.278339385986328
2006-04-28,2.1071555614471436,16.857948303222656,,,27.133363723754883
2006-05-01,2.083505392074585,16.95567512512207,,,26.774593353271484
2006-05-02,2.1439757347106934,16.760229110717773,,,27.20509910583496
2006-05-03,2.129605770111084,16.173860549926758,,,27.18118667602539
2006-05-04,2.1293063163757324,16.362335205078125,,,27.318695068359375
2006-05-05,2.152057647705078,16.613632202148438,,,27.892698287963867
2006-05-08,2.152057647705078,16.564767837524414,,,27.563846588134766
2006-05-09,2.1263129711151123,16.48798370361328,,,27.516019821166992
2006-05-10,2.1134417057037354,16.592700958251953,,,27.456228256225586
2006-05-11,2.0400993824005127,16.208768844604492,,,26.995840072631836
2006-05-12,2.026627779006958,16.173860549926758,,,26.49957275390625
2006-05-15,2.0293216705322266,16.22291374206543,,,26.631105422973633
2006-05-16,1.9452033042907715,16.12481117248535,,,26.49957275390625
2006-05-17,1.953586220741272,15.928581237792969,,,25.85980987548828
2006-05-18,1.8913209438323975,15.99866008758545,,,25.554855346679688
2006-05-19,1.9311343431472778,15.80945110321045,,,25.560842514038086
2006-05-22,1.8973066806793213,16.033700942993164,,,25.49506378173828
2006-05-23,1.8904218673706055,15.970637321472168,,,25.21404457092285
2006-05-24,1.896109700202942,16.468177795410156,,,25.202096939086914
2006-05-25,1.9257457256317139,16.63637351989746,,4.16672420501709,25.620635986328125
2006-05-26,1.9023964405059814,16.622358322143555,,4.069803237915039,25.84784507751465
2006-05-30,1.8326469659805298,16.22291374206543,,3.9855637550354004,25.37549591064453
2006-05-31,1.7892404794692993,15.872526168823242,,4.070708274841309,25.49506378173828
2006-06-01,1.8610851764678955,15.99166202545166,,4.303502559661865,26.057104110717773
2006-06-02,1.8458185195922852,15.94961166381836,,4.256400108337402,26.194639205932617
2006-06-05,1.796125888824463,15.767414093017578,,4.452054977416992,25.692373275756836
2006-06-06,1.787743091583252,15.508121490478516,,4.375061511993408,25.33962059020996
2006-06-07,1.7530192136764526,15.445049285888672,,4.311651706695557,25.261878967285156
2006-06-08,1.8188762664794922,15.494112968444824,,4.322524070739746,25.321678161621094
2006-06-09,1.7733749151229858,15.360960960388184,,4.327960014343262,25.172189712524414
2006-06-12,1.7063188552856445,15.213808059692383,,4.252776145935059,24.87323760986328
2006-06-13,1.7461336851119995,15.073643684387207,,4.121434688568115,24.23346519470215
2006-06-14,1.7245796918869019,15.332924842834473,,4.087013244628906,23.898635864257812
2006-06-15,1.7775654792785645,15.466080665588379,,4.162198066711426,24.275320053100586
2006-06-16,1.7230825424194336,15.487102508544922,,4.07795524597168,24.012243270874023
2006-06-19,1.712306022644043,15.802451133728027,,4.016360282897949,23.886680603027344
2006-06-20,1.7203888893127441,15.80945110321045,,3.9873740673065186,24.209556579589844
2006-06-21,1.732064127922058,16.17385482788086,,4.103320121765137,24.640050888061523
2006-06-22,1.7835525274276733,16.033700942993164,,4.221071720123291,24.556344985961914
2006-06-23,1.7611010074615479,15.767414093017578,,4.252776145935059,24.436763763427734
2006-06-26,1.7658915519714355,15.99166202545166,,4.302599906921387,24.813447952270508
2006-06-27,1.719191312789917,16.019691467285156,,4.2853875160217285,24.418819427490234
2006-06-28,1.6769824028015137,16.229921340942383,,4.253681659698486,24.675926208496094
2006-06-29,1.7652918100357056,16.447162628173828,,4.347886562347412,25.518983840942383
2006-06-30,1.7144018411636353,16.328033447265625,,4.347886562347412,25.11241340637207
2006-07-03,1.7347582578659058,16.60833740234375,,4.28447961807251,25.84177589416504
2006-07-05,1.7063188552856445,16.36307144165039,,4.311651706695557,25.56450080871582
2006-07-06,1.6694989204406738,16.45417022705078,,4.239188194274902,25.58863067626953
2006-07-07,1.6584221124649048,16.328033447265625,,4.177594184875488,25.56450080871582
2006-07-10,1.6464488506317139,16.468177795410156,,4.211110591888428,25.66698455810547
2006-07-11,1.6659061908721924,16.187875747680664,,4.198428630828857,25.84177589416504
2006-07-12,1.5853806734085083,15.865522384643555,,4.125964641571045,25.468059539794922
2006-07-13,1.5641260147094727,15.599228858947754,,4.05078125,24.94964599609375
2006-07-14,1.5168284177780151,15.62024974822998,,3.9810352325439453,24.648256301879883
2006-07-17,1.567718267440796,15.753395080566406,,3.9846577644348145,24.551809310913086
2006-07-18,1.5835840702056885,15.9356050491333,,3.9765055179595947,24.539749145507812
2006-07-19,1.6195063591003418,16.398115158081055,,4.10150671005249,25.950300216674805
2006-07-20,1.811092495918274,16.012676239013672,,4.125964641571045,25.908098220825195
2006-07-21,1.8176782131195068,16.72747039794922,,4.10150671005249,26.010562896728516
2006-07-24,1.8386330604553223,16.81856918334961,,4.076143264770508,26.64350128173828
2006-07-25,1.853900671005249,16.97273826599121,,4.173968315124512,26.90270233154297
2006-07-26,1.9119747877120972,17.077863693237305,,4.228318691253662,26.914758682250977
2006-07-27,1.8979066610336304,16.72747039794922,,4.213827133178711,26.944900512695312
2006-07-28,1.9634644985198975,16.9937686920166,,4.193900108337402,27.415081024169922
2006-07-31,2.034412384033203,16.860614776611328,,4.154949188232422,27.499473571777344
2006-08-01,2.0110623836517334,16.811569213867188,,4.076143264770508,27.433147430419922
2006-08-02,2.040398597717285,17.028806686401367,,4.530860424041748,27.421104431152344
2006-08-03,2.0832066535949707,16.965740203857422,,4.528142929077148,27.523571014404297
2006-08-04,2.0445897579193115,17.02179527282715,,4.5335774421691895,27.198062896728516
2006-08-07,2.0119597911834717,16.97273826599121,,4.628687858581543,27.288497924804688
2006-08-08,1.9392163753509521,17.056835174560547,,4.761841773986816,27.119714736938477
2006-08-09,1.9035933017730713,17.12690544128418,,4.787206172943115,26.73392105102539
2006-08-10,1.9179619550704956,17.140932083129883,,4.8515167236328125,26.553068161010742
2006-08-11,1.905389428138733,17.119909286499023,,4.862386226654053,26.480754852294922
2006-08-14,1.9140704870224,17.189987182617188,,4.912205219268799,26.456632614135742
2006-08-15,1.9892078638076782,17.316585540771484,,4.9357590675354,27.14984893798828
2006-08-16,2.035010576248169,17.37285804748535,,4.915829181671143,27.4090518951416
2006-08-17,2.0233356952667236,17.37285804748535,,4.8424601554870605,27.40302085876465
2006-08-18,2.032914876937866,18.13951873779297,,4.841553688049316,27.553720474243164
2006-08-21,1.992502212524414,18.371620178222656,,4.914924144744873,27.40302085876465
2006-08-22,2.0242342948913574,18.019947052001953,,5.0027852058410645,27.33670997619629
2006-08-23,2.014953136444092,18.05510902404785,,4.9457197189331055,27.439178466796875
2006-08-24,2.029921293258667,18.10434341430664,,5.040831565856934,27.535642623901367
2006-08-25,2.0580601692199707,18.181711196899414,,4.981953144073486,27.439178466796875
2006-08-28,2.005074977874756,18.252044677734375,,4.983765602111816,27.740589141845703
2006-08-29,1.9901070594787598,18.174678802490234,,5.0136566162109375,27.710439682006836
2006-08-30,2.004476547241211,18.146547317504883,,5.004599094390869,27.565771102905273
2006-08-31,2.031118154525757,18.076208114624023,,5.063478946685791,27.523571014404297
2006-09-01,2.0469839572906494,18.174678802490234,,5.122353553771973,27.565771102905273
2006-09-05,2.1397838592529297,18.012907028198242,,5.1495280265808105,27.60798454284668
2006-09-06,2.0963778495788574,18.012907028198242,,5.333406448364258,27.656204223632812
2006-09-07,2.1792988777160645,17.886306762695312,,5.445727825164795,27.246294021606445
2006-09-08,2.1709177494049072,18.005878448486328,,5.412212371826172,27.282466888427734
2006-09-11,2.170318603515625,18.22391700744629,,5.604245185852051,27.360820770263672
2006-09-12,2.1742103099823,18.23798179626465,,5.6250786781311035,27.73456573486328
2006-09-13,2.2212085723876953,18.27315330505371,,5.557144641876221,27.969661712646484
2006-09-14,2.220310688018799,18.519323348999023,,5.68757963180542,28.029932022094727
2006-09-15,2.218214988708496,18.885061264038086,,5.885047912597656,28.30118179321289
2006-09-18,2.2119288444519043,18.842864990234375,,5.8986334800720215,28.078166961669922
2006-09-19,2.2083370685577393,18.892108917236328,,5.873271465301514,28.210773468017578
2006-09-20,2.2529397010803223,19.1171817779541,,6.028162479400635,28.46394157409668
2006-09-21,2.234679698944092,18.920238494873047,,6.2546162605285645,28.216800689697266
2006-09-22,2.185285806655884,18.751441955566406,,5.9720048904418945,28.222810745239258
2006-09-25,2.2676079273223877,18.955398559570312,,5.83341646194458,28.277070999145508
2006-09-26,2.323288917541504,19.131242752075195,,5.978342056274414,28.271059036254883
2006-09-27,2.2873666286468506,19.3000431060791,,6.145011901855469,28.2348690032959
2006-09-28,2.305327892303467,19.271915435791016,,6.218383312225342,28.421751022338867
2006-09-29,2.304429292678833,19.23674964904785,,6.372370719909668,28.307220458984375
2006-10-02,2.240964889526367,19.2437801361084,,6.337046146392822,28.252962112426758
2006-10-03,2.2176156044006348,19.250812530517578,,6.3116841316223145,28.783414840698242
2006-10-04,2.2565338611602783,19.6517276763916,,6.306247234344482,28.831993103027344
2006-10-05,2.240068197250366,19.63766098022461,,6.583783149719238,28.783424377441406
2006-10-06,2.2218074798583984,19.602497100830078,,6.815968990325928,28.449504852294922
2006-10-09,2.2340807914733887,19.496984481811523,,6.6028313636779785,28.601282119750977
2006-10-10,2.209533452987671,19.47588348388672,,6.522110462188721,28.856279373168945
2006-10-11,2.192171096801758,19.370380401611328,,6.303525447845459,28.923046112060547
2006-10-12,2.2529397010803223,19.848661422729492,,6.386064529418945,29.299468994140625
2006-10-13,2.2457549571990967,19.95417022705078,,6.357037544250488,29.238746643066406
2006-10-16,2.257131338119507,20.01043128967285,,6.4667840003967285,28.977699279785156
2006-10-17,2.223902940750122,20.00340461730957,,6.303525447845459,29.135541915893555
2006-10-18,2.231088399887085,20.05966567993164,,6.389688014984131,28.66199493408203
2006-10-19,2.3645994663238525,19.897905349731445,,6.560201168060303,28.455591201782227
2006-10-20,2.393336772918701,19.996362686157227,,6.459527969360352,28.607345581054688
2006-10-23,2.4385406970977783,20.01043128967285,,6.371548652648926,28.771282196044922
2006-10-24,2.4262664318084717,19.8908634185791,,6.457711219787598,28.61949920654297
2006-10-25,2.4451262950897217,19.91196060180664,,6.416898727416992,28.698427200317383
2006-10-26,2.460392475128174,19.940109252929688,,6.5484113693237305,29.00199317932129
2006-10-27,2.4071078300476074,19.933061599731445,,6.588318824768066,28.710575103759766
2006-10-30,2.407407522201538,20.066699981689453,,6.579250335693359,28.807703018188477
2006-10-31,2.427164316177368,20.193307876586914,,6.720739364624023,28.80162811279297
2006-11-01,2.3696887493133545,20.26364517211914,,7.715701103210449,28.49201202392578
2006-11-02,2.364299774169922,20.235511779785156,,7.945163249969482,28.47379493713379
2006-11-03,2.343644142150879,20.207374572753906,,8.118401527404785,28.46772003173828
2006-11-06,2.386153221130371,20.28473472595215,,8.734241485595703,28.92912483215332
2006-11-07,2.410100221633911,20.36210823059082,,8.389583587646484,28.831993103027344
2006-11-08,2.4681758880615234,20.383211135864258,,8.021350860595703,28.923046112060547
2006-11-09,2.4948182106018066,20.580156326293945,,7.999584674835205,28.680212020874023
2006-11-10,2.488232135772705,20.56608009338379,,8.09028148651123,28.90484619140625
2006-11-13,2.5250535011291504,20.643451690673828,,8.756912231445312,28.935197830200195
2006-11-14,2.5445103645324707,20.629335403442383,,8.634469032287598,28.98983383178711
2006-11-15,2.5160720348358154,20.551708221435547,,8.643539428710938,28.807703018188477
2006-11-16,2.562772035598755,20.798717498779297,,8.572793006896973,29.05054473876953
2006-11-17,2.569955587387085,20.749319076538086,,8.597285270690918,28.935197830200195
2006-11-20,2.5885164737701416,21.09514045715332,,8.724263191223145,29.08090591430664
2006-11-21,2.65228009223938,21.11631202697754,,9.12424373626709,28.98983383178711
2006-11-22,2.703467607498169,21.11631202697754,,9.365504264831543,28.892688751220703
2006-11-24,2.742983102798462,21.00339126586914,,9.56684684753418,28.698427200317383
2006-11-27,2.680418014526367,20.805776596069336,,8.978216171264648,28.30987548828125
2006-11-28,2.748372793197632,20.742259979248047,,9.137848854064941,28.048816680908203
2006-11-29,2.7480709552764893,20.869300842285156,,8.997262954711914,28.334148406982422
2006-11-30,2.7438809871673584,20.721094131469727,,9.228540420532227,28.097381591796875
2006-12-01,2.733703851699829,20.551708221435547,,9.175938606262207,27.933467864990234
2006-12-04,2.727717638015747,20.699913024902344,,9.077079772949219,28.437355041503906
2006-12-05,2.7322075366973877,20.55876350402832,,9.001801490783691,28.655925750732422
2006-12-06,2.689098596572876,20.459957122802734,,8.990915298461914,28.43130111694336
2006-12-07,2.6055784225463867,20.361148834228516,,9.04079818725586,28.30987548828125
2006-12-08,2.642101526260376,20.749319076538086,,9.078890800476074,28.388797760009766
2006-12-11,2.656769037246704,20.848127365112305,,8.988194465637207,28.868408203125
2006-12-12,2.5786380767822266,20.770490646362305,,8.684351921081543,28.916988372802734
2006-12-13,2.6657497882843018,20.85518455505371,,8.686166763305664,28.898775100708008
2006-12-14,2.6507816314697266,21.22217559814453,,8.670748710632324,29.11125373840332
2006-12-15,2.6259355545043945,21.306867599487305,,8.724263191223145,29.32376480102539
2006-12-18,2.5585813522338867,21.09514045715332,,8.425863265991211,29.281261444091797
2006-12-19,2.583725929260254,21.16571807861328,,8.834007263183594,29.3055477142334
2006-12-20,2.5373268127441406,21.236295700073242,,8.84398365020752,29.27519416809082
2006-12-21,2.481646776199341,21.15865707397461,,8.680728912353516,29.536251068115234
2006-12-22,2.460691452026367,20.918703079223633,,8.738775253295898,29.07484245300293
2006-12-26,2.4400365352630615,21.16571807861328,,8.6290283203125,29.329824447631836
2006-12-27,2.440335750579834,21.1868839263916,,9.01268196105957,29.71836280822754
2006-12-28,2.420877456665039,21.15865707397461,,8.97549057006836,29.700172424316406
2006-12-29,2.5397214889526367,21.073976516723633,,8.932868957519531,29.32376480102539
2007-01-03,2.508589267730713,21.073976516723633,,8.744216918945312,29.391016006469727
2007-01-04,2.5642690658569336,21.038671493530273,,9.1732177734375,29.464378356933594
2007-01-05,2.5460081100463867,20.918703079223633,,9.165961265563965,29.219818115234375
2007-01-08,2.5585813522338867,21.123374938964844,,9.167776107788086,29.317630767822266
2007-01-09,2.7711217403411865,21.144542694091797,,9.590431213378906,29.195348739624023
2007-01-10,2.9037365913391113,20.932811737060547,,9.50782585144043,29.409360885620117
2007-01-11,2.8678131103515625,21.666810989379883,,9.576809883117676,29.537748336791992
2007-01-12,2.8324902057647705,22.026737213134766,,9.554121017456055,29.34209632873535
2007-01-16,2.9067296981811523,21.991458892822266,,9.622206687927246,29.586671829223633
2007-01-17,2.8423690795898438,21.94911003112793,,9.898159980773926,29.61111831665039
2007-01-18,2.6663479804992676,21.878536224365234,,9.303581237792969,29.43993377685547
2007-01-19,2.6492857933044434,21.956165313720703,,9.534147262573242,29.81290626525879
2007-01-22,2.5980958938598633,21.68092155456543,,9.768350601196289,30.363170623779297
2007-01-23,2.5654661655426025,21.695035934448242,,9.840970039367676,30.467119216918945
2007-01-24,2.595400810241699,21.94205093383789,,10.114204406738281,30.791166305541992
2007-01-25,2.5819311141967773,21.490360260009766,,9.791952133178711,30.699460983276367
2007-01-26,2.5558862686157227,21.59623146057129,,9.850955963134766,30.387624740600586
2007-01-29,2.572650909423828,21.54683494567871,,9.961705207824707,30.24700927734375
2007-01-30,2.5609753131866455,21.511539459228516,,10.053388595581055,30.681108474731445
2007-01-31,2.5663650035858154,21.779735565185547,,10.126007080078125,31.13966941833496
2007-02-01,2.5367283821105957,21.567995071411133,,10.159592628479004,31.310863494873047
2007-02-02,2.537027597427368,21.306867599487305,,10.072447776794434,31.13966941833496
2007-02-05,2.512779474258423,20.897523880004883,,10.007996559143066,31.158016204833984
2007-02-06,2.5190658569335938,20.826950073242188,,10.035232543945312,31.18247413635254
2007-02-07,2.578937530517578,20.728151321411133,,10.15777587890625,31.310863494873047
2007-02-08,2.5798351764678955,20.650516510009766,,10.415583610534668,31.13966941833496
2007-02-09,2.492722749710083,20.452899932861328,,9.404340744018555,30.82785415649414
2007-02-12,2.540919065475464,20.424671173095703,,9.266363143920898,30.840065002441406
2007-02-13,2.5355300903320312,20.54507064819336,,9.503286361694336,31.151893615722656
2007-02-14,2.553492546081543,20.821266174316406,,9.805569648742676,31.43927001953125
2007-02-15,2.550797462463379,20.863758087158203,,9.80738639831543,31.310863494873047
2007-02-16,2.539422035217285,20.35384750366211,,9.83280086517334,31.335336685180664
2007-02-20,2.571453094482422,20.417585372924805,,9.787409782409668,31.567684173583984
2007-02-21,2.6702404022216797,20.785858154296875,,9.739303588867188,31.579917907714844
2007-02-22,2.6795198917388916,20.81418228149414,,9.613126754760742,31.573780059814453
2007-02-23,2.6663479804992676,20.4671630859375,,9.492387771606445,31.200822830200195
2007-02-26,2.6495847702026367,20.587562561035156,,9.446096420288086,31.066301345825195
2007-02-27,2.512479782104492,19.737709045410156,,9.349879264831543,30.09415054321289
2007-02-28,2.532837152481079,19.95016860961914,,9.729317665100098,30.19808006286621
2007-03-01,2.606178045272827,19.89351463317871,,9.648524284362793,30.081928253173828
2007-03-02,2.5567848682403564,19.659807205200195,,9.35531997680664,29.464378356933594
2007-03-05,2.5840256214141846,19.511083602905273,,9.162880897521973,29.06695556640625
2007-03-06,2.640005111694336,19.709379196166992,,9.439742088317871,29.666149139404297
2007-03-07,2.6259355545043945,19.553573608398438,,9.052131652832031,29.56830596923828
2007-03-08,2.6343181133270264,19.348194122314453,,9.32809066772461,29.80067253112793
2007-03-09,2.6334195137023926,19.326946258544922,,9.29177474975586,29.849590301513672
2007-03-12,2.6902964115142822,19.43317985534668,,9.372570991516113,29.86180877685547
2007-03-13,2.646291494369507,18.923269271850586,,9.427939414978027,28.553373336791992
2007-03-14,2.694188117980957,19.404855728149414,,9.576809883117676,28.92021942138672
2007-03-15,2.6813161373138428,19.319862365722656,,9.55502700805664,29.164794921875
2007-03-16,2.681915521621704,19.355270385742188,,9.555933952331543,28.755136489868164
2007-03-19,2.728015184402466,19.709379196166992,,9.702990531921387,29.0914249420166
2007-03-20,2.738492965698242,19.716466903686523,,9.757458686828613,29.195348739624023
2007-03-21,2.8100383281707764,20.198043823242188,,10.048843383789062,29.99020004272461
2007-03-22,2.812732696533203,20.02099609375,,9.946269035339355,29.63558006286621
2007-03-23,2.7995619773864746,19.843936920166016,,9.972596168518066,29.666149139404297
2007-03-26,2.8693106174468994,19.98557472229004,,9.847322463989258,29.776216506958008
2007-03-27,2.8576364517211914,19.6314754486084,,9.73567008972168,29.696712493896484
2007-03-28,2.7911794185638428,19.574817657470703,,9.683929443359375,29.34209632873535
2007-03-29,2.8064465522766113,19.652734756469727,,9.730224609375,29.653913497924805
2007-03-30,2.781299114227295,19.737709045410156,,9.643989562988281,29.5805606842041
2007-04-02,2.803452730178833,19.645639419555664,,9.709345817565918,29.49495506286621
2007-04-03,2.82889723777771,19.737709045410156,,9.851862907409668,29.901357650756836
2007-04-04,2.8220129013061523,20.183874130249023,,9.74550724029541,29.901357650756836
2007-04-05,2.8342864513397217,20.219282150268555,,9.818228721618652,30.030658721923828
2007-04-09,2.803452730178833,20.23345947265625,,9.84822940826416,30.17228889465332
2007-04-10,2.82141375541687,20.113065719604492,,10.000031471252441,30.320072174072266
2007-04-11,2.771721363067627,19.90768051147461,,9.981849670410156,30.2646484375
2007-04-12,2.759746789932251,20.212209701538086,,9.982762336730957,30.295448303222656
2007-04-13,2.7013723850250244,20.261775970458984,,9.944581985473633,30.22771453857422
2007-04-16,2.736996650695801,20.346763610839844,,9.944581985473633,30.769588470458984
2007-04-17,2.7046656608581543,20.43174934387207,,9.967310905456543,30.898880004882812
2007-04-18,2.706162452697754,20.25469970703125,,9.927312850952148,32.062679290771484
2007-04-19,2.7022716999053955,20.318435668945312,,9.938218116760254,32.07500076293945
2007-04-20,2.723226308822632,20.55215072631836,,10.00821304321289,32.35208511352539
2007-04-23,2.7992615699768066,20.382177352905273,,10.002764701843262,32.191986083984375
2007-04-24,2.7911794185638428,20.38925552368164,,9.826411247253418,32.118099212646484
2007-04-25,2.854342222213745,20.53089714050293,,9.939126968383789,32.52448272705078
2007-04-26,2.958817481994629,20.608810424804688,,9.8682279586792,32.59838104248047
2007-04-27,2.99114727973938,21.331178665161133,,10.37181568145752,32.35823440551758
2007-04-30,2.987556219100952,21.203693389892578,,10.151837348937988,32.081138610839844
2007-05-01,2.977677345275879,21.529462814331055,,10.439994812011719,32.17966842651367
2007-05-02,3.0052173137664795,21.67820167541504,,11.485356330871582,32.35823440551758
2007-05-03,3.005516529083252,21.933149337768555,,12.255288124084473,32.45060729980469
2007-05-04,3.0177905559539795,21.642786026000977,,12.240742683410645,32.407501220703125
2007-05-07,3.1108899116516113,21.749011993408203,,12.19074821472168,32.46907424926758
2007-05-08,3.1450157165527344,21.777341842651367,,12.45799732208252,32.29665756225586
2007-05-09,3.199497938156128,21.798585891723633,,12.685249328613281,32.75847625732422
2007-05-10,3.2132675647735596,21.656944274902344,,12.618894577026367,32.019561767578125
2007-05-11,3.2551779747009277,21.876482009887695,,12.619802474975586,32.111934661865234
2007-05-14,3.273738145828247,21.933149337768555,,12.303465843200684,31.914894104003906
2007-05-15,3.218656063079834,21.954463958740234,,12.311646461486816,32.03804397583008
2007-05-16,3.2132675647735596,22.075244903564453,,12.379819869995117,32.62302017211914
2007-05-17,3.276132822036743,22.011301040649414,,12.370735168457031,32.36441421508789
2007-05-18,3.2934958934783936,21.904727935791016,,12.54890251159668,32.35208511352539
2007-05-21,3.3521690368652344,22.061037063598633,,12.68161678314209,32.36441421508789
2007-05-22,3.398869037628174,21.805259704589844,,12.610711097717285,32.19814682006836
2007-05-23,3.379410743713379,21.727102279663086,,12.73797607421875,32.0134162902832
2007-05-24,3.313551664352417,21.435794830322266,,12.633438110351562,31.76712417602539
2007-05-25,3.4012627601623535,21.65605354309082,,12.641621589660645,31.797897338867188
2007-05-29,3.4231173992156982,21.87630844116211,,13.095213890075684,31.908737182617188
2007-05-30,3.555432081222534,22.10366439819336,,13.374281883239746,32.05652618408203
2007-05-31,3.6278741359710693,21.805259704589844,,13.594259262084961,31.914894104003906
2007-06-01,3.544353723526001,21.73421287536621,,13.735158920288086,31.957983016967773
2007-06-04,3.6320652961730957,21.826568603515625,,13.748796463012695,31.754785537719727
2007-06-05,3.6721787452697754,21.727102279663086,,13.562446594238281,31.539291381835938
2007-06-06,3.7012152671813965,21.521059036254883,,13.36428451538086,31.132883071899414
2007-06-07,3.714087963104248,21.045021057128906,,12.672525405883789,30.67721939086914
2007-06-08,3.7266600131988525,21.350534439086914,,13.051582336425781,31.040517807006836
2007-06-11,3.5979385375976562,21.329219818115234,,12.871598243713379,31.05283546447754
2007-06-12,3.603625535964966,21.208431243896484,,13.208844184875488,30.38780403137207
2007-06-13,3.5174129009246826,21.59210777282715,,13.66243839263916,30.966629028320312
2007-06-14,3.5548315048217773,21.684467315673828,,13.66153335571289,30.98509979248047
2007-06-15,3.607217311859131,21.66315460205078,,14.330562591552734,31.132883071899414
2007-06-18,3.744622230529785,21.677370071411133,,14.964140892028809,31.05283546447754
2007-06-19,3.7018141746520996,21.641845703125,,15.023228645324707,31.31145477294922
2007-06-20,3.638651132583618,21.322113037109375,,14.858696937561035,30.455541610717773
2007-06-21,3.7089996337890625,21.471324920654297,,14.97050666809082,30.689525604248047
2007-06-22,3.682056427001953,20.952651977539062,,15.310477256774902,29.99987030029297
2007-06-25,3.662299871444702,20.952651977539062,,14.721440315246582,29.778186798095703
2007-06-26,3.5817739963531494,20.97397232055664,,14.70961856842041,29.925981521606445
2007-06-27,3.6488287448883057,21.222660064697266,,14.81960678100586,30.320072174072266
2007-06-28,3.609015941619873,21.194223403930664,,14.978678703308105,30.147666931152344
2007-06-29,3.6533188819885254,20.938447952270508,,15.091507911682129,29.833606719970703
2007-07-02,3.6299686431884766,21.130279541015625,,15.119711875915527,30.2646484375
2007-07-03,3.8068878650665283,21.329219818115234,,14.758505821228027,30.61836051940918
2007-07-05,3.9739272594451904,21.307907104492188,,14.713011741638184,30.277063369750977
2007-07-06,3.960455894470215,21.293703079223633,,14.73029899597168,30.388776779174805
2007-07-09,3.901484727859497,21.222660064697266,,14.66843032836914,30.277063369750977
2007-07-10,3.961954355239868,20.838973999023438,,14.407307624816895,29.482746124267578
2007-07-11,3.963151454925537,20.952651977539062,,14.225339889526367,29.867502212524414
2007-07-12,4.013442039489746,21.364749908447266,,15.273469924926758,30.73628807067871
2007-07-13,4.123006343841553,21.18712615966797,,15.395386695861816,31.0589599609375
2007-07-16,4.134081840515137,21.336328506469727,,15.440885543823242,30.922449111938477
2007-07-17,4.158329486846924,21.86920738220215,,15.398122787475586,30.978288650512695
2007-07-18,4.134681224822998,21.968669891357422,,15.360822677612305,30.33291244506836
2007-07-19,4.190958023071289,22.387866973876953,,15.233441352844238,30.171546936035156
2007-07-20,4.30321741104126,22.13919448852539,,15.037823677062988,29.513778686523438
2007-07-23,4.30172061920166,22.16050910949707,,15.248903274536133,29.25933837890625
2007-07-24,4.037990570068359,21.883411407470703,,14.445521354675293,28.13613510131836
2007-07-25,4.108935356140137,21.819467544555664,,14.657510757446289,28.092700958251953
2007-07-26,4.370571613311768,21.300806045532227,,14.440969467163086,27.354230880737305
2007-07-27,4.306210994720459,20.88160514831543,,14.014257431030273,27.44732093811035
2007-07-30,4.233767509460449,20.888715744018555,,14.97504711151123,27.770000457763672
2007-07-31,3.944291830062866,20.597400665283203,,14.63022232055664,27.3107852935791
2007-08-01,4.041282653808594,20.817659378051758,,13.647592544555664,27.54039764404297
2007-08-02,4.085885524749756,20.97397232055664,,12.976126670837402,27.670724868774414
2007-08-03,3.946986675262451,20.576095581054688,,11.94255256652832,27.0873966217041
2007-08-06,4.048766136169434,20.988178253173828,,12.521207809448242,27.993412017822266
2007-08-07,4.04218053817749,20.995285034179688,,13.12625503540039,28.13613510131836
2007-08-08,4.01164436340332,21.31501007080078,,13.467443466186523,28.86219024658203
2007-08-09,3.7835395336151123,20.817659378051758,,12.854212760925293,27.410091400146484
2007-08-10,3.7419283390045166,20.39847183227539,,12.59217357635498,27.45973014831543
2007-08-13,3.825448989868164,20.341623306274414,,12.427497863769531,27.1991024017334
2007-08-14,3.712891101837158,20.1562557220459,,12.148171424865723,26.870197296142578
2007-08-15,3.5892577171325684,20.0350341796875,,11.740568161010742,26.684040069580078
2007-08-16,3.503941059112549,19.828271865844727,,11.827914237976074,28.21681022644043
2007-08-17,3.6539173126220703,20.141990661621094,,12.464800834655762,29.1724796295166
2007-08-20,3.658707618713379,20.149124145507812,,12.546685218811035,28.849775314331055
2007-08-21,3.8188633918762207,20.013652801513672,,12.752309799194336,28.669832229614258
2007-08-22,3.9667439460754395,20.120601654052734,,13.176289558410645,28.54571533203125
2007-08-23,3.9236371517181396,20.177637100219727,,12.94610595703125,28.340923309326172
2007-08-24,4.050260543823242,20.5412654876709,,12.722285270690918,28.514678955078125
2007-08-27,3.9589602947235107,20.3131103515625,,12.578530311584473,27.86928939819336
2007-08-28,3.796410322189331,19.913835525512695,,12.020796775817871,27.056350708007812
2007-08-29,4.013741970062256,20.384403228759766,,12.13907527923584,27.38526725769043
2007-08-30,4.078701496124268,20.28458023071289,,12.052645683288574,27.285974502563477
2007-08-31,4.14546012878418,20.484222412109375,,12.46389102935791,27.627273559570312
2007-09-04,4.315489768981934,20.5412654876709,,12.577625274658203,28.11132049560547
2007-09-05,4.093967914581299,20.305984497070312,,12.333779335021973,27.410091400146484
2007-09-06,4.041581630706787,20.612558364868164,,12.261906623840332,27.434900283813477
2007-09-07,3.944592237472534,20.277456283569336,,11.84701919555664,27.00672149658203
2007-09-10,4.092472076416016,20.305984497070312,,11.801523208618164,27.26114845275879
2007-09-11,4.055949687957764,20.626829147338867,,12.025348663330078,27.639694213867188
2007-09-12,4.096662998199463,20.626829147338867,,12.449334144592285,27.596250534057617
2007-09-13,4.107139587402344,20.790807723999023,,12.69225788116455,28.2974796295166
2007-09-14,4.155336856842041,20.705251693725586,,12.542140007019043,28.26024055480957
2007-09-17,4.1433610916137695,20.484222412109375,,12.439322471618652,28.105113983154297
2007-09-18,4.21850061416626,20.626829147338867,,13.266368865966797,29.67512321472168
2007-09-19,4.214010715484619,20.44144058227539,,13.602099418640137,29.519990921020508
2007-09-20,4.2002387046813965,20.26319694519043,,13.603011131286621,29.14144515991211
2007-09-21,4.31519079208374,20.42719268798828,,13.33460521697998,29.246932983398438
2007-09-24,4.438823223114014,20.733774185180664,,12.94337272644043,28.75668716430664
2007-09-25,4.585507869720459,21.076007843017578,,13.009794235229492,28.607759475708008
2007-09-26,4.573235034942627,21.033233642578125,,12.997057914733887,28.626371383666992
2007-09-27,4.625023365020752,21.02609634399414,,13.465621948242188,28.676010131835938
2007-09-28,4.5941901206970215,21.004703521728516,,13.462892532348633,28.43401527404785
2007-10-01,4.6801042556762695,21.225730895996094,,13.954206466674805,29.04836082458496
2007-10-02,4.743268966674805,21.175823211669922,,13.918722152709961,29.26555633544922
2007-10-03,4.727403163909912,20.99759292602539,,14.279020309448242,29.403179168701172
2007-10-04,4.67711067199707,21.18294906616211,,14.698456764221191,29.55959701538086
2007-10-05,4.833076000213623,21.275651931762695,,14.78125,29.766040802001953
2007-10-08,5.026459693908691,21.275651931762695,,14.772153854370117,29.67843246459961
2007-10-09,5.024959564208984,21.461021423339844,,14.802179336547852,29.759782791137695
2007-10-10,4.992931842803955,21.5537109375,,14.99597454071045,29.346874237060547
2007-10-11,4.8564252853393555,21.325550079345703,,14.724839210510254,29.190481185913086
2007-10-12,5.0067009925842285,21.51093101501465,,14.8494873046875,29.290571212768555
2007-10-15,4.998618125915527,21.41823959350586,,14.367274284362793,28.946495056152344
2007-10-16,5.076448917388916,21.617877960205078,,14.157100677490234,28.22079849243164
2007-10-17,5.1713433265686035,22.15975570678711,,14.080605506896973,29.00905990600586
2007-10-18,5.1937971115112305,22.216793060302734,,13.99954891204834,28.71502685546875
2007-10-19,5.101595878601074,21.51093101501465,,13.806477546691895,28.164485931396484
2007-10-22,5.219541072845459,21.753347396850586,,13.350204467773438,28.383464813232422
2007-10-23,5.572777271270752,22.031414031982422,,13.508670806884766,28.740062713623047
2007-10-24,5.565893173217773,22.280961990356445,,13.414868354797363,28.946495056152344
2007-10-25,5.471596717834473,22.808570861816406,,13.786438941955566,28.808855056762695
2007-10-26,5.529073238372803,24.9760684967041,,14.300993919372559,29.60338020324707
2007-10-29,5.540746212005615,24.648096084594727,,14.33013916015625,29.19672393798828
2007-10-30,5.5979228019714355,25.361080169677734,,14.311922073364258,29.127927780151367
2007-10-31,5.686232566833496,26.245187759399414,,17.29543685913086,29.403179168701172
2007-11-01,5.611096382141113,26.42344093322754,,17.256277084350586,27.726579666137695
2007-11-02,5.62396764755249,26.42344093322754,,17.307268142700195,26.994625091552734
2007-11-05,5.573376178741455,26.188156127929688,,16.932964324951172,26.75690269470215
2007-11-06,5.741316795349121,25.95998764038086,,18.159698486328125,27.59519386291504
2007-11-07,5.576969623565674,25.325428009033203,,18.1669921875,26.425338745117188
2007-11-08,5.252769470214844,24.76929473876953,,17.43476676940918,26.656797409057617
2007-11-09,4.9504218101501465,24.04918098449707,,17.576833724975586,26.469118118286133
2007-11-12,4.602870941162109,23.799623489379883,,16.564130783081055,26.5191707611084
2007-11-13,5.087824821472168,24.650901794433594,,17.19525718688965,28.183271408081055
2007-11-14,4.972573280334473,24.271759033203125,,17.00946044921875,28.24582290649414
2007-11-15,4.918391227722168,24.1501522064209,,16.83734703063965,27.23236083984375
2007-11-16,4.980955600738525,24.386207580566406,,16.836429595947266,26.957094192504883
2007-11-19,4.90791130065918,24.293214797973633,,16.565950393676758,25.881057739257812
2007-11-20,5.054595947265625,24.736740112304688,,16.58599090576172,26.043720245361328
2007-11-21,5.042921543121338,24.486370086669922,,16.476694107055664,25.44939422607422
2007-11-23,5.1351237297058105,24.400522232055664,,16.493091583251953,26.24390983581543
2007-11-26,5.1650590896606445,23.585023880004883,,16.503110885620117,25.311763763427734
2007-11-27,5.233010292053223,23.649402618408203,,16.74445343017578,26.49414825439453
2007-11-28,5.39496374130249,24.107229232788086,,17.813623428344727,27.501359939575195
2007-11-29,5.516799449920654,24.028545379638672,,18.008525848388672,27.30742645263672
2007-11-30,5.454834938049316,24.035686492919922,,18.273550033569336,28.539865493774414
2007-12-03,5.354251384735107,23.549264907836914,,18.38555908203125,28.28335952758789
2007-12-04,5.382689952850342,23.44196128845215,,17.83094024658203,27.620229721069336
2007-12-05,5.5530219078063965,24.429140090942383,,18.220726013183594,28.089426040649414
2007-12-06,5.686232566833496,24.715274810791016,,18.76259994506836,28.908958435058594
2007-12-07,5.816453456878662,24.70096778869629,,19.088634490966797,28.8276309967041
2007-12-10,5.813758373260498,24.86549949645996,,19.62232208251953,29.66593360900879
2007-12-11,5.6440253257751465,24.393369674682617,,19.80809783935547,28.740062713623047
2007-12-12,5.713476181030273,24.658056259155273,,19.480243682861328,28.871431350708008
2007-12-13,5.742513179779053,25.194562911987305,,20.327207565307617,28.627439498901367
2007-12-14,5.699405193328857,25.258943557739258,,19.72249412536621,28.277090072631836
2007-12-17,5.520092010498047,24.600814819335938,,18.663330078125,27.857955932617188
2007-12-18,5.477581977844238,24.851186752319336,,18.375547409057617,27.46382713317871
2007-12-19,5.4817728996276855,24.8869571685791,,19.33816909790039,27.51387596130371
2007-12-20,5.604213237762451,25.40916633605957,,18.829076766967773,27.107236862182617
2007-12-21,5.804778575897217,25.79546546936035,,19.339082717895508,27.59519386291504
2007-12-24,5.9511637687683105,26.167430877685547,,19.31813621520996,28.04564094543457
2007-12-26,5.955652713775635,26.18889045715332,,19.077716827392578,28.11445426940918
2007-12-27,5.944278717041016,25.731077194213867,,19.127790451049805,27.30116081237793
2007-12-28,5.981997013092041,25.838369369506836,,19.125070571899414,27.06343650817871
2007-12-31,5.929609775543213,25.466386795043945,,19.59864044189453,27.30742645263672
2008-01-02,5.832618713378906,25.194562911987305,,19.551288604736328,26.613222122192383
2008-01-03,5.8353142738342285,25.301864624023438,,19.31813621520996,26.430206298828125
2008-01-04,5.389872074127197,24.59366798400879,,18.32271957397461,25.83066749572754
2008-01-07,5.31773042678833,24.758207321166992,,18.260793685913086,26.089418411254883
2008-01-08,5.12644100189209,23.928401947021484,,18.032207489013672,25.05441665649414
2008-01-09,5.37041711807251,24.636587142944336,,17.916454315185547,25.407833099365234
2008-01-10,5.329103946685791,24.557899475097656,,17.862686157226562,26.083093643188477
2008-01-11,5.169548511505127,24.257448196411133,,16.329694747924805,25.786481857299805
2008-01-14,5.351855754852295,24.600814819335938,,16.24310874938965,26.102048873901367
2008-01-15,5.060283184051514,24.32182502746582,,15.949639320373535,24.719953536987305
2008-01-16,4.77889347076416,23.771020889282227,,15.997944831848145,26.146209716796875
2008-01-17,4.816308975219727,23.685171127319336,,16.12097930908203,25.26899528503418
2008-01-18,4.830379962921143,23.613643646240234,,15.915003776550293,24.985002517700195
2008-01-22,4.659149646759033,22.86252212524414,,16.603118896484375,25.786481857299805
2008-01-23,4.163118839263916,22.841064453125,,17.55280876159668,28.853614807128906
2008-01-24,4.0592427253723145,23.785329818725586,,17.478979110717773,28.373977661132812
2008-01-25,3.8919036388397217,23.563570022583008,,17.629362106323242,27.540925979614258
2008-01-28,3.8919036388397217,23.40619468688965,,17.225616455078125,28.758934020996094
2008-01-29,3.9377050399780273,23.320343017578125,,17.449811935424805,29.945396423339844
2008-01-30,3.9568655490875244,23.034210205078125,,17.225616455078125,29.882293701171875
2008-01-31,4.052061080932617,23.320343017578125,,18.86614227294922,29.913854598999023
2008-02-01,4.0038652420043945,21.7823486328125,,19.633548736572266,30.450267791748047
2008-02-04,3.9409992694854736,21.59635353088379,,19.686416625976562,29.169158935546875
2008-02-05,3.8724465370178223,20.795167922973633,,18.84609603881836,27.698701858520508
2008-02-06,3.652123212814331,20.401729583740234,,18.679304122924805,27.5914249420166
2008-02-07,3.62937068939209,20.115591049194336,,18.308361053466797,28.468639373779297
2008-02-08,3.756298065185547,20.430334091186523,,18.739459991455078,27.6545352935791
2008-02-11,3.875138282775879,20.179969787597656,,18.785024642944336,27.357919692993164
2008-02-12,3.7377376556396484,20.27297019958496,,18.59272575378418,27.33266830444336
2008-02-13,3.8736448287963867,20.716474533081055,,18.661989212036133,27.83123207092285
2008-02-14,3.815568208694458,20.38741683959961,,18.431392669677734,26.890914916992188
2008-02-15,3.7308504581451416,20.33019256591797,,18.77500343322754,27.294803619384766
2008-02-19,3.6575100421905518,20.229652404785156,,18.610942840576172,27.029743194580078
2008-02-20,3.7066047191619873,20.265554428100586,,18.977333068847656,27.23169708251953
2008-02-21,3.638350486755371,20.17938232421875,,18.636472702026367,27.18120765686035
2008-02-22,3.5760867595672607,19.87776756286621,,18.545324325561523,27.72395133972168
2008-02-25,3.5844686031341553,19.992671966552734,,18.086885452270508,27.78706169128418
2008-02-26,3.566805124282837,20.380460739135742,,17.852659225463867,27.5914249420166
2008-02-27,3.680861473083496,20.29429054260254,,17.42521095275879,28.02687644958496
2008-02-28,3.888911724090576,20.05730628967285,,17.7451114654541,26.78360939025879
2008-02-29,3.7425270080566406,19.5330753326416,,17.316747665405273,25.653968811035156
2008-03-03,3.644040107727051,19.382265090942383,,17.185504913330078,25.13014793395996
2008-03-04,3.730553388595581,19.813146591186523,,17.54186248779297,24.73256492614746
2008-03-05,3.7266600131988525,20.193750381469727,,17.40789031982422,24.44858169555664
2008-03-06,3.620091438293457,19.798778533935547,,17.315837860107422,23.583969116210938
2008-03-07,3.659606456756592,20.014225006103516,,17.545509338378906,23.703882217407227
2008-03-10,3.5829713344573975,20.143476486206055,,17.453460693359375,23.022300720214844
2008-03-11,3.8122756481170654,21.026769638061523,,17.849010467529297,24.511682510375977
2008-03-12,3.7727622985839844,20.559995651245117,,18.583599090576172,24.36652946472168
2008-03-13,3.8299384117126465,20.552810668945312,,19.114049911499023,24.050975799560547
2008-03-14,3.7901246547698975,20.078845977783203,,19.016521453857422,23.060169219970703
2008-03-17,3.7937166690826416,20.323009490966797,,18.366689682006836,25.43939208984375
2008-03-18,3.9760234355926514,21.127315521240234,,19.162343978881836,26.95401954650879
2008-03-19,3.8817250728607178,20.552810668945312,12.416171073913574,18.99283218383789,26.802547454833984
2008-03-20,3.989494562149048,20.9549560546875,14.141249656677246,20.085607528686523,29.011371612548828
2008-03-24,4.176889419555664,20.94778060913086,13.125981330871582,19.731979370117188,29.37742042541504
2008-03-25,4.2202982902526855,20.926240921020508,13.899521827697754,20.50484848022461,29.06818199157715
2008-03-26,4.342432975769043,20.509719848632812,14.05554485321045,20.31072235107422,27.837547302246094
2008-03-27,4.19844388961792,20.143476486206055,13.824804306030273,20.114770889282227,27.04867172241211
2008-03-28,4.281064510345459,20.042943954467773,13.791840553283691,19.83222770690918,26.95401954650879
2008-03-31,4.295732498168945,20.380460739135742,13.703935623168945,20.323486328125,27.105472564697266
2008-04-01,4.476244926452637,21.184768676757812,13.539122581481934,20.92591667175293,29.661401748657227
2008-04-02,4.415175914764404,20.940601348876953,13.69514274597168,20.392749786376953,29.419631958007812
2008-04-03,4.538508415222168,20.825698852539062,14.393970489501953,21.076309204101562,29.44508934020996
2008-04-04,4.582515716552734,20.940601348876953,14.169824600219727,20.649757385253906,28.993356704711914
2008-04-07,4.666633129119873,20.940601348876953,14.29288101196289,20.634262084960938,28.97426986694336
2008-04-08,4.575329303741455,20.646163940429688,14.963138580322266,21.11033058166504,28.541627883911133
2008-04-09,4.533421516418457,20.746702194213867,14.457700729370117,20.862266540527344,28.18532943725586
2008-04-10,4.626520156860352,20.904695510864258,14.528018951416016,20.87777328491211,27.905391693115234
2008-04-11,4.404698848724365,20.30864715576172,14.528018951416016,20.848590850830078,27.059202194213867
2008-04-14,4.423856735229492,20.150667190551758,14.433526039123535,20.71177101135254,26.403867721557617
2008-04-15,4.441819667816162,20.287107467651367,14.141249656677246,20.49108123779297,26.79833221435547
2008-04-16,4.601075172424316,20.789791107177734,14.5346097946167,21.019126892089844,28.605257034301758
2008-04-17,4.624724388122559,20.983688354492188,14.732391357421875,21.021865844726562,28.707054138183594
2008-04-18,4.820803165435791,21.5438289642334,15.16310977935791,21.314619064331055,29.114227294921875
2008-04-21,5.033942222595215,21.845441818237305,15.596027374267578,21.523475646972656,28.77704429626465
2008-04-22,4.795654773712158,21.723363876342773,15.4443941116333,21.39761734008789,29.04425048828125
2008-04-23,4.876181602478027,22.58512306213379,15.400452613830566,21.335599899291992,28.726133346557617
2008-04-24,5.0572896003723145,22.83646011352539,15.88830852508545,21.847240447998047,29.88408660888672
2008-04-25,5.080940246582031,21.42174530029297,16.503625869750977,21.65023422241211,30.40580177307129
2008-04-28,5.156078338623047,20.818510055541992,16.62009620666504,22.11627960205078,30.11949348449707
2008-04-29,5.240197658538818,20.56717300415039,17.773805618286133,24.987287521362305,29.954086303710938
2008-04-30,5.207268238067627,20.48100471496582,18.338586807250977,25.368515014648438,30.316720962524414
2008-05-01,5.388375282287598,21.112953186035156,18.76709747314453,26.80767059326172,31.334718704223633
2008-05-02,5.41651725769043,20.99805450439453,18.184755325317383,25.99598503112793,30.959335327148438
2008-05-05,5.529970169067383,20.883159637451172,18.692392349243164,26.521303176879883,30.539419174194336
2008-05-06,5.587747573852539,21.32839012145996,19.235179901123047,26.99736213684082,30.666654586791992
2008-05-07,5.465908527374268,20.97650146484375,19.448347091674805,26.540447235107422,29.629592895507812
2008-05-08,5.53985071182251,21.019590377807617,19.184635162353516,26.759342193603516,29.29875373840332
2008-05-09,5.4916534423828125,21.105775833129883,18.208927154541016,26.16105842590332,29.629592895507812
2008-05-12,5.632648468017578,21.536643981933594,17.997962951660156,26.472049713134766,30.05588722229004
2008-05-13,5.686532497406006,21.464569091796875,18.10344123840332,26.338897705078125,28.93610382080078
2008-05-14,5.5757737159729,21.572681427001953,18.070476531982422,26.12548828125,29.20968246459961
2008-05-15,5.679647445678711,21.947486877441406,18.07486915588379,26.153759002685547,29.915904998779297
2008-05-16,5.616484642028809,21.61592674255371,18.101240158081055,25.84640884399414,29.604143142700195
2008-05-19,5.496143341064453,21.23392105102539,18.31001853942871,25.536331176757812,29.260581970214844
2008-05-20,5.564994812011719,20.72938346862793,18.18254852294922,25.32200050354004,27.803604125976562
2008-05-21,5.334194660186768,20.36178970336914,17.7672176361084,25.413204193115234,26.989200592041016
2008-05-22,5.300065517425537,20.52035903930664,16.98927879333496,25.16240119934082,27.390033721923828
2008-05-23,5.423401355743408,20.217632293701172,16.77831268310547,24.91798210144043,26.92558479309082
2008-05-27,5.580860614776611,20.498735427856445,17.303525924682617,25.42323875427246,27.364593505859375
2008-05-28,5.598222732543945,20.311338424682617,18.002355575561523,26.164697647094727,27.26915168762207
2008-05-29,5.588644504547119,20.405031204223633,18.734130859375,28.181161880493164,27.72087860107422
2008-05-30,5.6503119468688965,20.41224479675293,18.978063583374023,28.149232864379883,27.358230590820312
2008-06-02,5.570982456207275,20.037439346313477,18.914335250854492,29.184371948242188,26.817426681518555
2008-06-03,5.549129962921143,19.68426513671875,19.241769790649414,28.035226821899414,26.651987075805664
2008-06-04,5.543741703033447,19.850040435791016,18.784677505493164,27.123212814331055,26.48657989501953
2008-06-05,5.670666694641113,20.397825241088867,19.171445846557617,27.922142028808594,26.78561019897461
2008-06-06,5.557213306427002,19.814006805419922,18.382532119750977,26.970918655395508,25.506776809692383
2008-06-09,5.43657112121582,19.972578048706055,18.050697326660156,26.576025009155273,23.865272521972656
2008-06-10,5.557213306427002,20.1023006439209,17.648548126220703,26.088098526000977,24.36154556274414
2008-06-11,5.412623882293701,19.547319412231445,17.083772659301758,25.464275360107422,23.62350845336914
2008-06-12,5.186611175537109,20.354583740234375,17.483722686767578,25.937610626220703,24.183393478393555
2008-06-13,5.15996789932251,20.952823638916016,17.91664695739746,26.67269515991211,25.18229866027832
2008-06-16,5.2937822341918945,20.851913452148438,18.299020767211914,26.856002807617188,25.411340713500977
2008-06-17,5.431185245513916,20.75821876525879,18.606678009033203,26.64988899230957,24.83873176574707
2008-06-18,5.350958824157715,20.513153076171875,18.428678512573242,26.730144500732422,24.64786148071289
2008-06-19,5.415318489074707,20.851913452148438,18.518770217895508,26.685453414916992,24.590593338012695
2008-06-20,5.246781349182129,20.34737205505371,18.364946365356445,25.902042388916016,24.087966918945312
2008-06-23,5.183617115020752,20.15997886657715,17.8133544921875,25.76614761352539,23.45808219909668
2008-06-24,5.186312198638916,19.98698616027832,18.164960861206055,25.570070266723633,23.998891830444336
2008-06-25,5.310245990753174,20.433870315551758,18.03311538696289,26.42917823791504,24.119781494140625
2008-06-26,5.036935329437256,20.001405715942383,17.38263702392578,25.146900177001953,23.1081600189209
2008-06-27,5.09171724319458,19.914901733398438,18.151782989501953,24.78117561340332,22.30013656616211
2008-06-30,5.012388229370117,19.828420639038086,17.86829376220703,24.215726852416992,21.82931900024414
2008-07-01,5.229119777679443,19.367124557495117,17.89027214050293,24.017818450927734,21.88722038269043
2008-07-02,5.034538745880127,18.653560638427734,17.45296287536621,23.300987243652344,22.260374069213867
2008-07-03,5.0926127433776855,18.725631713867188,17.156288146972656,23.141386032104492,22.717161178588867
2008-07-07,5.2434892654418945,18.761674880981445,16.617889404296875,22.444604873657227,21.900089263916016
2008-07-08,5.374905586242676,18.63193702697754,17.373849868774414,24.09990692138672,23.013107299804688
2008-07-09,5.216249465942383,18.18506622314453,16.672826766967773,22.927303314208984,22.054494857788086
2008-07-10,5.287493705749512,18.3436222076416,16.97609519958496,23.105243682861328,22.20247459411621
2008-07-11,5.166255950927734,18.19947624206543,16.382749557495117,23.48395347595215,21.33393096923828
2008-07-14,5.205172538757324,18.127403259277344,15.94983196258545,23.497636795043945,20.388187408447266
2008-07-15,5.078245162963867,18.848173141479492,15.035652160644531,22.847000122070312,19.957136154174805
2008-07-16,5.173141956329346,19.648221969604492,15.872926712036133,24.747804641723633,23.12247657775879
2008-07-17,5.1432061195373535,19.835620880126953,16.494834899902344,26.09834098815918,26.24921989440918
2008-07-18,4.9438347816467285,18.63915252685547,16.13004493713379,25.629308700561523,25.747394561767578
2008-07-21,4.977962970733643,18.48056983947754,15.800403594970703,24.44668197631836,24.86599349975586
2008-07-22,4.850136756896973,18.595890045166016,16.27288055419922,24.9896240234375,26.287830352783203
2008-07-23,4.977065086364746,19.049991607666016,16.097070693969727,24.72955322265625,26.995532989501953
2008-07-24,4.760632514953613,18.33642578125,15.400452613830566,23.58706283569336,25.181243896484375
2008-07-25,4.85313081741333,18.855388641357422,15.813587188720703,24.049720764160156,25.425724029541016
2008-07-28,4.622028827667236,18.379669189453125,15.50373649597168,23.150875091552734,24.229063034057617
2008-07-29,4.70225715637207,18.8193359375,16.694805145263672,23.917394638061523,26.21706771850586
2008-07-30,4.78607702255249,18.90582847595215,17.23979949951172,24.704906463623047,26.744613647460938
2008-07-31,4.75823450088501,18.538232803344727,16.055315017700195,22.279415130615234,26.139869689941406
2008-08-01,4.689682960510254,18.33642578125,15.763046264648438,21.651588439941406,26.223495483398438
2008-08-04,4.587005138397217,18.221097946166992,15.932254791259766,21.072126388549805,25.82461166381836
2008-08-05,4.808825492858887,18.891414642333984,16.173982620239258,21.63698387145996,26.950483322143555
2008-08-06,4.915099143981934,19.475242614746094,15.708111763000488,21.170690536499023,26.628812789916992
2008-08-07,4.8965373039245605,19.741924285888672,15.272989273071289,20.53191566467285,25.612306594848633
2008-08-08,5.0755534172058105,20.275299072265625,15.954232215881348,21.18255043029785,26.422935485839844
2008-08-11,5.195592403411865,20.10951805114746,16.43549919128418,21.458131790161133,26.950483322143555
2008-08-12,5.290487289428711,20.268091201782227,15.998185157775879,21.072126388549805,24.396337509155273
2008-08-13,5.3674211502075195,20.116729736328125,16.269969940185547,21.30756378173828,23.746543884277344
2008-08-14,5.368021011352539,20.116729736328125,16.67710304260254,21.524744033813477,24.32556915283203
2008-08-15,5.2608513832092285,20.044652938842773,16.6793155670166,21.804889678955078,24.492839813232422
2008-08-18,5.250372409820557,19.958160400390625,16.492258071899414,21.709989547729492,23.63716697692871
2008-08-19,5.194694995880127,19.77001190185547,16.228160858154297,21.770217895507812,22.890871047973633
2008-08-20,5.263845443725586,19.748300552368164,16.410818099975586,22.203670501708984,23.804443359375
2008-08-21,5.217444896697998,19.668699264526367,16.369003295898438,22.01568603515625,23.328357696533203
2008-08-22,5.292285919189453,20.146305084228516,16.30518341064453,22.050365447998047,24.23550033569336
2008-08-25,5.165358543395996,20.016048431396484,16.135726928710938,21.371444702148438,23.24471664428711
2008-08-26,5.197986602783203,19.73381805419922,16.140132904052734,21.604141235351562,23.553529739379883
2008-08-27,5.228821277618408,19.943679809570312,16.384397506713867,21.624216079711914,23.89451026916504
2008-08-28,5.2009806632995605,20.218671798706055,16.648494720458984,22.12701416015625,25.01397132873535
2008-08-29,5.074954032897949,19.748300552368164,16.703510284423828,22.133403778076172,24.76305389404297
2008-09-02,4.974969387054443,19.61080551147461,16.503244400024414,21.827707290649414,25.084739685058594
2008-09-03,4.998017311096191,19.466083526611328,16.076311111450195,20.954421997070312,25.54796028137207
2008-09-04,4.826188564300537,19.068071365356445,15.515124320983887,19.713382720947266,24.389911651611328
2008-09-05,4.795056343078613,18.5615234375,15.792414665222168,20.20705795288086,25.477191925048828
2008-09-08,4.727403163909912,18.90163230895996,15.427099227905273,20.021812438964844,26.73174285888672
2008-09-09,4.540604591369629,18.887155532836914,14.852707862854004,18.861989974975586,25.393552780151367
2008-09-10,4.538508415222168,19.133203506469727,15.193815231323242,19.466081619262695,25.348514556884766
2008-09-11,4.569643497467041,19.784481048583984,15.614152908325195,20.586666107177734,26.796091079711914
2008-09-12,4.458580493927002,19.987110137939453,15.768202781677246,20.424238204956055,26.48726463317871
2008-09-15,4.2017340660095215,19.408178329467773,15.268645286560059,19.32463264465332,23.804443359375
2008-09-16,4.187365531921387,18.807558059692383,14.601822853088379,19.602048873901367,26.21063804626465
2008-09-17,3.826645612716675,17.779987335205078,14.104459762573242,17.885583877563477,23.013107299804688
2008-09-18,4.014041423797607,18.279294967651367,14.722858428955078,19.028980255126953,25.927547454833984
2008-09-19,4.218200206756592,18.20693016052246,15.31045913696289,20.548336029052734,30.270252227783203
2008-09-22,3.9230387210845947,18.38060188293457,14.34433650970459,18.467777252197266,26.24921989440918
2008-09-23,3.7970101833343506,18.409555435180664,14.722858428955078,18.068082809448242,26.094825744628906
2008-09-24,3.852989673614502,18.612173080444336,14.454373359680176,17.735017776489258,26.05621337890625
2008-09-25,3.949381113052368,19.256223678588867,14.216692924499512,17.370908737182617,27.960561752319336
2008-09-26,3.8389196395874023,19.827899932861328,13.653308868408203,16.888195037841797,31.035842895507812
2008-09-29,3.151003837585449,18.098388671875,12.720198631286621,15.333230018615723,26.377912521362305
2008-09-30,3.4024605751037598,19.31411361694336,13.510262489318848,16.181886672973633,30.045072555541992
2008-10-01,3.266552686691284,19.162141799926758,13.492656707763672,15.63528823852539,31.930130004882812
2008-10-02,2.99653697013855,18.99570655822754,12.673983573913574,14.612334251403809,32.31911849975586
2008-10-03,2.905831813812256,19.046361923217773,12.508929252624512,14.618722915649414,29.758216857910156
2008-10-06,2.9378631114959717,18.026031494140625,12.1876220703125,15.27665901184082,28.52640724182129
2008-10-07,2.6690428256988525,16.81028938293457,11.256717681884766,14.48184585571289,25.492237091064453
2008-10-08,2.6879026889801025,16.651092529296875,11.582422256469727,14.93762493133545,25.47926902770996
2008-10-09,2.6564700603485107,16.137304306030273,10.970623970031738,14.221524238586426,23.780649185180664
2008-10-10,2.897749900817871,15.558382034301758,11.443778991699219,13.857083320617676,26.996347427368164
2008-10-13,3.300680160522461,18.45296859741211,12.955678939819336,15.85649585723877,27.2232608795166
2008-10-14,3.1156797409057617,17.439870834350586,12.678384780883789,15.899430274963379,26.393413543701172
2008-10-15,2.9321751594543457,16.39781951904297,10.948613166809082,14.025150299072266,24.954118728637695
2008-10-16,3.050121545791626,17.50499725341797,11.679250717163086,14.311037063598633,26.250776290893555
2008-10-17,2.915709972381592,17.316844940185547,11.492197036743164,14.317431449890137,25.49871826171875
2008-10-20,2.946843385696411,17.88852882385254,11.445979118347168,13.713680267333984,26.360994338989258
2008-10-21,2.738790988922119,16.904375076293945,11.157683372497559,13.680802345275879,25.764528274536133
2008-10-22,2.8998453617095947,15.580100059509277,10.675722122192383,12.872444152832031,24.098325729370117
2008-10-23,2.9405558109283447,16.151775360107422,10.633910179138184,12.422143936157227,24.53919219970703
2008-10-24,2.885176420211792,15.891271591186523,10.55909252166748,11.930732727050781,22.970245361328125
2008-10-27,2.756753921508789,15.326821327209473,10.25318431854248,11.54072380065918,22.04313087463379
2008-10-28,2.9908483028411865,16.716218948364258,10.997035026550293,12.423056602478027,24.377105712890625
2008-10-29,3.129748821258545,16.64385986328125,11.155488014221191,12.397480010986328,23.15176773071289
2008-10-30,3.3240292072296143,16.376102447509766,11.938945770263672,12.79297924041748,24.39007568359375
2008-10-31,3.220752239227295,16.15901756286621,12.18101978302002,13.501774787902832,26.743499755859375
2008-11-03,3.2018935680389404,16.368873596191406,11.551612854003906,13.142809867858887,26.40639305114746
2008-11-04,3.32253360748291,17.027385711669922,13.162545204162598,15.549593925476074,27.339967727661133
2008-11-05,3.092329978942871,15.978099822998047,12.427505493164062,14.237054824829102,25.427396774291992
2008-11-06,2.9666008949279785,15.109733581542969,11.340343475341797,13.088916778564453,24.80500030517578
2008-11-07,2.940856456756592,15.558382034301758,11.773887634277344,13.493548393249512,24.474363327026367
2008-11-10,2.870208263397217,15.413654327392578,11.441583633422852,13.047818183898926,23.60560417175293
2008-11-11,2.8369812965393066,15.34129810333252,11.837711334228516,12.924508094787598,23.566699981689453
2008-11-12,2.6977803707122803,14.690014839172363,11.41103458404541,12.465073585510254,22.412683486938477
2008-11-13,2.886972188949585,15.377480506896973,12.004192352294922,13.425959587097168,24.111297607421875
2008-11-14,2.7013723850250244,14.516340255737305,11.960088729858398,13.123627662658691,22.34784507751465
2008-11-17,2.6385080814361572,13.980843544006348,11.633742332458496,12.398391723632812,21.245691299438477
2008-11-18,2.6914937496185303,14.294118881225586,12.048290252685547,12.915377616882324,20.837242126464844
2008-11-19,2.5831282138824463,13.325146675109863,11.373549461364746,11.832091331481934,18.457881927490234
2008-11-20,2.409503221511841,12.77145004272461,10.615018844604492,11.060275077819824,15.157890319824219
2008-11-21,2.4720680713653564,14.33782958984375,10.226934432983398,11.55807113647461,14.729999542236328
2008-11-24,2.7824974060058594,15.073664665222168,10.963415145874023,12.008376121520996,17.880868911743164
2008-11-25,2.7181365489959717,14.563674926757812,10.92151927947998,12.701642990112305,19.300710678100586
2008-11-26,2.843865156173706,14.92795181274414,11.466161727905273,13.295344352722168,19.85177993774414
2008-11-28,2.7741167545318604,14.731244087219238,11.589640617370605,13.271598815917969,20.52604103088379
2008-12-01,2.662156820297241,13.558286666870117,10.595173835754395,11.964529037475586,16.934310913085938
2008-12-02,2.7681291103363037,13.951700210571289,10.954591751098633,12.236723899841309,18.496782302856445
2008-12-03,2.87080717086792,14.4762544631958,11.56318473815918,12.59933853149414,19.611902236938477
2008-12-04,2.7363972663879395,13.922558784484863,11.203763008117676,12.172786712646484,20.150009155273438
2008-12-05,2.8139309883117676,14.4762544631958,11.72635269165039,12.798458099365234,21.621715545654297
2008-12-08,2.985161781311035,15.306794166564941,12.383453369140625,13.45427417755127,23.657470703125
2008-12-09,2.9953384399414062,15.008095741271973,11.803528785705566,13.080699920654297,22.017196655273438
2008-12-10,2.939958333969116,15.015382766723633,11.721944808959961,13.244194030761719,21.731945037841797
2008-12-11,2.843865156173706,14.170267105102539,11.486005783081055,12.637704849243164,19.410924911499023
2008-12-12,2.9417545795440674,14.10468864440918,11.675637245178223,12.678803443908691,20.059247970581055
2008-12-15,2.836381435394287,13.87155532836914,11.631536483764648,12.722652435302734,18.561607360839844
2008-12-16,2.8567376136779785,14.651100158691406,12.076953887939453,13.527350425720215,20.973392486572266
2008-12-17,2.6690428256988525,14.323253631591797,12.20705509185791,13.580323219299316,20.655712127685547
2008-12-18,2.677125930786133,14.060981750488281,12.061521530151367,13.59220027923584,19.58597183227539
2008-12-19,2.694188117980957,13.929848670959473,12.12105655670166,13.914626121520996,19.657285690307617
2008-12-22,2.566664218902588,13.973557472229004,11.85204029083252,13.262462615966797,19.3331241607666
2008-12-23,2.5858216285705566,14.04641342163086,11.829991340637207,12.935469627380371,18.872812271118164
2008-12-24,2.5457093715667725,13.966268539428711,11.662409782409668,12.991186141967773,19.352575302124023
2008-12-26,2.568758726119995,13.937129020690918,11.74178409576416,12.872444152832031,19.320152282714844
2008-12-29,2.5927069187164307,13.81326675415039,11.503644943237305,12.727219581604004,19.30718231201172
2008-12-30,2.5831282138824463,14.09012508392334,11.24345874786377,12.704384803771973,20.104633331298828
2008-12-31,2.5549886226654053,14.16297721862793,11.565383911132812,13.055126190185547,20.441757202148438
2009-01-02,2.716639757156372,14.811385154724121,11.783683776855469,13.680802345275879,20.573013305664062
2009-01-05,2.831292152404785,14.949806213378906,11.867476463317871,13.99866008758545,19.194910049438477
2009-01-06,2.7845940589904785,15.124658584594727,12.703182220458984,14.798788070678711,19.60834503173828
2009-01-07,2.7244231700897217,14.213976860046387,12.427552223205566,13.902837753295898,18.433683395385742
2009-01-08,2.775014638900757,14.658394813537598,12.295252799987793,13.96774959564209,17.86275291442871
2009-01-09,2.7115511894226074,14.221261978149414,12.264381408691406,13.717248916625977,17.04245376586914
2009-01-12,2.6540749073028564,14.184823989868164,11.677846908569336,13.534395217895508,16.34684944152832
2009-01-13,2.6256346702575684,14.439828872680664,11.717537879943848,13.753812789916992,17.291826248168945
2009-01-14,2.5543899536132812,13.907988548278809,11.239044189453125,13.283897399902344,17.003084182739258
2009-01-15,2.4960153102874756,14.017265319824219,10.888443946838379,11.912535667419434,15.972795486450195
2009-01-16,2.4645836353302,14.359685897827148,10.45405101776123,11.722373008728027,14.975314140319824
2009-01-20,2.340949773788452,13.46357536315918,9.353744506835938,10.895904541015625,11.871316909790039
2009-01-21,2.4795517921447754,14.11925983428955,9.74182415008545,12.077101707458496,14.850632667541504
2009-01-22,2.6450936794281006,12.465460777282715,9.74182415008545,11.779973983764648,15.159065246582031
2009-01-23,2.6450936794281006,12.531028747558594,9.772697448730469,11.469136238098145,15.933420181274414
2009-01-26,2.6834120750427246,12.844305992126465,9.391231536865234,11.256113052368164,16.077796936035156
2009-01-27,2.716041326522827,12.866159439086914,9.735210418701172,11.588895797729492,16.44528579711914
2009-01-28,2.8199169635772705,13.143013954162598,10.412156105041504,12.219720840454102,18.151498794555664
2009-01-29,2.7839949131011963,12.81515884399414,10.202677726745605,11.801916122436523,16.688087463378906
2009-01-30,2.698080539703369,12.458174705505371,10.881829261779785,12.413542747497559,16.740591049194336
2009-02-02,2.7393903732299805,12.99001693725586,11.01854419708252,12.5232515335083,16.537160873413086
2009-02-03,2.783396005630493,13.478137969970703,10.670145034790039,12.77192497253418,15.782478332519531
2009-02-04,2.8004589080810547,13.57285213470459,10.833316802978516,12.813066482543945,15.775918006896973
2009-02-05,2.887571096420288,13.87155532836914,11.849839210510254,14.613197326660156,16.104040145874023
2009-02-06,2.985161781311035,14.323253631591797,12.218073844909668,14.856386184692383,18.13180923461914
2009-02-09,3.068680763244629,14.16297721862793,12.198234558105469,14.812501907348633,17.90212631225586
2009-02-10,2.9285831451416016,13.696702003479004,11.874094009399414,14.442240715026855,16.156539916992188
2009-02-11,2.8983476161956787,13.995415687561035,12.142524719238281,14.991701126098633,17.121206283569336
2009-02-12,2.9716899394989014,14.031840324401855,12.46066951751709,14.79239559173584,17.18684196472168
2009-02-13,2.9683969020843506,13.907988548278809,12.361246109008789,14.801530838012695,16.202476501464844
2009-02-17,2.8297948837280273,13.26980209350586,11.985665321350098,14.178935050964355,14.207523345947266
2009-02-18,2.8250064849853516,13.2918062210083,12.405436515808105,14.540063858032227,14.115641593933105
2009-02-19,2.7133469581604004,13.137764930725098,12.290553092956543,14.12956428527832,13.518468856811523
2009-02-20,2.7301106452941895,13.203783988952637,12.29718017578125,14.445895195007324,13.059107780456543
2009-02-23,2.6028854846954346,12.624279975891113,11.985665321350098,13.949463844299316,12.803173065185547
2009-02-24,2.7016713619232178,12.594945907592773,12.449627876281738,14.743940353393555,13.794087409973145
2009-02-25,2.728914260864258,12.440898895263672,12.244156837463379,14.862785339355469,14.26001262664795
2009-02-26,2.6699399948120117,12.044785499572754,12.385555267333984,14.234708786010742,15.126242637634277
2009-02-27,2.6735334396362305,11.84672737121582,12.52916145324707,14.447723388671875,14.994999885559082
2009-03-02,2.6325204372406006,11.58265495300293,11.965781211853027,13.771188735961914,13.885961532592773
2009-03-03,2.645392656326294,11.648674964904785,12.009964942932129,13.805926322937012,13.78752613067627
2009-03-04,2.7292134761810303,11.824724197387695,12.215435028076172,13.75747013092041,12.665355682373047
2009-03-05,2.659463405609131,11.201211929321289,11.802289009094238,13.43200397491455,10.893527030944824
2009-03-06,2.553492546081543,11.208544731140137,11.08867359161377,13.02242660522461,10.453845977783203
2009-03-09,2.487933397293091,11.113179206848145,11.002506256103516,13.02242660522461,10.434157371520996
2009-03-10,2.65317702293396,12.088798522949219,11.68077278137207,13.574627876281738,12.796605110168457
2009-03-11,2.7744152545928955,12.550928115844727,11.349376678466797,13.516111373901367,13.387219429016113
2009-03-12,2.884277820587158,12.477578163146973,11.950315475463867,14.35995864868164,15.224684715270996
2009-03-13,2.871704578399658,12.213500022888184,11.49960994720459,14.473322868347168,15.585612297058105
2009-03-16,2.856438159942627,11.92007827758789,11.526119232177734,14.050943374633789,15.152493476867676
2009-03-17,2.983365297317505,12.396883010864258,12.215435028076172,14.845417022705078,16.497783660888672
2009-03-18,3.039043426513672,12.440898895263672,12.440787315368652,14.604969024658203,17.790569305419922
2009-03-19,3.0420377254486084,12.572936058044434,11.641010284423828,14.088425636291504,16.37310218811035
2009-03-20,3.041140556335449,12.514252662658691,11.605655670166016,14.219161987304688,15.191873550415039
2009-03-23,3.2228477001190186,13.445852279663086,12.270665168762207,14.892045021057129,18.938982009887695
2009-03-24,3.1881215572357178,13.152438163757324,11.842056274414062,14.891131401062012,17.32464027404785
2009-03-25,3.187823534011841,13.11575984954834,11.65425968170166,15.041975975036621,18.742109298706055
2009-03-26,3.2890055179595947,13.812631607055664,12.261832237243652,15.531099319458008,19.096477508544922
2009-03-27,3.1986000537872314,13.299141883850098,11.985665321350098,15.310760498046875,17.980873107910156
2009-03-30,3.12795352935791,12.822340965270996,11.819962501525879,14.906669616699219,16.30748176574707
2009-03-31,3.146812677383423,13.475193977355957,12.283924102783203,15.311671257019043,17.442764282226562
2009-04-01,3.2536821365356445,14.164728164672852,11.994499206542969,14.635144233703613,18.466487884521484
2009-04-02,3.374021530151367,14.150059700012207,12.281717300415039,15.14529037475586,18.51250457763672
2009-04-03,3.4722094535827637,13.753944396972656,13.27370834350586,15.912335395812988,19.24881362915039
2009-04-06,3.5458521842956543,13.761282920837402,13.063821792602539,15.6819429397583,18.53880500793457
2009-04-07,3.4425745010375977,13.761282920837402,12.626370429992676,15.154427528381348,17.914274215698242
2009-04-08,3.4820892810821533,14.07669448852539,12.774396896362305,15.311816215515137,18.032604217529297
2009-04-09,3.579378604888916,14.428800582885742,12.988704681396484,15.78125,21.529998779296875
2009-04-13,3.5988361835479736,14.370116233825684,13.501269340515137,16.11067771911621,22.15453338623047
2009-04-14,3.5416598320007324,14.194067001342773,12.887073516845703,15.199270248413086,20.182313919067383
2009-04-15,3.521603584289551,13.812631607055664,13.059403419494629,15.140703201293945,21.405088424682617
2009-04-16,3.63565731048584,14.494816780090332,12.829633712768555,14.796639442443848,21.852130889892578
2009-04-17,3.6946310997009277,14.084039688110352,12.814169883728027,14.921087265014648,21.865272521972656
2009-04-20,3.607217311859131,13.651251792907715,12.151363372802734,13.895297050476074,19.518341064453125
2009-04-21,3.644937515258789,13.915319442749023,12.953351020812988,15.040960311889648,21.385366439819336
2009-04-22,3.63745379447937,13.775956153869629,12.705907821655273,14.711540222167969,20.971200942993164
2009-04-23,3.7539024353027344,13.878643989562988,12.864978790283203,15.121485710144043,21.832401275634766
2009-04-24,3.7089996337890625,15.338395118713379,13.339990615844727,15.838900566101074,21.944162368774414
2009-04-27,3.733846664428711,14.964288711547852,13.006380081176758,15.148941040039062,21.54971694946289
2009-04-28,3.7089996337890625,14.619519233703613,13.412895202636719,15.331034660339355,21.55629539489746
2009-04-29,3.746119260787964,14.854259490966797,14.031514167785645,16.307415008544922,22.667299270629883
2009-04-30,3.766774892807007,14.861589431762695,14.351865768432617,16.78690528869629,21.69434356689453
2009-05-01,3.808983564376831,14.846921920776367,14.362913131713867,15.821516990661621,21.35906982421875
2009-05-04,3.9535725116729736,14.810245513916016,15.067687034606934,16.378799438476562,23.528501510620117
2009-05-05,3.9727299213409424,14.516819953918457,14.8887357711792,16.78325080871582,22.89081573486328
2009-05-06,3.966444253921509,14.516819953918457,14.623614311218262,16.785085678100586,24.46858787536621
2009-05-07,3.863466739654541,14.172065734863281,14.47779655456543,16.542585372924805,23.166934967041016
2009-05-08,3.8673582077026367,14.245412826538086,15.11850643157959,16.936063766479492,25.599328994750977
2009-05-11,3.8787336349487305,14.172065734863281,14.56617546081543,16.56088638305664,23.5548038482666
2009-05-12,3.724566698074341,14.590182304382324,14.409303665161133,16.306499481201172,23.245817184448242
2009-05-13,3.5769832134246826,14.487485885620117,14.266578674316406,15.625689506530762,22.38462257385254
2009-05-14,3.6805596351623535,14.714884757995605,14.277642250061035,15.862683296203613,23.364152908325195
2009-05-15,3.664694309234619,14.832249641418457,14.399346351623535,15.842567443847656,22.949989318847656
2009-05-18,3.7913222312927246,15.11099910736084,14.695881843566895,15.867271423339844,24.49488639831543
2009-05-19,3.815269708633423,14.992881774902344,14.339603424072266,15.256919860839844,23.541650772094727
2009-05-20,3.767972230911255,15.044562339782715,14.375008583068848,15.52229118347168,22.713319778442383
2009-05-21,3.7173821926116943,14.63116455078125,14.6671142578125,15.710790634155273,22.943410873413086
2009-05-22,3.6670892238616943,14.57949161529541,14.54982852935791,15.40607738494873,22.621288299560547
2009-05-26,3.9149537086486816,15.015029907226562,14.775546073913574,15.428951263427734,24.02155113220215
2009-05-27,3.9829094409942627,14.860006332397461,14.587446212768555,15.316402435302734,22.785640716552734
2009-05-28,4.043378829956055,15.096237182617188,14.71579647064209,15.749227523803711,24.093883514404297
2009-05-29,4.065530300140381,15.42104434967041,14.98355484008789,16.135379791259766,24.258228302001953
2009-06-01,4.171500205993652,15.79752254486084,14.751202583312988,15.897459983825684,23.73887825012207
2009-06-02,4.175693988800049,15.79752254486084,14.784400939941406,15.408817291259766,22.680456161499023
2009-06-03,4.2193989753723145,16.041133880615234,15.098627090454102,15.328292846679688,22.338605880737305
2009-06-04,4.302919387817383,16.114953994750977,15.384095191955566,15.409735679626465,23.239248275756836
2009-06-05,4.330759525299072,16.34379768371582,15.330982208251953,15.343851089477539,22.713319778442383
2009-06-08,4.306210994720459,16.277360916137695,15.446049690246582,15.18737506866455,23.265541076660156
2009-06-09,4.272384166717529,16.29949951171875,15.18713665008545,15.389608383178711,23.180078506469727
2009-06-10,4.19844388961792,16.64645767211914,15.328766822814941,15.885576248168945,22.903968811035156
2009-06-11,4.189462661743164,16.8531551361084,14.764479637145996,15.551566123962402,22.969715118408203
2009-06-12,4.100255966186523,17.22225570678711,14.242237091064453,15.28711223602295,23.09461784362793
2009-06-15,4.073911190032959,17.288692474365234,14.257723808288574,15.23312759399414,22.35175323486328
2009-06-16,4.081697463989258,17.310836791992188,13.821779251098633,14.966839790344238,22.02305030822754
2009-06-17,4.0586442947387695,17.480621337890625,13.57614803314209,15.030901908874512,21.516843795776367
2009-06-18,4.067626953125,17.34775161743164,13.589426040649414,14.95128345489502,22.46351432800293
2009-06-19,4.175394058227539,17.768522262573242,13.580577850341797,14.764613151550293,23.009157180786133
2009-06-22,4.112228870391846,17.185338973999023,13.551809310913086,14.346426963806152,21.6088809967041
2009-06-23,4.01164436340332,17.229642868041992,13.86825180053711,14.652973175048828,22.069072723388672
2009-06-24,4.077804088592529,17.325603485107422,13.51861572265625,14.73807430267334,21.996753692626953
2009-06-25,4.186768531799316,17.56183624267578,13.7089262008667,15.032724380493164,22.443790435791016
2009-06-26,4.264001846313477,17.23702049255371,14.122735023498535,15.456409454345703,22.6475830078125
2009-06-29,4.249931812286377,17.61350440979004,13.936853408813477,15.386861801147461,22.746191024780273
2009-06-30,4.263702869415283,17.547067642211914,13.7775239944458,15.3099946975708,22.424068450927734
2009-07-01,4.275674819946289,17.746383666992188,13.45444107055664,15.175479888916016,22.233135223388672
2009-07-02,4.19155740737915,17.25178337097168,13.295113563537598,15.21573257446289,21.245586395263672
2009-07-06,4.149349212646484,17.12629508972168,13.425674438476562,15.264240264892578,21.462844848632812
2009-07-07,4.053255558013916,16.631690979003906,13.21323299407959,14.732584953308105,21.60110092163086
2009-07-08,4.107738018035889,16.653831481933594,13.16455364227295,14.718842506408691,21.535266876220703
2009-07-09,4.081994533538818,16.565256118774414,13.374775886535645,14.911188125610352,22.134382247924805
2009-07-10,4.146656513214111,16.52834129333496,13.246431350708008,14.706022262573242,21.29166603088379
2009-07-13,4.2610087394714355,17.148433685302734,13.354859352111816,15.160314559936523,22.852001190185547
2009-07-14,4.258913516998291,17.05984878540039,13.341586112976074,15.197868347167969,22.84541893005371
2009-07-15,4.396914482116699,17.805435180664062,13.863826751708984,15.787724494934082,23.872474670410156
2009-07-16,4.416073799133301,18.041658401489258,14.253296852111816,16.328121185302734,23.78688621520996
2009-07-17,4.542700290679932,17.930932998657227,14.184700012207031,16.471920013427734,24.287250518798828
2009-07-20,4.577425479888916,18.108102798461914,14.852997779846191,16.61663246154785,24.346500396728516
2009-07-21,4.5355143547058105,18.329559326171875,14.85963249206543,16.57266616821289,24.32016372680664
2009-07-22,4.692079067230225,18.30741310119629,14.793245315551758,16.62212562561035,24.24774742126465
2009-07-23,4.724409103393555,18.868453979492188,14.868481636047363,17.024219512939453,25.11679458618164
2009-07-24,4.789368629455566,17.310836791992188,14.89061450958252,16.98758316040039,24.96536636352539
2009-07-27,4.792660713195801,17.05984878540039,15.089774131774902,17.322813034057617,25.103635787963867
2009-07-28,4.78966760635376,17.325603485107422,14.67153263092041,17.122224807739258,25.07070541381836
2009-07-29,4.790565490722656,17.569211959838867,14.777758598327637,17.26968002319336,24.866613388061523
2009-07-30,4.873186111450195,17.576589584350586,14.872918128967285,17.778940200805664,25.327486038208008
2009-07-31,4.891149044036865,17.362506866455078,14.485649108886719,17.771608352661133,25.44597816467285
2009-08-03,4.982152938842773,17.591350555419922,15.293362617492676,18.378862380981445,26.071428298950195
2009-08-04,4.955811023712158,17.547067642211914,15.291152954101562,18.602346420288086,26.473051071166992
2009-08-05,4.942639350891113,17.576589584350586,15.131817817687988,18.591358184814453,27.506683349609375
2009-08-06,4.906716823577881,17.318218231201172,15.191566467285156,18.453968048095703,26.828567504882812
2009-08-07,4.954611778259277,17.39203453063965,15.306639671325684,18.715930938720703,27.888530731201172
2009-08-10,4.930964469909668,17.288692474365234,15.242465019226074,18.53274154663086,28.10578727722168
2009-08-11,4.874385356903076,17.074615478515625,15.182718276977539,18.56479835510254,27.151155471801758
2009-08-12,4.948625564575195,17.369895935058594,15.170528411865234,18.71409034729004,27.789779663085938
2009-08-13,5.041722774505615,17.43633460998535,15.221506118774414,18.682029724121094,28.24406623840332
2009-08-14,4.992631435394287,17.488006591796875,15.026474952697754,18.557466506958008,27.947790145874023
2009-08-17,4.777394771575928,17.163198471069336,14.7228364944458,17.94654655456543,26.815404891967773
2009-08-18,4.909409046173096,17.504680633544922,14.851374626159668,18.15079689025879,27.454008102416992
2009-08-19,4.927370548248291,17.55664825439453,14.893491744995117,18.071109771728516,27.263072967529297
2009-08-20,4.979160308837891,17.57149314880371,15.0286865234375,18.595022201538086,27.928037643432617
2009-08-21,5.065674304962158,18.120834350585938,15.292421340942383,18.982458114624023,28.744403839111328
2009-08-24,5.060882568359375,18.291568756103516,15.059712409973145,18.705848693847656,28.31647491455078
2009-08-25,5.0710601806640625,18.291568756103516,15.287996292114258,19.136335372924805,28.691740036010742
2009-08-26,5.011488914489746,18.22475814819336,15.55838394165039,18.931171417236328,28.507408142089844
2009-08-27,5.072558403015137,18.328697204589844,15.44978141784668,18.922922134399414,28.60614585876465
2009-08-28,5.090519905090332,18.321266174316406,15.624868392944336,18.645401000976562,28.25720977783203
2009-08-31,5.035438060760498,18.298999786376953,15.75783920288086,18.559303283691406,28.61273193359375
2009-09-01,4.948326110839844,17.81647491455078,15.553939819335938,18.379772186279297,27.43425750732422
2009-09-02,4.944733619689941,17.712541580200195,15.536218643188477,18.359621047973633,26.90098762512207
2009-09-03,4.98574686050415,17.89812660217285,15.715737342834473,18.629825592041016,27.723947525024414
2009-09-04,5.098301887512207,18.2767276763916,15.593844413757324,18.872543334960938,27.8753662109375
2009-09-08,5.176734447479248,18.425199508666992,15.72459888458252,19.000783920288086,28.00702667236328
2009-09-09,5.1231489181518555,18.395505905151367,15.620434761047363,19.262725830078125,28.217723846435547
2009-09-10,5.165657043457031,18.558826446533203,16.026016235351562,19.380887985229492,28.323055267333984
2009-09-11,5.153682708740234,18.45490074157715,16.02158546447754,19.12534523010254,27.980701446533203
2009-09-14,5.200382232666016,18.558826446533203,16.150123596191406,19.050235748291016,28.80365753173828
2009-09-15,5.2434892654418945,18.707290649414062,16.2232723236084,19.60344696044922,28.434982299804688
2009-09-16,5.444357395172119,18.707290649414062,16.420520782470703,20.128280639648438,29.396203994750977
2009-09-17,5.5245819091796875,18.781532287597656,16.360673904418945,20.168575286865234,29.600296020507812
2009-09-18,5.538651466369629,18.7518253326416,16.35402488708496,20.477237701416016,29.593721389770508
2009-09-21,5.508718490600586,18.781532287597656,16.2653751373291,20.390230178833008,29.330371856689453
2009-09-22,5.522486686706543,19.130434036254883,16.49144172668457,20.569746017456055,30.59443473815918
2009-09-23,5.5530219078063965,19.085886001586914,16.382844924926758,20.094388961791992,29.666135787963867
2009-09-24,5.502730369567871,19.256633758544922,16.296403884887695,19.686792373657227,29.21184539794922
2009-09-25,5.459322929382324,18.967117309570312,15.660331726074219,18.748899459838867,28.737831115722656
2009-09-28,5.572477340698242,19.174976348876953,15.766717910766602,19.06397247314453,29.501535415649414
2009-09-29,5.549428939819336,19.115583419799805,15.41874885559082,18.935745239257812,29.547622680664062
2009-09-30,5.548532485961914,19.09331512451172,15.316798210144043,18.515336990356445,28.849756240844727
2009-10-01,5.414122581481934,18.46973991394043,15.319021224975586,18.264375686645508,27.236753463745117
2009-10-02,5.535058975219727,18.529129028320312,15.024247169494629,18.290023803710938,27.59269142150879
2009-10-05,5.568587779998779,18.291568756103516,15.106258392333984,18.36695671081543,28.871490478515625
2009-10-06,5.688031196594238,18.640483856201172,15.128414154052734,18.387109756469727,29.60313606262207
2009-10-07,5.695212364196777,18.633058547973633,15.704655647277832,19.331218719482422,30.123886108398438
2009-10-08,5.665879726409912,19.056198120117188,15.89747428894043,19.336715698242188,29.860231399536133
2009-10-09,5.701801776885986,18.967117309570312,16.165645599365234,19.65385627746582,30.222776412963867
2009-10-12,5.711978912353516,19.09331512451172,16.334077835083008,19.798686981201172,30.374380111694336
2009-10-13,5.688329696655273,19.16013526916504,16.549062728881836,19.923337936401367,30.0975399017334
2009-10-14,5.726348400115967,19.271480560302734,16.57787322998047,20.117660522460938,31.086275100708008
2009-10-15,5.704494476318359,19.828245162963867,16.639934539794922,20.656625747680664,31.086275100708008
2009-10-16,5.629356861114502,19.672351837158203,16.464839935302734,20.520044326782227,30.361207962036133
2009-10-19,5.683538913726807,19.56842041015625,16.61111831665039,20.678619384765625,30.308460235595703
2009-10-20,5.949965953826904,19.575849533081055,16.63327980041504,20.623626708984375,30.341413497924805
2009-10-21,6.134365081787109,19.73173713684082,16.664316177368164,20.685041427612305,29.431777954101562
2009-10-22,6.142749309539795,19.739166259765625,16.775117874145508,21.01593589782715,30.13048553466797
2009-10-23,6.1050310134887695,20.800731658935547,16.427165985107422,21.07826042175293,29.814090728759766
2009-10-26,6.0613250732421875,21.290687561035156,16.130189895629883,20.234066009521484,28.884662628173828
2009-10-27,5.908355712890625,21.22386932373047,16.37841796875,20.21573829650879,28.937400817871094
2009-10-28,5.75957727432251,20.800731658935547,16.970151901245117,20.211156845092773,28.133216857910156
2009-10-29,5.877821922302246,20.949190139770508,17.12751579284668,20.891277313232422,29.234024047851562
2009-10-30,5.642828464508057,20.585451126098633,16.790634155273438,20.07549285888672,27.53336524963379
2009-11-02,5.667078018188477,20.696794509887695,17.129728317260742,20.408227920532227,28.067298889160156
2009-11-03,5.6503119468688965,20.436969757080078,17.209522247314453,20.091995239257812,28.146404266357422
2009-11-04,5.711978912353516,20.83041763305664,17.355785369873047,20.621795654296875,27.823408126831055
2009-11-05,5.808371067047119,21.13477897644043,17.639484405517578,21.10485076904297,28.9176082611084
2009-11-06,5.817651748657227,21.171905517578125,17.657209396362305,21.714380264282227,28.66054344177246
2009-11-09,6.030791282653809,21.520816802978516,17.987428665161133,22.199270248413086,29.234024047851562
2009-11-10,6.076294898986816,21.53565788269043,17.974140167236328,21.87662124633789,29.11536979675293
2009-11-11,6.084373950958252,21.61731719970703,17.91208267211914,21.806049346923828,29.214235305786133
2009-11-12,6.046657562255859,21.79547882080078,17.740053176879883,21.713472366333008,28.54190444946289
2009-11-13,6.120296955108643,21.995908737182617,17.75782012939453,21.514564514160156,28.278240203857422
2009-11-16,6.185556411743164,21.929107666015625,17.657922744750977,21.155254364013672,28.370508193969727
2009-11-17,6.196634292602539,22.369033813476562,17.879898071289062,21.173582077026367,28.449617385864258
2009-11-18,6.165499687194824,22.451051712036133,17.844388961791992,20.832609176635742,28.594623565673828
2009-11-19,6.002353191375732,22.204994201660156,17.79777717590332,21.090181350708008,28.04751968383789
2009-11-20,5.984692573547363,22.085683822631836,17.75782012939453,21.188257217407227,27.988191604614258
2009-11-23,6.163105487823486,22.324295043945312,17.85547637939453,21.64930534362793,28.52872085571289
2009-11-24,6.119998931884766,22.30191993713379,17.895431518554688,21.78313636779785,28.001384735107422
2009-11-25,6.112515926361084,22.212446212768555,18.155136108398438,21.983871459960938,27.790449142456055
2009-11-27,6.0047478675842285,21.787431716918945,17.831066131591797,21.594303131103516,27.243330001831055
2009-11-30,5.9843902587890625,21.92909812927246,17.979785919189453,22.077354431152344,28.007965087890625
2009-12-01,5.896381378173828,22.376480102539062,18.41707420349121,22.27260398864746,27.830001831054688
2009-12-02,5.874227523803711,22.204994201660156,18.250585556030273,22.220352172851562,27.638832092285156
2009-12-03,5.8817138671875,22.242267608642578,17.764469146728516,21.64655876159668,27.289487838745117
2009-12-04,5.7871174812316895,22.354114532470703,17.817739486694336,22.12044906616211,27.513601303100586
2009-12-07,5.6562981605529785,22.212446212768555,17.742273330688477,21.9013671875,27.190593719482422
2009-12-08,5.683839797973633,22.04840660095215,17.755590438842773,21.87113380432129,27.164247512817383
2009-12-09,5.921226978302002,22.152795791625977,18.146270751953125,22.26801300048828,27.15105628967285
2009-12-10,5.8802170753479,22.2721004486084,18.272789001464844,22.37618064880371,27.20378303527832
2009-12-11,5.827528953552246,22.25718116760254,18.055255889892578,22.35967254638672,26.999448776245117
2009-12-14,5.8966803550720215,22.451051712036133,18.81661605834961,22.68415641784668,27.53336524963379
2009-12-15,5.812560081481934,22.383943557739258,19.120731353759766,22.507253646850586,26.933536529541016
2009-12-16,5.838305473327637,22.443593978881836,19.31827735900879,22.585161209106445,27.263111114501953
2009-12-17,5.743410110473633,22.070770263671875,19.31827735900879,22.70889663696289,26.54462242126465
2009-12-18,5.850279331207275,22.63745880126953,19.748912811279297,23.35877227783203,26.99285888671875
2009-12-21,5.934099197387695,22.756759643554688,19.424823760986328,23.406429290771484,27.619062423706055
2009-12-22,5.997862339019775,22.980445861816406,19.156246185302734,23.430273056030273,27.645429611206055
2009-12-23,6.049948692321777,23.055011749267578,19.122940063476562,23.40277099609375,27.394939422607422
2009-12-24,6.257700443267822,23.114662170410156,19.154020309448242,23.411945343017578,27.61246681213379
2009-12-28,6.3346357345581055,23.241416931152344,19.258346557617188,23.554933547973633,27.500423431396484
2009-12-29,6.259496688842773,23.405458450317383,19.538028717041016,23.681425094604492,27.348806381225586
2009-12-30,6.335534572601318,23.084835052490234,19.564672470092773,23.646587371826172,27.375173568725586
2009-12-31,6.308292865753174,22.7269287109375,19.413728713989258,23.463272094726562,27.467453002929688
2010-01-04,6.4064812660217285,23.0773868560791,19.564672470092773,23.542097091674805,28.279212951660156
2010-01-05,6.417558193206787,23.084835052490234,19.34047508239746,23.472436904907227,28.826963424682617
2010-01-06,6.3154778480529785,22.94316864013672,19.08076286315918,23.438501358032227,28.985374450683594
2010-01-07,6.303800106048584,22.704561233520508,19.258346557617188,23.28533363342285,29.55953025817871
2010-01-08,6.3457112312316895,22.86115074157715,19.31162452697754,23.29359245300293,29.48692512512207
2010-01-11,6.289732933044434,22.57034683227539,19.25612449645996,22.910226821899414,29.38792610168457
2010-01-12,6.2181854248046875,22.42122459411621,19.165117263793945,22.897382736206055,28.701576232910156
2010-01-13,6.305898189544678,22.630001068115234,19.342700958251953,23.49260902404785,29.203147888183594
2010-01-14,6.269376277923584,23.084835052490234,19.40929412841797,23.889732360839844,29.4935245513916
2010-01-15,6.164604187011719,23.01028060913086,19.120731353759766,24.088754653930664,28.826963424682617
2010-01-19,6.437312126159668,23.189220428466797,19.500303268432617,24.281368255615234,28.56298828125
2010-01-20,6.338226318359375,22.808956146240234,19.404844284057617,24.156618118286133,28.642181396484375
2010-01-21,6.228665351867676,22.376480102539062,18.74559211730957,23.70905876159668,26.754695892333984
2010-01-22,5.9197306632995605,21.593563079833984,18.36380386352539,23.094572067260742,25.843950271606445
2010-01-25,6.078989505767822,21.862003326416016,18.208412170410156,23.153276443481445,25.876964569091797
2010-01-26,6.164902210235596,21.9962158203125,18.013078689575195,22.80109214782715,25.368789672851562
2010-01-27,6.2229743003845215,22.122970581054688,18.625722885131836,23.509124755859375,25.956159591674805
2010-01-28,5.965831756591797,21.74268913269043,18.346038818359375,22.878129959106445,26.055145263671875
2010-01-29,5.749398231506348,21.011978149414062,18.208412170410156,22.919403076171875,25.698768615722656
2010-02-01,5.829326629638672,21.183473587036133,18.570228576660156,23.24223518371582,26.15414047241211
2010-02-02,5.863152980804443,21.220748901367188,18.647920608520508,23.163362503051758,26.761301040649414
2010-02-03,5.9640350341796875,21.347509384155273,18.53915786743164,22.706615447998047,26.5897159576416
2010-02-04,5.749099254608154,20.758453369140625,18.434829711914062,20.37066078186035,25.30938720703125
2010-02-05,5.85117769241333,20.892677307128906,18.326061248779297,20.245010375976562,25.276386260986328
2010-02-08,5.811066627502441,20.668981552124023,18.434829711914062,20.764118194580078,24.88043212890625
2010-02-09,5.873030662536621,20.885215759277344,18.483657836914062,20.493553161621094,25.335800170898438
2010-02-10,5.841000080108643,20.87029457092285,18.593708038330078,20.809972763061523,25.65256118774414
2010-02-11,5.94727087020874,20.967239379882812,18.92716407775879,21.002567291259766,25.75156593322754
2010-02-12,5.998459815979004,20.8255672454834,18.84712791442871,20.679733276367188,25.705364227294922
2010-02-16,6.088865756988525,21.237579345703125,19.091670989990234,20.663219451904297,26.444520950317383
2010-02-17,6.063421726226807,21.417373657226562,19.21171760559082,20.620119094848633,26.424711227416992
2010-02-18,6.074796676635742,21.702041625976562,19.331764221191406,20.360580444335938,26.668903350830078
2010-02-19,6.037075996398926,21.552221298217773,19.298412322998047,20.418350219726562,26.418123245239258
2010-02-22,5.9996562004089355,21.522241592407227,19.320642471313477,20.56601905822754,26.95928382873535
2010-02-23,5.899074077606201,21.22260093688965,19.14501953125,20.362398147583008,26.319129943847656
2010-02-24,6.006842613220215,21.44733428955078,19.036087036132812,20.33763885498047,26.95928382873535
2010-02-25,6.046955585479736,21.42486572265625,18.947168350219727,20.313793182373047,26.820693969726562
2010-02-26,6.125385761260986,21.47730255126953,18.958280563354492,20.57792854309082,27.69844627380371
2010-03-01,6.25620698928833,21.739490509033203,19.300636291503906,21.345579147338867,27.606035232543945
2010-03-02,6.25201416015625,21.319978713989258,19.218385696411133,21.260282516479492,27.467453002929688
2010-03-03,6.266384124755859,21.319978713989258,19.29619026184082,21.291461944580078,27.40804672241211
2010-03-04,6.307692050933838,21.44733428955078,19.34954261779785,21.36941909790039,27.665441513061523
2010-03-05,6.554361820220947,21.417373657226562,19.67633819580078,21.969240188598633,28.252803802490234
2010-03-08,6.558253765106201,21.44733428955078,20.14761734008789,22.52594566345215,28.107614517211914
2010-03-09,6.676197528839111,21.574682235717773,20.040916442871094,22.605737686157227,27.99542236328125
2010-03-10,6.730681896209717,21.702041625976562,20.34547233581543,22.891891479492188,28.331989288330078
2010-03-11,6.750438213348389,21.85934829711914,20.616680145263672,22.946001052856445,28.49698829650879
2010-03-12,6.78336763381958,21.926774978637695,20.730072021484375,22.925823211669922,28.47719955444336
2010-03-15,6.700747489929199,21.941757202148438,20.543333053588867,22.93590545654297,28.424386978149414
2010-03-16,6.7190046310424805,22.001684188842773,20.374385833740234,22.86803436279297,28.536579132080078
2010-03-17,6.709127902984619,22.19645118713379,20.343259811401367,22.80475425720215,28.89957046508789
2010-03-18,6.72499418258667,22.181472778320312,20.036474227905273,22.58922576904297,28.800575256347656
2010-03-19,6.653147220611572,22.16649627685547,19.749696731567383,22.411298751831055,28.675182342529297
2010-03-22,6.727987766265869,22.173982620239258,19.838626861572266,22.660762786865234,28.866565704345703
2010-03-23,6.836053848266602,22.38373565673828,20.003128051757812,22.524112701416016,29.420928955078125
2010-03-24,6.866287708282471,22.211437225341797,19.72968864440918,22.440656661987305,29.65850257873535
2010-03-25,6.78486442565918,22.481115341186523,20.098711013793945,22.56996726989746,29.65850257873535
2010-03-26,6.912092685699463,22.21892738342285,20.063152313232422,22.583721160888672,29.7113037109375
2010-03-29,6.956692695617676,22.16649627685547,20.060932159423828,22.74605369567871,29.605714797973633
2010-03-30,7.060269355773926,22.30133819580078,20.22987174987793,23.149599075317383,29.420928955078125
2010-03-31,7.034825801849365,21.941757202148438,20.23654556274414,23.295433044433594,29.533123016357422
2010-04-01,7.063859462738037,21.844364166259766,20.574459075927734,23.289926528930664,29.850263595581055
2010-04-05,7.1393022537231445,21.926774978637695,20.556669235229492,23.44033432006836,29.95596694946289
2010-04-06,7.170732498168945,21.9642391204834,20.541109085083008,23.73107147216797,30.28632164001465
2010-04-07,7.2024641036987305,21.98670196533203,20.1654052734375,23.46126937866211,29.9427547454834
2010-04-08,7.183006763458252,22.41370391845703,20.33879852294922,23.573230743408203,30.23345947265625
2010-04-09,7.238088130950928,22.728330612182617,20.56778335571289,23.756771087646484,30.378808975219727
2010-04-12,7.253053665161133,22.713354110717773,20.71673011779785,23.82008934020996,30.484527587890625
2010-04-13,7.2572431564331055,22.81073760986328,20.627803802490234,23.721893310546875,30.306123733520508
2010-04-14,7.354836463928223,23.087909698486328,20.954593658447266,24.146766662597656,31.535036087036133
2010-04-15,7.451525688171387,23.1253719329834,20.996837615966797,24.100894927978516,31.587890625
2010-04-16,7.406022071838379,22.975536346435547,20.863449096679688,23.81365966796875,30.094711303710938
2010-04-19,7.396145343780518,23.252723693847656,20.701169967651367,23.61176300048828,29.989011764526367
2010-04-20,7.321906089782715,23.49243927001953,20.907907485961914,23.98710060119629,30.312753677368164
2010-04-21,7.759861469268799,23.469955444335938,20.703386306762695,23.913686752319336,29.962570190429688
2010-04-22,7.976893901824951,23.514909744262695,21.15023422241211,24.00636863708496,29.559551239013672
2010-04-23,8.107410430908203,23.192787170410156,21.472566604614258,24.522104263305664,29.691675186157227
2010-04-26,8.067599296569824,23.30515480041504,21.341415405273438,24.38995933532715,28.99796485900879
2010-04-27,7.844277858734131,23.110380172729492,20.663368225097656,23.386947631835938,28.020137786865234
2010-04-28,7.831109523773193,23.155330657958984,20.81010627746582,23.217174530029297,28.713865280151367
2010-04-29,8.041851997375488,23.22275161743164,20.63447380065918,23.435579299926758,29.07063102722168
2010-04-30,7.815840244293213,22.878150939941406,20.058706283569336,22.762012481689453,28.132434844970703
2010-05-03,7.973301887512207,23.117881774902344,19.84528923034668,23.009769439697266,28.760112762451172
2010-05-04,7.743697643280029,22.571016311645508,19.645214080810547,23.056583404541016,28.059770584106445
2010-05-05,7.663171768188477,22.36126136779785,19.21394157409668,21.835163116455078,28.165483474731445
2010-05-06,7.371601104736328,21.70952033996582,18.433645248413086,21.134048461914062,26.963010787963867
2010-05-07,7.060572147369385,21.13269805908203,18.293588638305664,20.472410202026367,26.929977416992188
2010-05-10,7.603296756744385,21.67955780029297,19.116119384765625,21.134973526000977,27.716211318969727
2010-05-11,7.679035663604736,21.634613037109375,18.709293365478516,20.48617172241211,27.451936721801758
2010-05-12,7.845776081085205,22.054128646850586,19.075542449951172,21.346946716308594,27.54443359375
2010-05-13,7.73411750793457,21.904298782348633,19.086671829223633,21.318504333496094,26.963010787963867
2010-05-14,7.598210334777832,21.672069549560547,17.200939178466797,19.495996475219727,26.355175018310547
2010-05-17,7.610187530517578,21.67955780029297,16.633207321166992,19.34549903869629,26.3221435546875
2010-05-18,7.554502964019775,21.52153968811035,15.604630470275879,18.611364364624023,25.780372619628906
2010-05-19,7.434163570404053,21.250633239746094,16.245824813842773,18.578325271606445,26.018224716186523
2010-05-20,7.117448806762695,20.400312423706055,16.212432861328125,18.85821533203125,24.994136810302734
2010-05-21,7.253953456878662,20.197134017944336,16.51966667175293,19.62447738647461,26.460880279541016
2010-05-24,7.386867523193359,19.768207550048828,16.597583770751953,19.256484985351562,25.51607894897461
2010-05-25,7.340766429901123,19.617712020874023,16.245824813842773,18.983936309814453,25.727514266967773
2010-05-26,7.307537078857422,18.820056915283203,16.341562271118164,18.81233024597168,25.621793746948242
2010-05-27,7.584137439727783,19.565038681030273,16.406124114990234,19.06928062438965,26.705347061157227
2010-05-28,7.689813613891602,19.414531707763672,16.132272720336914,18.51592254638672,26.15036964416504
2010-06-01,7.808058738708496,19.482255935668945,15.916314125061035,18.389284133911133,25.463233947753906
2010-06-02,7.901456356048584,19.911182403564453,15.862887382507324,18.447099685668945,26.130531311035156
2010-06-03,7.876607418060303,20.212182998657227,16.216880798339844,18.537025451660156,25.833215713500977
2010-06-04,7.662271976470947,19.407014846801758,16.058815002441406,18.04791259765625,24.855388641357422
2010-06-07,7.511996746063232,19.030759811401367,16.005373001098633,18.35991668701172,24.260765075683594
2010-06-08,7.463798999786377,18.895301818847656,16.33043098449707,18.127742767333984,24.961105346679688
2010-06-09,7.280296325683594,18.654504776000977,16.43062400817871,17.936872482299805,24.525041580200195
2010-06-10,7.499125003814697,18.81253433227539,17.243234634399414,18.823347091674805,25.29805564880371
2010-06-11,7.588931560516357,19.309186935424805,16.938220977783203,18.80131721496582,25.165916442871094
2010-06-14,7.611980438232422,19.18878173828125,16.426164627075195,18.736167907714844,24.663789749145508
2010-06-15,7.773929595947266,20.00148582458496,17.12746810913086,19.23171043395996,25.271642684936523
2010-06-16,8.000245094299316,19.805835723876953,17.18089485168457,19.32806396484375,25.450027465820312
2010-06-17,8.13854694366455,19.843463897705078,17.419118881225586,19.638235092163086,25.39716339111328
2010-06-18,8.204402923583984,19.896137237548828,17.151954650878906,19.662094116210938,25.88608741760254
2010-06-21,8.087653160095215,19.527408599853516,18.011341094970703,20.495346069335938,25.681255340576172
2010-06-22,8.19781494140625,19.39196014404297,17.534894943237305,20.275110244750977,25.324491500854492
2010-06-23,8.111600875854492,19.045806884765625,17.312252044677734,20.175081253051758,25.694477081298828
2010-06-24,8.052628517150879,18.81253433227539,17.02727699279785,19.719921112060547,25.12628173828125
2010-06-25,7.983778476715088,18.458852767944336,17.067358016967773,20.041107177734375,26.0578556060791
2010-06-28,8.031673431396484,18.293302536010742,16.74675941467285,19.41065788269043,25.463233947753906
2010-06-29,7.6685566902160645,17.54080581665039,15.907415390014648,18.627878189086914,24.485395431518555
2010-06-30,7.529656887054443,17.315059661865234,15.751569747924805,18.310361862182617,24.188093185424805
2010-07-01,7.438355445861816,17.427927017211914,16.221332550048828,18.615259170532227,23.870529174804688
2010-07-02,7.392253398895264,17.51070785522461,16.292579650878906,18.621686935424805,23.705127716064453
2010-07-06,7.44284725189209,17.924579620361328,16.089977264404297,18.37005615234375,24.035919189453125
2010-07-07,7.743394374847412,18.285776138305664,16.65770721435547,19.062503814697266,25.240039825439453
2010-07-08,7.726034641265869,18.368562698364258,16.71559715270996,19.25536346435547,25.246662139892578
2010-07-09,7.771836757659912,18.263208389282227,17.227664947509766,19.792600631713867,25.703149795532227
2010-07-12,7.702086925506592,18.684606552124023,17.03396224975586,19.62270736694336,25.928091049194336
2010-07-13,7.537741661071777,18.910354614257812,17.05176544189453,19.710866928100586,26.78156852722168
2010-07-14,7.565578937530518,19.143640518188477,16.982751846313477,19.57679557800293,26.69554328918457
2010-07-15,7.5272626876831055,19.196306228637695,16.760114669799805,19.451887130737305,26.768333435058594
2010-07-16,7.480864524841309,18.729759216308594,15.907415390014648,18.11199951171875,25.802400588989258
2010-07-19,7.351541996002197,18.985610961914062,15.856208801269531,17.984352111816406,25.828857421875
2010-07-20,7.540433406829834,19.173730850219727,16.38608741760254,18.854040145874023,26.21919822692871
2010-07-21,7.610783100128174,18.90284538269043,16.110021591186523,18.50506019592285,25.418664932250977
2010-07-22,7.753873348236084,19.44464111328125,16.577552795410156,19.138734817504883,26.03395652770996
2010-07-23,7.781414031982422,19.422054290771484,16.82912826538086,19.55567741394043,26.351530075073242
2010-07-26,7.761658668518066,19.640289306640625,16.938220977783203,19.545568466186523,26.682327270507812
2010-07-27,7.905349254608154,19.685436248779297,17.05622100830078,19.674137115478516,26.92049789428711
2010-07-28,7.811946868896484,19.527408599853516,16.737855911254883,19.293933868408203,26.675691604614258
2010-07-29,7.726630687713623,19.587608337402344,16.02541732788086,19.135976791381836,26.60292625427246
2010-07-30,7.70089054107666,19.422054290771484,16.33043098449707,19.28934097290039,26.649240493774414
2010-08-02,7.838591575622559,19.8133602142334,16.08108139038086,18.598730087280273,27.549013137817383
2010-08-03,7.840985298156738,19.685436248779297,16.252498626708984,18.450868606567383,27.178518295288086
2010-08-04,7.872416973114014,19.361860275268555,16.13005256652832,18.854040145874023,27.31745719909668
2010-08-05,7.834100246429443,19.090957641601562,15.918543815612793,18.516996383666992,27.304222106933594
2010-08-06,7.785906791687012,19.226411819458008,16.0610408782959,19.04872703552246,26.755096435546875
2010-08-09,7.835595607757568,19.271556854248047,16.639894485473633,19.734750747680664,26.344898223876953
2010-08-10,7.765548229217529,18.865201950073242,16.757890701293945,19.86882781982422,25.91485595703125
2010-08-11,7.4895453453063965,18.707185745239258,16.39327049255371,19.25444793701172,24.98862075805664
2010-08-12,7.537441730499268,18.428756713867188,16.275083541870117,19.453733444213867,25.01508903503418
2010-08-13,7.456915855407715,18.361026763916016,16.10559844970703,19.344446182250977,24.809993743896484
2010-08-16,7.413209438323975,18.4362850189209,16.241626739501953,19.32607650756836,24.935693740844727
2010-08-17,7.542829513549805,18.693498611450195,16.359827041625977,19.655771255493164,24.796751022338867
2010-08-18,7.575758934020996,18.776716232299805,16.25277328491211,19.548316955566406,25.068021774291992
2010-08-19,7.480262756347656,18.48924446105957,15.974010467529297,19.183732986450195,24.525508880615234
2010-08-20,7.473081588745117,18.330368041992188,15.6328125,18.95230484008789,24.57181739807129
2010-08-23,7.358127117156982,18.368200302124023,15.637275695800781,18.84392738342285,24.399803161621094
2010-08-24,7.182405471801758,18.186634063720703,15.757698059082031,18.59781837463379,23.956525802612305
2010-08-25,7.271015644073486,18.232019424438477,15.802294731140137,18.928421020507812,23.969758987426758
2010-08-26,7.192882537841797,18.02020263671875,15.590447425842285,18.658424377441406,23.572799682617188
2010-08-27,7.232997417449951,18.103418350219727,15.858060836791992,18.975265502929688,24.214540481567383
2010-08-30,7.259340763092041,17.8840274810791,15.507927894592285,18.615259170532227,23.71834945678711
2010-08-31,7.277303218841553,17.75541877746582,15.38305377960205,18.216686248779297,24.05577278137207
2010-09-01,7.493739128112793,18.080718994140625,15.728707313537598,18.466482162475586,24.968774795532227
2010-09-02,7.548817157745361,18.11098289489746,16.052072525024414,18.80169105529785,25.246662139892578
2010-09-03,7.746389389038086,18.375757217407227,16.168045043945312,19.008325576782227,25.91485595703125
2010-09-07,7.717651844024658,18.126108169555664,15.945028305053711,18.415054321289062,25.326051712036133
2010-09-08,7.870621681213379,18.103418350219727,15.287158012390137,17.853023529052734,25.881778717041016
2010-09-09,7.875112056732178,18.163938522338867,14.89243221282959,17.630775451660156,26.5301570892334
2010-09-10,7.885293483734131,18.042896270751953,15.18457317352295,18.19649314880371,26.305213928222656
2010-09-13,7.993954181671143,18.996097564697266,14.602524757385254,17.727201461791992,27.20499038696289
2010-09-14,8.024489402770996,18.935590744018555,14.968256950378418,18.344341278076172,26.940345764160156
2010-09-15,8.08914852142334,19.00367546081543,15.371903419494629,19.302200317382812,27.11236000061035
2010-09-16,8.279237747192383,19.16253662109375,15.24924373626709,19.31229591369629,27.118974685668945
2010-09-17,8.243316650390625,19.079315185546875,15.273775100708008,19.62270736694336,26.503694534301758
2010-09-20,8.478614807128906,19.238187789916992,15.679655075073242,20.085569381713867,27.25130271911621
2010-09-21,8.49477481842041,19.0263614654541,15.597138404846191,19.9276065826416,26.854333877563477
2010-09-22,8.613917350769043,18.617843627929688,15.748775482177734,20.114953994750977,26.424293518066406
2010-09-23,8.648942947387695,18.48168182373047,15.829069137573242,20.151683807373047,25.86855125427246
2010-09-24,8.75072193145752,18.74645233154297,16.139041900634766,20.34821128845215,26.2985897064209
2010-09-27,8.715997695922852,18.708629608154297,16.27954864501953,20.42168426513672,25.855318069458008
2010-09-28,8.587273597717285,18.67079734802246,16.339750289916992,20.47953987121582,25.769309997558594
2010-09-29,8.602540969848633,18.534626007080078,16.593978881835938,20.44556427001953,25.412052154541016
2010-09-30,8.494176864624023,18.527063369750977,16.560535430908203,20.571378707885742,25.18048667907715
2010-10-01,8.457356452941895,18.443845748901367,16.350900650024414,20.64301872253418,25.67668914794922
2010-10-04,8.341208457946777,18.088285446166992,16.333057403564453,20.446475982666016,25.80255699157715
2010-10-05,8.649543762207031,18.421152114868164,16.723316192626953,20.745864868164062,26.2596492767334
2010-10-06,8.657026290893555,18.48168182373047,16.553836822509766,20.507097244262695,26.43189239501953
2010-10-07,8.65792179107666,18.557323455810547,16.41557502746582,20.296648025512695,26.18016242980957
2010-10-08,8.803109169006348,18.587583541870117,16.502544403076172,20.45563507080078,26.041040420532227
2010-10-11,8.841724395751953,18.602718353271484,16.567209243774414,20.480440139770508,26.319259643554688
2010-10-12,8.936923027038574,18.784278869628906,16.558300018310547,20.413360595703125,26.76311492919922
2010-10-13,8.984816551208496,19.170103073120117,17.158184051513672,21.218387603759766,26.392139434814453
2010-10-14,9.049776077270508,19.08689308166504,17.209482192993164,21.381053924560547,25.65019416809082
2010-10-15,9.421875,19.32139778137207,17.305376052856445,21.47661590576172,24.61014175415039
2010-10-18,9.519464492797852,19.53322982788086,17.474857330322266,21.6374454498291,25.30571174621582
2010-10-19,9.264717102050781,18.988534927368164,17.294218063354492,21.784481048583984,24.967870712280273
2010-10-20,9.29584789276123,19.14741325378418,17.733551025390625,22.103364944458008,25.239477157592773
2010-10-21,9.265613555908203,19.230623245239258,17.662189483642578,22.34874153137207,24.9744930267334
2010-10-22,9.204246520996094,19.200363159179688,17.682254791259766,22.29819107055664,24.9744930267334
2010-10-25,9.245257377624512,19.056623458862305,17.9810791015625,22.528852462768555,24.557138442993164
2010-10-26,9.22160530090332,19.593748092651367,17.84728240966797,22.37906837463379,24.643259048461914
2010-10-27,9.215022087097168,19.707229614257812,17.82275390625,22.584911346435547,24.868501663208008
2010-10-28,9.137489318847656,19.881223678588867,17.048917770385742,22.011472702026367,24.848623275756836
2010-10-29,9.009963035583496,20.176259994506836,17.43025779724121,22.06109619140625,24.928115844726562
2010-11-01,9.105757713317871,20.388092041015625,17.24293327331543,21.9627742767334,24.788991928100586
2010-11-02,9.260822296142578,20.72096061706543,17.488239288330078,22.60512351989746,24.484264373779297
2010-11-03,9.363799095153809,20.448612213134766,17.61759376525879,23.14274024963379,24.987741470336914
2010-11-04,9.527547836303711,20.531818389892578,17.83835792541504,23.423946380615234,26.365642547607422
2010-11-05,9.49342155456543,20.312448501586914,17.795989990234375,23.552600860595703,27.120838165283203
2010-11-08,9.538023948669434,20.282176971435547,17.55290985107422,23.228200912475586,26.835988998413086
2010-11-09,9.461987495422363,20.388092041015625,17.4659423828125,23.114248275756836,26.43189239501953
2010-11-10,9.520362854003906,20.380521774291992,17.682254791259766,23.30263900756836,26.90885353088379
2010-11-11,9.479052543640137,20.183835983276367,17.666645050048828,23.1647891998291,26.511377334594727
2010-11-12,9.221006393432617,19.873659133911133,17.158184051513672,22.34690284729004,26.23978042602539
2010-11-15,9.191373825073242,19.820709228515625,17.02884292602539,22.32484245300293,26.551137924194336
2010-11-16,9.028223037719727,19.645639419555664,16.723316192626953,21.417810440063477,26.23978042602539
2010-11-17,8.995595932006836,19.46295928955078,16.922199249267578,21.55657386779785,25.954925537109375
2010-11-18,9.23298168182373,19.668476104736328,17.19257926940918,22.284408569335938,26.27289390563965
2010-11-19,9.182090759277344,19.554309844970703,17.21715545654297,22.41214370727539,26.107280731201172
2010-11-22,9.380563735961914,19.584745407104492,16.861867904663086,22.36894989013672,25.51107406616211
2010-11-23,9.241962432861328,19.12042808532715,16.680866241455078,21.655826568603516,24.928115844726562
2010-11-24,9.423667907714844,19.31072425842285,16.942302703857422,21.852479934692383,25.279220581054688
2010-11-26,9.429655075073242,19.219385147094727,16.866336822509766,21.609867095947266,24.841991424560547
2010-11-29,9.485637664794922,19.265060424804688,16.578083038330078,21.647552490234375,25.113611221313477
2010-11-30,9.314410209655762,19.22698974609375,16.502105712890625,21.782642364501953,24.7757568359375
2010-12-01,9.471570014953613,19.820707321166992,16.80824089050293,22.8082218170166,25.272602081298828
2010-12-02,9.523957252502441,20.46769905090332,17.20598793029785,22.900127410888672,26.041040420532227
2010-12-03,9.502699851989746,20.566646575927734,17.284194946289062,22.890016555786133,26.23978042602539
2010-12-06,9.583826065063477,20.42963409423828,17.49871063232422,23.26495933532715,26.43189239501953
2010-12-07,9.525751113891602,20.45247459411621,17.179170608520508,22.67864990234375,26.001291275024414
2010-12-08,9.609570503234863,20.72648811340332,17.416025161743164,23.033370971679688,26.670377731323242
2010-12-09,9.57215404510498,20.6123104095459,17.679704666137695,23.08667755126953,27.03472328186035
2010-12-10,9.596098899841309,20.81020736694336,17.92103385925293,23.411998748779297,27.445432662963867
2010-12-13,9.629325866699219,20.74171257019043,18.075225830078125,23.83380889892578,27.498424530029297
2010-12-14,9.588014602661133,21.02334976196289,18.019363403320312,23.353179931640625,27.021467208862305
2010-12-15,9.590113639831543,21.198413848876953,17.19257926940918,22.90288734436035,26.637239456176758
2010-12-16,9.616758346557617,21.304967880249023,15.013897895812988,20.53835105895996,26.504756927490234
2010-12-17,9.597599983215332,21.236465454101562,14.9490966796875,20.333404541015625,26.279516220092773
2010-12-20,9.64549446105957,21.1679630279541,15.192654609680176,20.54293441772461,26.46500587463379
2010-12-21,9.70506477355957,21.36587142944336,15.206073760986328,20.197397232055664,27.16058349609375
2010-12-22,9.733803749084473,21.45720672607422,15.317798614501953,19.978681564331055,27.929031372070312
2010-12-23,9.687104225158691,21.540929794311523,15.358015060424805,20.06138801574707,27.876033782958984
2010-12-27,9.719430923461914,21.36587142944336,15.822808265686035,20.644948959350586,28.266881942749023
2010-12-28,9.743087768554688,21.320194244384766,15.804927825927734,20.632997512817383,28.22713851928711
2010-12-29,9.73769474029541,21.289749145507812,15.775876998901367,20.719377517700195,28.0615291595459
2010-12-30,9.688899040222168,21.198413848876953,15.706605911254883,20.55948257446289,27.97540283203125
2010-12-31,9.655973434448242,21.244077682495117,15.726715087890625,20.59531593322754,28.10127067565918
2011-01-03,9.86582088470459,21.297367095947266,15.758000373840332,20.295719146728516,28.86971664428711
2011-01-04,9.91730785369873,21.381092071533203,15.775876998901367,20.557628631591797,29.287534713745117
2011-01-05,9.998429298400879,21.31258773803711,16.10882568359375,21.16324806213379,29.645671844482422
2011-01-06,9.990348815917969,21.93674087524414,16.350147247314453,21.253368377685547,29.499765396118164
2011-01-07,10.061898231506348,21.769285202026367,16.303226470947266,21.250600814819336,28.942668914794922
2011-01-10,10.251387596130371,21.48004150390625,16.046249389648438,21.168771743774414,28.783496856689453
2011-01-11,10.227140426635742,21.396310806274414,16.0618953704834,21.095205307006836,28.916135787963867
2011-01-12,10.310359954833984,21.73122215270996,16.225021362304688,21.410621643066406,29.65230369567871
2011-01-13,10.348079681396484,21.45720672607422,15.89654541015625,21.473148345947266,29.479867935180664
2011-01-14,10.431897163391113,21.540929794311523,15.892073631286621,21.78580665588379,29.784948348999023
2011-01-18,10.197504043579102,21.814952850341797,15.912192344665527,21.852012634277344,29.67882537841797
2011-01-19,10.14332103729248,21.67033576965332,15.44516658782959,21.643272399902344,28.989097595214844
2011-01-20,9.958915710449219,21.578996658325195,15.79599380493164,21.619361877441406,29.67882537841797
2011-01-21,9.78050422668457,21.327816009521484,15.675321578979492,21.47498893737793,30.036972045898438
2011-01-24,10.10171127319336,21.601821899414062,16.04178810119629,21.977994918823242,29.85791015625
2011-01-25,10.219954490661621,21.65511131286621,15.994867324829102,22.211572647094727,29.7584285736084
2011-01-26,10.293293952941895,21.906291961669922,15.865265846252441,22.08650779724121,29.831378936767578
2011-01-27,10.27413558959961,21.97480010986328,15.775876998901367,21.988115310668945,29.91096305847168
2011-01-28,10.06129264831543,21.122289657592773,15.521140098571777,21.598207473754883,29.53957176208496
2011-01-31,10.15768814086914,21.107072830200195,15.608291625976562,21.749021530151367,29.80483627319336
2011-02-01,10.328617095947266,21.304967880249023,15.798225402832031,21.899837493896484,30.46142578125
2011-02-02,10.307366371154785,21.26690673828125,16.10882568359375,22.013856887817383,30.143085479736328
2011-02-03,10.281023979187012,21.046175003051758,16.006038665771484,22.56560707092285,30.149715423583984
2011-02-04,10.372624397277832,21.13751792907715,16.28982925415039,22.735734939575195,29.572736740112305
2011-02-07,10.533677101135254,21.464815139770508,16.51997947692871,22.98769760131836,30.176246643066406
2011-02-08,10.633060455322266,21.525707244873047,16.66299057006836,22.953676223754883,30.335426330566406
2011-02-09,10.721673011779785,21.289749145507812,16.407733917236328,22.85159683227539,29.917583465576172
2011-02-10,10.61330509185791,20.932003021240234,16.734636306762695,23.185413360595703,30.196136474609375
2011-02-11,10.682459831237793,20.74171257019043,16.77718162536621,23.310476303100586,30.885889053344727
2011-02-14,10.752208709716797,20.72648811340332,16.958539962768555,23.445648193359375,30.865999221801758
2011-02-15,10.773759841918945,20.64226531982422,16.92943572998047,23.55048179626465,31.051681518554688
2011-02-16,10.870450019836426,20.68821144104004,17.007802963256836,23.392314910888672,31.794490814208984
2011-02-17,10.725858688354492,20.83368682861328,17.048105239868164,23.156902313232422,31.714900970458984
2011-02-18,10.494162559509277,20.718826293945312,16.97869873046875,23.05759048461914,31.83428192138672
2011-02-22,10.136433601379395,20.35897445678711,16.510738372802734,22.74860382080078,30.51447868347168
2011-02-23,10.256477355957031,20.35897445678711,16.318174362182617,22.448820114135742,30.481334686279297
2011-02-24,10.264257431030273,20.496782302856445,16.548797607421875,22.454334259033203,30.44815444946289
2011-02-25,10.42231559753418,20.328344345092773,16.721208572387695,22.686996459960938,30.958831787109375
2011-02-28,10.573493003845215,20.3513126373291,16.356239318847656,22.121450424194336,30.965471267700195
2011-03-01,10.456743240356445,20.029735565185547,16.27787208557129,22.103059768676758,30.242565155029297
2011-03-02,10.540864944458008,19.968486785888672,16.562238693237305,22.638259887695312,29.983911514282227
2011-03-03,10.763581275939941,20.06036376953125,16.97869873046875,23.141271591186523,30.56090545654297
2011-03-04,10.776751518249512,19.868946075439453,16.72345542907715,22.96653938293457,30.18950653076172
2011-03-07,10.63785457611084,19.692838668823242,16.602529525756836,22.738494873046875,29.970645904541016
2011-03-08,10.649828910827637,19.838315963745117,16.60701560974121,22.89757537841797,30.773143768310547
2011-03-09,10.551339149475098,19.82301139831543,16.504018783569336,22.80377769470215,30.87924575805664
2011-03-10,10.377716064453125,19.45549201965332,15.98680305480957,22.397329330444336,30.196136474609375
2011-03-11,10.536970138549805,19.662212371826172,16.23533821105957,22.844242095947266,30.335426330566406
2011-03-14,10.583968162536621,19.669878005981445,16.089797973632812,22.882863998413086,30.043596267700195
2011-03-15,10.340592384338379,19.4401798248291,15.942017555236816,22.4975528717041,29.585987091064453
2011-03-16,9.878990173339844,18.98077964782715,15.888279914855957,22.465377807617188,29.055404663085938
2011-03-17,10.017595291137695,18.973115921020508,15.993515968322754,22.415721893310547,29.552827835083008
2011-03-18,9.898749351501465,18.988439559936523,15.991277694702148,22.22443962097168,30.335426330566406
2011-03-21,10.157090187072754,19.394241333007812,16.1121826171875,22.801942825317383,30.26246452331543
2011-03-22,10.213968276977539,19.371259689331055,16.03158187866211,22.691593170166016,30.15635871887207
2011-03-23,10.153800010681152,19.555023193359375,16.11890983581543,22.70079803466797,30.242565155029297
2011-03-24,10.326822280883789,19.761754989624023,16.268917083740234,23.20196533203125,30.328784942626953
2011-03-25,10.5235013961792,19.616281509399414,16.141292572021484,22.77804183959961,30.415008544921875
2011-03-28,10.490569114685059,19.45549201965332,16.289072036743164,23.207475662231445,30.481334686279297
2011-03-29,10.506136894226074,19.516740798950195,16.16592025756836,23.14678192138672,30.521129608154297
2011-03-30,10.436386108398438,19.608619689941406,16.620445251464844,23.32609748840332,30.806297302246094
2011-03-31,10.432791709899902,19.4401798248291,16.483867645263672,23.147705078125,30.57417106628418
2011-04-01,10.31455135345459,19.50908660888672,16.61819839477539,23.315996170043945,30.739980697631836
2011-04-04,10.213668823242188,19.56268882751465,16.846599578857422,24.02406883239746,30.9000244140625
2011-04-05,10.144814491271973,19.738780975341797,16.931678771972656,24.17855453491211,31.0600528717041
2011-04-06,10.119375228881836,20.02208137512207,17.016767501831055,24.426984786987305,31.76686668395996
2011-04-07,10.120566368103027,20.06036376953125,17.10856056213379,24.39846420288086,31.606843948364258
2011-04-08,10.030163764953613,19.96082878112793,17.1779727935791,24.204326629638672,31.233427047729492
2011-04-11,9.902640342712402,19.891918182373047,17.399641036987305,24.53095054626465,31.246768951416016
2011-04-12,9.950540542602539,19.631587982177734,17.247385025024414,24.195117950439453,31.10006332397461
2011-04-13,10.062195777893066,19.623933792114258,17.352619171142578,24.820791244506836,30.840002059936523
2011-04-14,9.95113468170166,19.46314811706543,17.086170196533203,24.738895416259766,29.986486434936523
2011-04-15,9.802653312683105,19.424861907958984,17.12200164794922,24.62020492553711,29.933143615722656
2011-04-18,9.93406867980957,19.202816009521484,16.94511604309082,24.387418746948242,29.313020706176758
2011-04-19,10.113983154296875,19.25641632080078,16.99884605407715,24.572359085083008,29.773103713989258
2011-04-20,10.250189781188965,19.72347068786621,17.323509216308594,24.84471893310547,29.713085174560547
2011-04-21,10.498350143432617,19.539710998535156,17.413068771362305,25.144662857055664,29.793115615844727
2011-04-25,10.56750202178955,19.608619689941406,17.410825729370117,24.974449157714844,29.746431350708008
2011-04-26,10.489972114562988,20.05270004272461,17.63698387145996,25.428064346313477,30.086505889892578
2011-04-27,10.481888771057129,20.19818687438965,17.663850784301758,25.336048126220703,30.339885711669922
2011-04-28,10.380110740661621,20.450851440429688,17.38844108581543,25.275318145751953,30.57327651977539
2011-04-29,10.481291770935059,19.845979690551758,17.491436004638672,25.38481330871582,30.426586151123047
2011-05-02,10.366040229797363,19.646907806396484,17.719816207885742,25.329607009887695,30.126514434814453
2011-05-03,10.423514366149902,19.761754989624023,17.912372589111328,25.981966018676758,30.619951248168945
2011-05-04,10.464522361755371,19.953170776367188,17.860881805419922,25.982887268066406,30.339885711669922
2011-05-05,10.380110740661621,19.746444702148438,17.621305465698242,25.25691795349121,30.119844436645508
2011-05-06,10.377416610717773,19.807697296142578,17.78028106689453,25.233915328979492,30.033151626586914
2011-05-09,10.405550003051758,19.777070999145508,17.881032943725586,25.649818420410156,29.97981071472168
2011-05-10,10.46093463897705,19.654560089111328,17.990741729736328,25.864185333251953,30.11318016052246
2011-05-11,10.394479751586914,19.41720962524414,17.76459503173828,25.590917587280273,29.493045806884766
2011-05-12,10.37472152709961,19.386571884155273,17.896709442138672,25.95619773864746,29.39969253540039
2011-05-13,10.19301700592041,19.164541244506836,17.892229080200195,25.762977600097656,28.772886276245117
2011-05-16,9.97747802734375,18.812328338623047,17.898950576782227,25.68476676940918,28.59285545349121
2011-05-17,10.062495231628418,18.897111892700195,18.046730041503906,25.95159149169922,29.21297836303711
2011-05-18,10.174156188964844,19.02812957763672,17.94801902770996,25.88719367980957,29.393030166625977
2011-05-19,10.193913459777832,19.051239013671875,17.865028381347656,26.13654327392578,29.33966636657715
2011-05-20,10.034955978393555,18.873985290527344,17.548723220825195,25.53939437866211,28.75955581665039
2011-05-23,10.010409355163574,18.627376556396484,17.254867553710938,25.02321434020996,28.372800827026367
2011-05-24,9.94425106048584,18.611955642700195,17.407407760620117,24.85114860534668,28.232769012451172
2011-05-25,10.08165168762207,18.64278221130371,17.665374755859375,25.255084991455078,28.186094284057617
2011-05-26,10.02836799621582,19.012718200683594,17.786508560180664,25.95619773864746,28.306110382080078
2011-05-27,10.10051441192627,19.082077026367188,17.900911331176758,26.2451114654541,28.532835006713867
2011-05-31,10.412436485290527,19.274744033813477,18.18355941772461,26.411651611328125,28.832889556884766
2011-06-01,10.342988967895508,18.82774543762207,17.7618350982666,25.82370376586914,27.84601593017578
2011-06-02,10.3606538772583,18.6658992767334,18.10280418395996,26.016002655029297,27.745990753173828
2011-06-03,10.281023979187012,18.42699432373047,17.7506160736084,25.492467880249023,27.719329833984375
2011-06-06,10.119375228881836,18.504064559936523,17.5419979095459,25.019535064697266,27.025842666625977
2011-06-07,9.9397611618042,18.542598724365234,17.90540313720703,25.229318618774414,27.15253448486328
2011-06-08,9.945746421813965,18.45011329650879,17.20775604248047,24.84286880493164,26.932491302490234
2011-06-09,9.923295021057129,18.46552276611328,17.144947052001953,24.99928092956543,27.325904846191406
2011-06-10,9.75595760345459,18.272857666015625,16.754621505737305,24.569604873657227,27.37259864807129
2011-06-13,9.776911735534668,18.52717399597168,16.792760848999023,24.605487823486328,27.786006927490234
2011-06-14,9.95173454284668,18.6658992767334,17.032785415649414,25.221952438354492,27.745990753173828
2011-06-15,9.781400680541992,18.295976638793945,16.788270950317383,24.88612174987793,27.12586784362793
2011-06-16,9.733803749084473,18.496355056762695,16.797243118286133,24.537397384643555,26.91248321533203
2011-06-17,9.587119102478027,18.69672966003418,16.69629669189453,24.483112335205078,27.20588493347168
2011-06-20,9.439238548278809,18.85857391357422,16.61105728149414,24.838272094726562,26.99250602722168
2011-06-21,9.737992286682129,19.082077026367188,16.821916580200195,25.21367645263672,27.27923011779785
2011-06-22,9.65746784210205,18.99729347229004,16.747900009155273,24.947765350341797,27.13254165649414
2011-06-23,9.915505409240723,18.98188591003418,16.89370346069336,25.13087272644043,26.71910285949707
2011-06-24,9.769425392150879,18.72756004333496,16.458528518676758,25.229318618774414,26.332366943359375
2011-06-27,9.9397611618042,19.421173095703125,16.575164794921875,25.082096099853516,26.5924129486084
2011-06-28,10.036151885986328,19.883575439453125,16.886974334716797,25.600130081176758,26.36570930480957
2011-06-29,9.999631881713867,19.74485969543457,19.419574737548828,28.495695114135742,26.972509384155273
2011-06-30,10.048426628112793,20.0377197265625,18.90138816833496,27.72648811340332,27.29922866821289
2011-07-01,10.275632858276367,20.05312728881836,19.733625411987305,28.934589385986328,27.896347045898438
2011-07-05,10.460335731506348,20.06084442138672,19.812129974365234,29.071680068969727,27.527345657348633
2011-07-06,10.530082702636719,20.292043685913086,19.785226821899414,28.803802490234375,27.212020874023438
2011-07-07,10.6929349899292,20.631139755249023,20.2226505279541,29.36717987060547,27.72191047668457
2011-07-08,10.768072128295898,20.746742248535156,20.12843132019043,29.023815155029297,27.33277702331543
2011-07-11,10.59714412689209,20.523242950439453,19.717920303344727,28.30303192138672,26.45389175415039
2011-07-12,10.5896577835083,20.453887939453125,19.67306137084961,27.97623634338379,26.42705726623535
2011-07-13,10.717483520507812,20.523242950439453,19.90635108947754,28.158510208129883,26.581361770629883
2011-07-14,10.70999813079834,20.399940490722656,19.72689437866211,28.13917350769043,27.071123123168945
2011-07-15,10.924036979675293,20.638851165771484,19.90859603881836,28.311315536499023,26.822900772094727
2011-07-18,11.189863204956055,20.49241828918457,19.756061553955078,28.311315536499023,26.722248077392578
2011-07-19,11.281164169311523,21.224571228027344,20.011791229248047,28.66480255126953,27.09796142578125
2011-07-20,11.582014083862305,20.854631423950195,19.88392448425293,28.377593994140625,27.480382919311523
2011-07-21,11.593690872192383,20.885473251342773,19.751575469970703,28.584714889526367,28.372695922851562
2011-07-22,11.773605346679688,21.21686553955078,20.08132553100586,28.917951583862305,28.30559730529785
2011-07-25,11.929265975952148,21.50971794128418,19.98262596130371,29.121389389038086,27.970136642456055
2011-07-26,12.076251029968262,21.640731811523438,20.00954246520996,28.79091453552246,27.802412033081055
2011-07-27,11.75234603881836,21.062725067138672,19.684274673461914,27.9007568359375,27.28582000732422
2011-07-28,11.72929573059082,21.363285064697266,19.49809455871582,28.251482009887695,27.29252052307129
2011-07-29,11.689188003540039,21.116670608520508,19.188528060913086,27.915477752685547,27.13822364807129
2011-08-01,11.876877784729004,21.0164852142334,19.21993637084961,27.995563507080078,27.13149642944336
2011-08-02,11.642186164855957,20.65426254272461,18.744356155395508,27.4773006439209,26.72896385192871
2011-08-03,11.751749038696289,20.746742248535156,19.623701095581055,31.157630920410156,26.76921844482422
2011-08-04,11.296731948852539,19.991472244262695,19.065134048461914,29.696727752685547,25.440820693969727
2011-08-05,11.18447208404541,19.79109764099121,18.710718154907227,30.059412002563477,25.226123809814453
2011-08-08,10.573493003845215,18.866281509399414,17.775287628173828,26.87618637084961,22.851112365722656
2011-08-09,11.196148872375488,19.71403694152832,18.564910888671875,29.716062545776367,24.42104148864746
2011-08-10,10.887214660644531,18.650487899780273,17.784269332885742,27.957828521728516,23.05910301208496
2011-08-11,11.186871528625488,19.41346549987793,18.959714889526367,30.13767433166504,24.615602493286133
2011-08-12,11.285355567932129,19.344100952148438,18.804931640625,30.20026969909668,24.092294692993164
2011-08-15,11.477540969848633,19.66008186340332,19.262556076049805,30.838197708129883,24.743078231811523
2011-08-16,11.3898286819458,19.660083770751953,19.25357437133789,30.838197708129883,24.172805786132812
2011-08-17,11.388629913330078,19.58253288269043,18.873811721801758,30.02996253967285,24.535097122192383
2011-08-18,10.957860946655273,19.132713317871094,18.042354583740234,28.068286895751953,23.609235763549805
2011-08-19,10.657909393310547,18.651870727539062,17.887306213378906,27.631040573120117,23.045677185058594
2011-08-22,10.670185089111328,18.59758186340332,17.930007934570312,28.168622970581055,22.415021896362305
2011-08-23,11.183876037597656,19.171489715576172,18.824365615844727,29.677396774291992,23.334171295166016
2011-08-24,11.261109352111816,19.31109046936035,19.410879135131836,29.936071395874023,24.03862953186035
2011-08-25,11.187466621398926,19.055158615112305,18.900772094726562,29.720659255981445,23.964815139770508
2011-08-26,11.482633590698242,19.58253288269043,19.291784286499023,29.948041915893555,24.293575286865234
2011-08-29,11.67391586303711,20.040103912353516,19.4558162689209,30.13583755493164,25.252962112426758
2011-08-30,11.674516677856445,20.342565536499023,19.75918197631836,30.353073120117188,24.863832473754883
2011-08-31,11.520051956176758,20.629512786865234,19.74795150756836,30.351238250732422,25.19928550720215
2011-09-01,11.40629768371582,20.327054977416992,19.714244842529297,30.383459091186523,24.353946685791016
2011-09-02,11.197345733642578,20.00908088684082,19.224363327026367,29.51999282836914,23.233530044555664
2011-09-06,11.367680549621582,19.784168243408203,19.294031143188477,29.733552932739258,22.435148239135742
2011-09-07,11.493110656738281,20.164199829101562,19.88277816772461,31.215639114379883,23.361003875732422
2011-09-08,11.499393463134766,20.33481216430664,19.65357208251953,31.106088638305664,22.482105255126953
2011-09-09,11.300026893615723,19.962543487548828,19.404130935668945,29.643341064453125,21.522714614868164
2011-09-12,11.373665809631348,20.07887840270996,19.65131378173828,29.64518165588379,21.750825881958008
2011-09-13,11.513765335083008,20.195209503173828,19.723228454589844,30.272987365722656,21.797801971435547
2011-09-14,11.653864860534668,20.55195426940918,20.129968643188477,31.043489456176758,22.00577163696289
2011-09-15,11.763427734375,20.93198013305664,20.336702346801758,32.029388427734375,22.683395385742188
2011-09-16,11.989134788513184,21.032798767089844,20.41535758972168,31.93824005126953,22.428443908691406
2011-09-19,12.322319030761719,21.10260009765625,20.231088638305664,32.033077239990234,21.797801971435547
2011-09-20,12.376801490783691,20.92422103881836,20.862531661987305,32.56698989868164,21.63677406311035
2011-09-21,12.337587356567383,20.15642547607422,20.543441772460938,31.38776969909668,20.355335235595703
2011-09-22,12.02865219116211,19.435171127319336,19.842330932617188,30.466304779052734,19.637475967407227
2011-09-23,12.102889060974121,19.435171127319336,20.24232292175293,31.02507781982422,19.85215950012207
2011-09-26,12.069066047668457,19.72988510131836,20.287263870239258,30.782978057861328,21.234230041503906
2011-09-27,11.952016830444336,19.90825843811035,20.10748863220215,31.124507904052734,21.18055534362793
2011-09-28,11.884666442871094,19.838462829589844,19.691768646240234,30.36136245727539,20.442554473876953
2011-09-29,11.691883087158203,19.737638473510742,19.705251693725586,30.22787857055664,21.05979347229004
2011-09-30,11.41497802734375,19.30333137512207,19.2625675201416,29.195951461791992,20.207740783691406
2011-10-03,11.2138090133667,19.024133682250977,18.934480667114258,28.617862701416016,19.22150993347168
2011-10-04,11.150945663452148,19.652328491210938,19.051328659057617,28.321441650390625,20.480379104614258
2011-10-05,11.323077201843262,20.07887840270996,19.0985164642334,28.857452392578125,20.8729305267334
2011-10-06,11.296731948852539,20.427879333496094,19.57941246032715,29.12730598449707,21.915225982666016
2011-10-07,11.07011890411377,20.358074188232422,19.381662368774414,28.685226440429688,20.778173446655273
2011-10-10,11.639192581176758,20.8931941986084,20.055809020996094,30.00686264038086,21.861080169677734
2011-10-11,11.982852935791016,20.939729690551758,20.338951110839844,30.347618103027344,21.861080169677734
2011-10-12,12.039732933044434,20.90870475769043,20.487262725830078,30.20762825012207,22.470211029052734
2011-10-13,12.226523399353027,21.079336166381836,20.80860710144043,30.94443130493164,21.387311935424805
2011-10-14,12.632750511169434,21.149133682250977,21.105228424072266,31.459243774414062,21.583576202392578
2011-10-17,12.572583198547363,20.92422103881836,20.491756439208984,30.864303588867188,21.00829315185547
2011-10-18,12.639933586120605,21.180156707763672,21.10297966003418,31.303613662719727,22.246868133544922
2011-10-19,11.932859420776367,21.040550231933594,20.24232292175293,29.818971633911133,21.827238082885742
2011-10-20,11.833769798278809,20.970752716064453,20.5277156829834,29.994882583618164,22.42283058166504
2011-10-21,11.760729789733887,21.063825607299805,20.995113372802734,30.70588493347168,22.619108200073242
2011-10-24,12.146894454956055,21.08709144592285,21.170387268066406,31.377294540405273,23.397445678710938
2011-10-25,11.907414436340332,20.792375564575195,20.377155303955078,30.16341781616211,22.666484832763672
2011-10-26,11.9921293258667,20.621763229370117,20.678274154663086,30.306177139282227,23.13349723815918
2011-10-27,12.114567756652832,21.13361358642578,21.213088989257812,32.156436920166016,25.055644989013672
2011-10-28,12.122356414794922,20.92422103881836,21.370389938354492,32.656551361083984,24.83228874206543
2011-10-31,12.11726188659668,20.652786254882812,20.956918716430664,31.980545043945312,23.526044845581055
2011-11-01,11.869693756103516,20.15642547607422,20.231088638305664,30.788782119750977,22.138568878173828
2011-11-02,11.896636962890625,20.171945571899414,20.561418533325195,32.940223693847656,22.76801109313965
2011-11-03,12.066071510314941,20.575233459472656,20.938941955566406,33.76266860961914,23.268850326538086
2011-11-04,11.981355667114258,20.358074188232422,20.817590713500977,33.16402053833008,22.991357803344727
2011-11-07,11.966090202331543,20.78462791442871,20.889493942260742,33.70003128051758,23.174089431762695
2011-11-08,12.160665512084961,21.063825607299805,21.244552612304688,33.89897537231445,23.702009201049805
2011-11-09,11.832874298095703,20.319293975830078,20.927696228027344,32.91995620727539,22.023517608642578
2011-11-10,11.531725883483887,20.38134002685547,20.907482147216797,33.16586685180664,22.15888023376465
2011-11-11,11.513765335083008,20.86993408203125,21.383874893188477,34.09053421020508,22.52435874938965
2011-11-14,11.353313446044922,20.75360679626465,21.082759857177734,33.825286865234375,22.030282974243164
2011-11-15,11.63979434967041,20.894248962402344,21.489490509033203,34.199195861816406,22.131803512573242
2011-11-16,11.518254280090332,20.3707332611084,21.036775588989258,33.24782180786133,21.299325942993164
2011-11-17,11.297926902770996,19.956584930419922,20.5863094329834,33.09954833984375,20.636049270629883
2011-11-18,11.22398853302002,19.76905059814453,20.453413009643555,33.194419860839844,20.724031448364258
2011-11-21,11.046470642089844,19.534645080566406,20.54351234436035,32.400508880615234,20.243497848510742
2011-11-22,11.27098560333252,19.37055015563965,20.460172653198242,32.653785705566406,19.90508460998535
2011-11-23,10.98599910736084,19.12051010131836,20.111068725585938,31.963050842285156,19.207969665527344
2011-11-25,10.883622169494629,18.987668991088867,20.050251007080078,31.884748458862305,19.27565574645996
2011-11-28,11.259312629699707,19.43305206298828,21.052536010742188,33.086647033691406,19.735883712768555
2011-11-29,11.171902656555176,19.409618377685547,20.924152374267578,32.942054748535156,19.329795837402344
2011-11-30,11.441320419311523,19.98784637451172,21.840856552124023,34.495765686035156,20.960912704467773
2011-12-01,11.6128511428833,19.753433227539062,22.01879119873047,35.08613967895508,20.615739822387695
2011-12-02,11.6658353805542,19.706546783447266,21.892656326293945,34.848514556884766,21.881383895874023
2011-12-05,11.764925003051758,20.081605911254883,21.635894775390625,34.338287353515625,22.680011749267578
2011-12-06,11.703258514404297,20.050357818603516,21.480478286743164,34.19645309448242,22.490522384643555
2011-12-07,11.647574424743652,20.003469467163086,21.863380432128906,34.47736358642578,23.011659622192383
2011-12-08,11.694576263427734,19.847190856933594,21.577329635620117,34.01317596435547,21.806936264038086
2011-12-09,11.78317928314209,20.081605911254883,21.89040756225586,34.76011276245117,22.456676483154297
2011-12-12,11.729898452758789,19.933147430419922,21.829587936401367,34.19459915161133,21.685104370117188
2011-12-13,11.639192581176758,20.128488540649414,21.60210418701172,33.979095458984375,21.17749786376953
2011-12-14,11.381149291992188,19.995664596557617,21.70346450805664,33.25886917114258,21.32639503479004
2011-12-15,11.343727111816406,19.972219467163086,21.581838607788086,33.08297348022461,21.49559783935547
2011-12-16,11.405997276306152,20.3160343170166,21.946712493896484,33.354652404785156,21.583576202392578
2011-12-19,11.441617965698242,19.948772430419922,22.2034854888916,33.03968811035156,20.778173446655273
2011-12-20,11.852930068969727,20.3394718170166,22.82737159729004,34.43684387207031,21.8001708984375
2011-12-21,11.867897033691406,20.128488540649414,22.68547248840332,34.46169662475586,21.874616622924805
2011-12-22,11.930763244628906,20.16756248474121,22.64493751525879,34.191829681396484,22.63941192626953
2011-12-23,12.073857307434082,20.3394718170166,23.081886291503906,34.82731628417969,22.720632553100586
2011-12-27,12.169645309448242,20.34728240966797,22.953500747680664,34.514190673828125,22.355144500732422
2011-12-28,12.053201675415039,20.175378799438477,22.68547248840332,34.42485427856445,22.097963333129883
2011-12-29,12.127436637878418,20.331647872924805,23.232789993286133,34.83838653564453,22.619108200073242
2011-12-30,12.123847007751465,20.284778594970703,22.867923736572266,34.33644485473633,22.504053115844727
2012-01-03,12.310347557067871,20.917692184448242,23.196758270263672,33.926605224609375,23.674930572509766
2012-01-04,12.376501083374023,21.409971237182617,22.782331466674805,32.81034851074219,23.824913024902344
2012-01-05,12.513904571533203,21.628755569458008,22.953500747680664,32.470375061035156,24.322542190551758
2012-01-06,12.644721984863281,21.964746475219727,22.683229446411133,31.595983505249023,24.104406356811523
2012-01-09,12.62467098236084,21.675640106201172,22.50078773498535,31.863170623779297,24.06349754333496
2012-01-10,12.669869422912598,21.753774642944336,22.478261947631836,32.1405143737793,24.57476043701172
2012-01-11,12.649214744567871,21.660009384155273,22.322856903076172,31.462369918823242,24.99059295654297
2012-01-12,12.61449146270752,21.87879753112793,22.825124740600586,31.630992889404297,25.1201114654541
2012-01-13,12.567192077636719,22.074140548706055,22.68998146057129,31.242158889770508,24.486148834228516
2012-01-17,12.71357250213623,22.081953048706055,23.09314727783203,31.877016067504883,23.79764175415039
2012-01-18,12.845588684082031,22.058521270751953,23.37469482421875,32.46760940551758,24.908790588378906
2012-01-19,12.804877281188965,21.972570419311523,23.05711555480957,32.5155029296875,25.174654006958008
2012-01-20,12.581857681274414,23.214969635009766,22.65394401550293,31.387733459472656,25.467763900756836
2012-01-23,12.794703483581543,23.230594635009766,22.433218002319336,31.24032211303711,25.672285079956055
2012-01-24,12.585150718688965,22.925853729248047,22.750795364379883,31.57387351989746,25.672285079956055
2012-01-25,13.370955467224121,23.097759246826172,22.649433135986328,32.13498306274414,25.631370544433594
2012-01-26,13.310190200805664,23.050878524780273,22.717012405395508,32.04836654663086,25.556386947631836
2012-01-27,13.38951587677002,22.83991050720215,22.759809494018555,32.13683319091797,25.36551856994629
2012-01-30,13.561046600341797,23.13682746887207,22.496292114257812,32.42982864379883,25.22918701171875
2012-01-31,13.664926528930664,23.074317932128906,22.667465209960938,32.76152420043945,25.42687225341797
2012-02-01,13.656243324279785,23.355619430541992,23.088647842407227,32.950401306152344,25.631370544433594
2012-02-02,13.624211311340332,23.402498245239258,23.888221740722656,35.157108306884766,25.597293853759766
2012-02-03,13.76071834564209,23.629106521606445,24.106698989868164,35.963340759277344,26.094932556152344
2012-02-06,13.889142990112305,23.597843170166016,24.181026458740234,36.054527282714844,25.999486923217773
2012-02-07,14.034625053405762,23.715055465698242,24.095439910888672,36.201961517333984,25.815425872802734
2012-02-08,14.269619941711426,23.95728302001953,24.404003143310547,36.38624572753906,26.108549118041992
2012-02-09,14.763254165649414,24.04323387145996,25.32069969177246,36.52351379394531,25.808612823486328
2012-02-10,14.770740509033203,23.832260131835938,25.654050827026367,36.49955749511719,25.63819694519043
2012-02-13,15.04554271697998,23.89476776123047,25.386024475097656,36.54655838012695,26.108549118041992
2012-02-14,15.25090503692627,23.79252052307129,25.95587158203125,36.445213317871094,25.849517822265625
2012-02-15,14.89795970916748,23.635215759277344,25.973920822143555,36.206565856933594,25.495046615600586
2012-02-16,15.0338716506958,24.610515594482422,25.680561065673828,36.22406005859375,25.904052734375
2012-02-17,15.031176567077637,24.579065322875977,25.953609466552734,36.486656188964844,26.224443435668945
2012-02-21,15.41225528717041,24.728492736816406,25.770814895629883,36.813758850097656,26.217628479003906
2012-02-22,15.35806941986084,24.594785690307617,26.258249282836914,37.48451614379883,25.951763153076172
2012-02-23,15.458355903625488,24.673442840576172,26.285335540771484,37.417266845703125,26.238080978393555
2012-02-24,15.638562202453613,24.759950637817383,26.5245418548584,38.29350662231445,26.094932556152344
2012-02-27,15.738847732543945,24.657712936401367,26.3710880279541,38.82696533203125,26.626638412475586
2012-02-28,16.027727127075195,25.066699981689453,26.84271812438965,39.063758850097656,26.728899002075195
2012-02-29,16.2381649017334,24.964452743530273,26.26051139831543,38.69797134399414,26.749340057373047
2012-03-01,16.298933029174805,25.39703941345215,26.44329833984375,38.73759460449219,27.51963996887207
2012-03-02,16.32019805908203,25.23187255859375,26.2131290435791,38.03274917602539,27.696887969970703
2012-03-05,15.96037483215332,25.011642456054688,26.231172561645508,38.47868728637695,27.540096282958984
2012-03-06,15.873564720153809,24.822877883911133,25.915246963500977,37.623653411865234,26.803878784179688
2012-03-07,15.886432647705078,25.043106079101562,26.095779418945312,37.93691635131836,27.23333740234375
2012-03-08,16.22469711303711,25.176822662353516,26.621566772460938,38.4455451965332,27.567354202270508
2012-03-09,16.319904327392578,25.16108512878418,26.4410400390625,38.65375900268555,27.969562530517578
2012-03-12,16.524351119995117,25.200414657592773,26.296613693237305,38.6850700378418,27.635522842407227
2012-03-13,17.006315231323242,25.695926666259766,26.463611602783203,38.994659423828125,29.578346252441406
2012-03-14,17.64933204650879,25.774580001831055,26.346261978149414,38.82881164550781,29.707860946655273
2012-03-15,17.52898406982422,25.837495803833008,26.402673721313477,38.65652847290039,30.47134780883789
2012-03-16,17.529293060302734,25.64086151123047,26.330469131469727,38.71364974975586,30.382726669311523
2012-03-19,17.99418067932129,25.326257705688477,26.817903518676758,39.166969299316406,30.675840377807617
2012-03-20,18.139673233032227,25.16108512878418,26.294363021850586,38.604000091552734,30.934890747070312
2012-03-21,18.036096572875977,25.098161697387695,26.346261978149414,38.5081787109375,30.757659912109375
2012-03-22,17.94150161743164,25.1689510345459,26.465871810913086,38.40681457519531,30.43726921081543
2012-03-23,17.843008041381836,25.176822662353516,26.80435562133789,39.06746292114258,30.784927368164062
2012-03-26,18.17020606994629,25.63300323486328,27.093212127685547,40.1427116394043,31.473421096801758
2012-03-27,18.394718170166016,25.577951431274414,27.036802291870117,39.68016815185547,31.282560348510742
2012-03-28,18.48871612548828,25.318389892578125,26.932992935180664,39.39084243774414,31.541593551635742
2012-03-29,18.25641632080078,25.263336181640625,26.854005813598633,39.45536804199219,31.132585525512695
2012-03-30,17.947784423828125,25.37345314025879,26.628337860107422,38.74772262573242,31.34391212463379
2012-04-02,18.518949508666992,25.39703941345215,26.84949493408203,39.80824661254883,31.446157455444336
2012-04-03,18.838956832885742,25.121763229370117,27.160911560058594,40.358306884765625,31.164833068847656
2012-04-04,18.688989639282227,24.547592163085938,26.84949493408203,39.73316192626953,30.471818923950195
2012-04-05,18.969480514526367,24.791419982910156,27.307598114013672,40.5546989440918,30.423782348632812
2012-04-09,19.045812606811523,24.461063385009766,26.966840744018555,40.50307083129883,30.115026473999023
2012-04-10,18.8126220703125,23.965564727783203,26.344005584716797,39.16059875488281,29.476911544799805
2012-04-11,18.745555877685547,23.871179580688477,26.488433837890625,39.65020751953125,30.19735336303711
2012-04-12,18.64288330078125,24.3666934967041,27.30984115600586,40.01346969604492,30.76687240600586
2012-04-13,18.11781883239746,24.23297882080078,27.79276466369629,40.610939025878906,29.648454666137695
2012-04-16,17.366443634033203,24.44534683227539,27.2669677734375,39.89175796508789,29.73078155517578
2012-04-17,18.251625061035156,24.728492736816406,27.549055099487305,40.423789978027344,30.12187957763672
2012-04-18,18.210920333862305,24.492528915405273,27.481351852416992,40.264259338378906,29.703327178955078
2012-04-19,17.585268020629883,24.390283584594727,27.34821891784668,40.27532958984375,29.655311584472656
2012-04-20,17.152406692504883,25.499296188354492,27.307598114013672,40.60908889770508,29.312244415283203
2012-04-23,17.114084243774414,25.263336181640625,26.650909423828125,39.670501708984375,29.40143585205078
2012-04-24,16.772220611572266,25.10602569580078,26.838220596313477,39.674171447753906,29.696474075317383
2012-04-25,18.26060676574707,25.326257705688477,27.483610153198242,41.03504943847656,29.61414337158203
2012-04-26,18.191761016845703,25.255475997924805,27.799541473388672,41.857505798339844,30.05327033996582
2012-04-27,18.051061630249023,25.153217315673828,27.874006271362305,42.18941879272461,29.73764991760254
2012-04-30,17.48169708251953,25.18468475341797,27.75214958190918,41.699825286865234,29.490631103515625
2012-05-01,17.426311492919922,25.176822662353516,27.77696990966797,42.034523010253906,30.04641342163086
2012-05-02,17.541555404663086,25.011642456054688,27.57387924194336,41.62423324584961,29.64159393310547
2012-05-03,17.417028427124023,24.980182647705078,26.26953887939453,40.792564392089844,29.51121711730957
2012-05-04,16.92099952697754,24.3666934967041,26.58095359802246,40.53993606567383,28.646678924560547
2012-05-07,17.04762840270996,24.107139587402344,26.74342918395996,40.210777282714844,28.667251586914062
2012-05-08,17.008712768554688,23.989154815673828,26.65993309020996,39.79772186279297,28.392784118652344
2012-05-09,17.03864097595215,24.193655014038086,26.497459411621094,38.98542022705078,27.88504409790039
2012-05-10,17.078758239746094,24.17793083190918,26.666704177856445,38.99925994873047,27.953657150268555
2012-05-11,16.964702606201172,24.508270263671875,26.610286712646484,38.94579315185547,25.360021591186523
2012-05-14,16.71055793762207,24.13072967529297,26.339492797851562,38.21186065673828,24.557235717773438
2012-05-15,16.559385299682617,23.91697883605957,26.314672470092773,38.21463394165039,24.866003036499023
2012-05-16,16.347139358520508,23.671560287475586,26.572412490844727,37.7443962097168,24.3308048248291
2012-05-17,15.869369506835938,23.529050827026367,26.002668380737305,36.74955368041992,23.2810001373291
2012-05-18,15.877157211303711,23.172788619995117,25.466833114624023,36.37889862060547,22.979089736938477
2012-05-21,16.802156448364258,23.552797317504883,26.276235580444336,37.85598373413086,22.306663513183594
2012-05-22,16.673137664794922,23.560712814331055,26.76685333251953,38.119667053222656,23.33588409423828
2012-05-23,17.079954147338867,23.046112060546875,26.943193435668945,38.45619583129883,23.507427215576172
2012-05-24,16.923093795776367,23.014448165893555,27.078855514526367,38.708824157714844,23.308439254760742
2012-05-25,16.83238983154297,23.00652503967285,26.988422393798828,38.16761779785156,22.98594856262207
2012-05-29,17.131147384643555,23.402374267578125,27.194162368774414,38.360313415527344,23.075149536132812
2012-05-30,17.337705612182617,23.22821044921875,26.563373565673828,37.948158264160156,22.61543083190918
2012-05-31,17.29459571838379,23.109455108642578,26.04561996459961,37.480690002441406,22.74580192565918
2012-06-01,16.793476104736328,22.52359962463379,25.378652572631836,36.12258529663086,21.908695220947266
2012-06-04,16.892255783081055,22.602767944335938,25.810489654541016,36.90446090698242,21.270578384399414
2012-06-05,16.848548889160156,22.571107864379883,25.73134994506836,37.636531829833984,21.949872970581055
2012-06-06,17.10689353942871,23.236120223999023,26.30335807800293,38.72265625,22.69090461730957
2012-06-07,17.114681243896484,23.141111373901367,26.40962791442871,38.328948974609375,22.512510299682617
2012-06-08,17.37213134765625,23.4736328125,26.357620239257812,38.40640640258789,23.10946273803711
2012-06-11,17.09822654724121,22.879859924316406,26.305622100830078,38.156524658203125,22.519371032714844
2012-06-12,17.247596740722656,23.188621520996094,26.488758087158203,38.51704788208008,23.171215057373047
2012-06-13,17.12786102294922,23.06195068359375,25.97779083251953,37.77942657470703,23.53487205505371
2012-06-14,17.10899543762207,23.22821044921875,26.337282180786133,38.636924743652344,23.775022506713867
2012-06-15,17.18682289123535,23.766551971435547,26.769107818603516,39.34133529663086,24.035757064819336
2012-06-18,17.535572052001953,23.624052047729492,27.153472900390625,39.242679595947266,23.754436492919922
2012-06-19,17.584369659423828,24.304903030395508,27.436079025268555,39.422462463378906,24.275909423828125
2012-06-20,17.534372329711914,24.486988067626953,27.716426849365234,39.53679275512695,25.01009178161621
2012-06-21,17.29279899597168,23.86155128479004,27.013286590576172,38.83238983154297,24.3651065826416
2012-06-22,17.4254093170166,24.304903030395508,28.25,40.114898681640625,24.694467544555664
2012-06-25,17.08624267578125,23.647796630859375,27.417987823486328,39.51004409790039,24.234739303588867
2012-06-26,17.123966217041016,23.766551971435547,27.845300674438477,39.8511962890625,24.50234031677246
2012-06-27,17.197908401489258,23.88530921936035,27.908613204956055,39.82353973388672,25.236515045166016
2012-06-28,17.034753799438477,23.679468154907227,27.474510192871094,38.84436798095703,24.61898422241211
2012-06-29,17.48228645324707,24.21781349182129,27.951560974121094,39.65665817260742,24.516063690185547
2012-07-02,17.737340927124023,24.194063186645508,28.627573013305664,40.5593147277832,24.89344024658203
2012-07-03,17.943588256835938,24.35240364074707,28.564273834228516,40.73170852661133,24.824264526367188
2012-07-05,18.25881004333496,24.304903030395508,28.715744018554688,40.969749450683594,23.786449432373047
2012-07-06,18.13727378845215,23.90114402770996,28.32460594177246,40.746463775634766,23.454360961914062
2012-07-09,18.377063751220703,23.750717163085938,27.956087112426758,39.790611267089844,23.495866775512695
2012-07-10,18.20703125,23.544891357421875,27.646343231201172,38.773887634277344,23.69651222229004
2012-07-11,18.093868255615234,23.196542739868164,27.298160552978516,38.74066925048828,23.931745529174805
2012-07-12,17.928325653076172,22.666105270385742,27.727737426757812,39.1429328918457,23.551219940185547
2012-07-13,18.110042572021484,23.267793655395508,28.055566787719727,39.636539459228516,24.955711364746094
2012-07-16,18.168106079101562,23.307374954223633,28.74740219116211,40.30916213989258,24.277687072753906
2012-07-17,18.169010162353516,23.48154067993164,28.991580963134766,40.197513580322266,24.20849609375
2012-07-18,18.148645401000977,24.106979370117188,28.898887634277344,40.30268478393555,24.187732696533203
2012-07-19,18.38993263244629,24.281158447265625,28.349485397338867,39.48337936401367,23.84180450439453
2012-07-20,18.0899715423584,23.845720291137695,28.430877685546875,39.04145431518555,23.454360961914062
2012-07-23,18.075912475585938,23.180700302124023,28.141483306884766,38.37991714477539,23.82795524597168
2012-07-24,17.988794326782227,23.07778549194336,27.729991912841797,37.81802749633789,24.028610229492188
2012-07-25,17.211965560913086,22.824440002441406,27.628257751464844,38.04313659667969,24.333026885986328
2012-07-26,17.209285736083984,23.08570098876953,28.66148567199707,39.09865951538086,24.775835037231445
2012-07-27,17.51700782775879,23.560712814331055,29.19732093811035,40.296226501464844,25.523040771484375
2012-07-30,17.812484741210938,23.465709686279297,29.58167266845703,40.702178955078125,25.004148483276367
2012-07-31,18.283357620239258,23.331117630004883,29.181493759155273,40.279640197753906,24.907283782958984
2012-08-01,18.165117263793945,23.28362464904785,28.817485809326172,39.41511917114258,24.907283782958984
2012-08-02,18.194454193115234,23.109455108642578,29.226716995239258,39.067283630371094,24.333026885986328
2012-08-03,18.431236267089844,23.552797317504883,29.613330841064453,39.131874084472656,24.969547271728516
2012-08-06,18.63629913330078,23.71113395690918,29.6246337890625,38.73698425292969,25.114843368530273
2012-08-07,18.587203979492188,23.95655632019043,29.482194900512695,38.418670654296875,25.606069564819336
2012-08-08,18.555774688720703,24.011974334716797,29.651769638061523,39.1613883972168,25.709842681884766
2012-08-09,18.661603927612305,24.146568298339844,29.05489158630371,39.29888153076172,25.54379653930664
2012-08-10,18.690757751464844,24.083227157592773,29.186025619506836,39.30718231201172,25.578392028808594
2012-08-13,18.940284729003906,24.059480667114258,29.011924743652344,39.2702522277832,25.592222213745117
2012-08-14,18.991090774536133,24.011659622192383,29.366893768310547,39.49628448486328,25.6683349609375
2012-08-15,18.96524429321289,24.06745147705078,29.22874641418457,39.40498352050781,25.647579193115234
2012-08-16,19.130901336669922,24.529678344726562,29.369152069091797,39.536888122558594,25.6683349609375
2012-08-17,19.48474884033203,24.62529754638672,29.144941329956055,39.37913513183594,25.585309982299805
2012-08-20,19.997037887573242,24.4977970123291,29.02490997314453,39.41511917114258,25.85514259338379
2012-08-21,19.7237606048584,24.545608520507812,28.87997055053711,39.05619812011719,26.318681716918945
2012-08-22,20.108877182006836,24.338403701782227,29.011329650878906,38.861549377441406,26.17340087890625
2012-08-23,19.921276092529297,24.115264892578125,28.79616928100586,38.59672927856445,25.758281707763672
2012-08-24,19.939010620117188,24.354345321655273,28.68520164489746,38.97684860229492,25.71675682067871
2012-08-27,20.313613891601562,24.457950592041016,28.91167449951172,39.066349029541016,25.758281707763672
2012-08-28,20.287158966064453,24.410133361816406,28.852798461914062,39.17521667480469,25.689090728759766
2012-08-29,20.247169494628906,24.42607307434082,28.993213653564453,39.28778839111328,25.806711196899414
2012-08-30,19.958555221557617,24.163082122802734,28.694259643554688,38.83845901489258,25.52996063232422
2012-08-31,19.99974822998047,24.56154441833496,29.04529571533203,39.01839065551758,25.69601058959961
2012-09-04,20.292266845703125,24.218868255615234,29.106441497802734,39.15492630004883,25.606069564819336
2012-09-05,20.149765014648438,24.218868255615234,28.90035629272461,38.944576263427734,25.675254821777344
2012-09-06,20.331348419189453,24.983928680419922,29.328392028808594,39.91333770751953,26.76840591430664
2012-09-07,20.45671844482422,24.66515350341797,29.37594985961914,40.24549865722656,27.190441131591797
2012-09-10,19.924585342407227,24.481855392456055,29.14267921447754,40.364505767822266,26.816837310791016
2012-09-11,19.859949111938477,24.53764533996582,29.77907943725586,40.860897064208984,27.398000717163086
2012-09-12,20.13653564453125,24.529678344726562,30.22522735595703,41.18751525878906,27.619400024414062
2012-09-13,20.533077239990234,24.65718650817871,30.56947135925293,42.004032135009766,28.64337921142578
2012-09-14,20.782615661621094,24.872350692749023,30.40414047241211,41.90440368652344,28.76097869873047
2012-09-17,21.038148880004883,24.872350692749023,30.318077087402344,41.84165573120117,28.49808120727539
2012-09-18,21.102188110351562,24.848445892333984,30.270511627197266,41.79367446899414,28.546510696411133
2012-09-19,21.107898712158203,24.74484634399414,30.526437759399414,41.69313049316406,28.601856231689453
2012-09-20,21.00568199157715,25.063615798950195,30.485671997070312,41.90440368652344,28.539587020874023
2012-09-21,21.047473907470703,24.856412887573242,30.573997497558594,42.397090911865234,28.283597946166992
2012-09-24,20.767881393432617,24.529678344726562,30.288625717163086,42.00680160522461,28.525745391845703
2012-09-25,20.24928092956543,24.218868255615234,30.474349975585938,41.65898132324219,28.055288314819336
2012-09-26,19.997947692871094,24.043546676635742,30.012340545654297,41.134910583496094,27.84080696105957
2012-09-27,20.483179092407227,24.035572052001953,30.327138900756836,41.71893310546875,28.14522933959961
2012-09-28,20.0556640625,23.7168025970459,30.410945892333984,41.655277252197266,28.006845474243164
2012-10-01,19.82387351989746,23.501628875732422,30.96579360961914,42.1544303894043,28.345876693725586
2012-10-02,19.8815975189209,23.637107849121094,30.80046844482422,42.224552154541016,28.3112850189209
2012-10-03,20.186439514160156,23.796489715576172,31.371177673339844,43.71091079711914,28.478544235229492
2012-10-04,20.046642303466797,23.93198013305664,31.631637573242188,43.81425094604492,29.147661209106445
2012-10-05,19.619430541992188,23.788524627685547,31.76526641845703,43.877967834472656,29.07098388671875
2012-10-08,19.1859130859375,23.73273277282715,31.414213180541992,43.56960678100586,29.03614044189453
2012-10-09,19.116167068481445,23.33426856994629,30.96807098388672,42.91871643066406,28.840970993041992
2012-10-10,19.268285751342773,23.09518814086914,31.12206268310547,42.66114044189453,29.112804412841797
2012-10-11,18.883167266845703,23.071279525756836,31.491209030151367,43.62869644165039,29.342811584472656
2012-10-12,18.931568145751953,23.270517349243164,31.507062911987305,43.701629638671875,29.00825309753418
2012-10-15,19.083391189575195,23.51755714416504,31.681453704833984,43.92873764038086,29.537967681884766
2012-10-16,19.535255432128906,23.501628875732422,31.96908187866211,44.22325134277344,29.85158920288086
2012-10-17,19.379526138305664,23.58131980895996,32.2861328125,44.59162139892578,30.193119049072266
2012-10-18,19.01966094970703,23.509597778320312,32.13214874267578,43.929656982421875,29.9770450592041
2012-10-19,18.334197998046875,22.8242244720459,31.699569702148438,43.3969612121582,29.496122360229492
2012-10-22,19.06144905090332,22.31419563293457,31.47989845275879,43.107994079589844,29.335845947265625
2012-10-23,18.440021514892578,22.35403823852539,30.94541358947754,42.45526885986328,28.806123733520508
2012-10-24,18.544349670410156,22.234498977661133,30.911434173583984,41.96412658691406,29.07098388671875
2012-10-25,18.325176239013672,22.21855354309082,31.151519775390625,41.485897064208984,29.043107986450195
2012-10-26,18.15863037109375,22.481552124023438,31.32361602783203,41.820098876953125,28.68764305114746
2012-10-31,17.897672653198242,22.744531631469727,31.425539016723633,42.55406951904297,29.05007553100586
2012-11-01,17.934349060058594,23.52553367614746,32.5850830078125,43.27048110961914,29.85856056213379
2012-11-02,17.340890884399414,23.509597778320312,32.476383209228516,43.34063720703125,29.565834045410156
2012-11-05,17.57598876953125,23.613189697265625,32.04608154296875,42.989810943603516,29.461284637451172
2012-11-06,17.52277946472168,23.796489715576172,32.58055877685547,43.555763244628906,29.88644790649414
2012-11-07,16.85230827331543,23.174880981445312,32.2861328125,42.90211868286133,28.21369171142578
2012-11-08,16.24073028564453,22.9597110748291,32.172908782958984,42.6343994140625,28.157936096191406
2012-11-09,16.52190399169922,22.975650787353516,32.369937896728516,42.898414611816406,28.311277389526367
2012-11-12,16.394155502319336,22.489517211914062,32.44013977050781,43.391422271728516,28.283395767211914
2012-11-13,16.396272659301758,21.766380310058594,32.2612190246582,43.504051208496094,27.907028198242188
2012-11-14,16.21446418762207,21.565513610839844,31.768632888793945,42.77378463745117,27.384294509887695
2012-11-15,15.874394416809082,21.420888900756836,31.779987335205078,42.20599365234375,27.453981399536133
2012-11-16,15.936609268188477,21.308391571044922,32.39515686035156,42.89197540283203,27.55156898498535
2012-11-19,17.085769653320312,21.477127075195312,33.06252670288086,44.19278335571289,28.290376663208008
2012-11-20,16.9401912689209,21.461057662963867,33.21916961669922,44.09029769897461,28.367033004760742
2012-11-21,16.96405029296875,21.65389633178711,33.29180908203125,44.26201629638672,28.387941360473633
2012-11-23,17.26003074645996,22.25650978088379,33.623226165771484,44.42911911010742,28.638843536376953
2012-11-26,17.80455780029297,22.007421493530273,33.42573547363281,44.31739807128906,28.492490768432617
2012-11-27,17.661096572875977,21.758346557617188,33.31903839111328,44.175228118896484,28.40187644958496
2012-11-28,17.60552406311035,21.98331642150879,33.434814453125,44.45405197143555,28.4576416015625
2012-11-29,17.799419403076172,21.65389633178711,33.636837005615234,44.88797378540039,28.72946548461914
2012-11-30,17.676197052001953,21.388748168945312,33.98413848876953,45.116004943847656,28.63188934326172
2012-12-03,17.703676223754883,21.236083984375,33.74126052856445,44.92858123779297,28.443708419799805
2012-12-04,17.391401290893555,21.187870025634766,33.50291442871094,44.6303825378418,28.27643585205078
2012-12-05,16.27214813232422,21.428918838500977,33.609596252441406,44.13001251220703,28.715524673461914
2012-12-06,16.527347564697266,21.477127075195312,33.70267868041992,44.3958854675293,28.903705596923828
2012-12-07,16.104825973510742,21.260190963745117,33.7208366394043,43.95366287231445,29.66341209411621
2012-12-10,16.001239776611328,21.645864486694336,33.74580383300781,44.27772521972656,29.489171981811523
2012-12-11,16.350671768188477,21.951183319091797,33.80027389526367,44.45497512817383,29.71916961669922
2012-12-12,16.278480529785156,21.886903762817383,33.56874465942383,44.632232666015625,29.80978012084961
2012-12-13,15.997314453125,21.782445907592773,33.414398193359375,44.7236213684082,29.816740036010742
2012-12-14,15.396308898925781,21.54140281677246,33.3281135559082,44.5269889831543,29.837663650512695
2012-12-17,15.669323921203613,21.774423599243164,33.85248947143555,45.175079345703125,30.304637908935547
2012-12-18,16.124454498291016,22.144014358520508,34.21343231201172,45.503746032714844,30.576454162597656
2012-12-19,15.895223617553711,21.943145751953125,33.85930252075195,45.181549072265625,30.33946990966797
2012-12-20,15.756902694702148,22.24043846130371,34.6084098815918,46.02537536621094,31.036453247070312
2012-12-21,15.68442440032959,22.055631637573242,34.22478485107422,45.56745910644531,30.66706657409668
2012-12-24,15.709794044494629,21.742277145385742,34.31785202026367,45.70130920410156,30.61130714416504
2012-12-26,15.493250846862793,21.581579208374023,33.99550247192383,44.88703155517578,30.63918685913086
2012-12-27,15.555458068847656,21.661928176879883,33.913787841796875,45.04121398925781,30.409181594848633
2012-12-28,15.390260696411133,21.332500457763672,33.74351501464844,44.59898376464844,30.137351989746094
2012-12-31,16.07221221923828,21.461057662963867,34.40864944458008,45.356040954589844,30.646154403686523
2013-01-02,16.581396102905273,22.192230224609375,35.271236419677734,47.10923385620117,31.340900421142578
2013-01-03,16.372102737426758,21.894935607910156,35.29848861694336,47.17661666870117,31.277729034423828
2013-01-04,15.91606330871582,21.485157012939453,35.586769104003906,47.17479705810547,31.832130432128906
2013-01-07,15.822444915771484,21.444988250732422,35.84101867675781,47.9923095703125,31.86722755432129
2013-01-08,15.865023612976074,21.332500457763672,36.17469024658203,47.83435821533203,31.930381774902344
2013-01-09,15.617083549499512,21.45302391052246,36.726318359375,49.180267333984375,31.90934181213379
2013-01-10,15.810667991638184,21.260190963745117,36.43575668334961,48.74241256713867,32.386531829833984
2013-01-11,15.713715553283691,21.557476043701172,36.58331298828125,48.837562561035156,32.379512786865234
2013-01-14,15.153488159179688,21.60568618774414,36.46754837036133,48.3599739074707,32.197059631347656
2013-01-15,14.675396919250488,21.862794876098633,36.422142028808594,48.29438400268555,32.52690124511719
2013-01-16,15.28455924987793,21.72620964050293,36.36537551879883,48.15489959716797,32.856727600097656
2013-01-17,15.181573867797852,21.894935607910156,36.29275131225586,48.34519958496094,32.59003829956055
2013-01-18,15.100638389587402,21.894935607910156,35.92728042602539,48.12810516357422,32.60409164428711
2013-01-22,15.244695663452148,21.814592361450195,36.10434341430664,48.01355743408203,32.66022491455078
2013-01-23,15.523749351501465,22.18419647216797,36.10434341430664,47.810340881347656,32.44266891479492
2013-01-24,13.605672836303711,22.20026206970215,36.22010040283203,48.244510650634766,32.54090881347656
2013-01-25,13.284933090209961,22.40113639831543,36.28366470336914,47.982154846191406,33.095314025878906
2013-01-28,13.585436820983887,22.42523956298828,35.49143600463867,47.4925537109375,32.73040771484375
2013-01-29,13.840335845947266,22.505586624145508,35.56181335449219,47.89531707763672,33.06725311279297
2013-01-30,13.796843528747559,22.377029418945312,35.18726348876953,47.66623306274414,33.07427215576172
2013-01-31,13.75637435913086,22.055631637573242,35.84556579589844,47.8879280090332,33.01811218261719
2013-02-01,13.699899673461914,22.441301345825195,35.993106842041016,47.916568756103516,33.57953643798828
2013-02-04,13.358624458312988,22.04759979248047,35.55952835083008,47.501792907714844,33.46023178100586
2013-02-05,13.827349662780762,22.095802307128906,36.21329116821289,48.09946823120117,34.23920822143555
2013-02-06,13.81255054473877,21.967252731323242,36.50613021850586,48.36366653442383,34.112876892089844
2013-02-07,14.223249435424805,21.91904640197754,35.652587890625,47.99415969848633,33.846214294433594
2013-02-08,14.428604125976562,22.135986328125,35.82060623168945,48.448646545410156,34.12690734863281
2013-02-11,14.57896900177002,22.385061264038086,35.486900329589844,48.1142463684082,34.147972106933594
2013-02-12,14.21352767944336,22.40113639831543,35.59358596801758,48.00248718261719,34.48481369018555
2013-02-13,14.186492919921875,22.521657943725586,35.20687484741211,47.96274948120117,34.16200637817383
2013-02-14,14.173738479614258,22.52968978881836,35.482120513916016,48.23527526855469,34.54096984863281
2013-02-15,13.978411674499512,22.505586624145508,35.93934631347656,48.32487869262695,34.30234909057617
2013-02-19,13.973247528076172,22.724321365356445,35.8529167175293,48.2999267578125,34.70237350463867
2013-02-20,13.634843826293945,22.57850456237793,35.35474395751953,47.38078689575195,34.112876892089844
2013-02-21,13.550091743469238,22.270647048950195,35.81425476074219,47.99786376953125,33.86024475097656
2013-02-22,13.69438362121582,22.489377975463867,36.266910552978516,48.389522552490234,34.323402404785156
2013-02-25,13.451058387756348,22.173431396484375,35.46165466308594,47.195098876953125,33.474281311035156
2013-02-26,13.638492584228516,22.173431396484375,35.9029541015625,47.08426284790039,33.404090881347656
2013-02-27,13.504833221435547,22.529890060424805,36.36700439453125,47.591407775878906,34.583065032958984
2013-02-28,13.40853214263916,22.521787643432617,36.08722686767578,47.83435821533203,34.33042907714844
2013-03-01,13.076510429382324,22.643314361572266,35.959842681884766,47.878684997558594,34.323402404785156
2013-03-04,12.759977340698242,22.805334091186523,36.282840728759766,48.16598892211914,34.456748962402344
2013-03-05,13.096863746643066,22.967365264892578,36.46255111694336,48.69160842895508,34.73042678833008
2013-03-06,12.930391311645508,22.756731033325195,36.63771438598633,48.7359504699707,35.1093864440918
2013-03-07,13.079850196838379,22.7972412109375,36.51259994506836,48.651893615722656,35.53044509887695
2013-03-08,13.114480018615723,22.683822631835938,36.54899597167969,48.88836669921875,35.22869110107422
2013-03-11,13.301302909851074,22.57850456237793,36.665008544921875,49.041717529296875,35.425174713134766
2013-03-12,13.01453971862793,22.610910415649414,36.3510856628418,48.32765197753906,35.284828186035156
2013-03-13,13.012106895446777,22.61900520324707,36.25326156616211,48.726707458496094,35.200618743896484
2013-03-14,13.138176918029785,22.7972412109375,36.546714782714844,48.69898986816406,35.790103912353516
2013-03-15,13.477185249328613,22.716218948364258,36.066741943359375,47.97752380371094,35.102359771728516
2013-03-18,13.843538284301758,22.764833450317383,35.957557678222656,47.574771881103516,34.74447250366211
2013-03-19,13.806172370910645,22.829635620117188,35.48667526245117,47.259769439697266,34.52692413330078
2013-03-20,13.732963562011719,22.94306182861328,36.24418258666992,47.90824890136719,34.470787048339844
2013-03-21,13.752706527709961,22.77293586730957,35.896148681640625,47.482398986816406,33.930423736572266
2013-03-22,14.031575202941895,22.8863525390625,36.41705322265625,47.80479049682617,34.23219299316406
2013-03-25,14.08229923248291,22.813434600830078,37.30649948120117,48.03480911254883,34.04972839355469
2013-03-26,14.0081787109375,22.813434600830078,38.09358596801758,49.46479034423828,34.13393783569336
2013-03-27,13.732963562011719,22.983564376831055,38.36655044555664,49.7012825012207,33.523399353027344
2013-03-28,13.446809768676758,23.17799949645996,38.63496398925781,49.987648010253906,33.305850982666016
2013-04-01,13.029118537902832,23.17799949645996,38.06856155395508,49.627384185791016,33.56550216674805
2013-04-02,13.055855751037598,23.33192253112793,38.205039978027344,49.937767028808594,33.88129806518555
2013-04-03,13.12268352508545,23.137493133544922,37.477108001708984,49.25971603393555,33.083343505859375
2013-04-04,12.992972373962402,23.169898986816406,37.87065124511719,49.34932327270508,33.5352783203125
2013-04-05,12.855666160583496,23.250919342041016,37.57038116455078,49.16249465942383,33.83186721801758
2013-04-08,12.947101593017578,23.161800384521484,37.82744216918945,49.4186897277832,34.30498504638672
2013-04-09,12.970492362976074,23.98813819885254,37.477108001708984,48.79629135131836,34.3756103515625
2013-04-10,13.235079765319824,24.530929565429688,37.98665237426758,49.42423629760742,34.77812194824219
2013-04-11,13.193768501281738,23.445348739624023,38.129974365234375,50.05401611328125,34.820472717285156
2013-04-12,13.056156158447266,23.32382583618164,37.704593658447266,49.291072845458984,34.60863494873047
2013-04-15,12.75390338897705,23.242813110351562,36.690032958984375,48.24788284301758,33.84600067138672
2013-04-16,12.948014259338379,23.469648361206055,37.46800994873047,49.16065216064453,34.2414436340332
2013-04-17,12.235969543457031,23.356233596801758,36.903873443603516,48.62242126464844,33.04096221923828
2013-04-18,11.909417152404785,23.32382583618164,36.717342376708984,48.182212829589844,32.935054779052734
2013-04-19,11.863236427307129,24.117759704589844,37.29740524291992,48.2710075378418,33.3516731262207
2013-04-22,12.110513687133789,24.97650146484375,37.199581146240234,48.28487777709961,33.43642044067383
2013-04-23,12.337128639221191,24.790164947509766,37.68413162231445,49.107017517089844,34.015464782714844
2013-04-24,12.316776275634766,25.72992515563965,38.00259017944336,49.20135498046875,34.40386199951172
2013-04-25,12.40546989440918,25.875757217407227,38.38930130004883,49.48988723754883,34.6015739440918
2013-04-26,12.673401832580566,25.754228591918945,38.041255950927734,49.50746536254883,34.51683807373047
2013-04-29,13.065876960754395,26.41854476928711,38.19365692138672,49.84778594970703,34.54508590698242
2013-04-30,13.450450897216797,26.815509796142578,38.321044921875,51.135128021240234,34.60863494873047
2013-05-01,13.344437599182129,26.507665634155273,37.76602554321289,49.922706604003906,33.9024772644043
2013-05-02,13.533689498901367,26.864126205444336,39.899749755859375,50.45077133178711,33.9519157409668
2013-05-03,13.669167518615723,27.1314640045166,40.84151840209961,51.19245529174805,33.591766357421875
2013-05-06,13.995119094848633,27.342098236083984,40.69365310668945,50.65421676635742,34.022544860839844
2013-05-07,13.932844161987305,26.985637664794922,40.89839172363281,50.980674743652344,34.70042419433594
2013-05-08,14.090200424194336,26.726394653320312,40.77781295776367,51.20818328857422,35.13825988769531
2013-05-09,13.967272758483887,26.45904541015625,40.62315368652344,51.03800582885742,34.62982177734375
2013-05-10,13.851078987121582,26.483348846435547,40.66181564331055,51.338584899902344,34.573333740234375
2013-05-13,13.905200958251953,26.758798599243164,40.70276641845703,51.404232025146484,35.07469177246094
2013-05-14,13.572507858276367,27.354347229003906,41.018959045410156,52.68415451049805,35.47013854980469
2013-05-15,13.113527297973633,27.615421295166016,41.42231750488281,53.11697006225586,36.07743453979492
2013-05-16,13.28874397277832,27.803050994873047,40.97565841674805,52.72670364379883,35.99269104003906
2013-05-17,13.248373031616211,28.447542190551758,42.06271743774414,54.08062744140625,36.931884765625
2013-05-20,13.544069290161133,28.618871688842773,41.38813781738281,53.947425842285156,36.92482376098633
2013-05-21,13.444080352783203,28.431224822998047,41.374473571777344,54.087074279785156,37.440311431884766
2013-05-22,13.495757102966309,28.235429763793945,41.05313491821289,53.33430099487305,37.87107849121094
2013-05-23,13.519911766052246,27.860153198242188,40.58822250366211,52.688785552978516,37.673343658447266
2013-05-24,13.61195182800293,27.95805549621582,41.123775482177734,52.848777770996094,37.892250061035156
2013-05-28,13.49850845336914,28.569913864135742,41.028072357177734,53.24458312988281,38.5560417175293
2013-05-29,13.60583782196045,28.455699920654297,40.59733581542969,52.99211502075195,38.60546875
2013-05-30,13.808571815490723,28.578065872192383,41.25596618652344,53.28343963623047,39.276302337646484
2013-05-31,13.75200080871582,28.472015380859375,40.59733581542969,52.73686218261719,38.54898452758789
2013-06-03,13.78227710723877,29.034942626953125,41.06452560424805,53.26029968261719,38.47836685180664
2013-06-04,13.739157676696777,28.54544448852539,41.066795349121094,52.549137115478516,38.16059494018555
2013-06-05,13.610729217529297,28.374113082885742,40.38768005371094,51.74919509887695,37.44737243652344
2013-06-06,13.407386779785156,28.520967483520508,40.87309646606445,52.24671936035156,37.77927780151367
2013-06-07,13.5098237991333,29.100200653076172,41.00755310058594,52.366947174072266,38.322998046875
2013-06-10,13.42053508758545,28.93703842163086,41.5522346496582,52.323490142822266,38.38655090332031
2013-06-11,13.381088256835938,28.42306137084961,40.9437370300293,51.82964324951172,37.77220916748047
2013-06-12,13.215657234191895,28.553604125976562,40.82750701904297,51.60213851928711,37.55329513549805
2013-06-13,13.330941200256348,28.325178146362305,41.53399658203125,53.057796478271484,38.252403259277344
2013-06-14,13.150221824645996,28.064105987548828,41.23316955566406,52.82102966308594,37.51800537109375
2013-06-17,13.20984935760498,28.553604125976562,41.55680465698242,53.47117233276367,38.026424407958984
2013-06-18,13.202817916870117,28.53728675842285,41.93508529663086,54.046390533447266,38.21003723144531
2013-06-19,12.934645652770996,28.2191162109375,41.620609283447266,54.22765350341797,37.8145751953125
2013-06-20,12.746282577514648,27.321720123291016,40.67026901245117,52.965309143066406,37.05899429321289
2013-06-21,12.644147872924805,27.142234802246094,40.907291412353516,53.01801681518555,36.69178771972656
2013-06-24,12.30901050567627,27.509355545043945,40.626976013183594,52.02939224243164,35.95738983154297
2013-06-25,12.311762809753418,27.468564987182617,41.12834930419922,52.21249008178711,36.77653503417969
2013-06-26,12.172323226928711,28.0233154296875,41.625160217285156,52.7137565612793,37.07312774658203
2013-06-27,12.041143417358398,28.243593215942383,41.99207305908203,52.776649475097656,37.53211975097656
2013-06-28,12.125231742858887,28.178319931030273,41.647953033447266,53.12990951538086,37.27790069580078
2013-07-01,12.51327133178711,28.031484603881836,42.21084976196289,53.9354248046875,37.06605529785156
2013-07-02,12.796738624572754,27.68882942199707,42.21540832519531,53.92154312133789,37.55684280395508
2013-07-03,12.867371559143066,27.745939254760742,42.625606536865234,54.210079193115234,37.535526275634766
2013-07-05,12.764016151428223,27.90911102294922,43.4802360534668,55.08491134643555,38.4033088684082
2013-07-08,12.691544532775879,28.007001876831055,42.867191314697266,54.55353927612305,38.9083251953125
2013-07-09,12.914767265319824,28.0233154296875,42.66208267211914,54.95161056518555,39.04349136352539
2013-07-10,12.865227699279785,28.308855056762695,42.548133850097656,54.703514099121094,39.00080490112305
2013-07-11,13.065824508666992,29.11651611328125,43.291080474853516,55.63945007324219,39.22129821777344
2013-07-12,13.041971206665039,29.100200653076172,43.464271545410156,55.439491271972656,39.10038757324219
2013-07-15,13.070413589477539,29.508108139038086,43.35715103149414,55.16270446777344,39.04349136352539
2013-07-16,13.154806137084961,29.589693069458008,43.158905029296875,54.599830627441406,39.12883758544922
2013-07-17,13.158167839050293,29.157299041748047,43.218135833740234,54.92940139770508,39.313777923583984
2013-07-18,13.202510833740234,28.912555694580078,43.530364990234375,55.2598876953125,40.09620666503906
2013-07-19,12.994270324707031,25.616661071777344,43.281959533691406,54.92753219604492,39.94683837890625
2013-07-22,13.035857200622559,26.114303588867188,43.578224182128906,55.78572082519531,40.231361389160156
2013-07-23,12.812024116516113,25.959304809570312,42.97657775878906,55.35988235473633,40.30960464477539
2013-07-24,13.470067024230957,26.073511123657227,42.559532165527344,54.71091842651367,40.28114700317383
2013-07-25,13.408608436584473,25.608501434326172,44.35078811645508,55.450599670410156,40.188690185546875
2013-07-26,13.484745979309082,25.796133041381836,44.02943801879883,55.37377166748047,39.86859130859375
2013-07-29,13.692680358886719,25.730873107910156,43.74915313720703,55.26914978027344,39.61251449584961
2013-07-30,13.861778259277344,25.98378562927246,43.62836456298828,55.676475524902344,39.3564567565918
2013-07-31,13.837617874145508,25.97562026977539,40.33982849121094,56.52724075317383,39.64097595214844
2013-08-01,13.964523315429688,25.836929321289062,40.83207702636719,59.838645935058594,40.21713638305664
2013-08-02,14.143712997436523,26.016407012939453,41.93281173706055,59.76365661621094,40.18156814575195
2013-08-05,14.355003356933594,25.86140251159668,42.055877685546875,59.474822998046875,39.904170989990234
2013-08-06,14.226578712463379,25.763513565063477,41.67985153198242,60.54408264160156,39.47026824951172
2013-08-07,14.218320846557617,26.15509796142578,41.33800506591797,59.833106994628906,39.33510208129883
2013-08-08,14.19000244140625,26.832223892211914,41.19898223876953,59.788658142089844,39.00080490112305
2013-08-09,13.988085746765137,26.67721939086914,40.97793197631836,59.05916976928711,38.78030014038086
2013-08-12,14.385462760925293,26.8159122467041,40.96653366088867,58.388938903808594,38.474430084228516
2013-08-13,15.069087028503418,26.479063034057617,40.84574890136719,58.63054275512695,38.61669921875
2013-08-14,15.343960762023926,26.577651977539062,40.72018814086914,58.32041549682617,38.51710891723633
2013-08-15,15.325798034667969,26.11758041381836,39.71100997924805,57.279876708984375,37.905391693115234
2013-08-16,15.461846351623535,26.125795364379883,39.52836990356445,57.2308235168457,37.905391693115234
2013-08-19,15.628368377685547,25.78895378112793,39.95076370239258,57.38633728027344,36.86688232421875
2013-08-20,15.423067092895508,25.977914810180664,39.54891586303711,57.61961364746094,37.07316970825195
2013-08-21,15.462766647338867,25.969696044921875,40.729312896728516,57.3326416015625,36.72462463378906
2013-08-22,15.48123550415039,26.610519409179688,40.85033416748047,57.496498107910156,37.137184143066406
2013-08-23,15.421521186828613,28.54941749572754,40.89141845703125,57.962162017822266,37.21542739868164
2013-08-26,15.481542587280273,28.056476593017578,39.95531463623047,56.95032501220703,36.845542907714844
2013-08-27,15.038924217224121,27.32527732849121,39.76581573486328,56.278236389160156,35.99198532104492
2013-08-28,15.110034942626953,27.128103256225586,40.003273010253906,56.52724075317383,35.97775650024414
2013-08-29,15.134652137756348,27.563528060913086,40.039798736572266,56.70868682861328,36.06312942504883
2013-08-30,14.99675464630127,27.440296173095703,39.822906494140625,56.107879638671875,35.942195892333984
2013-09-03,15.038614273071289,26.1915225982666,40.41652297973633,57.71591567993164,36.36897659301758
2013-09-04,15.349801063537598,25.632856369018555,40.227012634277344,57.71128463745117,36.895347595214844
2013-09-05,15.244538307189941,25.657499313354492,40.231571197509766,58.229698181152344,37.0660514831543
2013-09-06,15.335339546203613,25.591779708862305,40.336612701416016,58.935096740722656,37.38614273071289
2013-09-09,15.580041885375977,26.010774612426758,40.76585006713867,59.2850456237793,37.59953308105469
2013-09-10,15.225151062011719,26.610519409179688,42.14487075805664,60.31263732910156,38.175689697265625
2013-09-11,14.396234512329102,26.898075103759766,42.53757858276367,60.956939697265625,37.8840446472168
2013-09-12,14.549516677856445,26.856983184814453,42.252174377441406,61.79568862915039,37.15852355957031
2013-09-13,14.309739112854004,27.136322021484375,43.15174865722656,61.69292449951172,37.407493591308594
2013-09-16,13.854808807373047,26.947357177734375,43.2385139465332,62.11785125732422,37.79868698120117
2013-09-17,14.01486873626709,27.054161071777344,43.74536895751953,62.874168395996094,37.76313400268555
2013-09-18,14.302972793579102,27.37457847595215,44.21340560913086,63.65827941894531,37.99073791503906
2013-09-19,14.537514686584473,27.637474060058594,44.45542526245117,63.54071807861328,37.52127456665039
2013-09-20,14.387001037597656,26.93914794921875,45.396087646484375,63.48239517211914,37.55684280395508
2013-09-23,15.102025032043457,26.898075103759766,44.80475616455078,63.22780990600586,36.60371017456055
2013-09-24,15.054619789123535,26.659814834594727,44.14263916015625,63.44817352294922,35.79281234741211
2013-09-25,14.821613311767578,26.709108352661133,43.73623275756836,62.20487976074219,36.77442169189453
2013-09-26,14.965970039367676,26.922719955444336,44.19287109375,62.72697448730469,36.90956115722656
2013-09-27,14.85916519165039,27.33349609375,44.07643508911133,63.1223030090332,37.15852355957031
2013-09-30,14.674488067626953,27.34170913696289,43.63121795654297,62.282623291015625,36.76731491088867
2013-10-01,15.019538879394531,27.588191986083984,44.11524200439453,62.74642562866211,36.95935821533203
2013-10-02,15.068781852722168,27.867515563964844,43.79560852050781,62.609432220458984,37.32478713989258
2013-10-03,14.879478454589844,27.818220138549805,43.07182312011719,61.93825149536133,37.21731185913086
2013-10-04,14.867789268493652,27.83464813232422,43.48965835571289,62.33354187011719,37.740386962890625
2013-10-07,15.013067245483398,27.358139038085938,42.54212951660156,61.716461181640625,37.13849639892578
2013-10-08,14.803451538085938,27.11988639831543,41.67453384399414,60.586036682128906,36.45060729980469
2013-10-09,14.977361679077148,27.169187545776367,41.975929260253906,60.897369384765625,36.36463928222656
2013-10-10,15.071246147155762,27.736059188842773,43.15859603881836,62.87651824951172,37.63290786743164
2013-10-11,15.168815612792969,28.040040969848633,43.88235855102539,63.39449691772461,37.6257438659668
2013-10-14,15.268240928649902,28.302940368652344,44.165470123291016,63.85038757324219,37.7690544128418
2013-10-15,15.349494934082031,28.335803985595703,43.692840576171875,63.59925079345703,37.48242950439453
2013-10-16,15.424291610717773,28.459035873413086,44.665462493896484,64.443359375,38.69340515136719
2013-10-17,15.52863883972168,28.689071655273438,45.27052688598633,65.29026794433594,38.84388732910156
2013-10-18,15.663762092590332,28.72194480895996,45.76597213745117,66.26776885986328,38.90835952758789
2013-10-21,16.047597885131836,28.746591567993164,45.67233657836914,66.5133285522461,38.8868522644043
2013-10-22,16.00172996520996,28.409746170043945,45.65864944458008,66.59115600585938,38.42110824584961
2013-10-23,16.158411026000977,27.736059188842773,45.409786224365234,65.87673950195312,37.79771041870117
2013-10-24,16.372329711914062,27.703205108642578,46.32761001586914,67.14801788330078,37.60426712036133
2013-10-25,16.189186096191406,29.354557037353516,46.361881256103516,67.0636978149414,37.81204605102539
2013-10-28,16.309843063354492,29.223100662231445,46.36643981933594,67.63447570800781,37.74756622314453
2013-10-29,15.903542518615723,29.182024002075195,46.631282806396484,67.8661117553711,37.783390045166016
2013-10-30,16.156557083129883,29.198442459106445,46.5353889465332,67.23977661132812,37.690216064453125
2013-10-31,16.088836669921875,29.091651916503906,44.90292739868164,66.44477844238281,36.93069839477539
2013-11-01,16.006656646728516,29.19023895263672,45.47144317626953,68.3331298828125,37.6257438659668
2013-11-04,16.213502883911133,29.527067184448242,44.845848083496094,67.49175262451172,37.288970947265625
2013-11-05,16.17348289489746,30.1021728515625,45.06275177001953,68.23121643066406,37.22446823120117
2013-11-06,16.127670288085938,31.36739730834961,45.43947982788086,67.99862670898438,37.33195877075195
2013-11-07,15.86667251586914,30.80872917175293,44.77277755737305,66.83577728271484,37.009517669677734
2013-11-08,16.11652374267578,31.038766860961914,45.27280044555664,68.05423736572266,38.66472244262695
2013-11-11,16.06977081298828,30.882661819458008,45.496543884277344,68.67410278320312,38.76504898071289
2013-11-12,16.099491119384766,30.693700790405273,45.26823425292969,68.35165405273438,38.671905517578125
2013-11-13,16.118690490722656,31.3509521484375,45.7052001953125,68.1478042602539,38.793704986572266
2013-11-14,16.35181427001953,31.23592185974121,45.78984069824219,68.89371490478516,38.98000717163086
2013-11-15,16.253671646118164,31.088054656982422,46.21308898925781,69.7026138305664,39.316795349121094
2013-11-18,16.056764602661133,30.5622615814209,45.73265075683594,69.914794921875,39.940181732177734
2013-11-19,16.085247039794922,30.41323471069336,45.15842056274414,69.21058654785156,40.23396682739258
2013-11-20,15.944379806518555,30.694705963134766,45.3254280090332,69.11608123779297,40.1981201171875
2013-11-21,16.13448143005371,30.959598541259766,46.12386703491211,69.21521759033203,41.00067138671875
2013-11-22,16.092985153198242,31.10031509399414,46.240543365478516,69.905517578125,41.172630310058594
2013-11-25,16.2149715423584,31.158267974853516,46.19708251953125,70.09453582763672,41.30878829956055
2013-11-26,16.514047622680664,30.91820526123047,46.560829162597656,70.14551544189453,40.9648551940918
2013-11-27,16.90289878845215,31.12516975402832,46.66836929321289,70.45686340332031,41.18696212768555
2013-11-29,17.215904235839844,31.56388282775879,46.5471076965332,70.49483489990234,41.00067138671875
2013-12-02,17.066068649291992,31.828794479370117,46.92915725708008,70.06027221679688,40.82870101928711
2013-12-03,17.533254623413086,31.712894439697266,46.15590286254883,69.87307739257812,40.74272155761719
2013-12-04,17.492380142211914,32.23440170288086,46.38237380981445,69.3236312866211,40.979164123535156
2013-12-05,17.582157135009766,31.456281661987305,46.14674758911133,69.63218688964844,39.99750518798828
2013-12-06,17.338191986083984,31.754274368286133,46.18334197998047,70.27799987792969,40.16948318481445
2013-12-09,17.53665542602539,32.044010162353516,46.119300842285156,70.31412506103516,40.49191665649414
2013-12-10,17.50940704345703,31.547319412231445,45.62512969970703,70.75424194335938,40.6280632019043
2013-12-11,17.379682540893555,31.133426666259766,47.0504150390625,73.25233459472656,40.17664337158203
2013-12-12,17.354299545288086,30.81058692932129,46.54252243041992,72.50825500488281,40.348609924316406
2013-12-13,17.16513442993164,30.371856689453125,47.43932342529297,73.01142120361328,40.248294830322266
2013-12-16,17.260175704956055,30.537416458129883,47.5285530090332,73.82498931884766,40.42742919921875
2013-12-17,17.182472229003906,30.231136322021484,48.786827087402344,73.93612670898438,39.925846099853516
2013-12-18,17.05181884765625,30.280807495117188,49.26727294921875,74.31696319580078,41.015010833740234
2013-12-19,16.856449127197266,30.00762367248535,49.434288024902344,74.62455749511719,41.00782775878906
2013-12-20,16.997644424438477,30.462907791137695,49.40910720825195,75.70588684082031,41.3446159362793
2013-12-23,17.649965286254883,30.313905715942383,49.88041305541992,75.52521514892578,41.731544494628906
2013-12-24,17.575050354003906,30.694705963134766,50.0405387878418,75.34918212890625,41.738704681396484
2013-12-26,17.45832633972168,30.992706298828125,50.3768424987793,76.15525817871094,41.702884674072266
2013-12-27,17.34035873413086,30.8685302734375,50.255584716796875,76.70846557617188,41.659889221191406
2013-12-30,17.16791534423828,30.8685302734375,50.53927230834961,77.2115707397461,41.52375793457031
2013-12-31,17.369159698486328,30.967878341674805,50.94420623779297,77.41169738769531,41.903533935546875
2014-01-02,17.12488555908203,30.76091957092285,50.5621452331543,77.28938293457031,41.98285675048828
2014-01-03,16.748720169067383,30.55396842956543,50.596458435058594,76.98086547851562,42.307395935058594
2014-01-06,16.84005355834961,29.908288955688477,50.29219055175781,76.59911346435547,42.552616119384766
2014-01-07,16.719621658325195,30.14006996154785,50.67654037475586,77.66608428955078,42.06217956542969
2014-01-08,16.825496673583984,29.601999282836914,50.8389778137207,77.64286804199219,42.45885467529297
2014-01-09,16.610639572143555,29.411617279052734,50.768070220947266,78.27007293701172,42.3795166015625
2014-01-10,16.49981117248535,29.833791732788086,50.589603424072266,77.44991302490234,42.184791564941406
2014-01-13,16.586185455322266,28.956331253051758,50.07941818237305,75.15265655517578,41.615028381347656
2014-01-14,16.916213989257812,29.61856460571289,50.93734359741211,76.23909759521484,41.643856048583984
2014-01-15,17.25584602355957,30.42980194091797,51.19129180908203,76.39313507080078,42.90602111816406
2014-01-16,17.159564971923828,30.537416458129883,50.73601531982422,76.59078216552734,42.54541015625
2014-01-17,16.739126205444336,30.115234375,53.117584228515625,75.93386840820312,41.91071701049805
2014-01-21,16.999189376831055,29.941402435302734,53.060401916503906,75.93943786621094,41.95399856567383
2014-01-22,17.074735641479492,29.742740631103516,53.30291748046875,77.2865982055664,41.53568649291992
2014-01-23,17.219308853149414,29.850358963012695,52.2185173034668,76.41448211669922,40.7278938293457
2014-01-24,16.90630531311035,30.471187591552734,50.61705017089844,72.8424072265625,39.73259735107422
2014-01-27,17.0434627532959,29.825510025024414,49.46630859375,70.55998992919922,39.73259735107422
2014-01-28,15.681225776672363,30.02419090270996,50.550697326660156,73.13933563232422,40.2014045715332
2014-01-29,15.503201484680176,30.347026824951172,49.67219924926758,72.09087371826172,40.049949645996094
2014-01-30,15.473173141479492,30.512584686279297,50.532405853271484,74.00218200683594,40.3889274597168
2014-01-31,15.49855899810791,31.323823928833008,49.28556823730469,70.21671295166016,39.927330017089844
2014-02-03,15.527348518371582,30.198009490966797,48.837162017822266,68.57450103759766,39.17005157470703
2014-02-04,15.752119064331055,30.090404510498047,49.08195114135742,67.84152221679688,39.63162612915039
2014-02-05,15.869767189025879,29.65167999267578,49.32674789428711,67.58167266845703,39.819149017333984
2014-02-06,15.96226692199707,29.94968605041504,50.104591369628906,69.49298095703125,40.73512268066406
2014-02-07,16.185577392578125,30.26424789428711,50.73830032348633,70.80121612548828,40.83608627319336
2014-02-10,16.47554588317871,30.462907791137695,50.456912994384766,70.83833312988281,40.92263412475586
2014-02-11,16.692628860473633,30.769203186035156,50.864131927490234,70.68988800048828,41.420284271240234
2014-02-12,16.691377639770508,31.017541885375977,51.37752914428711,70.48577880859375,41.485206604003906
2014-02-13,16.95642852783203,31.133426666259766,51.35001754760742,71.00535583496094,41.85302734375
2014-02-14,16.94272232055664,31.141695022583008,51.79693603515625,71.80323791503906,41.93956756591797
2014-02-18,17.00501823425293,31.208425521850586,51.81069564819336,71.89603424072266,42.184791564941406
2014-02-19,16.73654556274414,31.283489227294922,51.311065673828125,71.11668395996094,41.29766845703125
2014-02-20,16.542814254760742,31.48365020751953,51.21479034423828,70.3836898803711,41.52847671508789
2014-02-21,16.359058380126953,31.675466537475586,51.191871643066406,70.23524475097656,41.55010986328125
2014-02-24,16.43069076538086,31.43360710144043,51.840476989746094,70.47648620605469,41.85302734375
2014-02-25,16.259706497192383,31.308507919311523,52.05133819580078,71.20018005371094,41.13179016113281
2014-02-26,16.113014221191406,31.250123977661133,51.82215118408203,71.7754135131836,40.92986297607422
2014-02-27,16.434429168701172,31.57538604736328,51.861106872558594,72.14655303955078,40.88658142089844
2014-02-28,16.389896392822266,31.950698852539062,51.78318405151367,72.10946655273438,40.98032760620117
2014-03-03,16.437227249145508,31.5086727142334,50.751827239990234,71.1908950805664,40.54039001464844
2014-03-04,16.545616149902344,32.03409957885742,51.68235397338867,72.83312225341797,41.29766845703125
2014-03-05,16.58050537109375,31.783889770507812,51.06583023071289,72.5548095703125,41.94678497314453
2014-03-06,16.530357360839844,31.81723403930664,51.30646896362305,72.02591705322266,42.480491638183594
2014-03-07,16.52071189880371,31.608753204345703,51.69609451293945,72.31353759765625,42.841121673583984
2014-03-10,16.535654067993164,31.542022705078125,51.68235397338867,71.80323791503906,42.696861267089844
2014-03-11,16.69667625427246,31.708826065063477,52.067378997802734,72.27645111083984,41.96841049194336
2014-03-12,16.71286964416504,31.917327880859375,51.819862365722656,72.6846694946289,41.7736930847168
2014-03-13,16.52725601196289,31.60040855407715,50.60057067871094,71.08885192871094,41.4130744934082
2014-03-14,16.341623306274414,31.441940307617188,50.59827423095703,70.82907104492188,40.96591567993164
2014-03-17,16.405473709106445,31.733858108520508,51.28813934326172,72.21151733398438,41.52847671508789
2014-03-18,16.550601959228516,32.98486328125,51.89091491699219,73.22280883789062,41.87466812133789
2014-03-19,16.546249389648438,32.75135803222656,51.29729080200195,72.65684509277344,42.047752380371094
2014-03-20,16.466508865356445,33.63538360595703,50.838932037353516,72.7496109008789,43.35319519042969
2014-03-21,16.596384048461914,33.49360275268555,51.19416809082031,70.50434112548828,43.39646911621094
2014-03-24,16.793228149414062,33.777164459228516,50.59368133544922,71.80323791503906,44.045562744140625
2014-03-25,16.973875045776367,33.64372253417969,50.05509567260742,69.84556579589844,43.944602966308594
2014-03-26,16.811603546142578,33.18500518798828,49.43170166015625,68.3889389038086,43.20172882080078
2014-03-27,16.739351272583008,32.826393127441406,49.45234298706055,68.045654296875,43.21613693237305
2014-03-28,16.720651626586914,33.6103630065918,48.6088981628418,67.93428802490234,43.302711486816406
2014-03-31,16.71692657470703,34.18583679199219,49.47294616699219,69.30743408203125,43.78593444824219
2014-04-01,16.86984634399414,34.5444450378418,49.20709228515625,69.40953063964844,43.75707244873047
2014-04-02,16.897878646850586,34.486061096191406,49.19792938232422,69.30743408203125,43.89497756958008
2014-04-03,16.780765533447266,34.2025146484375,49.27814483642578,69.14971160888672,44.02560806274414
2014-04-04,16.563692092895508,33.25172805786133,47.60275650024414,66.96935272216797,43.4087028503418
2014-04-07,16.30362319946289,33.1933708190918,46.619544982910156,66.28174591064453,42.82081985473633
2014-04-08,16.302684783935547,33.21003723144531,46.431610107421875,66.45829772949219,42.711944580078125
2014-04-09,16.516963958740234,33.752140045166016,47.56608200073242,68.3539047241211,43.016788482666016
2014-04-10,16.30393409729004,32.826393127441406,46.19324493408203,66.13307189941406,41.65959167480469
2014-04-11,16.183401107788086,32.7013053894043,45.06562423706055,63.81928634643555,40.135440826416016
2014-04-14,16.24787712097168,32.67628479003906,46.0694694519043,66.14232635498047,39.888694763183594
2014-04-15,16.13201141357422,33.15166091918945,46.766212463378906,67.0436782836914,39.77255630493164
2014-04-16,16.164710998535156,33.693756103515625,47.98320007324219,68.6977310180664,40.10642623901367
2014-04-17,16.349395751953125,33.368507385253906,47.66006088256836,68.88357543945312,40.077388763427734
2014-04-21,16.543441772460938,33.310115814208984,47.93050003051758,69.05081939697266,39.939491271972656
2014-04-22,16.559953689575195,33.35181427001953,48.12303161621094,69.25526428222656,40.50559616088867
2014-04-23,16.343486785888672,33.10161209106445,47.85945129394531,68.16805267333984,40.679779052734375
2014-04-24,17.683359146118164,33.24339294433594,47.992374420166016,69.08795928955078,40.78138732910156
2014-04-25,17.81324005126953,33.285099029541016,45.592750549316406,65.65914916992188,40.42575454711914
2014-04-28,18.503101348876953,34.085750579833984,46.163448333740234,66.1981201171875,40.273345947265625
2014-04-29,18.448286056518555,33.7855110168457,46.44993591308594,66.93221282958984,40.716064453125
2014-04-30,18.378517150878906,33.693756103515625,46.436187744140625,68.34461212158203,40.62897872924805
2014-05-01,18.42181968688965,33.360164642333984,47.233760833740234,68.96719360351562,40.440277099609375
2014-05-02,18.456073760986328,33.10161209106445,46.85102081298828,68.5583267211914,40.33866882324219
2014-05-05,18.717071533203125,32.88479232788086,47.47212219238281,69.52473449707031,39.35161590576172
2014-05-06,18.513065338134766,32.576202392578125,47.066463470458984,68.58622741699219,38.712921142578125
2014-05-07,18.448286056518555,32.876434326171875,47.83195114135742,68.64197540283203,39.22822189331055
2014-05-08,18.415403366088867,33.05991744995117,48.33616256713867,68.98577880859375,39.453216552734375
2014-05-09,18.338672637939453,32.97652053833008,48.31553649902344,69.1158676147461,39.199195861816406
2014-05-12,18.566986083984375,33.33513641357422,48.519527435302734,69.71057891845703,39.6636962890625
2014-05-13,18.596111297607422,33.9482536315918,48.60203170776367,69.53401184082031,39.64191818237305
2014-05-14,18.59955596923828,33.79707336425781,48.1887092590332,68.85568237304688,39.453216552734375
2014-05-15,18.441396713256836,33.259544372558594,47.63530731201172,67.90791320800781,38.836307525634766
2014-05-16,18.713571548461914,33.45271301269531,48.17721939086914,68.53046417236328,38.69115447998047
2014-05-19,18.935304641723633,33.385536193847656,48.30352020263672,68.63267517089844,39.06855392456055
2014-05-20,18.939058303833008,33.326744079589844,47.743228912353516,68.43756103515625,38.98872375488281
2014-05-21,18.98917007446289,33.88945770263672,48.24382019042969,70.27739715576172,39.27903747558594
2014-05-22,19.019241333007812,33.67948913574219,48.0761833190918,70.3889389038086,39.59111404418945
2014-05-23,19.234088897705078,33.69628143310547,48.6961784362793,71.03939056396484,39.576602935791016
2014-05-27,19.594263076782227,33.75506591796875,49.25416564941406,71.57833099365234,40.01933288574219
2014-05-28,19.54351806640625,33.60390853881836,49.093421936035156,71.48542785644531,40.24431228637695
2014-05-29,19.899620056152344,33.88106918334961,49.293190002441406,71.3553237915039,40.440277099609375
2014-05-30,19.825082778930664,34.38500213623047,49.32993698120117,71.03939056396484,40.3314094543457
2014-06-02,19.688840866088867,34.25901412963867,49.02912521362305,71.59690856933594,40.17173767089844
2014-06-03,19.967269897460938,33.839073181152344,48.52396774291992,70.94645690917969,40.35318374633789
2014-06-04,20.195274353027344,33.86426544189453,48.54921340942383,70.91859436035156,40.41124725341797
2014-06-05,20.27450942993164,34.61176681518555,48.730613708496094,71.40178680419922,41.100730895996094
2014-06-06,20.218761444091797,34.83854675292969,48.909732818603516,71.9871826171875,41.34749984741211
2014-06-09,20.54228401184082,34.662166595458984,48.813289642333984,71.4203872680664,41.674095153808594
2014-06-10,20.662870407104492,34.52777099609375,49.196746826171875,71.88496398925781,42.02246856689453
2014-06-11,20.577377319335938,34.31780242919922,48.83625030517578,71.42967224121094,41.565223693847656
2014-06-12,20.23316764831543,34.08263397216797,48.627281188964844,70.36104583740234,41.39829635620117
2014-06-13,20.011747360229492,34.62856674194336,48.517066955566406,70.5654525756836,41.39829635620117
2014-06-16,20.21343994140625,34.85533142089844,48.27597427368164,69.79419708251953,41.27492141723633
2014-06-17,20.1871337890625,35.00651931762695,48.40684127807617,69.67341613769531,41.674095153808594
2014-06-18,20.209054946899414,34.981319427490234,48.50788497924805,69.80349731445312,41.93538284301758
2014-06-19,20.13890266418457,34.86372756958008,48.294334411621094,69.01366424560547,41.586997985839844
2014-06-20,19.930631637573242,35.00651931762695,48.10375213623047,68.58622741699219,41.76845169067383
2014-06-23,19.913087844848633,35.266876220703125,48.09915542602539,68.89285278320312,42.23292922973633
2014-06-24,19.79250717163086,35.06529998779297,47.71338653564453,67.55474090576172,41.674095153808594
2014-06-25,19.81004524230957,35.30046844482422,48.005001068115234,67.8707046508789,41.75392532348633
2014-06-26,19.92843246459961,35.040103912353516,47.9820442199707,67.61982727050781,41.65232467651367
2014-06-27,20.165206909179688,35.48524856567383,48.055511474609375,68.20527648925781,41.75392532348633
2014-06-30,20.373476028442383,35.0233039855957,48.38389205932617,68.27030181884766,41.81926727294922
2014-07-01,20.502824783325195,35.16610336303711,49.196746826171875,70.18448638916016,42.0750617980957
2014-07-02,20.494060516357422,35.19129943847656,49.332244873046875,70.80706024169922,41.63654708862305
2014-07-03,20.614639282226562,35.107295989990234,49.7156982421875,71.30885314941406,41.695011138916016
2014-07-07,21.039958953857422,35.266876220703125,49.76852798461914,70.89008331298828,41.41727828979492
2014-07-08,20.904029846191406,35.09050750732422,49.42866134643555,70.43409729003906,40.75220489501953
2014-07-09,20.912797927856445,34.99811553955078,49.63532257080078,71.30883026123047,40.94223403930664
2014-07-10,20.8360652923584,35.01490783691406,49.49296188354492,70.2293930053711,40.606040954589844
2014-07-11,20.875534057617188,35.35087966918945,49.828216552734375,70.56442260742188,40.78143310546875
2014-07-14,21.145187377929688,35.39286804199219,50.753597259521484,71.96024322509766,41.139564514160156
2014-07-15,20.89744758605957,35.65324020385742,50.92582321166992,72.88151550292969,42.586647033691406
2014-07-16,20.779062271118164,37.022247314453125,51.13016891479492,72.87220001220703,42.9082145690918
2014-07-17,20.408559799194336,37.40018844604492,50.03029251098633,71.08551025390625,42.2869873046875
2014-07-18,20.702333450317383,37.53458023071289,50.563018798828125,72.11846160888672,42.55741500854492
2014-07-21,20.594913482666016,37.660552978515625,50.337982177734375,71.9788589477539,42.56471633911133
2014-07-22,20.765905380249023,37.65217208862305,50.8064079284668,72.8349838256836,42.87897872924805
2014-07-23,21.30742073059082,37.68574523925781,50.79263687133789,72.34175872802734,43.120155334472656
2014-07-24,21.272348403930664,37.291015625,51.14625930786133,72.18356323242188,43.24440383911133
2014-07-25,21.41265106201172,37.37499237060547,49.316158294677734,70.489990234375,43.12747573852539
2014-07-28,21.708616256713867,36.929866790771484,49.18986129760742,70.8994140625,43.25901794433594
2014-07-29,21.56830596923828,36.86266326904297,49.02455520629883,70.62024688720703,42.85704803466797
2014-07-30,21.517894744873047,36.602298736572266,49.15312576293945,70.63886260986328,43.05438232421875
2014-07-31,20.95883560180664,36.249542236328125,48.4527702331543,69.00105285644531,42.148136138916016
2014-08-01,21.07503890991211,35.99758529663086,48.636478424072266,69.7734375,41.27842330932617
2014-08-04,20.956649780273438,36.42591857910156,48.71684265136719,70.42481994628906,41.402679443359375
2014-08-05,20.853599548339844,36.18235778808594,48.344852447509766,69.97815704345703,40.97147750854492
2014-08-06,20.81852149963379,35.89680480957031,48.37929153442383,70.12703704833984,41.0957145690918
2014-08-07,20.81632423400879,36.308349609375,48.00041961669922,68.91729736328125,40.8618278503418
2014-08-08,20.87360382080078,36.28314208984375,48.32646942138672,69.95020294189453,41.17610168457031
2014-08-11,21.14902114868164,36.28314208984375,48.35403823852539,70.37826538085938,41.16148376464844
2014-08-12,21.14460563659668,36.551902770996094,48.28972625732422,70.37826538085938,41.183414459228516
2014-08-13,21.424419403076172,37.022247314453125,48.6417350769043,71.00174713134766,41.45383071899414
2014-08-14,21.481706619262695,37.18181228637695,48.89250946044922,70.76911926269531,41.64384460449219
2014-08-15,21.58745574951172,37.61855697631836,48.356468200683594,69.98745727539062,41.47575378417969
2014-08-18,21.847440719604492,37.887332916259766,49.30659484863281,71.43911743164062,41.82657241821289
2014-08-19,22.1492919921875,38.309898376464844,49.46306610107422,71.09480285644531,42.067745208740234
2014-08-20,22.15810775756836,37.98874282836914,49.73912048339844,71.08551025390625,42.12620544433594
2014-08-21,22.160306930541992,38.21693420410156,49.63560485839844,71.64385223388672,42.75472640991211
2014-08-22,22.323345184326172,38.15778350830078,49.71380615234375,71.1692886352539,42.74742889404297
2014-08-25,22.37181854248047,38.1746711730957,49.697715759277344,71.1227035522461,43.3686408996582
2014-08-26,22.228605270385742,38.039466857910156,49.861061096191406,71.6531753540039,43.66100311279297
2014-08-27,22.501813888549805,37.921119689941406,49.95308303833008,71.31815338134766,43.55136489868164
2014-08-28,22.52825164794922,37.929588317871094,49.37102127075195,70.87150573730469,43.23708724975586
2014-08-29,22.583332061767578,38.394405364990234,48.89250946044922,70.5457763671875,43.44903564453125
2014-09-02,22.759593963623047,38.10706329345703,49.400936126708984,70.33177185058594,43.609825134277344
2014-09-03,21.798973083496094,37.9971923828125,49.44004821777344,70.666748046875,43.63176345825195
2014-09-04,21.618314743041992,38.250728607177734,49.29279708862305,71.07622528076172,43.639076232910156
2014-09-05,21.805580139160156,38.800079345703125,49.28131103515625,71.52291107177734,43.78522491455078
2014-09-08,21.67117691040039,39.273345947265625,49.64021301269531,70.93663024902344,43.7706184387207
2014-09-09,21.589670181274414,39.518428802490234,49.297420501708984,70.78775024414062,43.16401672363281
2014-09-10,22.25284194946289,39.58605194091797,49.895572662353516,71.32747650146484,43.28095245361328
2014-09-11,22.34758758544922,39.721256256103516,49.4515495300293,70.36896514892578,43.67561340332031
2014-09-12,22.39826011657715,39.46772766113281,49.242191314697266,70.2293930053711,43.87294006347656
2014-09-15,22.391645431518555,39.078956604003906,49.38024139404297,70.01536560058594,43.807159423828125
2014-09-16,22.22199821472168,39.518428802490234,49.9921989440918,71.27162170410156,43.84370803833008
2014-09-17,22.380630493164062,39.31559371948242,49.58498001098633,70.92732238769531,44.07757568359375
2014-09-18,22.426895141601562,39.45083236694336,49.794334411621094,72.39759063720703,44.815738677978516
2014-09-19,22.244029998779297,40.16073989868164,49.7506217956543,71.91371154785156,44.662254333496094
2014-09-22,22.266067504882812,39.77197265625,49.20539093017578,70.87150573730469,44.516082763671875
2014-09-23,22.614179611206055,39.34941482543945,48.878700256347656,70.26663970947266,44.53800964355469
2014-09-24,22.418087005615234,39.788883209228516,49.32731628417969,71.69967651367188,45.04230499267578
2014-09-25,21.5632266998291,38.909942626953125,48.47610092163086,69.53146362304688,43.96063995361328
2014-09-26,22.19776725769043,39.2226448059082,48.75905990600586,69.84789276123047,44.260311126708984
2014-09-29,22.056751251220703,39.24798583984375,48.52670669555664,69.34538269042969,44.09218215942383
2014-09-30,22.19776725769043,39.180389404296875,49.08805847167969,68.78704071044922,44.02641296386719
2014-10-01,21.851852416992188,38.79161071777344,48.315040588378906,68.2286605834961,43.68290710449219
2014-10-02,22.010494232177734,38.673309326171875,48.248329162597656,68.3217544555664,43.292964935302734
2014-10-03,21.948789596557617,38.952205657958984,48.77055358886719,69.16856384277344,44.36719512939453
2014-10-06,21.948789596557617,38.952205657958984,48.724552154541016,69.33605194091797,44.27888870239258
2014-10-07,21.757118225097656,38.47892379760742,47.86412811279297,67.97542572021484,43.60934829711914
2014-10-08,22.208782196044922,39.53533172607422,48.85569763183594,69.01919555664062,44.44076919555664
2014-10-09,22.257247924804688,38.74936294555664,47.785911560058594,66.9410171508789,43.46955108642578
2014-10-10,22.193363189697266,37.21122360229492,47.157840728759766,65.70149230957031,43.057518005371094
2014-10-13,21.99065589904785,36.89006805419922,46.996795654296875,65.03047943115234,42.79263687133789
2014-10-14,21.757118225097656,36.95769119262695,46.63789749145508,66.16747283935547,42.66755294799805
2014-10-15,21.490524291992188,36.526676177978516,46.06965255737305,66.44705200195312,40.8575325012207
2014-10-16,21.208505630493164,36.12100601196289,46.70232391357422,66.03701782226562,40.52646255493164
2014-10-17,21.5191650390625,36.873165130615234,47.39250564575195,66.68936157226562,41.35051727294922
2014-10-20,21.97964096069336,37.253482818603516,47.818119049072266,67.13667297363281,41.66689682006836
2014-10-21,22.576723098754883,37.929588317871094,49.07424545288086,69.11241912841797,42.6234130859375
2014-10-22,22.691293716430664,37.507015228271484,48.52440643310547,68.23637390136719,42.270240783691406
2014-10-23,23.096691131591797,38.04789733886719,49.297420501708984,69.04714965820312,42.71906280517578
2014-10-24,23.182615280151367,38.985992431640625,49.11335754394531,68.9632797241211,43.21938705444336
2014-10-27,23.15838050842285,38.800079345703125,49.097259521484375,69.06580352783203,43.145809173583984
2014-10-28,23.51751136779785,39.290245056152344,49.85646057128906,70.8271484375,43.87421417236328
2014-10-29,23.64970588684082,39.400123596191406,49.38483428955078,70.81785583496094,43.62406539916992
2014-10-30,23.57038688659668,38.918392181396484,54.44388198852539,77.47187042236328,43.697635650634766
2014-10-31,23.795114517211914,39.679019927978516,55.54356384277344,78.04965209960938,44.4996337890625
2014-11-03,24.103572845458984,40.093135833740234,55.5688591003418,78.40380096435547,44.79393768310547
2014-11-04,23.927324295043945,40.20298767089844,55.897850036621094,78.2733154296875,44.330406188964844
2014-11-05,23.984603881835938,40.44807434082031,57.40704345703125,80.13717651367188,44.99260711669922
2014-11-06,24.053197860717773,41.15800094604492,57.5358772277832,79.91353607177734,45.05146026611328
2014-11-07,24.121795654296875,41.14108657836914,58.07421875,79.0282211303711,45.228050231933594
2014-11-10,24.081958770751953,41.318572998046875,57.56348419189453,79.0748062133789,45.56650924682617
2014-11-11,24.27448081970215,41.301673889160156,57.45305252075195,78.8324966430664,45.15446853637695
2014-11-12,24.617460250854492,41.22561264038086,58.075416564941406,78.60884094238281,44.55849838256836
2014-11-13,24.96487045288086,41.92707061767578,57.83799362182617,78.46906280517578,44.31568908691406
2014-11-14,25.26581573486328,41.90171432495117,57.35855484008789,78.32926940917969,44.352474212646484
2014-11-17,25.223772048950195,41.80029296875,57.579833984375,77.537109375,44.42605209350586
2014-11-18,25.551265716552734,41.45160675048828,57.56369400024414,78.189453125,44.536407470703125
2014-11-19,25.374242782592773,41.00937271118164,57.59367370605469,78.54360961914062,44.587928771972656
2014-11-20,25.73713493347168,41.41757583618164,58.0108757019043,78.8418197631836,44.23474884033203
2014-11-21,25.772546768188477,40.80524826049805,58.59866714477539,78.95365905761719,44.47755813598633
2014-11-24,26.25050926208496,40.473567962646484,58.69086837768555,79.20528411865234,44.85279846191406
2014-11-25,26.022592544555664,40.371524810791016,59.29939651489258,80.46339416503906,44.36719512939453
2014-11-26,26.332382202148438,40.60965347290039,59.29939651489258,80.66839599609375,44.39661407470703
2014-11-28,26.31689453125,40.660682678222656,59.51375961303711,81.34872436523438,44.26417541503906
2014-12-01,25.462757110595703,41.34955978393555,59.504547119140625,81.50713348388672,44.14645004272461
2014-12-02,25.365392684936523,41.213462829589844,59.933284759521484,81.72151947021484,44.94110107421875
2014-12-03,25.65305519104004,40.89030456542969,60.29978942871094,82.30863952636719,45.27956008911133
2014-12-04,25.55569076538086,41.536643981933594,60.193756103515625,82.72797393798828,45.161834716796875
2014-12-05,25.447261810302734,41.17945098876953,60.70315933227539,83.01689910888672,46.1330451965332
2014-12-08,24.871936798095703,40.56712341308594,60.645545959472656,82.04769134521484,46.11096954345703
2014-12-09,25.252540588378906,40.473567962646484,60.88526916503906,81.86127471923828,45.94910430908203
2014-12-10,24.77235221862793,39.88676452636719,60.32745361328125,80.4540786743164,44.64678955078125
2014-12-11,24.69933319091797,40.11637878417969,60.65015411376953,81.72151947021484,44.98523712158203
2014-12-12,24.28111457824707,39.929290771484375,59.188758850097656,78.40380096435547,44.1758918762207
2014-12-15,23.949201583862305,39.691139221191406,59.1702995300293,78.85115051269531,43.52839660644531
2014-12-16,23.621700286865234,38.40693664550781,58.41195297241211,77.01521301269531,42.99129104614258
2014-12-17,24.210304260253906,38.90021514892578,59.718929290771484,78.96298217773438,43.97723388671875
2014-12-18,24.92725944519043,40.414039611816406,60.8898811340332,81.00390625,45.23539352416992
2014-12-19,24.734745025634766,40.533103942871094,60.31591796875,80.55659484863281,45.56650924682617
2014-12-22,24.991430282592773,40.80524826049805,60.90138626098633,80.9200439453125,45.57386779785156
2014-12-23,24.90291404724121,41.2049674987793,61.143436431884766,81.66555786132812,45.971168518066406
2014-12-24,24.78563690185547,40.941322326660156,61.68971252441406,81.79605102539062,45.971168518066406
2014-12-26,25.223772048950195,40.72019958496094,61.456912994384766,81.79605102539062,46.02268600463867
2014-12-29,25.206066131591797,40.35450744628906,61.1826171875,81.7121810913086,46.32434844970703
2014-12-30,24.898487091064453,39.988807678222656,60.979774475097656,81.0505142211914,46.464149475097656
2014-12-31,24.424955368041992,39.50404357910156,60.43808364868164,80.29561614990234,46.04475021362305
2015-01-02,24.192607879638672,39.767677307128906,61.088096618652344,79.84835052490234,46.27431869506836
2015-01-05,23.511062622070312,39.40199279785156,59.73964309692383,77.60233306884766,44.837730407714844
2015-01-06,23.513275146484375,38.82366943359375,59.354732513427734,77.43460845947266,43.67513656616211
2015-01-07,23.842973709106445,39.316951751708984,60.14995574951172,78.63910675048828,43.741783142089844
2015-01-08,24.75908660888672,40.473567962646484,60.956729888916016,79.86228942871094,44.719242095947266
2015-01-09,24.78563690185547,40.13338851928711,60.053123474121094,78.84454345703125,43.94172286987305
2015-01-12,24.174896240234375,39.63159942626953,59.93557357788086,77.83612060546875,43.56406021118164
2015-01-13,24.389541625976562,39.4275016784668,60.110774993896484,78.01348876953125,43.57146453857422
2015-01-14,24.29660415649414,39.087318420410156,58.90755081176758,77.9294662475586,42.0682258605957
2015-01-15,23.637195587158203,38.67909240722656,58.347408294677734,76.79966735839844,40.720516204833984
2015-01-16,23.45353126525879,39.3254508972168,58.766929626464844,78.24694061279297,41.41658401489258
2015-01-20,24.057621002197266,39.45301818847656,59.202571868896484,78.67647552490234,41.2536735534668
2015-01-21,24.241289138793945,39.05329513549805,59.30400848388672,78.17225646972656,41.38695526123047
2015-01-22,24.871936798095703,40.082366943359375,59.37776184082031,78.78848266601562,42.645835876464844
2015-01-23,25.000280380249023,40.124881744384766,59.53681945800781,78.79783630371094,41.97197341918945
2015-01-26,25.026830673217773,39.98030090332031,59.13113021850586,78.06022644042969,42.038612365722656
2015-01-27,24.150558471679688,36.28077697753906,57.8541374206543,76.35147857666016,41.61652374267578
2015-01-28,25.515869140625,35.030601501464844,56.78689956665039,75.38968658447266,40.542789459228516
2015-01-29,26.310253143310547,35.72797393798828,57.16492462158203,75.98729705810547,41.22404479980469
2015-01-30,25.92523193359375,34.35874938964844,58.757713317871094,76.5942611694336,40.268795013427734
2015-02-02,26.25050926208496,35.107139587402344,58.85683059692383,77.48127746582031,41.075950622558594
2015-02-03,26.25494384765625,35.37929153442383,59.88257598876953,78.25630950927734,42.0015869140625
2015-02-04,26.456302642822266,35.58340072631836,61.05815887451172,78.60174560546875,41.749820709228516
2015-02-05,26.64513397216797,36.10219192504883,62.65092849731445,80.13308715820312,42.038612365722656
2015-02-06,26.420757293701172,36.068172454833984,61.64129638671875,78.58308410644531,42.86797332763672
2015-02-09,26.59626007080078,36.02564239501953,61.18952941894531,78.98457336425781,42.816139221191406
2015-02-10,27.107219696044922,36.229766845703125,60.979774475097656,78.64845275878906,43.290069580078125
2015-02-11,27.742576599121094,36.042659759521484,61.42312240600586,78.86319732666016,43.22342300415039
2015-02-12,28.09357261657715,36.64649963378906,62.55929183959961,81.7204360961914,44.11202621459961
2015-02-13,28.231313705444336,37.30984115600586,62.26371383666992,81.36563110351562,44.18608474731445
2015-02-17,28.397937774658203,37.326988220214844,62.550048828125,81.7204360961914,44.50450134277344
2015-02-18,28.59564971923828,37.284149169921875,62.145938873291016,81.91653442382812,43.96393966674805
2015-02-19,28.535663604736328,37.25845718383789,62.14132308959961,83.28910064697266,43.86025619506836
2015-02-20,28.768922805786133,37.56680679321289,63.04191589355469,84.7737808227539,44.282352447509766
2015-02-23,29.546466827392578,37.815185546875,63.044193267822266,85.0818862915039,43.949127197265625
2015-02-24,29.362075805664062,37.76380157470703,62.91952133178711,85.26863098144531,45.037662506103516
2015-02-25,28.611194610595703,37.67815399169922,63.044193267822266,86.52916717529297,45.27462387084961
2015-02-26,28.973308563232422,37.73811340332031,63.215087890625,85.21260833740234,45.60044860839844
2015-02-27,28.537887573242188,37.5582389831543,62.65164566040039,84.157470703125,45.37831115722656
2015-03-02,28.67784881591797,37.58393478393555,64.26349639892578,85.9222183227539,45.741153717041016
2015-03-03,28.737825393676758,37.07003402709961,63.57304000854492,84.94182586669922,45.889251708984375
2015-03-04,28.555665969848633,36.881595611572266,63.215087890625,85.63277435302734,46.00773239135742
2015-03-05,28.08247184753418,36.92442321777344,63.3028564453125,86.659912109375,45.91145324707031
2015-03-06,28.12467384338379,36.28203201293945,62.19673538208008,84.7737808227539,45.08949661254883
2015-03-09,28.244644165039062,36.70172882080078,62.67705535888672,85.0818862915039,45.54121398925781
2015-03-10,27.66037940979004,35.9993782043457,61.2407112121582,82.95297241210938,44.40083312988281
2015-03-11,27.15609359741211,35.9565544128418,61.13679122924805,81.20690155029297,44.60818099975586
2015-03-12,27.64705467224121,35.134281158447266,62.252132415771484,83.33577728271484,45.44493103027344
2015-03-13,27.45599937438965,35.44263458251953,61.20145034790039,81.9352035522461,45.17094802856445
2015-03-16,27.758121490478516,35.59681701660156,62.122833251953125,82.83157348632812,45.800392150878906
2015-03-17,28.222431182861328,35.716732025146484,61.079063415527344,82.140625,45.62267303466797
2015-03-18,28.54010581970215,36.401939392089844,61.81110382080078,82.99031829833984,45.72633743286133
2015-03-19,28.324615478515625,36.22207260131836,61.71181106567383,83.12103271484375,45.31905746459961
2015-03-20,27.96916961669922,36.727420806884766,62.266014099121094,83.8680191040039,45.72633743286133
2015-03-23,28.260189056396484,36.71029281616211,61.96116638183594,83.4104995727539,45.27462387084961
2015-03-24,28.144678115844727,36.74456024169922,61.97966384887695,83.55987548828125,44.77107238769531
2015-03-25,27.409343719482422,35.51115417480469,60.71419143676758,81.58037567138672,44.141666412353516
2015-03-26,27.60040283203125,35.297027587890625,60.58488082885742,82.103271484375,44.08981704711914
2015-03-27,27.380470275878906,35.09146499633789,60.538719177246094,81.46833038330078,44.09721755981445
2015-03-30,28.073583602905273,35.082908630371094,60.6495475769043,81.86048126220703,45.14133071899414
2015-03-31,27.642608642578125,34.82594680786133,60.418636322021484,80.66529846191406,44.85993957519531
2015-04-01,27.602617263793945,34.877349853515625,60.20616912841797,80.99213409423828,44.68849182128906
2015-04-02,27.840322494506836,34.5090446472168,60.30777359008789,81.26290893554688,45.1133918762207
2015-04-06,28.29129409790039,35.5882568359375,60.22464370727539,81.5523452758789,45.07611846923828
2015-04-07,27.993608474731445,35.57111740112305,60.77886199951172,82.24458312988281,45.35939407348633
2015-04-08,27.90251922607422,35.476890563964844,61.42546463012695,83.55422973632812,45.50846481323242
2015-04-09,28.115795135498047,35.52828598022461,61.37004089355469,83.31100463867188,45.8215446472168
2015-04-10,28.23575210571289,35.73386001586914,61.27764892578125,82.85263061523438,45.99299621582031
2015-04-13,28.180217742919922,35.76811218261719,60.60336685180664,82.55329895019531,46.268798828125
2015-04-14,28.05803108215332,35.673912048339844,60.52946090698242,83.36711883544922,46.99188232421875
2015-04-15,28.1646671295166,36.19637680053711,60.66803741455078,83.48872375488281,47.86402893066406
2015-04-16,28.029151916503906,36.11072540283203,60.64031219482422,82.99297332763672,47.56586456298828
2015-04-17,27.713695526123047,35.64820861816406,59.59654235839844,81.31851959228516,46.84278869628906
2015-04-20,28.346832275390625,36.75311279296875,59.78129196166992,81.69268035888672,47.140960693359375
2015-04-21,28.19354820251465,36.521846771240234,60.36320877075195,82.10428619384766,46.44770812988281
2015-04-22,28.573429107666016,36.821632385253906,62.82022476196289,85.31288146972656,46.91733169555664
2015-04-23,28.80669593811035,37.12142562866211,62.55236053466797,85.01348876953125,46.812984466552734
2015-04-24,28.94220542907715,41.00143814086914,62.33066940307617,84.8638687133789,46.66387176513672
2015-04-27,29.468708038330078,41.13846969604492,61.97966384887695,83.95645904541016,46.470069885253906
2015-04-28,29.00440788269043,42.10634231567383,61.67484664916992,84.40547943115234,46.78315734863281
2015-04-29,28.5778751373291,42.02069091796875,62.201358795166016,84.4241714477539,47.40932083129883
2015-04-30,27.802562713623047,41.660945892333984,61.009796142578125,84.38677215576172,47.155853271484375
2015-05-01,28.64673614501953,41.67806625366211,60.75115203857422,85.35961151123047,47.41676712036133
2015-05-04,28.591205596923828,41.3183479309082,60.57565689086914,85.29415893554688,48.244197845458984
2015-05-05,27.94696044921875,40.77017593383789,60.926666259765625,84.91997528076172,48.00566101074219
2015-05-06,27.771453857421875,39.63957977294922,60.658790588378906,84.7235107421875,47.647850036621094
2015-05-07,27.94322395324707,39.999305725097656,61.49934387207031,86.10802459716797,48.0802001953125
2015-05-08,28.469701766967773,40.898643493652344,64.1688232421875,87.47377014160156,48.81817626953125
2015-05-11,28.1796932220459,40.57316970825195,63.753135681152344,86.54768371582031,48.78834915161133
2015-05-12,28.079309463500977,40.55604934692383,63.44831466674805,86.42604064941406,48.72127151489258
2015-05-13,28.110546112060547,40.795860290527344,63.52237319946289,86.54768371582031,48.84053421020508
2015-05-14,28.76639747619629,41.729469299316406,64.77152252197266,87.78244018554688,49.23561477661133
2015-05-15,28.72624969482422,41.36972427368164,64.37362670898438,87.20246887207031,49.10888671875
2015-05-18,29.043031692504883,41.121337890625,64.77152252197266,87.07152557373047,49.51142501831055
2015-05-19,29.016258239746094,41.01789474487305,64.9195785522461,87.74504089355469,49.95124435424805
2015-05-20,29.014020919799805,41.01789474487305,64.56793975830078,87.22119140625,49.556148529052734
2015-05-21,29.310718536376953,40.87996292114258,64.1885757446289,86.90310668945312,49.6828727722168
2015-05-22,29.567256927490234,40.43165969848633,64.419921875,86.70668029785156,49.5486946105957
2015-05-26,28.915864944458008,40.1644287109375,63.420562744140625,85.95833587646484,48.9970817565918
2015-05-27,29.455730438232422,41.04375457763672,64.29960632324219,86.61314392089844,49.5486946105957
2015-05-28,29.397729873657227,40.905818939208984,64.36437225341797,86.82828521728516,49.347434997558594
2015-05-29,29.063100814819336,40.397193908691406,63.550106048583984,86.304443359375,49.034358978271484
2015-06-01,29.121105194091797,40.71616744995117,63.94801330566406,86.58507537841797,49.25798416137695
2015-06-02,28.99171257019043,40.448917388916016,63.88322448730469,87.15572357177734,49.2132453918457
2015-06-03,29.027400970458984,40.388572692871094,63.7999382019043,87.46442413330078,49.72014236450195
2015-06-04,28.857864379882812,39.96615219116211,63.1152229309082,86.59439849853516,49.444332122802734
2015-06-05,28.69947052001953,39.776485443115234,63.26328659057617,86.6412124633789,50.25686264038086
2015-06-08,28.509859085083008,39.42304229736328,62.62480545043945,85.96768951416016,49.86177444458008
2015-06-09,28.425079345703125,39.35407638549805,62.87464904785156,86.14541625976562,50.077945709228516
2015-06-10,28.750778198242188,40.18166732788086,64.42914581298828,88.09114837646484,50.88301086425781
2015-06-11,28.686094284057617,40.03512191772461,64.43842315673828,88.39984130859375,51.07682418823242
2015-06-12,28.36931610107422,39.62994384765625,64.15156555175781,87.71697235107422,50.87554168701172
2015-06-15,28.313541412353516,39.207523345947266,63.44832229614258,87.27731323242188,50.68174743652344
2015-06-16,28.465238571166992,39.50926971435547,63.855464935302734,88.0724105834961,50.96501159667969
2015-06-17,28.398313522338867,39.62994384765625,63.614891052246094,88.3530502319336,50.7935676574707
2015-06-18,28.52769660949707,40.2765007019043,64.30887603759766,89.84977722167969,51.270626068115234
2015-06-19,28.242155075073242,39.74199676513672,63.55934524536133,88.6898422241211,50.748844146728516
2015-06-22,28.46746826171875,39.85408020019531,63.92946243286133,89.26045989990234,51.40482711791992
2015-06-23,28.338090896606445,39.578216552734375,64.23483276367188,89.52238464355469,51.99371337890625
2015-06-24,28.579011917114258,39.34545135498047,63.716678619384766,89.34465026855469,51.44953155517578
2015-06-25,28.442928314208984,39.35407638549805,63.49460983276367,88.36241149902344,51.17372512817383
2015-06-26,28.275615692138672,39.01786422729492,63.614891052246094,88.40921783447266,51.39735794067383
2015-06-29,27.780380249023438,38.250606536865234,61.73652267456055,86.54768371582031,50.09285354614258
2015-06-30,27.98114585876465,38.06094741821289,62.134395599365234,87.4457015991211,50.51030349731445
2015-07-01,28.242155075073242,38.31958770751953,62.782127380371094,88.39984130859375,51.07303237915039
2015-07-02,28.206478118896484,38.276485443115234,63.14297103881836,88.15666198730469,50.66034698486328
2015-07-06,28.108312606811523,38.26784896850586,63.031944274902344,88.41857147216797,50.5178108215332
2015-07-07,28.039154052734375,38.19026565551758,62.70808029174805,87.97813415527344,50.12014389038086
2015-07-08,27.343137741088867,38.1385498046875,61.74575424194336,86.66629028320312,49.092227935791016
2015-07-09,26.78543472290039,38.37990951538086,62.0418701171875,87.1816635131836,49.60243225097656
2015-07-10,27.501516342163086,38.45750427246094,63.3095588684082,88.66219329833984,50.30772399902344
2015-07-13,28.03246307373047,39.259246826171875,64.32738494873047,89.48677825927734,51.08803939819336
2015-07-14,28.021305084228516,39.32820510864258,64.86405944824219,89.27122497558594,51.800819396972656
2015-07-15,28.291236877441406,39.448909759521484,64.7900161743164,89.25250244140625,51.91337203979492
2015-07-16,28.668245315551758,40.22478485107422,65.29891967773438,89.78663635253906,52.19096374511719
2015-07-17,28.915864944458008,40.190303802490234,65.58578491210938,90.03026580810547,51.928375244140625
2015-07-20,29.46242332458496,40.448917388916016,67.26985931396484,91.1359634399414,51.96588897705078
2015-07-21,29.16795539855957,40.75926971435547,66.64065551757812,90.6205825805664,51.8458366394043
2015-07-22,27.93429946899414,39.259246826171875,66.59437561035156,90.77986145019531,52.581138610839844
2015-07-23,27.920923233032227,39.75062942504883,66.39080810546875,89.1681900024414,52.25098419189453
2015-07-24,27.7736873626709,39.604068756103516,69.21299743652344,89.7959976196289,51.70328903198242
2015-07-27,27.38775062561035,39.0954475402832,68.34321594238281,88.4466552734375,51.02801513671875
2015-07-28,27.523832321166992,39.08681869506836,69.15747833251953,89.1681900024414,51.05803298950195
2015-07-29,27.436830520629883,39.90580749511719,70.33260345458984,90.63933563232422,51.725799560546875
2015-07-30,27.298526763916016,40.4144401550293,70.67498016357422,92.21351623535156,51.800819396972656
2015-07-31,27.059825897216797,40.259254455566406,69.71267700195312,91.26715087890625,51.41816329956055
2015-08-03,26.421817779541016,40.35408401489258,70.11054992675781,91.30463409423828,51.41816329956055
2015-08-04,25.57410430908203,40.9834098815918,69.64788055419922,91.17343139648438,51.36564254760742
2015-08-05,25.743642807006836,41.01789474487305,69.37957000732422,92.08238220214844,51.5682258605957
2015-08-06,25.799663543701172,40.190303802490234,68.08411407470703,91.0422592163086,51.20807647705078
2015-08-07,25.88705825805664,40.29374694824219,68.66706085205078,91.61384582519531,51.05803298950195
2015-08-10,26.8282470703125,40.80238342285156,68.8243637084961,91.904296875,51.68826675415039
2015-08-11,25.432159423828125,40.00925827026367,67.88055419921875,91.07975006103516,51.19306945800781
2015-08-12,25.824316024780273,40.29374694824219,68.15857696533203,90.9297866821289,50.45026779174805
2015-08-13,25.80414581298828,40.28512191772461,68.52009582519531,91.10784149169922,50.68286895751953
2015-08-14,25.985658645629883,40.517879486083984,68.7888412475586,91.72628021240234,50.9379768371582
2015-08-17,26.254568099975586,40.79374694824219,68.96495056152344,91.69817352294922,51.07303237915039
2015-08-18,26.10666847229004,41.019378662109375,69.02054595947266,91.45453643798828,51.178062438964844
2015-08-19,25.772777557373047,40.44664001464844,68.95565795898438,90.51751708984375,50.72037887573242
2015-08-20,25.243921279907227,39.62226867675781,68.5385971069336,88.60594940185547,49.4748649597168
2015-08-21,23.699928283691406,37.374732971191406,65.9805679321289,84.97028350830078,47.71918487548828
2015-08-24,23.108322143554688,36.16853713989258,63.357669830322266,82.29973602294922,45.20567321777344
2015-08-25,23.247257232666016,35.118560791015625,62.06935501098633,81.35330963134766,44.9505500793457
2015-08-26,24.58061408996582,37.062355041503906,65.51715087890625,85.93540954589844,47.201480865478516
2015-08-27,25.30442237854004,38.09499740600586,67.10204315185547,88.12806701660156,48.379432678222656
2015-08-28,25.387338638305664,38.12104034423828,67.15760803222656,88.15618896484375,48.11683654785156
2015-08-31,25.268571853637695,37.76525115966797,66.08251190185547,86.55384826660156,48.09433364868164
2015-09-01,24.139148712158203,36.29003143310547,63.91374206542969,83.44288635253906,46.10602951049805
2015-09-02,25.174449920654297,37.626399993896484,64.52545928955078,84.73600769042969,46.946372985839844
2015-09-03,24.732988357543945,37.74789810180664,65.24837493896484,85.87920379638672,47.02890396118164
2015-09-04,24.486492156982422,36.97557067871094,64.09913635253906,84.8297119140625,46.14354705810547
2015-09-08,25.167726516723633,38.0863151550293,65.36888885498047,87.05046844482422,47.38905715942383
2015-09-09,24.683683395385742,37.374732971191406,64.50689697265625,84.3049545288086,46.65375518798828
2015-09-10,25.225996017456055,37.56565856933594,65.09080505371094,84.03324890136719,47.01390075683594
2015-09-11,25.5935001373291,37.73052978515625,65.58203125,85.59806823730469,46.93885803222656
2015-09-14,25.840002059936523,37.348724365234375,64.88692474365234,85.21389770507812,46.80381393432617
2015-09-15,26.0573673248291,38.16440963745117,65.35032653808594,86.31022644042969,47.70417404174805
2015-09-16,26.086502075195312,38.442108154296875,65.79518127441406,86.89119720458984,48.124332427978516
2015-09-17,25.52850914001465,38.398719787597656,65.76738739013672,87.34099578857422,47.00638961791992
2015-09-18,25.423189163208008,37.73052978515625,64.68302917480469,86.34770965576172,45.72336959838867
2015-09-21,25.817588806152344,38.277217864990234,65.6005859375,87.19105529785156,46.10602951049805
2015-09-22,25.411985397338867,38.09499740600586,65.10934448242188,86.27275848388672,45.700862884521484
2015-09-23,25.618148803710938,38.068946838378906,65.75811767578125,86.33832550048828,45.4982795715332
2015-09-24,25.770524978637695,38.10366439819336,65.10009002685547,85.382568359375,45.18318176269531
2015-09-25,25.705547332763672,38.12969970703125,65.51715087890625,85.5512466430664,46.121028900146484
2015-09-28,25.196853637695312,37.56565856933594,62.28255844116211,82.78697204589844,45.00307846069336
2015-09-29,24.439434051513672,37.69582748413086,63.51518630981445,83.17118072509766,44.89804458618164
2015-09-30,24.717296600341797,38.40740203857422,64.56250762939453,84.44554901123047,45.74588394165039
2015-10-01,24.55596160888672,38.71110153198242,64.86837005615234,85.01713562011719,46.08351516723633
2015-10-02,24.735231399536133,39.54417037963867,65.49861907958984,86.27275848388672,45.95503616333008
2015-10-05,24.82486915588379,40.46400833129883,66.94445037841797,88.39046478271484,46.869468688964844
2015-10-06,24.943634033203125,40.568138122558594,66.80542755126953,88.00627136230469,46.89213180541992
2015-10-07,24.82486915588379,40.611515045166016,67.86201477050781,89.33912658691406,46.95258712768555
2015-10-08,24.53803062438965,41.175575256347656,68.49224853515625,89.98680114746094,46.95258712768555
2015-10-09,25.125146865844727,40.880523681640625,68.56641387939453,89.93983459472656,46.80143356323242
2015-10-12,25.008621215820312,40.78506088256836,69.50250244140625,90.70951843261719,46.64274978637695
2015-10-13,25.051197052001953,40.689613342285156,69.51175689697266,90.04309844970703,46.5142822265625
2015-10-14,24.69713592529297,40.50739288330078,68.77030944824219,89.19832611083984,45.335365295410156
2015-10-15,25.06688690185547,40.79374313354492,69.826904296875,91.19760131835938,46.77122116088867
2015-10-16,24.883127212524414,41.227630615234375,70.43858337402344,91.64814758300781,47.17930603027344
2015-10-19,25.037757873535156,41.32310104370117,71.35612487792969,91.74201202392578,47.02061080932617
2015-10-20,25.494890213012695,41.453250885009766,70.6980972290039,91.67631530761719,47.2473258972168
2015-10-21,25.4926700592041,40.9586296081543,69.9380874633789,90.67198944091797,46.89969253540039
2015-10-22,25.8825740814209,41.678863525390625,70.82786560058594,92.00486755371094,47.75365447998047
2015-10-23,26.684825897216797,45.87886047363281,71.4302978515625,93.66622924804688,48.267520904541016
2015-10-26,25.833271026611328,47.07638931274414,72.45906066894531,93.51600646972656,48.29021072387695
2015-10-27,25.669689178466797,46.59043502807617,71.84732055664062,92.38968658447266,48.093727111816406
2015-10-28,26.727405548095703,46.842098236083984,73.09857940673828,93.94779968261719,49.49936294555664
2015-10-29,27.0097599029541,46.3040657043457,72.76493072509766,94.41712951660156,49.28020095825195
2015-10-30,26.778947830200195,45.67927551269531,71.90298461914062,92.91529083251953,48.554718017578125
2015-11-02,27.155418395996094,46.1999397277832,69.71566772460938,93.28136444091797,49.529571533203125
2015-11-03,27.466907501220703,46.9896240234375,72.19954681396484,93.97595977783203,49.71095657348633
2015-11-04,27.339174270629883,47.20656204223633,72.61660766601562,94.35140228271484,49.76385498046875
2015-11-05,27.213144302368164,47.189205169677734,73.46003723144531,94.51097869873047,50.209720611572266
2015-11-06,27.244651794433594,47.65777587890625,72.98737335205078,95.27127838134766,51.73625946044922
2015-11-09,27.13437271118164,46.998294830322266,72.32929992675781,94.30451202392578,50.92764663696289
2015-11-10,26.27918243408203,46.43423843383789,73.79631805419922,94.47342681884766,51.14680862426758
2015-11-11,26.130651473999023,46.55573272705078,73.51776885986328,94.68928527832031,50.897422790527344
2015-11-12,26.042882919311523,46.26935958862305,72.70996856689453,92.24888610839844,49.87720489501953
2015-11-13,25.282207489013672,45.85282897949219,72.52430725097656,90.91605377197266,49.54469680786133
2015-11-16,25.696304321289062,46.65986633300781,73.25780487060547,92.26765441894531,50.26262283325195
2015-11-17,25.586023330688477,46.27546310424805,73.19281005859375,92.0517578125,49.9754524230957
2015-11-18,26.396207809448242,47.044254302978516,74.70623779296875,93.07487487792969,50.97299575805664
2015-11-19,26.731536865234375,47.12287139892578,74.41838073730469,92.85897064208984,51.131710052490234
2015-11-20,26.84856414794922,47.341285705566406,74.45552825927734,93.39401245117188,51.041019439697266
2015-11-23,26.499736785888672,47.341285705566406,74.38126373291016,93.27198028564453,50.542240142822266
2015-11-24,26.754037857055664,47.393699645996094,74.08415985107422,92.45539093017578,50.46665954589844
2015-11-25,26.562755584716797,46.90447235107422,73.87059783935547,92.13626861572266,50.52711868286133
2015-11-27,26.51323699951172,47.114139556884766,74.1305923461914,92.61493682861328,50.761409759521484
2015-11-30,26.623519897460938,47.48104476928711,73.35993194580078,91.91094970703125,50.3911018371582
2015-12-01,26.40746307373047,48.24110412597656,74.19557189941406,91.92039489746094,51.093902587890625
2015-12-02,26.16891098022461,48.23236083984375,73.38777923583984,91.14127349853516,50.37598419189453
2015-12-03,25.92585563659668,47.35001754760742,72.69143676757812,90.07125854492188,49.726051330566406
2015-12-04,26.787796020507812,48.843902587890625,74.6505355834961,92.64309692382812,51.30551528930664
2015-12-07,26.619007110595703,48.75654220581055,73.86128234863281,91.8171157836914,50.63292694091797
2015-12-08,26.60775375366211,48.739078521728516,73.41565704345703,92.15501403808594,49.84698486328125
2015-12-09,26.020374298095703,48.03144836425781,72.31074523925781,91.8171157836914,49.469120025634766
2015-12-10,26.144147872924805,48.2847785949707,72.53358459472656,91.61998748779297,49.58247756958008
2015-12-11,25.471256256103516,47.22770690917969,70.66732025146484,89.01058959960938,48.41868209838867
2015-12-14,25.313716888427734,48.171226501464844,71.37296295166016,90.39039611816406,48.569828033447266
2015-12-15,24.86586570739746,48.22364044189453,72.99783325195312,92.38968658447266,49.95277404785156
2015-12-16,25.057159423828125,49.036109924316406,74.1491470336914,93.9008560180664,51.033447265625
2015-12-17,24.526033401489258,48.66045379638672,73.06280517578125,93.23445129394531,50.08881378173828
2015-12-18,23.862136840820312,47.28886413574219,70.8623046875,90.3810043334961,48.668060302734375
2015-12-21,24.15470314025879,47.900390625,71.65151977539062,91.0849609375,49.529571533203125
2015-12-22,24.132200241088867,48.354671478271484,71.84648132324219,91.55427551269531,49.635379791259766
2015-12-23,24.44277572631836,48.76526641845703,72.94209289550781,92.67129516601562,50.42888259887695
2015-12-24,24.31224250793457,48.634239196777344,72.66358184814453,92.53986358642578,50.33062744140625
2015-12-28,24.03993034362793,48.87882995605469,72.91423797607422,92.48351287841797,50.16438293457031
2015-12-29,24.472021102905273,49.403018951416016,73.54563903808594,93.60051727294922,50.685821533203125
2015-12-30,24.152456283569336,49.19334411621094,72.74711608886719,92.80268096923828,50.323081970214844
2015-12-31,23.688852310180664,48.46825408935547,72.00435638427734,91.38533782958984,49.89988327026367
2016-01-04,23.7091064453125,47.87419891357422,70.28660583496094,88.9918212890625,48.401126861572266
2016-01-05,23.114967346191406,48.092594146728516,70.81586456298828,89.1607666015625,48.48482131958008
2016-01-06,22.662620544433594,47.21896743774414,69.88739013671875,87.7970199584961,47.784908294677734
2016-01-07,21.70615005493164,45.576568603515625,68.51322937011719,86.18875885009766,45.852500915527344
2016-01-08,21.8209285736084,45.71635818481445,67.66828918457031,84.54285430908203,44.825439453125
2016-01-11,22.174257278442383,45.690147399902344,68.63389587402344,85.19180297851562,44.75698471069336
2016-01-12,22.496078491210938,46.1094856262207,69.41384887695312,86.00067901611328,44.855865478515625
2016-01-13,21.917699813842773,45.113563537597656,67.87255859375,83.8844985961914,43.62339782714844
2016-01-14,22.397052764892578,46.39777755737305,68.52247619628906,85.3140640258789,44.27769088745117
2016-01-15,21.85918426513672,44.54570770263672,66.693359375,83.43302917480469,43.39516830444336
2016-01-19,21.75341033935547,44.17005920410156,66.28485107421875,81.09114074707031,43.37234115600586
2016-01-20,21.78267478942871,44.37098693847656,65.62557983398438,80.06597900390625,42.231178283691406
2016-01-21,21.67239761352539,44.10017395019531,66.44269561767578,80.99711608886719,42.03335189819336
2016-01-22,22.824649810791016,45.68141174316406,67.50113677978516,82.76525115966797,43.326698303222656
2016-01-25,22.379056930541992,45.24460220336914,66.60980987548828,81.60844421386719,42.34529495239258
2016-01-26,22.50282859802246,45.576568603515625,66.73978424072266,81.82475280761719,43.42559814453125
2016-01-27,21.02424430847168,44.74663162231445,65.83917236328125,79.76502227783203,43.39516830444336
2016-01-28,21.175031661987305,45.48048400878906,64.37215423583984,78.46709442138672,43.5777587890625
2016-01-29,21.90644073486328,48.12752914428711,69.16315460205078,83.73399353027344,45.266693115234375
2016-02-01,21.701648712158203,47.795562744140625,69.0610122680664,83.35778045654297,44.77980422973633
2016-02-02,21.262802124023438,46.30168151855469,68.151123046875,80.81841278076172,43.38758087158203
2016-02-03,21.68364715576172,45.567840576171875,69.0610122680664,81.3262939453125,43.676666259765625
2016-02-04,21.857877731323242,45.428062438964844,68.41107940673828,81.19461822509766,44.429840087890625
2016-02-05,21.274089813232422,43.82060623168945,66.42411041259766,77.83698272705078,43.935333251953125
2016-02-08,21.498104095458984,43.16539001464844,62.9236946105957,75.85247039794922,43.0147819519043
2016-02-09,21.49357795715332,43.051815032958984,63.44368362426758,77.09398651123047,42.75611114501953
2016-02-10,21.330663681030273,43.4274787902832,65.13352966308594,78.3542709350586,42.238765716552734
2016-02-11,21.20168685913086,43.41001510620117,63.57365417480469,77.22565460205078,40.37485885620117
2016-02-12,21.26730728149414,44.11763000488281,65.38420104980469,79.84027099609375,43.737518310546875
2016-02-16,21.866926193237305,44.95354080200195,66.01558685302734,81.05352020263672,44.39179611206055
2016-02-17,22.201814651489258,46.123779296875,67.01102447509766,82.02226257324219,44.711326599121094
2016-02-18,21.78093719482422,45.92141342163086,66.27606964111328,80.92186737060547,43.9809684753418
2016-02-19,21.731164932250977,45.59584426879883,66.54586029052734,81.62727355957031,43.988582611083984
2016-02-22,21.921228408813477,46.32615661621094,67.9692611694336,82.59598541259766,44.559181213378906
2016-02-23,21.425689697265625,45.03272247314453,67.12265014648438,81.0817642211914,42.69524383544922
2016-02-24,21.744735717773438,45.19110107421875,66.84357452392578,81.2792739868164,42.71045684814453
2016-02-25,21.89407730102539,45.842220306396484,68.16459655761719,82.21977996826172,43.37234115600586
2016-02-26,21.928022384643555,45.1383056640625,67.66226959228516,82.36085510253906,43.77557373046875
2016-02-29,21.87823486328125,44.76875686645508,67.34593200683594,81.7495346069336,42.83218765258789
2016-03-01,22.74712371826172,46.26457214355469,69.43914031982422,84.7403564453125,45.03846740722656
2016-03-02,22.796905517578125,46.59012985229492,69.12285614013672,84.54285430908203,45.46452331542969
2016-03-03,22.966611862182617,46.06220626831055,68.76001739501953,84.40176391601562,45.616661071777344
2016-03-04,23.30827522277832,45.78062438964844,68.75072479248047,84.69332885742188,45.68513488769531
2016-03-07,23.050331115722656,44.90073013305664,66.92729949951172,83.04742431640625,45.601436614990234
2016-03-08,22.860258102416992,45.44626998901367,65.69926452636719,81.68367767333984,44.71894454956055
2016-03-09,22.880624771118164,46.49333953857422,65.75506591796875,81.99406433105469,44.97759246826172
2016-03-10,22.89194107055664,45.79822540283203,65.32714080810547,81.72130584716797,44.58960723876953
2016-03-11,23.13857078552246,46.69570541381836,66.63890075683594,83.3107681274414,45.14497756958008
2016-03-14,23.197404861450195,46.78369903564453,66.50865173339844,83.58353424072266,44.97759246826172
2016-03-15,23.663528442382812,47.15325927734375,66.89938354492188,84.04438018798828,45.03846740722656
2016-03-16,23.978042602539062,47.82196807861328,67.32733154296875,84.65570831298828,44.825439453125
2016-03-17,23.9395751953125,48.094749450683594,68.04370880126953,85.97242736816406,44.696109771728516
2016-03-18,23.966733932495117,47.065269470214844,68.63906860351562,86.81889343261719,46.012271881103516
2016-03-21,23.96446990966797,47.39081954956055,68.6297836303711,86.85651397705078,45.99705123901367
2016-03-22,24.147743225097656,47.57559585571289,67.8761978149414,86.30162048339844,45.829689025878906
2016-03-23,24.01424217224121,47.48760986328125,68.76001739501953,86.64959716796875,45.601436614990234
2016-03-24,23.91016387939453,47.69878387451172,68.9739990234375,86.44268798828125,45.25148391723633
2016-03-28,23.801549911499023,47.109256744384766,68.91816711425781,85.81253051757812,45.190616607666016
2016-03-29,24.36496925354004,48.13872146606445,70.12760162353516,87.26094818115234,44.90913009643555
2016-03-30,24.79035758972168,48.43788528442383,71.43002319335938,88.22965240478516,45.42646026611328
2016-03-31,24.66138458251953,48.59626770019531,71.15096282958984,88.87863159179688,45.053680419921875
2016-04-01,24.887664794921875,48.89543151855469,72.18358612060547,90.16715240478516,45.548194885253906
2016-04-04,25.14335060119629,48.77225875854492,72.40689849853516,89.39590454101562,45.371910095214844
2016-04-05,24.846923828125,48.006752014160156,71.60679626464844,88.73754119873047,44.72812271118164
2016-04-06,25.107135772705078,48.49948501586914,72.76041412353516,89.2935791015625,45.073001861572266
2016-04-07,24.55956268310547,47.91875457763672,72.17430877685547,88.12499237060547,43.931053161621094
2016-04-08,24.586721420288086,47.883548736572266,72.59292602539062,88.38883972167969,44.2529411315918
2016-04-11,24.66817283630371,47.786766052246094,72.39757537841797,88.08726501464844,44.60550308227539
2016-04-12,24.989479064941406,48.0859375,73.04879760742188,88.454833984375,45.4332275390625
2016-04-13,25.351518630981445,48.70185852050781,74.1558837890625,90.23594665527344,47.35693359375
2016-04-14,25.36508560180664,48.710670471191406,74.73268127441406,90.63179016113281,47.97007751464844
2016-04-15,24.855974197387695,48.9658317565918,74.50008392333984,91.11241912841797,47.418243408203125
2016-04-18,24.31970977783203,49.67853927612305,75.77461242675781,92.04544067382812,47.724822998046875
2016-04-19,24.190744400024414,49.616943359375,75.1234130859375,91.64017486572266,48.52955627441406
2016-04-20,24.240516662597656,48.91304016113281,75.49554443359375,92.2621841430664,49.23466110229492
2016-04-21,23.978042602539062,49.0802001953125,75.16063690185547,91.92288208007812,48.74416732788086
2016-04-22,23.91242790222168,45.56066131591797,73.59769439697266,91.83808898925781,49.02771759033203
2016-04-25,23.776660919189453,45.851016998291016,72.69527435302734,91.39517211914062,48.74416732788086
2016-04-26,23.611478805541992,45.26150131225586,73.05809020996094,91.66844177246094,48.997074127197266
2016-04-27,22.133926391601562,44.82154846191406,73.2720947265625,92.71456909179688,49.135032653808594
2016-04-28,21.457378387451172,43.906463623046875,72.26734161376953,91.58363342285156,48.74416732788086
2016-04-29,21.210737228393555,43.88006591796875,71.85800170898438,91.40457916259766,48.43758773803711
2016-05-02,21.1881046295166,44.531185150146484,72.99298858642578,92.13963317871094,48.889766693115234
2016-05-03,21.536569595336914,43.80088806152344,71.81147766113281,90.8956527709961,47.94707489013672
2016-05-04,21.31256103515625,43.88006591796875,71.6998291015625,90.70719909667969,47.188331604003906
2016-05-05,21.22605323791504,43.94166946411133,71.9696273803711,90.65065002441406,46.93540954589844
2016-05-06,21.107677459716797,44.33760452270508,72.3045654296875,91.11241912841797,47.2113151550293
2016-05-09,21.123611450195312,44.05604934692383,72.76971435546875,91.15013122558594,46.912418365478516
2016-05-10,21.267024993896484,44.89194107055664,73.6814193725586,92.01712036132812,47.548545837402344
2016-05-11,21.059871673583984,44.91832733154297,72.04117584228516,90.85798645019531,47.37226486206055
2016-05-12,20.56586456298828,45.32308578491211,72.59103393554688,90.33026123046875,47.34161376953125
2016-05-13,20.606843948364258,44.94474792480469,71.60313415527344,89.86842346191406,46.904747009277344
2016-05-16,21.37175178527832,45.60464859008789,72.50715637207031,90.61294555664062,47.25730895996094
2016-05-17,21.282958984375,44.754051208496094,71.56586456298828,90.09461212158203,47.25730895996094
2016-05-18,21.526548385620117,45.019859313964844,72.16230010986328,90.12289428710938,49.08137893676758
2016-05-19,21.444595336914062,44.58570098876953,71.64972686767578,89.24645233154297,48.58319854736328
2016-05-20,21.676801681518555,44.85151290893555,72.38599395751953,89.97212982177734,48.675174713134766
2016-05-23,21.95225715637207,44.328739166259766,71.9572982788086,89.60459899902344,48.63685607910156
2016-05-24,22.286901473999023,45.710975646972656,73.97965240478516,90.92394256591797,49.46458053588867
2016-05-25,22.678451538085938,46.180580139160156,73.68144226074219,90.8956527709961,50.21567153930664
2016-05-26,22.858299255371094,45.976783752441406,73.6255111694336,90.82970428466797,49.84012222290039
2016-05-27,22.84463882446289,46.3577766418457,74.24060821533203,91.58363342285156,50.146697998046875
2016-05-31,22.733097076416016,46.960304260253906,73.56958770751953,90.37733459472656,50.024070739746094
2016-06-01,22.414384841918945,46.827396392822266,73.83052062988281,90.85798645019531,50.3459587097168
2016-06-02,22.245927810668945,46.49956130981445,74.5108871459961,91.3008804321289,50.43793487548828
2016-06-03,22.29144859313965,45.8881721496582,74.50157165527344,90.4998550415039,49.54123306274414
2016-06-06,22.453083038330078,46.18943786621094,75.06072998046875,91.07470703125,50.03171920776367
2016-06-07,22.544147491455078,46.16285705566406,75.11666870117188,91.11241912841797,49.86312484741211
2016-06-08,22.52366065979004,46.10969924926758,76.0952377319336,92.34697723388672,50.00874328613281
2016-06-09,22.685291290283203,45.7375373840332,75.73175811767578,91.4328384399414,49.62553787231445
2016-06-10,22.498615264892578,45.61351776123047,74.72522735595703,89.72708892822266,48.92809295654297
2016-06-13,22.159414291381836,44.42620086669922,73.06633758544922,88.7658462524414,48.49123001098633
2016-06-14,22.186737060546875,44.15153503417969,73.22476196289062,88.69042205810547,47.579193115234375
2016-06-15,22.1138858795166,44.02750778198242,72.85195922851562,87.96478271484375,47.49489212036133
2016-06-16,22.207218170166016,44.64772415161133,73.01971435546875,88.66213989257812,47.68648910522461
2016-06-17,21.701841354370117,44.4173469543457,71.75223541259766,87.91764831542969,47.73246765136719
2016-06-20,21.649477005004883,44.364192962646484,72.07843017578125,88.9166030883789,47.80146026611328
2016-06-21,21.833881378173828,45.3565673828125,72.06912231445312,89.63282775878906,48.245975494384766
2016-06-22,21.751924514770508,45.17934036254883,71.32354736328125,88.64330291748047,48.0620231628418
2016-06-23,21.87713050842285,45.9945068359375,72.90791320800781,90.19828033447266,49.08903884887695
2016-06-24,21.262474060058594,44.15153503417969,69.94422912597656,86.20245361328125,45.6784782409668
2016-06-27,20.9528751373291,42.91109085083008,68.3505630493164,83.94065856933594,44.15331268310547
2016-06-28,21.30572509765625,43.80598831176758,70.04676818847656,85.21292114257812,45.61717224121094
2016-06-29,21.490127563476562,44.78062438964844,71.51927185058594,86.82444763183594,46.904747009277344
2016-06-30,21.7633056640625,45.33882141113281,69.12409973144531,82.98883056640625,47.62518310546875
2016-07-01,21.82932472229004,45.32997131347656,69.41300964355469,83.73334503173828,47.316226959228516
2016-07-05,21.624439239501953,45.33882141113281,69.590087890625,83.1584701538086,45.99544906616211
2016-07-06,21.74736976623535,45.52490997314453,69.02159118652344,82.00624084472656,46.489768981933594
2016-07-07,21.8407039642334,45.52490997314453,69.44100952148438,82.9317855834961,46.79100036621094
2016-07-08,22.009164810180664,46.34006881713867,71.22105407714844,83.64016723632812,47.756492614746094
2016-07-11,22.07746124267578,46.59701919555664,71.31423950195312,83.81956481933594,48.09633255004883
2016-07-12,22.177621841430664,47.14637756347656,72.20893859863281,85.00015258789062,48.81464385986328
2016-07-13,22.052427291870117,47.41217803955078,72.19029998779297,85.32124328613281,48.783748626708984
2016-07-14,22.48950958251953,47.615966796875,72.82401275634766,86.36957550048828,49.52524948120117
2016-07-15,22.48723030090332,47.580528259277344,72.97312927246094,85.87848663330078,49.571590423583984
2016-07-18,22.726259231567383,47.81090545654297,72.98246002197266,86.51123809814453,49.40166091918945
2016-07-19,22.735370635986328,47.04003143310547,73.36456298828125,87.24791717529297,49.324424743652344
2016-07-20,22.755859375,49.53868103027344,73.96101379394531,88.11681365966797,49.37849044799805
2016-07-21,22.63520050048828,49.44121170043945,73.4298095703125,87.32347869873047,49.193111419677734
2016-07-22,22.459915161132812,50.12346649169922,74.4736099243164,88.45683288574219,49.463462829589844
2016-07-25,22.159414291381836,50.26523971557617,73.56958770751953,87.8334732055664,49.33213806152344
2016-07-26,22.006887435913086,50.29182052612305,73.15019226074219,88.23958587646484,49.532962799072266
2016-07-27,23.436527252197266,49.78678512573242,73.18749237060547,88.54180908203125,49.687442779541016
2016-07-28,23.752967834472656,49.80449295043945,73.80257415771484,90.67627716064453,49.50979232788086
2016-07-29,23.723369598388672,50.2209358215332,72.74014282226562,89.94902801513672,49.40938186645508
2016-08-01,24.142240524291992,50.1323356628418,72.93585968017578,89.78845977783203,49.278079986572266
2016-08-02,23.784828186035156,50.1323356628418,72.95449829101562,89.95848083496094,49.16222381591797
2016-08-03,24.083057403564453,50.47789764404297,73.35523223876953,89.79791259765625,49.942325592041016
2016-08-04,24.231822967529297,50.850032806396484,74.0728530883789,90.58184051513672,49.86508560180664
2016-08-05,24.600339889526367,51.355064392089844,74.68795776367188,91.4979248046875,51.209041595458984
2016-08-08,24.804039001464844,51.443660736083984,74.5108871459961,91.40345764160156,51.0545654296875
2016-08-09,24.904743194580078,51.567726135253906,74.61341094970703,91.3279037475586,50.876922607421875
2016-08-10,24.719350814819336,51.40823745727539,74.25923919677734,90.94068145751953,50.421199798583984
2016-08-11,24.70332908630371,51.65632247924805,74.6693344116211,91.1673583984375,50.560245513916016
2016-08-12,24.760543823242188,51.33735656738281,74.57610321044922,90.78013610839844,50.45211410522461
2016-08-15,25.058094024658203,51.49683380126953,75.40560913085938,91.0823974609375,50.76105880737305
2016-08-16,25.035205841064453,51.21152877807617,75.31238555908203,90.30792236328125,50.75333023071289
2016-08-17,24.99858856201172,51.318519592285156,75.4710693359375,90.27958679199219,50.89236831665039
2016-08-18,24.966543197631836,51.35419464111328,74.93895721435547,89.97737121582031,50.938716888427734
2016-08-19,25.03063201904297,51.372013092041016,75.12565612792969,89.93012237548828,50.86918258666992
2016-08-22,24.836078643798828,51.416587829589844,75.67646026611328,90.46849060058594,50.82284164428711
2016-08-23,24.913894653320312,51.612728118896484,75.4337387084961,90.94068145751953,50.79967498779297
2016-08-24,24.726219177246094,51.666229248046875,74.9576187133789,90.22291564941406,50.938716888427734
2016-08-25,24.620925903320312,51.86238098144531,74.98561096191406,90.27958679199219,51.03138732910156
2016-08-26,24.47673797607422,51.73755645751953,75.21898651123047,91.1106948852539,51.14725875854492
2016-08-29,24.449268341064453,51.799964904785156,75.49910736083984,91.40345764160156,51.71108627319336
2016-08-30,24.261585235595703,51.612728118896484,75.77915954589844,91.69624328613281,52.135894775390625
2016-08-31,24.284469604492188,51.22936248779297,75.5271224975586,91.26182556152344,52.135894775390625
2016-09-01,24.42867088317871,51.34527587890625,75.90052795410156,92.1968002319336,51.91191101074219
2016-09-02,24.657546997070312,51.416587829589844,76.55404663085938,92.45181274414062,52.128170013427734
2016-09-06,24.650686264038086,51.363101959228516,77.0488510131836,93.30181121826172,52.08956527709961
2016-09-07,24.801748275756836,51.407684326171875,77.71170043945312,94.03846740722656,51.8733024597168
2016-09-08,24.151721954345703,51.2026252746582,77.45960235595703,94.4256820678711,51.942806243896484
2016-09-09,23.60468864440918,50.11491012573242,75.92853546142578,92.69738006591797,51.479373931884766
2016-09-12,24.133413314819336,50.86381912231445,77.45960235595703,94.5484848022461,51.796051025390625
2016-09-13,24.707910537719727,50.400211334228516,76.45134735107422,93.86847686767578,51.38669967651367
2016-09-14,25.582237243652344,50.15948486328125,76.07792663574219,93.22624206542969,51.28627395629883
2016-09-15,26.451990127563477,50.9886474609375,76.56339263916016,93.94404602050781,51.471649169921875
2016-09-16,26.3032169342041,51.04214096069336,76.61943054199219,93.84013366699219,50.838294982910156
2016-09-19,25.996517181396484,50.75684356689453,77.03018188476562,94.14237976074219,51.12407684326172
2016-09-20,25.99422836303711,50.64985656738281,77.00215911865234,94.90738677978516,51.33263397216797
2016-09-21,25.98965072631836,51.496822357177734,77.69302368164062,95.63461303710938,51.626136779785156
2016-09-22,26.23455047607422,51.55031967163086,77.8237075805664,96.44684600830078,52.05093002319336
2016-09-23,25.797391891479492,51.2026252746582,77.05818939208984,96.0123519897461,51.942806243896484
2016-09-26,25.836292266845703,50.730098724365234,76.37664031982422,95.54015350341797,50.807411193847656
2016-09-27,25.88435935974121,51.666229248046875,76.70342254638672,95.81404113769531,51.25539016723633
2016-09-28,26.081207275390625,51.73755645751953,77.45960235595703,95.87071228027344,51.52571487426758
2016-09-29,25.676084518432617,51.175872802734375,76.47933197021484,95.02070617675781,50.70698928833008
2016-09-30,25.875207901000977,51.35419464111328,77.20752716064453,96.11624908447266,51.433021545410156
2016-10-03,25.7539005279541,51.19371032714844,77.35693359375,96.22016906738281,51.37123489379883
2016-10-04,25.86376953125,51.03321838378906,77.23554992675781,95.59683227539062,51.81468963623047
2016-10-05,25.875207901000977,51.38983917236328,77.81436920166016,96.89314270019531,52.6627311706543
2016-10-06,26.067462921142578,51.47900390625,77.8237075805664,97.40411376953125,52.80275344848633
2016-10-07,26.106382369995117,51.53248977661133,77.37560272216797,96.75121307373047,52.98949432373047
2016-10-10,26.561859130859375,51.746482849121094,77.59964752197266,97.12969970703125,53.40183639526367
2016-10-11,26.61907386779785,50.9886474609375,76.59140014648438,95.89959716796875,53.14508056640625
2016-10-12,26.857112884521484,50.91733169555664,76.78740692138672,95.9090805053711,53.005043029785156
2016-10-13,26.77471923828125,50.74791717529297,76.43266296386719,95.23725891113281,52.701629638671875
2016-10-14,26.923490524291992,51.19371032714844,76.97415924072266,95.45491027832031,52.530452728271484
2016-10-17,26.905181884765625,51.0153923034668,76.69407653808594,95.42647552490234,52.25816345214844
2016-10-18,26.886869430541992,51.407684326171875,76.16194915771484,96.25919342041016,52.670501708984375
2016-10-19,26.806760787963867,51.29177474975586,77.31024169921875,97.20540618896484,53.17620086669922
2016-10-20,26.793025970458984,51.04214096069336,77.0208511352539,97.03507995605469,53.10616683959961
2016-10-21,26.687740325927734,53.19080352783203,76.88079071044922,97.31896209716797,53.28511428833008
2016-10-24,26.928068161010742,54.3855094909668,77.64631652832031,97.64067840576172,53.58076477050781
2016-10-25,27.06539535522461,54.37659454345703,76.58206176757812,97.34732818603516,53.52629470825195
2016-10-26,26.45656967163086,54.05563735961914,76.3206558227539,97.6690444946289,53.78303909301758
2016-10-27,26.202512741088867,53.58308792114258,76.47933197021484,98.02859497070312,53.86084747314453
2016-10-28,26.0285587310791,53.3780403137207,76.7594223022461,101.15115356445312,53.767478942871094
2016-10-31,25.98736000061035,53.42262268066406,77.03018188476562,101.26470184326172,53.88418197631836
2016-11-01,25.51814842224121,53.31562805175781,76.19929504394531,99.31549835205078,53.65855026245117
2016-11-02,25.54104232788086,52.985748291015625,75.22834777832031,98.4070816040039,53.43294143676758
2016-11-03,25.26726531982422,52.789608001708984,75.29366302490234,98.19894409179688,53.19954299926758
2016-11-04,25.039514541625977,52.34382247924805,75.0229721069336,97.48926544189453,52.71718978881836
2016-11-07,25.40070343017578,53.86840057373047,77.03018188476562,100.26168823242188,54.36652755737305
2016-11-08,25.55023956298828,53.91297912597656,77.37560272216797,100.01568603515625,54.483219146728516
2016-11-09,25.508834838867188,53.64551544189453,77.71170043945312,100.47932434082031,56.988380432128906
2016-11-10,24.797950744628906,52.33491516113281,76.43266296386719,98.88020324707031,59.63357925415039
2016-11-11,24.945194244384766,52.620216369628906,76.4420166015625,98.99378204345703,59.664695739746094
2016-11-14,24.319429397583008,51.817806243896484,73.17445373535156,95.70092010498047,61.85866165161133
2016-11-15,24.641510009765625,52.84104537963867,73.35182189941406,96.9688720703125,61.741947174072266
2016-11-16,25.304079055786133,53.541168212890625,74.91890716552734,98.4070816040039,60.21708297729492
2016-11-17,25.294878005981445,54.42979431152344,75.8451156616211,98.8329086303711,60.69943618774414
2016-11-18,25.320180892944336,54.16947555541992,75.61119079589844,99.14515686035156,60.4582633972168
2016-11-21,25.70438003540039,54.627254486083984,76.42511749267578,100.24278259277344,60.7227897644043
2016-11-22,25.720481872558594,54.860626220703125,74.778564453125,100.23330688476562,61.09620666503906
2016-11-23,25.58934783935547,54.2143669128418,74.44176483154297,98.9369888305664,61.352962493896484
2016-11-25,25.718185424804688,54.33104705810547,74.96566009521484,100.04405212402344,61.32962417602539
2016-11-28,25.66756820678711,54.402862548828125,73.98332977294922,97.80152893066406,60.93284606933594
2016-11-29,25.64226531982422,54.83368682861328,74.04878997802734,98.2367935180664,61.39965057373047
2016-11-30,25.42601203918457,54.08869934082031,72.33675384521484,96.70391082763672,62.372135162353516
2016-12-01,25.18904685974121,53.13725662231445,70.56859588623047,94.79254150390625,63.63249588012695
2016-12-02,25.283376693725586,53.18213653564453,70.83987426757812,95.66304779052734,63.484683990478516
2016-12-05,25.10162925720215,54.052791595458984,72.32742309570312,97.98129272460938,64.7761459350586
2016-12-06,25.294878005981445,53.810447692871094,72.14033508300781,96.51467895507812,65.11070251464844
2016-12-07,25.54334831237793,55.085018157958984,74.19851684570312,99.58989715576172,65.40632629394531
2016-12-08,25.794105529785156,54.76189422607422,74.17044830322266,99.18299102783203,66.2232437133789
2016-12-09,26.21511459350586,55.62358093261719,74.03945922851562,98.7950668334961,66.51110076904297
2016-12-12,26.065570831298828,55.80309295654297,73.44071960449219,97.72581481933594,65.91979217529297
2016-12-13,26.500381469726562,56.53013229370117,74.09558868408203,97.76367950439453,65.94314575195312
2016-12-14,26.500381469726562,56.260860443115234,74.03009796142578,97.72581481933594,65.91979217529297
2016-12-15,26.64531707763672,56.171104431152344,74.37628173828125,98.73828125,66.90788269042969
2016-12-16,26.679828643798828,55.91978073120117,73.3003921508789,97.86775970458984,66.08318328857422
2016-12-19,26.833967208862305,57.10459899902344,73.0665054321289,97.97187042236328,66.46441650390625
2016-12-20,26.90528106689453,57.03279113769531,73.30976104736328,98.91805267333984,67.3202133178711
2016-12-21,26.930587768554688,57.03279113769531,73.10391235351562,98.56794738769531,67.49136352539062
2016-12-22,26.753446578979492,57.04176712036133,72.87940216064453,98.70043182373047,67.60028839111328
2016-12-23,26.806358337402344,56.763519287109375,73.1132583618164,99.07890319824219,67.72474670410156
2016-12-27,26.97660255432129,56.79941940307617,73.3003921508789,99.16407012939453,67.78700256347656
2016-12-28,26.8615779876709,56.53911209106445,73.25360870361328,98.10431671142578,67.29685974121094
2016-12-29,26.854671478271484,56.458335876464844,73.28169250488281,98.18946838378906,66.822265625
2016-12-30,26.64531707763672,55.77616882324219,72.99168395996094,97.69744873046875,67.13350677490234
2017-01-03,26.721233367919922,56.171104431152344,74.37628173828125,99.72235107421875,67.86479949951172
2017-01-04,26.691333770751953,55.91978073120117,74.98438262939453,100.6685562133789,67.989990234375
2017-01-05,26.827054977416992,55.91978073120117,75.86380004882812,101.44607543945312,67.36412811279297
2017-01-06,27.126134872436523,56.40447998046875,76.91161346435547,102.17619323730469,67.37196350097656
2017-01-09,27.374601364135742,56.2249641418457,76.48125457763672,101.97709655761719,67.41890716552734
2017-01-10,27.40220832824707,56.20701217651367,76.06963348388672,101.75898742675781,67.61446380615234
2017-01-11,27.549448013305664,56.71864318847656,76.52803802490234,102.22360229492188,68.12295532226562
2017-01-12,27.434417724609375,56.19804382324219,76.1257553100586,103.07695007324219,67.4658203125
2017-01-13,27.3861026763916,56.27880859375,75.93863677978516,103.06744384765625,67.82568359375
2017-01-17,27.606958389282227,56.126220703125,76.02284240722656,102.78302001953125,65.36144256591797
2017-01-18,27.604658126831055,56.099300384521484,76.3315658569336,103.02954864501953,65.66655731201172
2017-01-19,27.556344985961914,55.91978073120117,76.46259307861328,102.90628814697266,65.16587829589844
2017-01-20,27.606958389282227,56.31471633911133,76.5654296875,104.26217651367188,65.45529174804688
2017-01-23,27.625362396240234,56.5121955871582,76.85547637939453,103.94930267333984,65.48661041259766
2017-01-24,27.600059509277344,57.01484298706055,77.86588287353516,104.2242660522461,66.2767333984375
2017-01-25,28.039466857910156,57.158443450927734,78.49267578125,104.48027801513672,67.30155181884766
2017-01-26,28.053274154663086,57.68802261352539,77.87522888183594,103.71221160888672,67.86480712890625
2017-01-27,28.055572509765625,59.04338836669922,78.3710708618164,104.14839172363281,68.00559997558594
2017-01-30,27.981952667236328,58.459964752197266,78.30558776855469,103.6363754272461,67.30155181884766
2017-01-31,27.917543411254883,58.029109954833984,77.37938690185547,100.82030487060547,66.20632934570312
2017-02-01,29.619972229003906,57.068695068359375,77.12679290771484,99.55918884277344,66.45667266845703
2017-02-02,29.56935691833496,56.700687408447266,76.9958267211914,99.69195556640625,66.17501831054688
2017-02-03,29.695886611938477,57.158443450927734,80.53218078613281,101.05735778808594,68.20121765136719
2017-02-06,29.97425651550293,57.12255096435547,80.2983169555664,101.06680297851562,67.88045501708984
2017-02-07,30.259531021118164,56.93405532836914,80.25152587890625,101.07628631591797,67.8413314819336
2017-02-08,30.37685203552246,56.8532600402832,79.60600280761719,101.19007873535156,67.24678802490234
2017-02-09,30.596364974975586,57.49953079223633,80.06440734863281,101.7400131225586,68.21685791015625
2017-02-10,30.52704620361328,57.445682525634766,80.36378479003906,101.71156311035156,68.06037139892578
2017-02-13,30.797372817993164,58.09193420410156,80.86900329589844,102.66923522949219,68.96002960205078
2017-02-14,31.197105407714844,58.30867004394531,81.2525634765625,103.2381362915039,70.0630874633789
2017-02-15,31.310317993164062,58.272552490234375,82.05399322509766,103.97772216796875,70.86885833740234
2017-02-16,31.273353576660156,58.26353454589844,81.93212127685547,103.6363754272461,70.82190704345703
2017-02-17,31.35883903503418,58.353824615478516,81.97898864746094,103.75016784667969,70.58724212646484
2017-02-21,31.585285186767578,58.236427307128906,82.41016387939453,104.45182800292969,71.19741821289062
2017-02-22,31.680015563964844,58.11903381347656,82.29768371582031,103.76913452148438,71.23652648925781
2017-02-23,31.54599952697754,58.353824615478516,82.65390014648438,105.00176239013672,71.2912826538086
2017-02-24,31.5760498046875,58.353824615478516,82.88821411132812,105.24827575683594,70.66545867919922
2017-02-27,31.63842010498047,58.00165557861328,82.48514556884766,104.8405990600586,70.74368286132812
2017-02-28,31.652284622192383,57.77588653564453,82.4289321899414,104.73625183105469,70.89234161376953
2017-03-01,32.29924011230469,58.642799377441406,83.41310119628906,106.49040222167969,73.22359466552734
2017-03-02,32.10747146606445,57.80297088623047,82.98194885253906,105.56119537353516,72.08141326904297
2017-03-03,32.29693603515625,58.01969909667969,83.22565460205078,105.94995880126953,72.59773254394531
2017-03-06,32.19526290893555,58.03774642944336,83.36625671386719,105.58964538574219,71.90929412841797
2017-03-07,32.236846923828125,58.15516662597656,83.47870635986328,105.21038055419922,71.51033782958984
2017-03-08,32.1167106628418,58.68793869018555,83.38500213623047,105.22932434082031,71.35388946533203
2017-03-09,32.04277038574219,58.45317077636719,83.5256118774414,105.04917907714844,71.63552856445312
2017-03-10,32.14906692504883,58.633758544921875,84.10675048828125,105.44742584228516,71.40863037109375
2017-03-13,32.16291427612305,58.43508529663086,84.46294403076172,105.75081634521484,71.47123718261719
2017-03-14,32.11439514160156,58.164188385009766,83.93803405761719,104.76470184326172,71.58856964111328
2017-03-15,32.454044342041016,58.471221923828125,84.28484344482422,106.2154312133789,71.76067352294922
2017-03-16,32.507198333740234,58.37189483642578,84.39733123779297,106.83175659179688,71.69026947021484
2017-03-17,32.345455169677734,58.5795783996582,84.58479309082031,106.98345947265625,70.93925476074219
2017-03-20,32.68510055541992,58.633758544921875,83.59121704101562,106.58525848388672,70.43077087402344
2017-03-21,32.310794830322266,57.98359298706055,82.5414047241211,104.97333526611328,68.36548614501953
2017-03-22,32.67585754394531,58.72406005859375,82.97257995605469,105.67498016357422,68.4749984741211
2017-03-23,32.560325622558594,58.5795783996582,83.29124450683594,105.81720733642578,68.36548614501953
2017-03-24,32.495643615722656,58.67892074584961,83.6005859375,106.17752838134766,68.2872543334961
2017-03-27,32.55108642578125,58.78727340698242,83.3756332397461,106.13959503173828,68.24813842773438
2017-03-28,33.225772857666016,58.9588508605957,83.53498077392578,106.64212799072266,69.31204223632812
2017-03-29,33.29970932006836,59.121395111083984,83.59121704101562,106.25335693359375,69.05390167236328
2017-03-30,33.25580978393555,59.338130950927734,83.43186950683594,106.83175659179688,69.64845275878906
2017-03-31,33.19343185424805,59.47359848022461,83.30065155029297,106.64212799072266,68.717529296875
2017-04-03,33.202667236328125,59.193641662597656,83.75992584228516,106.42406463623047,68.4671859741211
2017-04-04,33.44989013671875,59.35619354248047,83.21626281738281,106.28180694580078,68.69535827636719
2017-04-05,33.27660369873047,59.202674865722656,83.45059967041016,106.47183227539062,67.81414031982422
2017-04-06,33.19343185424805,59.35619354248047,83.50684356689453,106.81385040283203,68.04232788085938
2017-04-07,33.11948776245117,59.3110466003418,83.17874908447266,106.63333129882812,67.80628967285156
2017-04-10,33.08021926879883,59.17559051513672,83.29124450683594,106.70934295654297,67.57023620605469
2017-04-11,32.72438049316406,59.13044357299805,83.28190612792969,106.50981903076172,67.45221710205078
2017-04-12,32.76366424560547,58.904685974121094,83.12252807617188,105.90181732177734,67.19256591796875
2017-04-13,32.59036636352539,58.651817321777344,83.30065155029297,105.66429138183594,66.40577697753906
2017-04-17,32.770599365234375,59.13044357299805,84.18174743652344,107.0418472290039,67.55448913574219
2017-04-18,32.625030517578125,59.049156188964844,84.10675048828125,106.89933013916016,67.0037612915039
2017-04-19,32.5048942565918,58.733097076416016,84.12548065185547,106.68083190917969,66.45295715332031
2017-04-20,32.91154861450195,59.14849090576172,85.4377670288086,108.8659439086914,67.31060028076172
2017-04-21,32.87225341796875,59.96120834350586,85.4377670288086,108.56192016601562,66.50018310546875
2017-04-24,33.18880081176758,60.98162841796875,86.0938720703125,109.92047119140625,68.8448486328125
2017-04-25,33.39443588256836,61.33383560180664,86.33755493164062,110.32901000976562,69.44281005859375
2017-04-26,33.19804763793945,61.25254821777344,86.0657730102539,110.36702728271484,69.57658386230469
2017-04-27,33.22346496582031,61.64989471435547,85.85955047607422,111.25057220458984,68.93138885498047
2017-04-28,33.19110870361328,61.82146453857422,85.50337219238281,110.5095443725586,68.4514389038086
2017-05-01,33.868106842041016,62.67933654785156,85.54085540771484,110.55702209472656,68.49864196777344
2017-05-02,34.08299255371094,62.580013275146484,86.74065399169922,112.2196044921875,68.05803680419922
2017-05-03,33.979007720947266,62.381343841552734,86.64691925048828,111.46907806396484,68.4514389038086
2017-05-04,33.85654067993164,62.13753128051758,86.81564331054688,112.02960205078125,68.53013610839844
2017-05-05,34.41801452636719,62.30910873413086,86.31884765625,111.63058471679688,68.4514389038086
2017-05-08,35.35379409790039,62.25492858886719,86.15948486328125,110.7850570678711,68.53013610839844
2017-05-09,35.58023452758789,62.3452033996582,86.23450469970703,110.59500885009766,68.25474548339844
2017-05-10,35.41155242919922,62.58905029296875,86.46882629394531,110.82305908203125,68.78976440429688
2017-05-11,35.71781539916992,61.82146453857422,86.32821655273438,110.70903778076172,68.57734680175781
2017-05-12,36.216636657714844,61.74922561645508,86.91873168945312,111.27906036376953,68.38849639892578
2017-05-15,36.123817443847656,61.79436111450195,87.38740539550781,112.30513763427734,68.71894836425781
2017-05-16,36.070465087890625,63.038612365722656,87.31243896484375,112.5711441040039,68.93138885498047
2017-05-17,34.85936737060547,61.2857780456543,86.16216278076172,110.9655532836914,66.30349731445312
2017-05-18,35.39067840576172,61.49467086791992,86.11518096923828,110.43352508544922,66.05957794189453
2017-05-19,35.51131820678711,61.47649002075195,86.83821868896484,111.70658111572266,66.70476531982422
2017-05-22,35.72709655761719,62.166725158691406,87.6175765991211,113.05565643310547,66.64179992675781
2017-05-23,35.683006286621094,62.375614166259766,88.13404846191406,113.62568664550781,67.47582244873047
2017-05-24,35.57626724243164,62.457359313964844,89.02606964111328,114.67072296142578,67.43648529052734
2017-05-25,35.69924545288086,63.229312896728516,89.2420425415039,115.82978057861328,67.15322875976562
2017-05-26,35.63892364501953,63.53813552856445,88.89461517333984,115.55428314208984,67.16110229492188
2017-05-30,35.65284729003906,63.94682693481445,88.94158935546875,115.57327270507812,66.01235961914062
2017-05-31,35.44171905517578,63.42914962768555,89.42046356201172,116.74183654785156,64.63545989990234
2017-06-01,35.53915786743164,63.66526794433594,89.58008575439453,117.2358627319336,65.35145568847656
2017-06-02,36.065818786621094,65.17290496826172,90.28433227539062,118.94595336914062,65.02100372314453
2017-06-05,35.71318054199219,65.64518737792969,90.65994262695312,119.61099243164062,65.13903045654297
2017-06-06,35.83381652832031,65.86314392089844,89.9462890625,118.98394775390625,65.27277374267578
2017-06-07,36.04725646972656,65.74505615234375,90.22801971435547,118.93645477294922,66.02027893066406
2017-06-08,35.95909881591797,65.345458984375,90.22801971435547,118.52793884277344,66.8385238647461
2017-06-09,34.564720153808594,63.865074157714844,88.79132843017578,116.89384460449219,68.41999053955078
2017-06-12,33.73876953125,63.374664306640625,87.7959976196289,114.72772216796875,68.43569946289062
2017-06-13,34.010223388671875,64.16481018066406,89.27961730957031,116.20980834960938,68.66388702392578
2017-06-14,33.6784553527832,63.81968307495117,89.50496673583984,116.38081359863281,68.52225494384766
2017-06-15,33.47659683227539,63.483646392822266,88.42510986328125,115.35478210449219,68.11312866210938
2017-06-16,33.00794982910156,63.574466705322266,88.42510986328125,115.86780548095703,67.80628967285156
2017-06-19,33.952205657958984,64.3646011352539,89.00731658935547,116.94135284423828,69.29331970214844
2017-06-20,33.64364242553711,63.492733001708984,88.62232971191406,116.7893295288086,68.86058044433594
2017-06-21,33.84316635131836,63.81968307495117,88.77254486083984,116.95085906982422,68.5458755493164
2017-06-22,33.78749084472656,63.810585021972656,88.2185287475586,117.14088439941406,68.46717834472656
2017-06-23,33.93829345703125,64.67339324951172,89.74911499023438,117.81539154052734,68.34127807617188
2017-06-26,33.831573486328125,64.05580139160156,89.41107177734375,117.34986114501953,68.6402816772461
2017-06-27,33.3466682434082,62.85697937011719,89.11058044433594,116.60884094238281,69.27760314941406
2017-06-28,33.833892822265625,63.392822265625,90.35945129394531,118.57540893554688,70.67020416259766
2017-06-29,33.33506774902344,62.203060150146484,88.65988159179688,115.44025421142578,71.7166519165039
2017-06-30,33.41395950317383,62.60268020629883,88.05890655517578,115.38324737548828,71.9133529663086
2017-07-03,33.29330062866211,61.912445068359375,87.65513610839844,114.74673461914062,73.3769760131836
2017-07-05,33.430206298828125,62.738922119140625,88.2748794555664,116.09827423095703,74.11270141601562
2017-07-06,33.11465072631836,62.27570343017578,87.56124877929688,114.97515869140625,73.87532806396484
2017-07-07,33.451072692871094,63.084022521972656,88.19034576416016,116.30764770507812,74.2471694946289
2017-07-10,33.65524673461914,63.556297302246094,89.28899383544922,116.8121337890625,73.72504425048828
2017-07-11,33.764286041259766,63.56535720825195,89.5894775390625,118.23979187011719,73.44022369384766
2017-07-12,33.8129997253418,64.61888885498047,90.3125,119.23915100097656,73.18707275390625
2017-07-13,34.28399658203125,65.1819839477539,90.08714294433594,119.41997528076172,73.65383911132812
2017-07-14,34.578651428222656,66.09925842285156,91.01675415039062,120.8857192993164,72.98136901855469
2017-07-17,34.699283599853516,66.61693572998047,90.92283630371094,121.28546142578125,72.30101013183594
2017-07-18,34.81993103027344,66.5715560913086,91.62711334228516,121.57102966308594,72.04784393310547
2017-07-19,35.03801727294922,67.08013153076172,92.25621032714844,121.86605072021484,72.15071105957031
2017-07-20,34.88025665283203,67.40711212158203,92.12477111816406,122.27531433105469,72.15071105957031
2017-07-21,34.864017486572266,67.0165786743164,93.52386474609375,123.03678131103516,71.90544128417969
2017-07-24,35.28626251220703,66.84400177001953,94.24688720703125,123.27468872070312,72.2140121459961
2017-07-25,35.43707275390625,67.37984466552734,93.89006042480469,123.71250915527344,73.4164810180664
2017-07-26,35.60411834716797,67.25269317626953,94.6976089477539,124.67382049560547,72.72821807861328
2017-07-27,34.93128967285156,66.44438171386719,93.49569702148438,122.71316528320312,72.4275894165039
2017-07-28,34.68537521362305,66.33540344238281,93.10131072998047,121.74235534667969,72.2140121459961
2017-07-31,34.50672912597656,66.02662658691406,93.4863052368164,121.63766479492188,72.62538146972656
2017-08-01,34.81297302246094,65.91764831542969,94.71641540527344,123.24618530273438,73.59845733642578
2017-08-02,36.457923889160156,65.62700653076172,95.10139465332031,124.31212615966797,73.6617431640625
2017-08-03,36.09366226196289,65.527099609375,94.45345306396484,123.62686920166016,73.17916107177734
2017-08-04,36.28390884399414,66.00846862792969,94.73519134521484,123.56021881103516,74.09688568115234
2017-08-07,36.845375061035156,65.75416564941406,95.298583984375,124.09322357177734,74.38165283203125
2017-08-08,37.1400146484375,66.10835266113281,95.10139465332031,123.57927703857422,74.11270141601562
2017-08-09,37.367393493652344,65.81774139404297,94.81025695800781,123.46508026123047,73.9940185546875
2017-08-10,36.17717742919922,64.85504150390625,93.42057800292969,121.5138931274414,72.93390655517578
2017-08-11,36.680274963378906,65.84495544433594,93.98394775390625,122.35147857666016,72.32474517822266
2017-08-14,37.23230743408203,66.83490753173828,95.65538024902344,124.76901245117188,73.17123413085938
2017-08-15,37.639915466308594,66.85315704345703,96.36902618408203,125.23535919189453,73.36112976074219
2017-08-16,37.488502502441406,67.24578857421875,97.17314147949219,125.9873046875,72.85479736328125
2017-08-17,36.768795013427734,66.10447692871094,96.08216857910156,124.56912231445312,71.7155990600586
2017-08-18,36.684940338134766,66.18666076660156,96.41134643554688,124.81657409667969,71.78678131103516
2017-08-21,36.617393493652344,65.87621307373047,97.07909393310547,125.57804870605469,71.69976043701172
2017-08-22,37.21599197387695,66.79840087890625,97.87853240966797,127.34831237792969,72.43550109863281
2017-08-23,37.26258087158203,66.39664459228516,97.04147338867188,126.65353393554688,72.52252960205078
2017-08-24,37.09720230102539,66.36927032470703,97.07909393310547,126.54884338378906,72.40385437011719
2017-08-25,37.2346305847168,66.48794555664062,97.20137023925781,126.34893035888672,72.69657897949219
2017-08-28,37.60963439941406,66.49707794189453,97.60578155517578,127.3958969116211,72.4671401977539
2017-08-29,37.945045471191406,66.6979751586914,97.59639739990234,127.3863525390625,72.07160186767578
2017-08-30,38.04751968383789,67.574462890625,97.55875396728516,127.34831237792969,72.23772430419922
2017-08-31,38.19891357421875,68.26842498779297,97.36125946044922,126.87245178222656,71.90544128417969
2017-09-01,38.2105598449707,67.51055908203125,97.71866607666016,126.8153305053711,72.54624938964844
2017-09-05,37.751705169677734,67.2092514038086,96.88160705566406,126.26331329345703,70.81368255615234
2017-09-06,37.712120056152344,67.01752471923828,97.04147338867188,126.48219299316406,71.28837585449219
2017-09-07,37.56071472167969,67.87578582763672,98.33938598632812,129.9466552734375,70.03837585449219
2017-09-08,36.94813537597656,67.54711151123047,98.21714782714844,130.60342407226562,69.95137786865234
2017-09-11,37.616634368896484,68.25928497314453,99.83478546142578,135.14341735839844,71.03521728515625
2017-09-12,37.4675407409668,68.18621826171875,99.8912124633789,135.55267333984375,71.90544128417969
2017-09-13,37.18571472167969,68.67013549804688,99.5338134765625,133.34454345703125,72.11113739013672
2017-09-14,36.866615295410156,68.26842498779297,99.76895904541016,134.64845275878906,71.96875762939453
2017-09-15,37.239280700683594,68.76143646240234,99.03534698486328,134.75320434570312,72.48297119140625
2017-09-18,36.95745849609375,68.62448120117188,98.59333038330078,134.58184814453125,73.51142883300781
2017-09-19,36.9714241027832,68.88014221191406,99.1388168334961,135.61932373046875,74.31837463378906
2017-09-20,36.35186767578125,68.42363739013672,98.72499084472656,135.38136291503906,74.84052276611328
2017-09-21,35.727630615234375,67.75709533691406,99.04476165771484,134.88641357421875,75.18070220947266
2017-09-22,35.37826156616211,67.939697265625,99.2798843383789,135.04823303222656,75.02247619628906
2017-09-25,35.0661506652832,66.88967895507812,96.89097595214844,131.88833618164062,74.46078491210938
2017-09-26,35.669410705566406,66.88967895507812,96.81578063964844,131.6979522705078,74.1285171508789
2017-09-27,35.92327880859375,67.42838287353516,97.709228515625,132.935302734375,75.29938507080078
2017-09-28,35.70201873779297,67.44666290283203,98.35818481445312,133.439697265625,75.45758819580078
2017-09-29,35.897666931152344,68.01274108886719,98.97892761230469,134.39149475097656,75.56046295166016
2017-10-02,35.825462341308594,68.12230682373047,99.16704559326172,134.98158264160156,76.6126480102539
2017-10-03,35.98151397705078,67.80272674560547,99.30809783935547,136.12374877929688,77.01612091064453
2017-10-04,35.748600006103516,68.19538879394531,99.04476165771484,135.2386016845703,76.23291778564453
2017-10-05,36.1934814453125,69.36404418945312,99.91944122314453,137.03074645996094,77.25941467285156
2017-10-06,36.17250442504883,69.39144897460938,100.3802719116211,136.81150817871094,77.12413024902344
2017-10-09,36.29829025268555,69.65623474121094,100.64361572265625,137.79331970214844,76.71829986572266
2017-10-10,36.31226348876953,69.65623474121094,100.92576599121094,138.84190368652344,77.29127502441406
2017-10-11,36.46366882324219,69.7749252319336,101.98853302001953,139.98580932617188,77.06047058105469
2017-10-12,36.33555603027344,70.4140625,101.67816925048828,139.8809356689453,76.38408660888672
2017-10-13,36.56614685058594,70.75186920166016,102.19546508789062,140.452880859375,76.28065490722656
2017-10-16,37.239280700683594,70.89795684814453,101.85687255859375,139.38526916503906,77.85623168945312
2017-10-17,37.376708984375,70.8431625366211,101.14208984375,139.1087646484375,77.68118286132812
2017-10-18,37.21133041381836,70.8614273071289,101.38661193847656,139.35667419433594,77.97557067871094
2017-10-19,36.33089065551758,71.13538360595703,100.65302276611328,138.20321655273438,78.07109069824219
2017-10-20,36.3937873840332,71.95710754394531,101.15149688720703,138.5845184326172,79.18514251708984
2017-10-23,36.37514877319336,71.97535705566406,101.13268280029297,138.75608825683594,79.04984283447266
2017-10-24,36.59177017211914,72.00276184082031,101.96034240722656,138.98486328125,80.30714416503906
2017-10-25,36.43104934692383,71.79275512695312,102.97607421875,139.404296875,80.38671875
2017-10-26,36.663978576660156,71.91144561767578,103.26765441894531,139.73794555664062,80.95966339111328
2017-10-27,37.97764205932617,76.52230834960938,103.18299102783203,141.57769775390625,80.98353576660156
2017-10-30,38.83246994018555,76.5953598022461,103.49334716796875,141.9876708984375,80.69706726074219
2017-10-31,39.372833251953125,75.94710540771484,103.43693542480469,141.81602478027344,80.06045532226562
2017-11-01,38.8720588684082,75.94710540771484,104.46208953857422,141.93043518066406,80.30714416503906
2017-11-02,39.156219482421875,76.74146270751953,104.37743377685547,141.32041931152344,80.84029388427734
2017-11-03,40.17874526977539,76.82365417480469,104.73482513427734,142.311767578125,80.69706726074219
2017-11-06,40.58634948730469,77.12493133544922,105.2614974975586,143.07435607910156,80.19573211669922
2017-11-07,40.71678161621094,76.94235229492188,105.42137908935547,142.95997619628906,78.58035278320312
2017-11-08,41.049861907958984,77.20712280273438,105.77880859375,142.95997619628906,77.69710540771484
2017-11-09,40.96601486206055,76.77796173095703,105.46842193603516,142.311767578125,77.68913269042969
2017-11-10,40.83042907714844,76.5771255493164,105.22386932373047,142.5500946044922,77.59364318847656
2017-11-13,40.666805267333984,76.63191986083984,104.77245330810547,142.6930389404297,77.8721694946289
2017-11-14,40.05202102661133,76.74146270751953,105.31791687011719,142.9408721923828,77.40267944335938
2017-11-15,39.52373123168945,76.14500427246094,103.69087219238281,141.39663696289062,78.13475036621094
2017-11-16,39.99592590332031,76.34687042236328,104.60005950927734,143.30308532714844,78.35755157470703
2017-11-17,39.77384948730469,75.61277770996094,103.4694595336914,142.0543670654297,78.09496307373047
2017-11-20,39.73410415649414,75.73208618164062,103.59194946289062,142.5691375732422,78.78726196289062
2017-11-21,40.47278594970703,76.82404327392578,105.00519561767578,145.3812255859375,78.72359466552734
2017-11-22,40.89822769165039,76.26428985595703,104.41165924072266,144.18017578125,78.49282836914062
2017-11-24,40.90056610107422,76.40194702148438,105.4951400756836,145.60049438476562,78.23818969726562
2017-11-27,40.694854736328125,76.96170043945312,105.88141632080078,145.8197479248047,77.92787170410156
2017-11-28,40.45642852783203,77.88847351074219,106.80475616455078,146.9827117919922,80.65726470947266
2017-11-29,39.61722946166992,76.47532653808594,103.50714111328125,141.41571044921875,82.54319763183594
2017-11-30,40.171241760253906,77.2369613647461,106.07926940917969,143.4366455078125,83.17183685302734
2017-12-01,39.984230041503906,77.31958770751953,104.32685089111328,142.6930389404297,83.38668060302734
2017-12-04,39.692039489746094,74.4015121459961,101.21765899658203,136.72569274902344,85.10551452636719
2017-12-05,39.65463638305664,74.86949157714844,102.30116271972656,138.34619140625,84.12674713134766
2017-12-06,39.50737380981445,75.96147918701172,103.39408111572266,140.52914428710938,83.49810028076172
2017-12-07,39.579833984375,75.69536590576172,104.95808410644531,142.4642791748047,83.25142669677734
2017-12-08,39.591514587402344,77.2278060913086,106.08871459960938,142.88375854492188,84.29383850097656
2017-12-11,40.36292266845703,78.20968627929688,105.87200164794922,143.8274383544922,84.04717254638672
2017-12-12,40.136165618896484,78.53085327148438,106.89896392822266,145.3717041015625,85.02594757080078
2017-12-13,40.26942443847656,78.31977081298828,106.75762176513672,144.59950256347656,83.95964050292969
2017-12-14,40.25772476196289,77.71414184570312,106.39019775390625,144.82830810546875,83.28325653076172
2017-12-15,40.666805267333984,79.69621276855469,107.23812866210938,146.22962951660156,84.46098327636719
2017-12-18,41.239505767822266,79.26492309570312,106.98375701904297,145.9627227783203,85.11347198486328
2017-12-19,40.800045013427734,78.76026153564453,105.65530395507812,144.5900115966797,84.75540924072266
2017-12-20,40.7556266784668,78.47577667236328,105.63645935058594,144.37075805664062,84.46098327636719
2017-12-21,40.909908294677734,78.45745849609375,105.9096908569336,143.4937744140625,85.80579376220703
2017-12-22,40.909908294677734,78.46659088134766,106.1734848022461,143.7988739013672,85.50337982177734
2017-12-26,39.87201690673828,78.36567687988281,106.45613098144531,144.20870971679688,85.16122436523438
2017-12-27,39.87903594970703,78.650146484375,107.42658996582031,144.32315063476562,85.32038116455078
2017-12-28,39.991233825683594,78.65930938720703,107.73748016357422,144.6758270263672,85.7739486694336
2017-12-29,39.55879592895508,78.49413299560547,107.42658996582031,144.2850341796875,85.09758758544922
2018-01-02,40.267066955566406,78.870361328125,107.88825225830078,144.80929565429688,85.90128326416016
2018-01-03,40.26006317138672,79.23741149902344,108.96233367919922,146.63002014160156,85.9887924194336
2018-01-04,40.447059631347656,79.9348373413086,109.3674545288086,148.52703857421875,87.22064971923828
2018-01-05,40.907569885253906,80.92586517333984,111.9866943359375,151.6060333251953,86.66072845458984
2018-01-08,40.7556266784668,81.00843811035156,112.43896484375,152.06431579589844,86.78871154785156
2018-01-09,40.75095748901367,80.95337677001953,112.22224426269531,152.2838897705078,87.22864532470703
2018-01-10,40.74160385131836,80.58634185791016,112.09977722167969,152.6276397705078,88.18851470947266
2018-01-11,40.973026275634766,80.82492065429688,112.91001892089844,153.63966369628906,88.66043853759766
2018-01-12,41.396114349365234,82.2197265625,113.14556884765625,154.98583984375,90.12428283691406
2018-01-16,41.185726165771484,81.07267761230469,113.42822265625,154.94764709472656,89.80429077148438
2018-01-17,41.86597442626953,82.71522521972656,114.92626953125,156.88587951660156,90.38025665283203
2018-01-18,41.90338134765625,82.67852783203125,115.99092864990234,157.9933319091797,90.59620666503906
2018-01-19,41.71638107299805,82.58677673339844,115.60466003417969,159.2823028564453,90.396240234375
2018-01-22,41.375091552734375,84.06415557861328,117.14038848876953,160.66665649414062,91.45210266113281
2018-01-23,41.38444137573242,84.33027648925781,117.44190216064453,159.62600708007812,91.35610961914062
2018-01-24,40.72523498535156,84.25684356689453,117.3476791381836,159.45411682128906,92.5239486694336
2018-01-25,39.99824523925781,84.7248764038086,117.97891235351562,160.962646484375,92.54794311523438
2018-01-26,40.09175109863281,86.31237030029297,119.01530456542969,162.63345336914062,93.04389953613281
2018-01-29,39.26192092895508,86.18386840820312,117.62090301513672,160.92442321777344,92.94790649414062
2018-01-30,39.030487060546875,85.10105895996094,116.40550231933594,159.62600708007812,92.07598876953125
2018-01-31,39.13802719116211,87.1841049194336,117.04617309570312,161.3540802001953,92.5239486694336
2018-02-01,39.219844818115234,86.4958724975586,118.45001220703125,165.1063232421875,93.48385620117188
2018-02-02,37.518096923828125,84.22016906738281,113.91816711425781,162.833984375,91.41210174560547
2018-02-05,36.580726623535156,80.75150299072266,109.54644775390625,157.14361572265625,87.0286636352539
2018-02-06,38.10948944091797,83.80722045898438,113.03252410888672,161.62144470214844,89.67632293701172
2018-02-07,37.293678283691406,82.22888946533203,112.73102569580078,161.09629821777344,90.28427124023438
2018-02-08,36.26748275756836,78.00777435302734,107.27582550048828,153.35325622558594,86.29276275634766
2018-02-09,36.71108627319336,80.91668701171875,109.59357452392578,157.7259979248047,88.02053833007812
2018-02-12,38.18977737426758,81.78840637207031,111.61924743652344,160.58078002929688,89.38037872314453
2018-02-13,38.57234191894531,82.43074798583984,111.50616455078125,162.42344665527344,89.93229675292969
2018-02-14,39.283512115478516,83.72148132324219,113.8427963256836,164.71484375,92.01200866699219
2018-02-15,40.602577209472656,85.42707061767578,115.40950775146484,166.7866973876953,92.39598083496094
2018-02-16,40.47115707397461,84.81858825683594,115.0036392211914,167.7032012939453,91.73207092285156
2018-02-20,40.335025787353516,85.48238372802734,115.15467834472656,167.4167938232422,91.75605010986328
2018-02-21,40.15195083618164,84.3484115600586,113.66344451904297,164.5238800048828,92.14000701904297
2018-02-22,40.487586975097656,84.5697021484375,113.61624908447266,165.12539672851562,91.9720458984375
2018-02-23,41.19170379638672,86.71781158447266,116.0229721069336,167.8082733154297,93.83580017089844
2018-02-26,42.00615692138672,87.97163391113281,117.58971405029297,169.82278442382812,95.00365447998047
2018-02-27,41.87002944946289,86.84683990478516,116.43824768066406,167.9705352783203,93.87578582763672
2018-02-28,41.8066520690918,86.45044708251953,116.03240966796875,167.8082733154297,92.38800048828125
2018-03-01,41.07435989379883,85.60224914550781,113.63513946533203,165.64100646972656,90.73219299316406
2018-03-02,41.35835647583008,85.7866439819336,113.9843521118164,167.1017303466797,90.64421081542969
2018-03-05,41.50153350830078,86.33057403564453,115.031982421875,170.4529266357422,92.0360107421875
2018-03-06,41.46632766723633,86.03555297851562,114.25806427001953,169.4981689453125,92.11601257324219
2018-03-07,41.081390380859375,86.53340148925781,115.0036392211914,171.10214233398438,91.77206420898438
2018-03-08,41.52969741821289,87.05891418457031,115.3528823852539,171.140380859375,91.78005981445312
2018-03-09,42.24320983886719,89.00421142578125,117.51420593261719,174.9498291015625,94.41971588134766
2018-03-12,42.65162658691406,89.21625518798828,117.25936126708984,174.2815704345703,94.11573028564453
2018-03-13,42.24087142944336,87.04046630859375,116.2778091430664,172.8207550048828,92.9878921508789
2018-03-14,41.88176345825195,86.52420043945312,115.69267272949219,171.9710235595703,91.94802856445312
2018-03-15,41.9310417175293,86.82840728759766,116.47600555419922,172.76344299316406,92.18000793457031
2018-03-16,41.78318786621094,87.21566772460938,117.53308868408203,174.29110717773438,92.33998107910156
2018-03-19,41.144775390625,85.63911437988281,116.28726959228516,172.41021728515625,91.61206817626953
2018-03-20,41.13068771362305,85.86038208007812,117.89175415039062,174.25289916992188,91.70005798339844
2018-03-21,40.198890686035156,85.2611083984375,116.29669189453125,172.572509765625,91.78005981445312
2018-03-22,39.630889892578125,82.7811279296875,113.24817657470703,167.5791473388672,87.94854736328125
2018-03-23,38.71316909790039,80.37482452392578,110.42616271972656,164.05604553222656,85.59684753417969
2018-03-26,40.55094909667969,86.45963287353516,113.86164855957031,169.1544952392578,88.23651123046875
2018-03-27,39.51119613647461,82.48606872558594,110.8036880493164,164.71484375,86.5247573852539
2018-03-28,39.074623107910156,82.41233825683594,110.4167251586914,162.64303588867188,86.38877868652344
2018-03-29,39.3797492980957,84.14556121826172,112.89894104003906,167.2354278564453,87.96454620361328
2018-04-02,39.121559143066406,81.61022186279297,111.73808288574219,163.8365478515625,86.26876831054688
2018-04-03,39.52292251586914,82.70734405517578,112.5025405883789,164.66714477539062,87.45262908935547
2018-04-04,40.2786865234375,85.12283325195312,113.07828521728516,165.8319091796875,88.78044891357422
2018-04-05,40.557987213134766,85.1689224243164,114.3807373046875,167.846435546875,89.9461669921875
2018-04-06,39.52057647705078,83.186767578125,111.08683013916016,162.25315856933594,87.7031478881836
2018-04-09,39.91254425048828,83.68460845947266,112.1156005859375,162.86508178710938,88.75634765625
2018-04-10,40.66360855102539,85.6299057006836,113.93717193603516,167.05288696289062,90.45267486572266
2018-04-11,40.47349548339844,84.68953704833984,113.04996490478516,164.79641723632812,88.9332046508789
2018-04-12,40.87251281738281,86.27527618408203,114.26750946044922,167.12933349609375,91.14407348632812
2018-04-13,41.01097869873047,85.81428527832031,113.96546936035156,166.62265014648438,88.6759262084961
2018-04-16,41.266807556152344,86.81920623779297,115.031982421875,166.2401885986328,88.60356903076172
2018-04-17,41.8348274230957,88.57089233398438,116.84410095214844,170.51400756835938,88.60356903076172
2018-04-18,41.74094009399414,88.9119873046875,117.48587799072266,171.58489990234375,87.8880615234375
2018-04-19,40.557987213134766,88.6077880859375,116.99510955810547,171.1545867919922,89.81755065917969
2018-04-20,38.8962516784668,87.58441925048828,117.22161865234375,169.30929565429688,89.6165542602539
2018-04-23,38.78358459472656,87.90711212158203,117.46702575683594,167.731689453125,89.18240356445312
2018-04-24,38.24374008178711,85.85116577148438,114.45626068115234,165.63780212402344,88.76435089111328
2018-04-25,38.41038513183594,85.1043701171875,114.39960479736328,164.90159606933594,88.42668151855469
2018-04-26,38.54418182373047,86.9021987915039,119.9398422241211,170.34194946289062,88.51512908935547
2018-04-27,38.09823226928711,88.34041595458984,118.92991638183594,168.21934509277344,87.95237731933594
2018-04-30,38.788272857666016,86.2199478149414,119.75102996826172,170.44712829589844,87.45393371582031
2018-05-01,39.68956756591797,87.58441925048828,120.34566497802734,172.34019470214844,87.45393371582031
2018-05-02,41.44285202026367,86.21076965332031,119.27913665771484,177.6658172607422,86.76252746582031
2018-05-03,41.51795959472656,86.72702026367188,120.03421020507812,178.29678344726562,86.2158432006836
2018-05-04,43.1468505859375,87.7319564819336,120.95913696289062,179.91261291503906,87.17253875732422
2018-05-07,43.45902633666992,88.70918273925781,121.997314453125,180.80184936523438,87.92826080322266
2018-05-08,43.667911529541016,88.33119201660156,122.60138702392578,182.16905212402344,89.23065948486328
2018-05-09,43.97537612915039,89.37299346923828,123.4885482788086,182.26467895507812,91.17620849609375
2018-05-10,44.604400634765625,90.26728057861328,123.63956451416016,184.57847595214844,91.88370513916016
2018-05-11,44.43475341796875,90.07365417480469,124.41352081298828,184.8654022216797,91.53800201416016
2018-05-14,44.33108901977539,90.37791442871094,123.8377914428711,183.68930053710938,91.5701675415039
2018-05-15,43.928192138671875,89.72332000732422,123.73397827148438,183.57460021972656,90.87071228027344
2018-05-16,44.338157653808594,89.95480346679688,123.53572082519531,183.93792724609375,91.11992645263672
2018-05-17,44.05778121948242,89.05664825439453,122.82672882080078,182.80966186523438,90.81443786621094
2018-05-18,43.897560119628906,89.22331237792969,122.82672882080078,182.0447540283203,89.34320068359375
2018-05-21,44.20857238769531,90.37147521972656,123.51683807373047,182.80966186523438,90.16326904296875
2018-05-22,44.097843170166016,90.27886962890625,123.5640869140625,183.21128845214844,90.85464477539062
2018-05-23,44.38056182861328,91.35298156738281,124.67015075683594,184.5211181640625,90.43657684326172
2018-05-24,44.33108901977539,91.02889251708984,124.6795883178711,183.48851013183594,89.42359924316406
2018-05-25,44.43239974975586,91.07518005371094,124.1029281616211,182.78097534179688,88.96536254882812
2018-05-29,44.27218246459961,90.75110626220703,122.59989166259766,181.2129669189453,85.16265869140625
2018-05-30,44.177940368652344,91.62149047851562,123.49790954589844,183.34510803222656,87.10822296142578
2018-05-31,44.029502868652344,91.51963806152344,123.57352447509766,181.77706909179688,86.03093719482422
2018-06-01,44.82352066040039,93.32522583007812,123.69642639160156,186.79673767089844,87.14840698242188
2018-06-04,45.198143005371094,94.14006042480469,125.79507446289062,189.05313110351562,87.18861389160156
2018-06-05,45.54686737060547,94.62154388427734,126.25826263427734,190.61158752441406,86.69819641113281
2018-06-06,45.70473098754883,94.89930725097656,128.82955932617188,194.29263305664062,88.72418212890625
2018-06-07,45.58219909667969,93.40853881835938,126.52295684814453,190.78369140625,89.0779037475586
2018-06-08,45.16753387451172,94.10301208496094,127.3738021850586,191.26173400878906,89.3271255493164
2018-06-11,45.05678176879883,93.56595611572266,126.58915710449219,189.77975463867188,89.1020278930664
2018-06-12,45.304195404052734,93.80671691894531,127.48721313476562,191.34786987304688,88.58749389648438
2018-06-13,44.931907653808594,93.38078308105469,127.05232238769531,190.65945434570312,88.41064453125
2018-06-14,44.95546340942383,93.90855407714844,127.61953735351562,190.56378173828125,86.8509521484375
2018-06-15,44.4936637878418,92.71409606933594,127.71410369873047,190.77415466308594,86.7464599609375
2018-06-18,44.4701042175293,93.3900375366211,128.75390625,192.30393981933594,86.97156524658203
2018-06-19,43.75148010253906,93.3900375366211,127.72354888916016,190.92710876464844,86.46505737304688
2018-06-20,43.942325592041016,94.3252182006836,128.09219360351562,192.69590759277344,86.45702362060547
2018-06-21,43.69728469848633,93.6492919921875,127.17523956298828,191.96929931640625,86.43289184570312
2018-06-22,43.5700569152832,92.97337341308594,127.93151092529297,192.63858032226562,85.01792907714844
2018-06-25,42.9221076965332,91.10295867919922,123.77205657958984,186.423828125,84.24613189697266
2018-06-26,43.4546012878418,91.74187469482422,125.30351257324219,187.8388671875,84.30243682861328
2018-06-27,43.39097213745117,90.31591796875,123.85714721679688,184.70278930664062,83.00001525878906
2018-06-28,43.70671081542969,91.32518005371094,125.48310852050781,188.45077514648438,84.35871124267578
2018-06-29,43.614810943603516,91.30668640136719,125.20896911621094,187.896240234375,83.77178955078125
2018-07-02,44.1025390625,92.60299682617188,125.25626373291016,188.9957733154297,84.47929382324219
2018-07-03,43.33442687988281,91.71409606933594,124.26360321044922,187.67636108398438,83.29747772216797
2018-07-05,43.683143615722656,92.37150573730469,126.00306701660156,190.1431121826172,83.83909606933594
2018-07-06,44.288673400878906,93.6678237915039,126.7593002319336,191.00474548339844,84.11388397216797
2018-07-09,44.90363693237305,94.30670166015625,128.11111450195312,192.3544921875,86.71669006347656
2018-07-10,44.84944152832031,94.55673217773438,129.21719360351562,192.9193572998047,86.18318939208984
2018-07-11,44.2674674987793,94.42708587646484,130.5973358154297,195.1403350830078,85.99727630615234
2018-07-12,45.00966262817383,96.47343444824219,132.25167846679688,198.91220092773438,86.36910247802734
2018-07-13,45.080352783203125,97.62158203125,131.79788208007812,197.12196350097656,85.9730224609375
2018-07-16,44.98139572143555,97.14008331298828,130.89041137695312,195.37010192871094,89.38416290283203
2018-07-17,45.108612060546875,98.10305786132812,132.00588989257812,197.56236267089844,89.31947326660156
2018-07-18,44.86122512817383,97.33454895019531,133.19703674316406,199.46743774414062,90.15205383300781
2018-07-19,45.209930419921875,96.66786193847656,132.46910095214844,197.2655792236328,88.82640075683594
2018-07-20,45.106258392333984,98.39935302734375,133.2821044921875,197.8878631591797,89.9499740600586
2018-07-23,45.14631271362305,99.97344970703125,132.37460327148438,198.9696044921875,91.62317657470703
2018-07-24,45.47383117675781,99.68640899658203,132.37460327148438,200.6353759765625,92.26985931396484
2018-07-25,45.90264129638672,102.62164306640625,134.8418731689453,205.0198516845703,93.10245513916016
2018-07-26,45.7589225769043,101.50125122070312,134.70953369140625,198.5196990966797,92.83567810058594
2018-07-27,44.99788284301758,99.70492553710938,133.0173797607422,194.27871704101562,93.78951263427734
2018-07-30,44.74577331542969,97.56604766845703,129.0186309814453,189.42515563964844,94.35531616210938
2018-07-31,44.83530807495117,98.22343444824219,129.264404296875,189.54953002929688,92.91650390625
2018-08-01,47.476558685302734,98.40861511230469,130.69189453125,192.61300659179688,93.49040985107422
2018-08-02,48.86432647705078,99.60308074951172,131.32525634765625,193.38841247558594,93.8864974975586
2018-08-03,49.00571060180664,100.03827667236328,132.17608642578125,192.61300659179688,94.64631652832031
2018-08-06,49.26016616821289,100.12159729003906,132.07208251953125,192.9384765625,94.67057800292969
2018-08-07,48.798370361328125,100.81603240966797,132.6108856201172,193.97235107421875,95.01815795898438
2018-08-08,48.83134460449219,101.38086700439453,132.98904418945312,194.2021484375,95.21214294433594
2018-08-09,49.21540069580078,101.54755401611328,132.3556671142578,194.91053771972656,94.4765625
2018-08-10,49.068824768066406,100.9271469116211,132.09100341796875,194.00111389160156,93.54701232910156
2018-08-13,49.385650634765625,100.19569396972656,132.54473876953125,193.67564392089844,92.05968475341797
2018-08-14,49.59371566772461,101.44568634033203,133.06463623046875,195.1785888671875,92.67400360107422
2018-08-15,49.70956802368164,100.07003021240234,132.27061462402344,191.6939697265625,91.9061050415039
2018-08-16,50.43781661987305,100.05143737792969,133.16055297851562,194.91053771972656,92.77103424072266
2018-08-17,51.4450569152832,99.99568176269531,133.80433654785156,194.5371856689453,92.77103424072266
2018-08-20,50.94379806518555,99.33574676513672,133.43511962890625,196.01153564453125,92.64977264404297
2018-08-21,50.8444938659668,98.50846099853516,132.5830078125,194.42236328125,93.21559143066406
2018-08-22,50.846858978271484,99.5123291015625,133.62445068359375,195.5902099609375,92.93270111083984
2018-08-23,50.950889587402344,99.97710418701172,134.5333251953125,196.46142578125,92.73869323730469
2018-08-24,51.10930633544922,100.75788116455078,136.52149963378906,200.4630126953125,92.69828033447266
2018-08-27,51.53017044067383,101.87327575683594,137.65760803222656,202.50209045410156,94.33916473388672
2018-08-28,51.94631576538086,102.48673248291016,137.46827697753906,203.55519104003906,93.87841033935547
2018-08-29,52.72184371948242,104.12265014648438,139.2008056640625,205.4123992919922,93.5712661743164
2018-08-30,53.206539154052734,104.05760955810547,138.92626953125,204.6752471923828,93.11051177978516
2018-08-31,53.8212890625,104.4107894897461,139.06820678710938,206.360107421875,92.61742401123047
2018-09-04,53.993900299072266,103.83451080322266,139.92979431152344,207.56639099121094,93.07817840576172
2018-09-05,53.641597747802734,100.84150695800781,135.07296752929688,202.14794921875,92.62553405761719
2018-09-06,52.75020980834961,101.07390594482422,136.80555725097656,203.689208984375,92.22943878173828
2018-09-07,52.32461166381836,100.58126831054688,135.57472229003906,202.08091735839844,92.40726470947266
2018-09-10,51.62238693237305,101.66876220703125,136.4078826904297,202.6361541748047,91.91419982910156
2018-09-11,52.927547454833984,103.39765167236328,137.74281311035156,204.34014892578125,92.49617767333984
2018-09-12,52.270233154296875,103.83451080322266,138.7653350830078,204.89544677734375,91.40495300292969
2018-09-13,53.5328369140625,104.94989776611328,139.7688446044922,207.9492950439453,91.76060485839844
2018-09-14,52.92517852783203,105.37748718261719,139.9676513671875,208.6577606201172,91.74444580078125
2018-09-17,51.51598358154297,104.23418426513672,138.39605712890625,207.2312469482422,92.01925659179688
2018-09-18,51.60110855102539,105.22874450683594,139.7688446044922,210.6585235595703,92.39111328125
2018-09-19,51.6318473815918,103.8252182006836,139.57003784179688,208.87786865234375,95.07474517822266
2018-09-20,52.02433776855469,105.56336975097656,141.29310607910156,211.94129943847656,95.8911361694336
2018-09-21,51.46397018432617,106.20474243164062,142.0600128173828,212.4295196533203,95.26062774658203
2018-09-24,52.20403289794922,106.58582305908203,141.1700439453125,211.90304565429688,94.34724426269531
2018-09-25,52.53504943847656,106.38134002685547,141.61502075195312,212.64015197753906,94.08048248291016
2018-09-26,52.11655044555664,105.94445037841797,141.32154846191406,212.77415466308594,92.97308349609375
2018-09-27,53.1876335144043,106.34417724609375,142.03160095214844,212.82208251953125,92.56893157958984
2018-09-28,53.374427795410156,106.30696105957031,142.0978546142578,213.10922241210938,91.21094512939453
2018-10-01,53.73381042480469,107.45956420898438,142.7605743408203,214.21971130371094,91.74444580078125
2018-10-02,54.211421966552734,107.03199005126953,141.70022583007812,212.87950134277344,92.1243667602539
2018-10-03,54.87110137939453,107.05057525634766,141.4162139892578,213.60702514648438,92.9892578125
2018-10-04,53.906410217285156,104.83837127685547,138.94520568847656,206.92495727539062,93.82765197753906
2018-10-05,53.03158187866211,104.22490692138672,137.61972045898438,204.3946990966797,93.29857635498047
2018-10-08,52.90863800048828,103.0351333618164,134.33445739746094,199.6025390625,93.86835479736328
2018-10-09,53.641597747802734,104.34574890136719,134.732177734375,201.04019165039062,93.21717071533203
2018-10-10,51.15658187866211,98.67578125,128.30369567871094,188.5135498046875,90.73450469970703
2018-10-11,50.70499801635742,98.44341278076172,126.60899353027344,186.4241943359375,88.01581573486328
2018-10-12,52.516151428222656,101.84539031982422,132.60191345214844,195.73048400878906,87.05534362792969
2018-10-15,51.393035888671875,100.0142593383789,129.92263793945312,191.99261474609375,86.55879974365234
2018-10-16,52.52559280395508,103.17456817626953,134.1925048828125,199.14251708984375,88.41468811035156
2018-10-17,52.298606872558594,102.9050064086914,134.86471557617188,198.7591552734375,89.39960479736328
2018-10-18,51.076202392578125,100.850830078125,131.87294006347656,195.15542602539062,87.98326110839844
2018-10-19,51.854087829589844,100.99952697753906,132.6208953857422,194.61875915527344,87.83677673339844
2018-10-22,52.170921325683594,101.901123046875,133.15106201171875,195.99888610839844,86.57508087158203
2018-10-23,52.662723541259766,100.47900390625,131.7119903564453,194.01492309570312,85.67157745361328
2018-10-24,50.85630798339844,95.10650634765625,127.11080932617188,187.55508422851562,84.07615661621094
2018-10-25,51.969947814941406,100.6649169921875,133.0374755859375,195.71128845214844,85.35411834716797
2018-10-26,51.14240646362305,99.41936492919922,130.4054412841797,189.2802734375,84.1819839477539
2018-10-29,50.182456970214844,96.52864074707031,127.17704772949219,183.09835815429688,85.34596252441406
2018-10-30,50.433082580566406,96.4171142578125,125.69066619873047,179.9259796142578,86.8518295288086
2018-10-31,51.747703552246094,99.27994537353516,130.5096435546875,189.45277404785156,88.74026489257812
2018-11-01,52.54214096069336,98.45269012451172,133.3309326171875,191.40797424316406,88.70771026611328
2018-11-02,49.05698776245117,98.67578125,132.33682250976562,189.50070190429688,88.21932220458984
2018-11-05,47.66434097290039,99.93059539794922,132.3557891845703,189.74990844726562,88.7972412109375
2018-11-06,48.17979431152344,100.12579345703125,133.2930450439453,190.87127685546875,89.2123794555664
2018-11-07,49.640995025634766,104.06686401367188,137.07066345214844,199.58340454101562,90.7426528930664
2018-11-08,49.46778869628906,103.87169647216797,137.4966278076172,200.17759704589844,91.4752426147461
2018-11-09,48.51397705078125,101.84539031982422,136.26588439941406,197.07229614257812,90.58800506591797
2018-11-12,46.070133209228516,99.33574676513672,132.28005981445312,190.86167907714844,88.68326568603516
2018-11-13,45.609832763671875,99.40079498291016,132.28005981445312,189.93203735351562,89.2042236328125
2018-11-14,44.32147979736328,97.99118041992188,132.0623016357422,189.36656188964844,87.36465454101562
2018-11-15,45.415279388427734,100.14762115478516,134.5282745361328,192.36642456054688,89.59493255615234
2018-11-16,45.91828918457031,101.09044647216797,132.95387268066406,190.7658233642578,89.52982330322266
2018-11-19,44.09844970703125,97.6644515991211,127.81329345703125,181.4115753173828,90.21356964111328
2018-11-20,41.99151611328125,94.94792938232422,126.49488067626953,179.28384399414062,88.27629852294922
2018-11-21,41.94405746459961,96.25482940673828,127.49079132080078,179.85891723632812,87.61697387695312
2018-11-23,40.878719329833984,96.21749114990234,126.02068328857422,175.0092315673828,86.81116485595703
2018-11-26,41.43156433105469,99.39144897460938,128.9324188232422,183.87472534179688,88.93561553955078
2018-11-27,41.341407775878906,100.01689910888672,128.9039764404297,184.95774841308594,89.31004333496094
2018-11-28,42.931095123291016,103.7322998046875,134.09201049804688,193.87109375,90.30310821533203
2018-11-29,42.60129928588867,102.8641357421875,131.92953491210938,188.48477172851562,89.58680725097656
2018-11-30,42.37114334106445,103.517578125,134.40501403808594,192.71144104003906,90.50660705566406
2018-12-03,43.85169219970703,104.63780212402344,137.52536010742188,201.1360321044922,91.36128997802734
2018-12-04,41.92271041870117,101.3051528930664,131.4932098388672,192.1555633544922,87.28325653076172
2018-12-06,41.45527648925781,101.93061828613281,133.77896118164062,194.55162048339844,85.62273406982422
2018-12-07,39.97711944580078,97.8511734008789,130.04208374023438,188.3314666748047,84.07615661621094
2018-12-10,40.240478515625,100.43698120117188,130.77243041992188,189.8265838623047,82.50517272949219
2018-12-11,40.010337829589844,101.37051391601562,129.75759887695312,189.5198974609375,81.69935607910156
2018-12-12,40.12185287475586,101.82792663574219,130.69651794433594,191.9638671875,82.2284164428711
2018-12-13,40.560794830322266,102.17334747314453,130.44989013671875,190.68914794921875,82.30984497070312
2018-12-14,39.26294708251953,98.980712890625,128.126220703125,187.21006774902344,81.63423156738281
2018-12-17,38.89755630493164,96.04946899414062,124.62642669677734,182.53289794921875,80.5923080444336
2018-12-18,39.402931213378906,97.05767059326172,125.8215103149414,183.64471435546875,80.20974731445312
2018-12-19,38.173885345458984,96.79627227783203,124.49364471435547,179.34133911132812,79.19226837158203
2018-12-20,37.21058654785156,94.76122283935547,122.12252807617188,175.1147003173828,78.50850677490234
2018-12-21,35.76325607299805,91.69927215576172,117.8544921875,167.90728759765625,76.65262603759766
2018-12-24,34.837921142578125,87.87184143066406,115.4549331665039,167.38973999023438,75.00025177001953
2018-12-26,37.29125213623047,93.8743896484375,123.51677703857422,178.68003845214844,78.10965728759766
2018-12-27,37.04923629760742,94.45315551757812,125.20500183105469,180.84605407714844,78.98876190185547
2018-12-28,37.068233489990234,93.71568298339844,124.19017028808594,178.4212646484375,78.81784057617188
2018-12-31,37.4265022277832,94.8172378540039,125.13861083984375,180.8077392578125,79.46089172363281
2019-01-02,37.469200134277344,94.39715576171875,126.0680923461914,181.85247802734375,80.83650970458984
2019-01-03,33.736995697021484,90.92447662353516,121.52499389648438,173.6482391357422,79.68766784667969
2019-01-04,35.177207946777344,95.15330505371094,126.7604751586914,181.87156677246094,82.62539672851562
2019-01-07,35.098899841308594,95.27464294433594,129.04623413085938,183.2709197998047,82.6828384399414
2019-01-08,35.76799392700195,95.9654541015625,129.7480926513672,184.60543823242188,82.52691650390625
2019-01-09,36.37540817260742,97.33773040771484,131.27511596679688,187.95614624023438,82.38743591308594
2019-01-10,36.491661071777344,96.7122573852539,131.52174377441406,189.0890655517578,82.37921905517578
2019-01-11,36.133384704589844,95.9654541015625,130.94314575195312,188.08091735839844,81.98534393310547
2019-01-14,35.59004592895508,95.26531219482422,130.03262329101562,187.62969970703125,82.83055877685547
2019-01-15,36.31846618652344,98.0285415649414,130.26028442382812,188.67620849609375,83.43781280517578
2019-01-16,36.76216125488281,98.37393188476562,130.26028442382812,189.8763427734375,84.11068725585938
2019-01-17,36.980430603027344,99.06473541259766,130.20333862304688,191.3548126220703,84.45531463623047
2019-01-18,37.208213806152344,100.54901885986328,131.3604736328125,193.9374237060547,85.8257064819336
2019-01-22,36.3730354309082,98.65399169921875,130.93365478515625,191.49887084960938,84.47172546386719
2019-01-23,36.520145416259766,99.61550903320312,129.947265625,190.43313598632812,84.2583999633789
2019-01-24,36.23067092895508,99.13941955566406,130.60171508789062,191.81565856933594,84.30760955810547
2019-01-25,37.43123245239258,100.04490661621094,131.52174377441406,194.8399658203125,84.84099578857422
2019-01-28,37.084842681884766,98.0938720703125,128.97984313964844,192.17091369628906,85.24308776855469
2019-01-29,36.70046615600586,96.09617614746094,128.04086303710938,191.2876434326172,85.48104858398438
2019-01-30,39.20836639404297,99.30745697021484,130.5068359375,195.8768310546875,85.6780014038086
2019-01-31,39.490726470947266,97.48710632324219,128.05032348632812,202.70303344726562,84.9312515258789
2019-02-01,39.50969696044922,95.94676971435547,132.92539978027344,205.2376708984375,85.24308776855469
2019-02-04,40.6319580078125,98.70999908447266,134.20579528808594,206.33218383789062,85.54671478271484
2019-02-05,41.32716751098633,100.09160614013672,135.18272399902344,207.2442626953125,85.16922760009766
2019-02-06,41.341407775878906,98.980712890625,134.19630432128906,206.7066192626953,85.12821197509766
2019-02-07,40.55842208862305,98.27124786376953,132.94436645507812,205.42971801757812,84.01219177246094
2019-02-08,40.606082916259766,98.6446533203125,133.14356994628906,207.935546875,83.1751937866211
2019-02-11,40.3725471496582,98.2525634765625,133.5419158935547,208.43479919433594,82.78130340576172
2019-02-12,40.720455169677734,99.7835464477539,134.6705780029297,210.1725311279297,84.1927261352539
2019-02-13,40.551265716552734,99.70885467529297,136.0932159423828,211.7375030517578,84.59484100341797
2019-02-14,40.698997497558594,99.79288482666016,136.01724243164062,211.03660583496094,84.0450210571289
2019-02-15,40.60845947265625,101.02510833740234,137.67990112304688,213.24484252929688,86.61349487304688
2019-02-19,40.72999572753906,100.97842407226562,137.23336791992188,211.7854766845703,86.30985260009766
2019-02-20,40.992103576660156,100.45343017578125,137.50885009765625,212.28477478027344,86.7283706665039
2019-02-21,40.760955810546875,102.57220458984375,136.81532287597656,210.55657958984375,86.54782104492188
2019-02-22,41.21609115600586,104.0346908569336,138.59205627441406,214.40652465820312,86.16217041015625
2019-02-25,41.51632308959961,104.61592864990234,138.77249145507812,214.40652465820312,87.06478118896484
2019-02-26,41.54015350341797,105.33782196044922,139.70362854003906,215.0593719482422,86.40010070800781
2019-02-27,41.6688232421875,105.15969848632812,139.87464904785156,215.6066131591797,86.29344940185547
2019-02-28,41.25896453857422,105.02845001220703,140.72972106933594,215.79867553710938,85.63697814941406
2019-03-01,41.69266128540039,105.49720764160156,142.01239013671875,218.17965698242188,85.6944351196289
2019-03-04,41.90235137939453,105.24407958984375,140.57772827148438,217.25790405273438,85.49747467041016
2019-03-05,41.82609558105469,104.71907043457031,140.56820678710938,217.1907958984375,85.43183135986328
2019-03-06,41.585426330566406,104.7659683227539,140.4351806640625,215.51060485839844,85.11177825927734
2019-03-07,41.104103088378906,103.49092102050781,139.50408935546875,213.53280639648438,84.49635314941406
2019-03-08,41.201786041259766,103.60343170166016,139.99818420410156,213.01438903808594,84.52918243408203
2019-03-11,42.62910461425781,105.77845001220703,143.15255737304688,216.63394165039062,85.62876892089844
2019-03-12,43.108055114746094,106.51908874511719,144.1596221923828,217.8820037841797,85.37438201904297
2019-03-13,43.2986946105957,107.34407806396484,144.86270141601562,219.37973022460938,85.66158294677734
2019-03-14,43.780029296875,107.42845153808594,146.5063934326172,220.3494110107422,86.44114685058594
2019-03-15,44.34952163696289,108.66595458984375,147.70355224609375,221.9431915283203,87.43408203125
2019-03-18,44.80227279663086,110.22219848632812,147.22848510742188,221.19430541992188,87.95924377441406
2019-03-19,44.44722366333008,110.29721069335938,146.8769073486328,221.78958129882812,87.63923645019531
2019-03-20,44.83563232421875,110.17533111572266,146.07884216308594,220.7142791748047,85.76826477050781
2019-03-21,46.48693084716797,112.70658874511719,148.0265655517578,226.4556121826172,84.41429901123047
2019-03-22,45.5242805480957,109.73470306396484,145.43276977539062,221.54959106445312,81.86225891113281
2019-03-25,44.97383499145508,110.30660247802734,145.394775390625,221.22314453125,81.18115997314453
2019-03-26,44.50917053222656,110.54096221923828,147.55149841308594,223.9785614013672,81.99354553222656
2019-03-27,44.90950012207031,109.47220611572266,146.52537536621094,223.23931884765625,81.71454620361328
2019-03-28,44.96906280517578,109.62222290039062,146.9529571533203,225.48587036132812,82.6418228149414
2019-03-29,45.26216506958008,110.56909942626953,148.39707946777344,226.05233764648438,83.06852722167969
2019-04-01,45.56953811645508,111.58159637451172,149.41372680664062,229.50869750976562,85.86674499511719
2019-04-02,46.23196792602539,111.7409896850586,149.9077606201172,229.71029663085938,86.27703094482422
2019-04-03,46.54889678955078,112.47219848632812,150.55384826660156,229.39346313476562,86.4493637084961
2019-04-04,46.62991714477539,111.90033721923828,149.77476501464844,226.6380157470703,87.28448486328125
2019-04-05,46.94206619262695,112.39723205566406,149.78424072265625,227.1852569580078,87.07777404785156
2019-04-08,47.68074417114258,112.43472290039062,149.87928771972656,227.15643310546875,87.35892486572266
2019-04-09,47.537776947021484,111.82532501220703,149.63226318359375,226.81027221679688,86.71394348144531
2019-04-10,47.804656982421875,112.67848205566406,150.64878845214844,227.91595458984375,87.10257720947266
2019-04-11,47.40671920776367,112.8097152709961,149.98374938964844,226.93533325195312,87.83850860595703
2019-04-12,47.387657165527344,113.39097595214844,151.6749725341797,229.61767578125,91.956298828125
2019-04-15,47.47343826293945,113.48473358154297,152.43507385253906,229.9253387451172,90.90619659423828
2019-04-16,47.478206634521484,113.22222900390625,152.23556518554688,230.82907104492188,91.8653564453125
2019-04-17,48.40274429321289,114.15970611572266,152.43507385253906,231.7039794921875,94.51136779785156
2019-04-18,48.576698303222656,115.65974426269531,152.16900634765625,231.5981903076172,93.81675720214844
2019-04-22,48.7363395690918,116.02536010742188,152.39700317382812,233.67491149902344,93.93253326416016
2019-04-23,49.43928909301758,117.6003646850586,153.59422302246094,234.09786987304688,94.04829406738281
2019-04-24,49.363033294677734,117.19725799560547,153.43264770507812,235.8284912109375,93.89122009277344
2019-04-25,48.915061950683594,121.07847595214844,152.986083984375,236.1361541748047,93.94081115722656
2019-04-26,48.68154525756836,121.77225494384766,154.80079650878906,237.16485595703125,94.65192413330078
2019-04-29,48.75542068481445,121.65974426269531,155.95989990234375,237.5975799560547,96.0162353515625
2019-04-30,47.81656265258789,122.43788146972656,156.22596740722656,244.43333435058594,95.95838165283203
2019-05-01,50.16367721557617,119.88788604736328,154.66778564453125,239.1550750732422,95.22245788574219
2019-05-02,49.83723068237305,118.32222747802734,153.08108520507812,237.6551971435547,95.42916870117188
2019-05-03,50.456756591796875,120.84410095214844,153.9552459716797,238.38592529296875,96.0162353515625
2019-05-06,49.677574157714844,120.14099884033203,154.18325805664062,239.0492706298828,95.16458129882812
2019-05-07,48.338409423828125,117.67536163330078,152.21653747558594,235.6073760986328,93.61007690429688
2019-05-08,48.34793472290039,117.66600799560547,152.7390899658203,235.86697387695312,93.11393737792969
2019-05-09,47.828487396240234,117.65660858154297,151.8364715576172,235.8477020263672,93.03952026367188
2019-05-10,47.16587829589844,119.18474578857422,152.69158935546875,237.88589477539062,93.03125
2019-05-13,44.42462921142578,115.64097595214844,149.48023986816406,232.06930541992188,90.50102996826172
2019-05-14,45.12789535522461,116.93474578857422,152.21653747558594,236.45343017578125,91.22039794921875
2019-05-15,45.668495178222656,118.58145141601562,154.66778564453125,239.53958129882812,90.87310791015625
2019-05-16,45.467559814453125,121.31967163085938,156.88494873046875,243.64488220214844,92.03900909423828
2019-05-17,45.20922088623047,120.51045227050781,156.14271545410156,242.8084716796875,91.59249877929688
2019-05-20,43.79553985595703,118.7696304321289,155.55276489257812,243.7122039794922,92.07209014892578
2019-05-21,44.6351318359375,119.40949249267578,155.92391967773438,245.51007080078125,92.38628387451172
2019-05-22,43.72139358520508,120.134033203125,156.28546142578125,246.99063110351562,91.63384246826172
2019-05-23,42.97507095336914,118.73200988769531,153.68768310546875,240.09722900390625,89.83126068115234
2019-05-24,42.810035705566406,118.7884521484375,154.76292419433594,241.7797088623047,90.71601867675781
2019-05-28,42.63301467895508,118.71318054199219,155.78114318847656,243.65451049804688,89.73202514648438
2019-05-29,42.42969512939453,117.56519317626953,154.84860229492188,243.7794647216797,89.4839859008789
2019-05-30,42.64976119995117,118.30856323242188,154.8771209716797,244.3852081298828,88.52481079101562
2019-05-31,41.87712860107422,116.37957000732422,153.51641845703125,241.7893829345703,87.61524963378906
2019-06-03,41.45375061035156,112.76622009277344,150.91864013671875,232.91537475585938,88.0286865234375
2019-06-04,42.97028350830078,115.89024353027344,154.4679718017578,239.5684051513672,90.74082946777344
2019-06-05,43.663970947265625,118.40265655517578,157.3797607421875,246.37538146972656,91.06330108642578
2019-06-06,44.30502700805664,120.27517700195312,158.8356475830078,247.884765625,91.26175689697266
2019-06-07,45.48430633544922,123.64386749267578,161.81410217285156,255.54737854003906,90.26123809814453
2019-06-10,46.065555572509766,124.7730484008789,162.54681396484375,255.8358612060547,91.23692321777344
2019-06-11,46.59898376464844,124.30255889892578,162.06149291992188,253.4899139404297,91.5180892944336
2019-06-12,46.450679779052734,123.72856903076172,163.27951049804688,253.6725311279297,90.35218811035156
2019-06-13,46.44111251831055,124.50958251953125,161.14801025390625,251.12481689453125,90.57545471191406
2019-06-14,46.10384750366211,124.63188171386719,161.44297790527344,250.06723022460938,90.80697631835938
2019-06-17,46.37890625,125.00829315185547,161.34779357910156,249.201904296875,90.31086730957031
2019-06-18,47.46968460083008,127.18196868896484,161.08135986328125,248.82701110839844,91.54288482666016
2019-06-19,47.3309440612793,127.68063354492188,162.423095703125,249.84608459472656,90.88138580322266
2019-06-20,47.71126937866211,128.8662567138672,165.3253631591797,256.49920654296875,91.1129150390625
2019-06-21,47.548614501953125,128.8851318359375,165.0398712158203,254.2686309814453,90.4927749633789
2019-06-24,47.50078582763672,129.64724731445312,165.43003845214844,255.06661987304688,89.84780883789062
2019-06-25,46.78078842163086,125.55403900146484,162.9844970703125,249.71151733398438,89.1036148071289
2019-06-26,47.792606353759766,126.02450561523438,162.77516174316406,251.22093200683594,89.69898223876953
2019-06-27,47.778255462646484,126.23153686523438,162.93692016601562,251.02870178222656,89.99662780761719
2019-06-28,47.3428955078125,126.05280303955078,165.14459228515625,254.3263702392578,92.44418334960938
2019-07-01,48.21120834350586,127.67122650146484,165.5157012939453,256.48004150390625,93.99869537353516
2019-07-02,48.49346160888672,128.5181121826172,166.79080200195312,260.1334228515625,94.0979232788086
2019-07-03,48.89533233642578,129.34620666503906,168.3037567138672,262.5465393066406,93.94802856445312
2019-07-05,48.85226821899414,128.96978759765625,168.10397338867188,261.642822265625,94.50595092773438
2019-07-08,47.84523010253906,128.8756561279297,167.65675354003906,261.0845642089844,93.98965454101562
2019-07-09,48.137062072753906,128.40521240234375,169.12210083007812,263.1156311035156,94.38937377929688
2019-07-10,48.613067626953125,129.71315002441406,170.62557983398438,265.0792541503906,94.11457824707031
2019-07-11,48.25904846191406,130.23068237304688,171.98631286621094,267.9093322753906,95.013916015625
2019-07-12,48.62981033325195,130.701171875,171.59620666503906,269.08367919921875,96.01319885253906
2019-07-15,49.08667755126953,130.701171875,171.82460021972656,268.92010498046875,94.84736633300781
2019-07-16,48.91685485839844,128.98861694335938,170.62557983398438,266.27288818359375,95.86328125
2019-07-17,48.64177322387695,128.22642517089844,170.47332763671875,264.9830627441406,94.92230224609375
2019-07-18,49.194332122802734,128.36758422851562,171.7864990234375,266.42694091796875,95.48858642578125
2019-07-19,48.45996856689453,128.5557403564453,170.55899047851562,265.2911071777344,94.54757690429688
2019-07-22,49.567481994628906,130.25889587402344,171.82460021972656,268.18841552734375,95.15546417236328
2019-07-23,49.954994201660156,131.06813049316406,172.13858032226562,268.5349426269531,96.89588165283203
2019-07-24,49.914329528808594,132.4137725830078,174.4508819580078,269.76708984375,97.28726959228516
2019-07-25,49.519649505615234,131.91502380371094,172.79513549804688,268.9008483886719,96.3546142578125
2019-07-26,49.691871643066406,132.9971466064453,174.79345703125,271.5189514160156,96.77928924560547
2019-07-29,50.15591812133789,132.70542907714844,174.33668518066406,270.91259765625,96.47119903564453
2019-07-30,49.940635681152344,132.06558227539062,172.73806762695312,267.75531005859375,96.25467681884766
2019-07-31,50.95964431762695,128.22642517089844,169.37904357910156,262.0856018066406,96.59608459472656
2019-08-01,49.85692596435547,129.9107666015625,170.49240112304688,263.9049072265625,94.04795837402344
2019-08-02,48.80203628540039,128.81915283203125,168.82713317871094,259.3710632324219,94.03962707519531
2019-08-05,46.24736022949219,124.40605926513672,160.68173217773438,247.23272705078125,91.24168395996094
2019-08-06,47.12284469604492,126.73966979980469,164.12640380859375,254.77955627441406,91.95781707763672
2019-08-07,47.610809326171875,127.29486846923828,166.82884216308594,259.2362976074219,89.95926666259766
2019-08-08,48.6609001159668,130.69174194335938,171.18699645996094,267.6398010253906,91.48316955566406
2019-08-09,48.25992202758789,129.58139038085938,170.378173828125,264.6653747558594,91.38321685791016
2019-08-12,48.13746643066406,127.77471923828125,167.7993621826172,259.9004821777344,89.6678237915039
2019-08-13,50.17599868774414,130.41888427734375,169.95945739746094,264.2610778808594,91.0501480102539
2019-08-14,48.68252182006836,126.49137878417969,165.1064910888672,257.1571044921875,87.26956939697266
2019-08-15,48.44000244140625,126.20817565917969,167.974853515625,261.71978759765625,87.60264587402344
2019-08-16,49.58293914794922,128.52125549316406,169.84259033203125,264.097412109375,89.70114135742188
2019-08-19,50.507362365722656,130.67376708984375,171.2815704345703,267.668701171875,90.50888061523438
2019-08-20,50.50975799560547,129.5880584716797,170.80508422851562,266.6771240234375,89.35970306396484
2019-08-21,51.057212829589844,131.0325164794922,172.4250030517578,271.4613342285156,89.60953521728516
2019-08-22,51.014007568359375,130.07901000976562,171.61509704589844,270.26763916015625,90.53385925292969
2019-08-23,48.656105041503906,125.93438720703125,166.9837646484375,261.71978759765625,88.2854995727539
2019-08-26,49.58053970336914,127.87922668457031,169.2327423095703,266.0899963378906,88.99332427978516
2019-08-27,49.02107238769531,128.1530303955078,169.9855499267578,266.29217529296875,88.05233764648438
2019-08-28,49.35002136230469,127.98307037353516,170.26190185546875,267.83221435546875,88.9350357055664
2019-08-29,50.18560791015625,130.40000915527344,172.64425659179688,270.8548889160156,90.9502182006836
2019-08-30,50.12077331542969,130.15457153320312,172.3107452392578,270.84521484375,91.48316955566406
2019-09-03,49.39084243774414,128.43624877929688,170.7669677734375,269.6323547363281,90.4006118774414
2019-09-04,50.22883224487305,129.9373779296875,173.2159881591797,275.3983459472656,91.49147033691406
2019-09-05,51.21088409423828,132.22210693359375,176.0367431640625,281.15460205078125,93.57330322265625
2019-09-06,51.20608901977539,131.3252410888672,176.9991912841797,280.4807434082031,93.77315521240234
2019-09-09,51.42458724975586,129.83355712890625,173.00636291503906,272.7607727050781,96.09648132324219
2019-09-10,52.03205871582031,128.47402954101562,168.0510711669922,262.1433410644531,97.32057189941406
2019-09-11,53.686431884765625,128.51174926757812,166.7455291748047,259.8524169921875,97.5870132446289
2019-09-12,53.56637954711914,129.83355712890625,169.60435485839844,266.0611267089844,98.18659973144531
2019-09-13,52.52430725097656,129.64471435546875,168.92779541015625,265.98406982421875,100.1185073852539
2019-09-16,52.800418853759766,128.71006774902344,167.8223419189453,263.8279113769531,99.22750854492188
2019-09-17,52.992515563964844,129.71080017089844,168.14633178710938,265.9167175292969,98.7361831665039
2019-09-18,53.48953628540039,130.77761840820312,167.0409393310547,264.8097839355469,99.72713470458984
2019-09-19,53.05495071411133,133.1851348876953,167.67945861816406,265.5894470214844,99.41070556640625
2019-09-20,52.279380798339844,131.64617919921875,165.86883544921875,261.0267333984375,99.01100158691406
2019-09-23,52.5170783996582,131.3629608154297,166.67884826660156,262.93267822265625,98.99432373046875
2019-09-24,52.26736831665039,129.7013397216797,166.26907348632812,260.9786682128906,97.70362091064453
2019-09-25,53.071746826171875,131.57064819335938,167.03138732910156,262.5476379394531,98.26155090332031
2019-09-26,52.79802322387695,131.74063110351562,167.3839874267578,263.64501953125,97.45381164550781
2019-09-27,52.54109573364258,130.03179931640625,165.81167602539062,259.0631103515625,98.02838897705078
2019-09-30,53.77766799926758,131.25912475585938,163.91529846191406,261.41180419921875,98.00340270996094
2019-10-01,53.92654800415039,129.40869140625,166.0880126953125,260.80535888671875,96.22137451171875
2019-10-02,52.57471466064453,127.12393188476562,161.83792114257812,254.58705139160156,94.30610656738281
2019-10-03,53.02132797241211,128.66281127929688,164.73480224609375,258.2545471191406,94.17179107666016
2019-10-04,54.50760269165039,130.40000915527344,167.69850158691406,263.8086853027344,96.21154022216797
2019-10-07,54.51962661743164,129.45590209960938,166.66928100585938,262.00860595703125,96.00167083740234
2019-10-08,53.88092041015625,128.0869140625,164.30599975585938,257.3921813964844,93.86121368408203
2019-10-09,54.51241683959961,130.5133056640625,166.6502227783203,262.3749084472656,94.54112243652344
2019-10-10,55.247154235839844,131.3252410888672,166.6502227783203,263.9072570800781,95.86737060546875
2019-10-11,56.71664047241211,131.87283325195312,168.72767639160156,265.9117736816406,97.48739624023438
2019-10-14,56.634986877441406,131.75006103515625,169.01351928710938,266.36474609375,97.74763488769531
2019-10-15,56.502933502197266,133.65716552734375,170.33815002441406,268.4658203125,100.69391632080078
2019-10-16,56.274837493896484,132.56198120117188,169.49952697753906,268.1863098144531,100.45887756347656
2019-10-17,56.49333190917969,131.8822021484375,169.56626892089844,266.4902038574219,101.0212631225586
2019-10-18,56.764652252197266,129.72970581054688,167.44117736816406,260.8232116699219,101.19754028320312
2019-10-21,57.749114990234375,130.69265747070312,168.1272735595703,264.3602294921875,103.70732879638672
2019-10-22,57.61704635620117,128.74777221679688,162.81942749023438,251.7926788330078,104.74817657470703
2019-10-23,58.390201568603516,129.5691680908203,163.25778198242188,251.39761352539062,105.02517700195312
2019-10-24,58.48625946044922,132.11822509765625,167.87001037597656,259.0112609863281,104.94963836669922
2019-10-25,59.206581115722656,132.86412048339844,169.48049926757812,260.3990783691406,105.78903198242188
2019-10-28,59.79965591430664,136.13075256347656,171.3768310546875,265.93115234375,106.19195556640625
2019-10-29,58.416622161865234,134.84671020507812,169.27085876464844,264.3504943847656,106.12478637695312
2019-10-30,58.40941619873047,136.52723693847656,170.81459045410156,267.1069030761719,105.5372085571289
2019-10-31,59.730037689208984,135.35655212402344,170.4429473876953,266.7792663574219,104.8572998046875
2019-11-01,61.42521667480469,135.68699645996094,172.41555786132812,268.9381103515625,107.27474975585938
2019-11-04,61.8286018371582,136.4706268310547,170.52871704101562,266.31658935546875,108.13095092773438
2019-11-05,61.73975372314453,136.38565063476562,168.07012939453125,259.2522888183594,108.36600494384766
2019-11-06,61.76616668701172,136.0079803466797,168.4513397216797,260.0810241699219,108.53387451171875
2019-11-07,62.47903060913086,136.19680786132812,170.0331573486328,262.9048767089844,109.1214370727539
2019-11-08,62.65003204345703,137.8018341064453,170.54782104492188,264.9288330078125,109.44041442871094
2019-11-11,63.146141052246094,137.94342041015625,171.09097290039062,266.96234130859375,109.05428314208984
2019-11-12,63.088321685791016,138.84974670410156,171.2815704345703,267.0972900390625,108.41632080078125
2019-11-13,63.692813873291016,139.07635498046875,170.96713256835938,267.99359130859375,107.84554290771484
2019-11-14,63.25212097167969,139.784423828125,171.5780029296875,269.4970703125,107.9462890625
2019-11-15,64.00350189208984,141.58767700195312,171.5970916748047,270.60540771484375,108.7269058227539
2019-11-18,64.3261947631836,141.9369659423828,171.49203491210938,270.68243408203125,109.64185333251953
2019-11-19,64.1311264038086,141.98414611816406,174.460693359375,274.9712219238281,109.60828399658203
2019-11-20,63.38456344604492,141.73788452148438,173.4011688232422,275.03875732421875,108.81085205078125
2019-11-21,63.10036087036133,141.60525512695312,171.71160888671875,274.1424255371094,109.06266784667969
2019-11-22,63.044979095458984,141.70950317382812,171.31069946289062,272.3305358886719,109.78455352783203
2019-11-25,64.15040588378906,143.2630615234375,172.74249267578125,277.1878662109375,110.37213134765625
2019-11-26,63.64947509765625,144.0209197998047,174.2506866455078,278.8937683105469,110.5232162475586
2019-11-27,64.50442504882812,144.29566955566406,175.98793029785156,281.12969970703125,110.85057067871094
2019-11-29,64.36234283447266,143.4052276611328,176.12155151367188,281.6405334472656,110.59877014160156
2019-12-02,63.618160247802734,141.67156982421875,173.52528381347656,276.0891418457031,110.35535430908203
2019-12-03,62.48385238647461,141.44419860839844,173.6302032470703,276.6866760253906,108.936767578125
2019-12-04,63.03535079956055,141.95574951171875,172.3893585205078,276.4457702636719,111.08561706542969
2019-12-05,63.96015167236328,142.0315399169922,173.62066650390625,279.3467102050781,111.68999481201172
2019-12-06,65.19561004638672,143.75564575195312,173.887939453125,279.8768310546875,113.35200500488281
2019-12-09,64.28288269042969,143.38616943359375,174.6038818359375,278.5853271484375,112.82316589355469
2019-12-10,64.6585464477539,143.16836547851562,173.97389221191406,278.1515808105469,112.89872741699219
2019-12-11,65.21006774902344,143.7083282470703,173.73524475097656,279.5394592285156,112.63008117675781
2019-12-12,65.37625122070312,145.1671905517578,174.33657836914062,281.6211853027344,115.8533935546875
2019-12-13,66.26490783691406,146.38925170898438,176.72296142578125,285.360595703125,114.83772277832031
2019-12-16,67.39923095703125,147.33653259277344,177.77294921875,286.1990661621094,115.2825927734375
2019-12-17,67.53167724609375,146.540771484375,177.08567810058594,285.27392578125,115.9876937866211
2019-12-18,67.37033081054688,146.23765563964844,176.4938507080078,284.0595397949219,115.87017822265625
2019-12-19,67.43773651123047,147.50704956054688,178.0592803955078,286.7484130859375,115.291015625
2019-12-20,67.29808044433594,149.11753845214844,179.45291137695312,287.7507629394531,115.19867706298828
2019-12-23,68.39627075195312,149.11753845214844,178.57472229003906,286.497802734375,115.16506958007812
2019-12-24,68.46128845214844,149.089111328125,179.04244995117188,286.7002258300781,115.48407745361328
2019-12-26,69.81959533691406,150.31114196777344,180.5601806640625,288.3578186035156,116.7095718383789
2019-12-27,69.79308319091797,150.5858154296875,180.77972412109375,289.84197998046875,116.79351043701172
2019-12-30,70.20733642578125,149.2880401611328,179.2906494140625,286.9315490722656,116.36541748046875
2019-12-31,70.72029876708984,149.39224243164062,179.35743713378906,287.77001953125,117.01174926757812
2020-01-02,72.33387756347656,152.15838623046875,182.4310760498047,292.3961181640625,118.43033599853516
2020-01-03,71.6306381225586,150.26377868652344,180.98016357421875,289.5433349609375,116.86746978759766
2020-01-06,72.20143127441406,150.65211486816406,180.5888214111328,290.31439208984375,116.7745590209961
2020-01-07,71.86186981201172,149.278564453125,180.11151123046875,289.331298828125,114.78931427001953
2020-01-08,73.01782989501953,151.6562957763672,183.19464111328125,294.4364013671875,115.68477630615234
2020-01-09,74.56877899169922,153.5509490966797,184.46420288085938,298.296630859375,116.10717010498047
2020-01-10,74.73737335205078,152.8404541015625,184.9606170654297,300.29425048828125,114.94983673095703
2020-01-13,76.33407592773438,154.67828369140625,186.4496612548828,304.19305419921875,115.90440368652344
2020-01-14,75.3033447265625,153.58888244628906,187.13693237304688,299.7828063964844,117.2560806274414
2020-01-15,74.98062133789062,154.58351135253906,190.7164764404297,303.2666320800781,115.49890899658203
2020-01-16,75.91984558105469,157.41604614257812,191.8141632080078,309.105224609375,115.9466552734375
2020-01-17,76.76036071777344,158.2970428466797,195.39366149902344,312.34771728515625,116.74921417236328
2020-01-21,76.24015045166016,157.72862243652344,197.86593627929688,310.6780700683594,115.60028076171875
2020-01-22,76.51231384277344,156.9707794189453,198.4481964111328,312.9749450683594,115.46511840820312
2020-01-23,76.88077545166016,157.93707275390625,197.1309356689453,313.6215515136719,115.34686279296875
2020-01-24,76.65921783447266,156.34556579589844,195.68003845214844,312.35736083984375,112.48304748535156
2020-01-27,74.40503692626953,153.73094177246094,192.52052307128906,304.7334289550781,111.53688049316406
2020-01-28,76.50989532470703,156.74343872070312,193.6277618408203,309.076171875,113.56436920166016
2020-01-29,78.1114273071289,159.18748474121094,195.5464324951172,309.12445068359375,113.39541625976562
2020-01-30,77.99822998046875,163.67776489257812,198.7440948486328,313.1196594238281,114.7977523803711
2020-01-31,74.5399169921875,161.2621307373047,189.9241485595703,304.8974609375,111.8156509399414
2020-02-03,74.33519744873047,165.19349670410156,191.68055725097656,313.1777038574219,112.66890716552734
2020-02-04,76.78924560546875,170.63111877441406,194.30551147460938,317.6168212890625,114.29087829589844
2020-02-05,77.41543579101562,170.4227294921875,193.589599609375,316.8448181152344,116.23385620117188
2020-02-06,78.32097625732422,173.95620727539062,193.80914306640625,317.7906799316406,116.25080871582031
2020-02-07,77.25637817382812,174.20254516601562,193.52279663085938,315.57098388671875,115.87905883789062
2020-02-10,77.6233139038086,178.75912475585938,196.62501525878906,318.7362976074219,116.36061096191406
2020-02-11,77.15499114990234,174.72352600097656,194.668212890625,319.3539733886719,116.58024597167969
2020-02-12,78.98724365234375,174.9793243408203,198.0091094970703,322.48065185546875,116.58024597167969
2020-02-13,78.42477416992188,174.03201293945312,198.25762939453125,324.10198974609375,116.4788818359375
2020-02-14,78.44405364990234,175.5856170654297,201.02024841308594,329.033447265625,116.12406158447266
2020-02-18,77.00770568847656,177.3665771484375,201.89013671875,329.31329345703125,114.5865249633789
2020-02-19,78.12299346923828,177.8985137939453,203.9071044921875,332.51715087890625,116.14939880371094
2020-02-20,77.32152557373047,175.18177795410156,202.12913513183594,332.4111022949219,116.14939880371094
2020-02-21,75.57136535644531,169.64381408691406,199.6055145263672,327.8270568847656,114.73017120361328
2020-02-24,71.981689453125,162.3295440673828,190.0272216796875,313.3223876953125,111.64671325683594
2020-02-25,69.54354858398438,159.6508026123047,180.0951385498047,292.3036193847656,106.6624755859375
2020-02-26,70.64672088623047,161.64559936523438,178.95762634277344,287.62310791015625,106.9834976196289
2020-02-27,66.02867126464844,150.2562255859375,172.0749969482422,275.8302307128906,102.53150177001953
2020-02-28,65.99005126953125,153.89434814453125,173.7478485107422,280.1054382324219,98.08792114257812
2020-03-02,72.1337661743164,164.13438415527344,183.8519744873047,296.01898193359375,102.658203125
2020-03-03,69.84284210205078,156.2691192626953,177.5428924560547,281.7943420410156,98.80597686767578
2020-03-04,73.08250427246094,162.006591796875,185.72552490234375,291.7921447753906,101.24742126464844
2020-03-05,70.71192932128906,157.9409942626953,178.71864318847656,280.5687255859375,96.28007507324219
2020-03-06,69.7728500366211,153.47640991210938,176.23330688476562,276.97869873046875,91.3042984008789
2020-03-09,64.2543716430664,143.07492065429688,163.5864715576172,252.85247802734375,78.93663787841797
2020-03-10,68.88207244873047,152.8590087890625,174.55084228515625,270.7637939453125,85.06978607177734
2020-03-11,66.48977661132812,145.93414306640625,165.3262176513672,260.3315734863281,81.06549835205078
2020-03-12,59.923587799072266,132.09400939941406,153.0235595703125,233.05926513671875,74.38326263427734
2020-03-13,67.10294342041016,150.87367248535156,168.07933044433594,260.5728454589844,87.78153228759766
2020-03-16,58.4703483581543,128.63638305664062,145.3092803955078,227.41378784179688,74.6451644897461
2020-03-17,61.041282653808594,139.22781372070312,150.93006896972656,229.5658721923828,79.20697784423828
2020-03-18,59.54700469970703,133.36692810058594,141.9348907470703,219.96353149414062,70.86896514892578
2020-03-19,59.09074401855469,135.56118774414062,145.53875732421875,219.21084594726562,72.06011199951172
2020-03-20,55.33934783935547,130.4696807861328,140.35760498046875,204.0306854248047,70.53948211669922
2020-03-23,54.163700103759766,129.16827392578125,129.75650024414062,196.1943817138672,66.7633056640625
2020-03-24,59.59769058227539,140.90916442871094,147.7182159423828,228.78411865234375,74.70429229736328
2020-03-25,59.26939010620117,139.5602569580078,154.64859008789062,247.5157470703125,77.49208068847656
2020-03-26,62.388336181640625,148.28990173339844,161.43563842773438,253.98155212402344,82.8902587890625
2020-03-27,59.805301666259766,142.20103454589844,154.43829345703125,238.9943389892578,76.9852066040039
2020-03-30,61.51203155517578,152.2035369873047,158.2715606689453,244.3986358642578,78.98733520507812
2020-03-31,61.386497497558594,149.8097381591797,154.01768493652344,233.11717224121094,76.0559310913086
2020-04-01,58.156517028808594,144.49029541015625,146.36077880859375,220.6197967529297,71.26600646972656
2020-04-02,59.1269645690918,147.4824981689453,150.45216369628906,230.5308837890625,73.92709350585938
2020-04-03,58.27721405029297,146.12411499023438,145.15635681152344,228.7455291748047,71.74197387695312
2020-04-06,63.36118698120117,156.99107360839844,161.97097778320312,256.6450500488281,76.35972595214844
2020-04-07,62.6273078918457,155.30023193359375,161.15841674804688,250.02481079101562,77.36695098876953
2020-04-08,64.23021697998047,156.85804748535156,167.22853088378906,261.88427734375,80.49099731445312
2020-04-09,64.6937255859375,156.8675537109375,166.03363037109375,260.38616943359375,87.71212768554688
2020-04-13,65.9635238647461,157.21902465820312,161.54078674316406,254.52899169921875,83.81134796142578
2020-04-14,69.29487609863281,164.99879455566406,166.92257690429688,261.6619873046875,81.5152587890625
2020-04-15,68.66239929199219,163.26992797851562,158.64434814453125,248.53640747070312,77.49497985839844
2020-04-16,69.20795440673828,168.17147827148438,155.2604522705078,238.50364685058594,74.5416488647461
2020-04-17,68.26891326904297,169.65330505371094,162.0665283203125,251.2716827392578,81.24210357666016
2020-04-20,66.85187530517578,166.29063415527344,156.98106384277344,243.307373046875,78.28025817871094
2020-04-21,64.78545379638672,159.41331481933594,153.45372009277344,237.14088439941406,76.00979614257812
2020-04-22,66.65152740478516,164.82778930664062,159.24658203125,248.3140869140625,76.25730895996094
2020-04-23,66.3932113647461,162.83299255371094,159.04580688476562,247.2992401123047,76.29996490478516
2020-04-24,68.30995178222656,165.80621337890625,159.9444580078125,250.1021728515625,77.42667388916016
2020-04-27,68.35823059082031,165.3312225341797,164.18865966796875,256.2493591308594,80.76412200927734
2020-04-28,67.25018310546875,161.30361938476562,163.70115661621094,255.74676513671875,81.33600616455078
2020-04-29,69.45906066894531,168.5419158935547,173.77659606933594,274.1981201171875,83.52967834472656
2020-04-30,70.9243392944336,170.2327880859375,170.84188842773438,265.769775390625,81.73717498779297
2020-05-01,69.78250885009766,165.82521057128906,167.83074951171875,259.7481994628906,79.5947494506836
2020-05-04,70.76985931396484,169.88131713867188,168.3851776123047,260.25091552734375,78.64727783203125
2020-05-05,71.83203125,171.70510864257812,170.57421875,264.8128356933594,78.52777862548828
2020-05-06,72.57312774658203,173.3959197998047,170.8992462158203,263.32452392578125,77.05113220214844
2020-05-07,73.32389068603516,174.40286254882812,174.6655731201172,269.1527404785156,77.85347747802734
2020-05-08,75.06912994384766,175.4287567138672,176.9311065673828,272.9899597167969,79.12528991699219
2020-05-11,76.25037384033203,177.3856201171875,175.46852111816406,271.8204040527344,76.7950668334961
2020-05-12,75.37896728515625,173.3674774169922,171.55880737304688,263.0055236816406,74.28558349609375
2020-05-13,74.46884155273438,170.74571228027344,169.56716918945312,260.15411376953125,71.72489166259766
2020-05-14,74.92632293701172,171.4866485595703,173.21534729003906,268.0315246582031,74.7038345336914
2020-05-15,74.48335266113281,173.98487854003906,175.6953125,269.6069641113281,73.32107543945312
2020-05-18,76.23826599121094,175.64723205566406,183.2501220703125,280.2001953125,77.20478057861328
2020-05-19,75.79771423339844,174.4313507080078,181.31593322753906,281.0025634765625,75.68544006347656
2020-05-20,77.27184295654297,176.850830078125,185.6248016357422,288.8024597167969,77.95589447021484
2020-05-21,76.69574737548828,174.72662353515625,182.5223846435547,284.4144592285156,76.96577453613281
2020-05-22,77.18955993652344,174.80284118652344,182.75222778320312,285.0426330566406,76.36827850341797
2020-05-26,76.66670227050781,172.95489501953125,185.01197814941406,293.1809387207031,81.78841400146484
2020-05-27,77.0007553100586,173.18350219726562,184.62896728515625,289.7400207519531,86.52568054199219
2020-05-28,77.03462982177734,172.79298400878906,186.00778198242188,292.1853942871094,85.2367935180664
2020-05-29,76.95960998535156,174.55520629882812,186.9461669921875,290.82244873046875,83.06021118164062
2020-06-01,77.90603637695312,174.15512084960938,186.09400939941406,291.3155212402344,84.16129302978516
2020-06-02,78.26670837402344,176.1363983154297,188.01856994628906,293.4322509765625,84.44297790527344
2020-06-03,78.69757080078125,176.56504821777344,188.5069122314453,296.7958068847656,89.0009994506836
2020-06-04,78.0197982788086,174.24085998535156,185.41412353515625,291.2864990234375,90.8532485961914
2020-06-05,80.24188995361328,178.3177490234375,191.1305389404297,301.4449462890625,94.94180297851562
2020-06-08,80.7163314819336,179.4227294921875,191.12095642089844,300.0240478515625,96.83670806884766
2020-06-09,83.2651596069336,180.7943878173828,190.62298583984375,301.06787109375,94.35284423828125
2020-06-10,85.40739440917969,187.50038146972656,191.96356201171875,302.6722717285156,90.52887725830078
2020-06-11,81.30694580078125,177.43186950683594,180.85633850097656,281.5051574707031,82.97486114501953
2020-06-12,82.00890350341797,178.8321533203125,184.09275817871094,287.8262634277344,85.24532318115234
2020-06-15,83.02313995361328,179.9752197265625,183.61395263671875,287.2270812988281,86.42325592041016
2020-06-16,85.22341918945312,184.3855438232422,184.6864013671875,294.2925109863281,87.11463165283203
2020-06-17,85.10482788085938,185.02374267578125,185.3375701904297,293.5965881347656,84.91242980957031
2020-06-18,85.13870239257812,187.0050506591797,185.6726837158203,294.6501159667969,84.45152282714844
2020-06-19,84.65218353271484,185.8905487060547,184.0353240966797,286.5794372558594,83.48699951171875
2020-06-22,86.86698913574219,191.05343627929688,186.6780548095703,294.2538146972656,82.58222198486328
2020-06-23,88.72113037109375,192.329833984375,189.5601806640625,296.6121520996094,83.58940887451172
2020-06-24,87.15504455566406,188.4529266357422,183.2788543701172,284.1727294921875,80.79827117919922
2020-06-25,88.31205749511719,190.8343048095703,185.73971557617188,288.0389709472656,83.61502075195312
2020-06-26,85.59862518310547,187.01458740234375,181.2297821044922,279.6590576171875,79.03137969970703
2020-06-29,87.57136535644531,189.02444458007812,183.2501220703125,283.12884521484375,79.38136291503906
2020-06-30,88.30239868164062,193.85389709472656,184.96409606933594,285.80621337890625,80.2861328125
2020-07-01,88.1353530883789,194.98741149902344,185.54818725585938,291.0931701660156,79.60327911376953
2020-07-02,88.1353530883789,196.47340393066406,187.35787963867188,292.30133056640625,79.86186218261719
2020-07-06,90.49301147460938,200.70274353027344,189.35911560058594,295.3459777832031,81.87864685058594
2020-07-07,90.21221923828125,198.36900329589844,185.95034790039062,289.8753356933594,79.56880950927734
2020-07-08,92.3132553100586,202.731689453125,186.78341674804688,290.4947509765625,80.41345977783203
2020-07-09,92.71024322509766,204.1510009765625,184.0448760986328,285.1136169433594,78.67244720458984
2020-07-10,92.87242126464844,203.53184509277344,184.37042236328125,286.16851806640625,82.97322082519531
2020-07-13,92.44397735595703,197.24496459960938,180.99037170410156,280.8454284667969,84.1626205444336
2020-07-14,93.97378540039062,198.4642333984375,185.11732482910156,289.3334045410156,84.64529418945312
2020-07-15,94.62006378173828,198.1689453125,188.20053100585938,295.8855895996094,85.95535278320312
2020-07-16,93.45578002929688,194.2444610595703,185.2800750732422,289.72052001953125,86.1966781616211
2020-07-17,93.2669677734375,193.2537841796875,186.8025360107422,294.2789611816406,84.60218048095703
2020-07-20,95.23249816894531,201.56004333496094,190.03897094726562,301.9248046875,83.86097717285156
2020-07-21,93.9181137084961,198.84523010253906,188.1334991455078,297.7051086425781,85.67955780029297
2020-07-22,94.18194580078125,201.702880859375,190.4123992919922,303.2894592285156,85.05897521972656
2020-07-23,89.89509582519531,192.92990112304688,189.0431365966797,299.9310607910156,85.30892944335938
2020-07-24,89.6723861694336,191.748779296875,186.8599853515625,297.0469970703125,84.70561218261719
2020-07-27,91.7977066040039,194.17774963378906,188.54519653320312,298.924560546875,83.5162124633789
2020-07-28,90.28971862792969,192.43460083007812,188.38246154785156,296.4758605957031,83.87821197509766
2020-07-29,92.0203857421875,194.37777709960938,190.14427185058594,299.3503723144531,85.9122543334961
2020-07-30,93.13383483886719,194.22544860839844,185.81629943847656,299.0600891113281,83.61963653564453
2020-07-31,102.8838882446289,195.28269958496094,182.31175231933594,298.6052551269531,83.2921371459961
2020-08-03,105.47633361816406,206.26560974121094,182.58944702148438,302.5345458984375,82.82672119140625
2020-08-04,106.18072509765625,203.16981506347656,184.1214599609375,304.2767028808594,82.3526840209961
2020-08-05,106.5655746459961,202.8365020751953,187.76962280273438,317.4488220214844,83.78340911865234
2020-08-06,110.28357696533203,206.0846710205078,190.3262481689453,319.5201110839844,83.80925750732422
2020-08-07,107.77620697021484,202.39825439453125,188.01856994628906,317.46826171875,85.65367889404297
2020-08-10,109.34269714355469,198.36900329589844,188.4303436279297,312.4935607910156,86.73965454101562
2020-08-11,106.09085083007812,193.73007202148438,189.36866760253906,317.9714660644531,89.48043823242188
2020-08-12,109.61672973632812,199.26437377929688,190.29750061035156,317.0907287597656,88.72197723388672
2020-08-13,111.5566635131836,198.79763793945312,189.4727325439453,315.6970520019531,88.23072814941406
2020-08-14,111.4572525024414,198.98814392089844,188.57135009765625,316.2874450683594,88.26519012451172
2020-08-17,111.16625213623047,200.3026580810547,191.246826171875,319.6071472167969,85.93807983398438
2020-08-18,112.09259033203125,201.45526123046875,190.84410095214844,320.35235595703125,84.74008178710938
2020-08-19,112.23321533203125,200.23304748535156,192.74281311035156,321.7073669433594,84.93831634521484
2020-08-20,114.72362518310547,204.8927459716797,195.77320861816406,326.4691162109375,83.92130279541016
2020-08-21,120.63561248779297,203.40316772460938,195.7539825439453,326.256103515625,83.87821197509766
2020-08-24,122.07845306396484,204.04290771484375,197.94044494628906,332.58587646484375,86.23976135253906
2020-08-25,121.07697296142578,206.6974334716797,199.56109619140625,336.4764709472656,86.61898803710938
2020-08-26,122.72349548339844,211.16612243652344,201.63247680664062,339.72833251953125,85.40373992919922
2020-08-27,121.25640869140625,216.35098266601562,202.37086486816406,344.5481872558594,88.2134780883789
2020-08-28,121.06002044677734,218.5758056640625,206.8588409423828,354.3425598144531,88.57543182373047
2020-08-31,125.1654052734375,215.348388671875,203.29150390625,346.66766357421875,86.35181427001953
2020-09-01,130.15106201171875,217.00985717773438,204.595703125,345.4191589355469,86.3087158203125
2020-09-02,127.4545669555664,221.1920623779297,207.5972442626953,349.09698486328125,87.61013793945312
2020-09-03,117.25039672851562,207.4899444580078,200.38583374023438,332.779296875,87.33435821533203
2020-09-04,117.3280029296875,204.5776824951172,196.2622833251953,324.2334289550781,89.22186279296875
2020-09-08,109.43241882324219,193.51087951660156,191.90850830078125,319.26837158203125,86.11909484863281
2020-09-09,113.79729461669922,201.7512664794922,195.68685913085938,328.7144470214844,86.93788146972656
2020-09-10,110.08232116699219,196.09854125976562,193.27027893066406,322.17193603515625,86.0415267944336
2020-09-11,108.63705444335938,194.81903076171875,192.445556640625,319.5296630859375,87.1102523803711
2020-09-14,111.89617156982422,196.13673400878906,196.56910705566406,327.7078857421875,88.31690979003906
2020-09-15,112.07074737548828,199.35455322265625,196.9622802734375,328.2305908203125,85.5675048828125
2020-09-16,108.76313018798828,195.79296875,196.71298217773438,330.8533020019531,85.92947387695312
2020-09-17,107.02689361572266,193.7495574951172,196.8472442626953,328.51116943359375,84.94692993164062
2020-09-18,103.63197326660156,191.34336853027344,194.29638671875,324.475341796875,84.76594543457031
2020-09-21,106.77468872070312,193.3962860107422,189.3480987548828,317.30377197265625,82.14582061767578
2020-09-22,108.45275115966797,198.0559539794922,192.3304901123047,324.5237731933594,81.24948120117188
2020-09-23,103.903564453125,191.5343017578125,187.3534393310547,314.090576171875,79.93079376220703
2020-09-24,104.97055053710938,194.0169219970703,187.49729919433594,317.6520080566406,79.86186218261719
2020-09-25,108.90863037109375,198.43795776367188,189.1563262939453,321.1072692871094,80.55996704101562
2020-09-28,111.5081558227539,199.98480224609375,192.10037231445312,327.504638671875,82.87844848632812
2020-09-29,110.6642837524414,197.9031982421875,191.2564239501953,325.4140930175781,82.1803207397461
2020-09-30,112.33265686035156,200.83462524414062,191.76470947265625,327.2917175292969,82.97322082519531
2020-10-01,113.28319549560547,202.86843872070312,195.0060272216797,332.3244934082031,83.57655334472656
2020-10-02,109.62640380859375,196.88150024414062,193.193603515625,327.9305114746094,84.36949157714844
2020-10-05,113.00192260742188,200.88235473632812,195.18817138671875,332.20831298828125,86.15272521972656
2020-10-06,109.7622299194336,196.61415100097656,192.22500610351562,326.5755615234375,85.26545715332031
2020-10-07,111.62458801269531,200.35716247558594,194.16209411621094,332.8374328613281,86.7529525756836
2020-10-08,111.51786041259766,201.0733184814453,194.65121459960938,334.4361877441406,88.53620147705078
2020-10-09,113.45781707763672,206.06719970703125,198.16099548339844,341.451416015625,88.03166961669922
2020-10-12,120.66471099853516,211.40480041503906,197.9308319091797,341.1122741699219,89.11031341552734
2020-10-13,117.46380615234375,212.7989501953125,195.9362335205078,335.104736328125,87.66632843017578
2020-10-14,117.55111694335938,210.88922119140625,193.90321350097656,332.0622863769531,87.1791763305664
2020-10-15,117.08551788330078,209.74342346191406,191.36190795898438,328.06036376953125,88.48401641845703
2020-10-16,115.4462661743164,209.74342346191406,192.04283142089844,328.8646240234375,88.30132293701172
2020-10-19,112.4975357055664,204.54898071289062,188.8878173828125,321.3746032714844,86.81385040283203
2020-10-20,113.98161315917969,204.95953369140625,189.58787536621094,321.4231262207031,87.30967712402344
2020-10-21,113.36082458496094,205.1028289794922,190.28787231445312,323.0702819824219,86.4397964477539
2020-10-22,112.27444458007812,205.188720703125,189.86593627929688,323.2447509765625,89.49305725097656
2020-10-23,111.5857925415039,206.46823120117188,189.8851318359375,319.3785705566406,90.30204772949219
2020-10-26,111.59547424316406,200.59588623046875,185.14784240722656,308.18707275390625,88.06645965576172
2020-10-27,113.09890747070312,203.62278747558594,182.26138305664062,307.2665100097656,86.4050064086914
2020-10-28,107.86107635498047,193.5299835205078,173.44839477539062,282.335205078125,83.97804260253906
2020-10-29,111.85736083984375,195.4778594970703,177.28424072265625,284.0793762207031,84.52606964111328
2020-10-30,105.59135437011719,193.3294677734375,174.25396728515625,279.6802978515625,85.28286743164062
2020-11-02,105.5040054321289,193.19580078125,177.15957641601562,280.9690246582031,87.20529174804688
2020-11-03,107.1238784790039,197.1106414794922,180.61190795898438,286.2208251953125,89.95409393310547
2020-11-04,111.49846649169922,206.62103271484375,186.01092529296875,297.66412353515625,87.20529174804688
2020-11-05,115.4559555053711,213.2095184326172,189.53024291992188,306.70458984375,90.77178192138672
2020-11-06,115.32477569580078,213.62008666992188,190.32626342773438,303.90423583984375,89.56266784667969
2020-11-09,113.0219955444336,208.53077697753906,203.9531707763672,333.8644714355469,101.68873596191406
2020-11-10,112.6819076538086,201.48391723632812,204.5573272705078,324.3880920410156,101.35820770263672
2020-11-11,116.10210418701172,206.7738037109375,203.97232055664062,322.0722961425781,99.84461212158203
2020-11-12,115.8300552368164,205.7139129638672,200.01547241210938,318.0994873046875,98.61808776855469
2020-11-13,115.8786392211914,206.73558044433594,202.1475372314453,324.63031005859375,99.23571014404297
2020-11-16,116.8891372680664,207.42311096191406,204.27969360351562,325.0372619628906,102.0367202758789
2020-11-17,116.00494384765625,204.77816772460938,202.3684539794922,326.0547790527344,101.00155639648438
2020-11-18,114.68350982666016,202.07839965820312,199.60247802734375,325.5120849609375,100.2534408569336
2020-11-19,115.27622985839844,203.3612823486328,199.35275268554688,323.51593017578125,100.52310943603516
2020-11-20,114.01304626464844,201.4178466796875,195.80882263183594,312.9737243652344,99.66194152832031
2020-11-23,110.62201690673828,201.14976501464844,199.91944885253906,321.7331237792969,102.53253936767578
2020-11-24,111.90459442138672,204.73988342285156,201.37921142578125,331.7618713378906,107.27336883544922
2020-11-25,112.74019622802734,204.74942016601562,202.5413818359375,330.7250671386719,106.1512451171875
2020-11-27,113.28431701660156,206.05148315429688,202.64694213867188,328.544921875,105.44662475585938
2020-11-30,115.6745834350586,204.94091796875,202.02272033691406,326.0643005371094,102.54122924804688
2020-12-01,119.24053955078125,206.98963928222656,202.83905029296875,328.36077880859375,104.15921020507812
2020-12-02,119.59032440185547,206.1855010986328,201.8594512939453,329.6592102050781,106.15994262695312
2020-12-03,119.45429992675781,205.1036376953125,199.8137664794922,324.73687744140625,105.46403503417969
2020-12-04,118.78386688232422,205.21853637695312,204.260498046875,333.6609802246094,106.42090606689453
2020-12-07,120.24132537841797,205.15155029296875,204.23167419433594,330.3761901855469,106.02073669433594
2020-12-08,120.85346221923828,206.79818725585938,204.346923828125,330.2114562988281,106.1251449584961
2020-12-09,118.32716369628906,202.76773071289062,201.28321838378906,326.39385986328125,105.29875946044922
2020-12-10,119.74578094482422,201.5423583984375,199.39114379882812,321.229248046875,104.6202392578125
2020-12-11,118.9393310546875,204.1654510498047,198.07545471191406,317.2564697265625,104.00261688232422
2020-12-14,118.32716369628906,205.0653533935547,199.04542541503906,320.8707580566406,102.9065933227539
2020-12-15,124.25421905517578,204.9983367919922,200.11146545410156,323.29315185546875,104.66374206542969
2020-12-16,124.18619537353516,209.9287567138672,200.0250701904297,321.7912292480469,104.96819305419922
2020-12-17,125.05098724365234,210.06272888183594,202.81983947753906,326.4422302246094,104.09832000732422
2020-12-18,123.06880950927734,209.2681884765625,202.94473266601562,329.7657470703125,103.5850830078125
2020-12-21,124.59430694580078,213.09754943847656,200.73577880859375,323.9907531738281,107.47346496582031
2020-12-22,128.14083862304688,214.3900146484375,197.6912384033203,321.9269104003906,105.83807373046875
2020-12-23,127.24691772460938,211.59451293945312,197.17262268066406,319.0103759765625,108.795654296875
2020-12-24,128.22825622558594,213.2507781982422,200.43800354003906,325.5702209472656,108.31722259521484
2020-12-28,132.8144073486328,215.3665313720703,204.21246337890625,333.7772521972656,109.030517578125
2020-12-29,131.0460662841797,214.591064453125,205.8836212158203,335.8992614746094,108.74346160888672
2020-12-30,129.92864990234375,212.22633361816406,209.7156219482422,344.5133056640625,109.04793548583984
2020-12-31,128.92787170410156,212.93484497070312,210.07095336914062,345.8602294921875,110.53540802001953
2021-01-04,125.74082946777344,208.40652465820312,209.1393585205078,340.5793151855469,109.49156951904297
2021-01-05,127.29550170898438,208.60755920410156,206.01800537109375,336.6357116699219,110.08734130859375
2021-01-06,123.01052856445312,203.19850158691406,204.20286560058594,336.76165771484375,115.256591796875
2021-01-07,127.20805358886719,208.9809112548828,205.34576416015625,339.4296569824219,119.04151916503906
2021-01-08,128.3059844970703,210.2542266845703,206.9208221435547,343.3006896972656,119.17296600341797
2021-01-11,125.32302856445312,208.21505737304688,204.46217346191406,337.8191833496094,120.95149993896484
2021-01-12,125.14816284179688,205.7642059326172,200.5916748046875,332.6965637207031,122.85275268554688
2021-01-13,127.17892456054688,207.11407470703125,201.06231689453125,336.0048828125,122.96663665771484
2021-01-14,125.2550277709961,203.93569946289062,193.86878967285156,317.18328857421875,123.68505859375
2021-01-15,123.53521728515625,203.58145141601562,193.60951232910156,313.6226806640625,121.46843719482422
2021-01-19,124.20564270019531,207.20986938476562,193.67674255371094,316.22283935546875,120.94275665283203
2021-01-20,128.28656005859375,214.77296447753906,197.85452270507812,324.9253845214844,119.12913513183594
2021-01-21,132.98931884765625,215.3760986328125,197.0189666748047,324.469482421875,118.13034057617188
2021-01-22,135.12698364257812,216.31431579589844,194.02249145507812,319.181884765625,117.2191162109375
2021-01-25,138.8677978515625,219.74160766601562,193.0236358642578,319.3759460449219,115.75595092773438
2021-01-26,139.10096740722656,222.42222595214844,194.01287841796875,317.9303894042969,115.28286743164062
2021-01-27,138.03216552734375,222.96786499023438,187.2515869140625,306.0843811035156,112.02361297607422
2021-01-28,133.2030792236328,228.7407684326172,190.37294006347656,314.6122741699219,113.99493408203125
2021-01-29,128.2185516357422,222.06802368164062,185.59963989257812,306.860595703125,112.73328399658203
2021-02-01,130.3367156982422,229.43006896972656,190.5074005126953,311.9734191894531,113.56563568115234
2021-02-02,131.16262817382812,229.2960205078125,194.58914184570312,324.40142822265625,117.0614242553711
2021-02-03,130.14244079589844,232.63720703125,193.38861083984375,322.897705078125,118.40191650390625
2021-02-04,133.49461364746094,231.68936157226562,200.96629333496094,330.6689147949219,121.12674713134766
2021-02-05,133.0810089111328,231.87127685546875,200.5052490234375,328.65087890625,120.89019012451172
2021-02-08,133.2270050048828,232.12977600097656,198.69970703125,326.982177734375,122.78266906738281
2021-02-09,132.35121154785156,233.3743438720703,198.34432983398438,323.49920654296875,122.29200744628906
2021-02-10,131.74786376953125,232.46484375,198.2675018310547,324.24627685546875,122.36209106445312
2021-02-11,131.49490356445312,234.0636444091797,202.63455200195312,332.6480407714844,122.02040100097656
2021-02-12,131.72842407226562,234.54232788085938,201.96121215820312,330.83380126953125,123.75514221191406
2021-02-16,129.60704040527344,233.30734252929688,199.9796905517578,331.03753662109375,126.73403930664062
2021-02-17,127.32027435302734,234.32444763183594,199.60455322265625,327.27325439453125,127.1282958984375
2021-02-18,126.22068786621094,233.93101501464844,201.37445068359375,328.3695373535156,127.55757904052734
2021-02-19,126.3763656616211,231.22506713867188,196.93043518066406,323.23736572265625,129.6866455078125
2021-02-22,122.61048126220703,225.0263214111328,200.38369750976562,330.50396728515625,130.9044647216797
2021-02-23,122.47425842285156,223.8365020751953,204.029296875,339.9730529785156,131.95587158203125
2021-02-24,121.97795867919922,225.06471252441406,211.07044982910156,356.369140625,134.27764892578125
2021-02-25,117.73526000976562,219.72955322265625,205.60682678222656,343.999267578125,132.45523071289062
2021-02-26,117.99798583984375,222.9824676513672,204.29861450195312,343.3006896972656,128.94192504882812
2021-03-01,124.3523178100586,227.35806274414062,208.3771209716797,352.0809020996094,131.85948181152344
2021-03-02,121.75416564941406,224.41220092773438,207.5498504638672,352.0033264160156,131.43017578125
2021-03-03,118.7764663696289,218.35740661621094,206.66493225097656,349.50994873046875,133.97097778320312
2021-03-04,116.89838409423828,217.56094360351562,203.44252014160156,339.08038330078125,131.9120635986328
2021-03-05,118.15367889404297,222.2340087890625,207.20359802246094,350.12115478515625,132.2187042236328
2021-03-08,113.22981262207031,218.19424438476562,211.8784637451172,360.2594909667969,133.97097778320312
2021-03-09,117.83256530761719,224.32583618164062,211.9650421142578,365.2949523925781,133.02481079101562
2021-03-10,116.75242614746094,223.0208282470703,214.66795349121094,370.3205261230469,135.91600036621094
2021-03-11,118.67915344238281,227.5403594970703,217.534423828125,372.9206237792969,135.2063751220703
2021-03-12,117.77417755126953,226.21617126464844,215.81260681152344,371.3003234863281,136.8096923828125
2021-03-15,120.654541015625,225.314208984375,214.76417541503906,370.3786315917969,136.1262969970703
2021-03-16,122.19204711914062,228.09690856933594,216.1396484375,370.9801940917969,134.49668884277344
2021-03-17,121.40382385253906,227.4540252685547,214.523681640625,367.390380859375,135.8809814453125
2021-03-18,117.28762817382812,221.38958740234375,212.2535858154297,356.0587158203125,138.12391662597656
2021-03-19,116.76214599609375,221.03457641601562,199.01779174804688,345.88140869140625,135.9248046875
2021-03-22,120.0707015991211,226.44650268554688,200.0758819580078,347.7150573730469,132.27125549316406
2021-03-23,119.24356079101562,227.97218322753906,200.22015380859375,344.6783752441406,130.9483184814453
2021-03-24,116.85943603515625,225.93789672851562,200.14324951171875,348.9278259277344,131.96463012695312
2021-03-25,117.34600830078125,222.94407653808594,200.0469970703125,347.67626953125,133.6555938720703
2021-03-26,117.9493408203125,226.91664123535156,205.3952178955078,355.2243347167969,135.8809814453125
2021-03-29,118.12448120117188,225.72679138183594,206.33787536621094,352.0906982421875,133.7694854736328
2021-03-30,116.67456817626953,222.47390747070312,203.82728576660156,347.52105712890625,135.34652709960938
2021-03-31,118.8640365600586,226.23533630371094,203.66378784179688,345.4352111816406,133.375244140625
2021-04-01,119.6911849975586,232.5492706298828,208.59837341308594,352.46905517578125,134.6719207763672
2021-04-05,122.51316833496094,238.9975128173828,210.6953125,357.3393859863281,135.3857421875
2021-04-06,122.8148193359375,237.8364715576172,210.32017517089844,358.5520324707031,134.4339599609375
2021-04-07,124.45936584472656,239.79397583007812,210.91656494140625,360.0169982910156,136.54026794433594
2021-04-08,126.85317993164062,243.00848388671875,212.2920379638672,366.91357421875,136.7077178955078
2021-04-09,129.4221649169922,245.5033416748047,214.04273986816406,369.1865234375,137.7300262451172
2021-04-12,127.70953369140625,245.56089782714844,213.03269958496094,368.9533386230469,137.43922424316406
2021-04-13,130.81370544433594,248.03656005859375,212.59986877441406,367.2924499511719,135.79998779296875
2021-04-14,128.47824096679688,245.25384521484375,213.52328491210938,367.4769287109375,133.26185607910156
2021-04-15,130.88182067871094,249.0057373046875,217.65945434570312,375.4128112792969,134.10789489746094
2021-04-16,130.5509490966797,250.1955108642578,217.78453063964844,375.1019287109375,135.10377502441406
2021-04-19,131.2126922607422,248.2764129638672,217.18814086914062,371.2069091796875,134.53089904785156
2021-04-20,129.5292205810547,247.81590270996094,214.77374267578125,365.83538818359375,131.5521240234375
2021-04-21,129.9087371826172,250.04200744628906,218.78489685058594,372.1199645996094,132.67132568359375
2021-04-22,128.3907012939453,246.7699737548828,218.90037536621094,372.3724060058594,129.8776092529297
2021-04-23,130.70668029785156,250.58897399902344,221.23779296875,375.9664611816406,132.36289978027344
2021-04-26,131.09588623046875,250.97274780273438,221.56480407714844,376.36468505859375,132.68898010253906
2021-04-27,130.77476501464844,251.37586975097656,221.15121459960938,377.91888427734375,133.29708862304688
2021-04-28,129.98663330078125,244.2655029296875,224.5563201904297,384.3101806640625,134.1608123779297
2021-04-29,129.88925170898438,242.29835510253906,227.83639526367188,377.8023376464844,136.7694091796875
2021-04-30,127.92361450195312,241.98175048828125,224.66213989257812,371.10980224609375,135.55316162109375
2021-05-03,128.97450256347656,241.67466735839844,223.74830627441406,368.5259704589844,135.15660095214844
2021-05-04,124.41071319580078,237.76927185058594,223.19041442871094,365.1360778808594,137.0249786376953
2021-05-05,124.65399932861328,236.50262451171875,220.47781372070312,358.56005859375,138.82286071777344
2021-05-06,126.24986267089844,239.63082885742188,222.5074920654297,364.71832275390625,141.61656188964844
2021-05-07,126.92244720458984,242.25042724609375,223.2769775390625,364.6405944824219,142.10133361816406
2021-05-10,123.64727783203125,237.1839141845703,217.36126708984375,355.84033203125,142.08367919921875
2021-05-11,122.73102569580078,236.2723388671875,216.8899688720703,357.0738525390625,139.72178649902344
2021-05-12,119.6702880859375,229.33473205566406,212.2247314453125,346.3988342285156,138.7611541748047
2021-05-13,121.81475830078125,233.20176696777344,215.5288543701172,349.70135498046875,142.33041381835938
2021-05-14,124.23212432861328,238.1147003173828,218.6113739013672,353.4799499511719,144.54249572753906
2021-05-17,123.08192443847656,235.2648162841797,218.1297607421875,352.8874816894531,145.12417602539062
2021-05-18,121.6977767944336,233.24972534179688,217.2917022705078,352.6640625,143.07955932617188
2021-05-19,121.54181671142578,233.82681274414062,216.34764099121094,350.6339111328125,141.9867401123047
2021-05-20,124.09566497802734,237.0583953857422,218.1297607421875,357.1613464355469,141.73997497558594
2021-05-21,122.26313018798828,235.79847717285156,218.4476318359375,357.0641784667969,143.3527374267578
2021-05-24,123.89096069335938,241.1940155029297,220.904052734375,361.7071838378906,144.1282958984375
2021-05-25,123.6960220336914,242.0980987548828,220.6150665283203,356.6950988769531,142.6388702392578
2021-05-26,123.64727783203125,241.87689208984375,218.7366485595703,352.256103515625,142.62127685546875
2021-05-27,122.1169204711914,239.7801971435547,218.53436279296875,351.6246032714844,144.84213256835938
2021-05-28,121.46382904052734,240.1360626220703,218.9581756591797,350.2453918457031,144.74522399902344
2021-06-01,121.14215087890625,237.94320678710938,218.3127899169922,349.47802734375,146.34036254882812
2021-06-02,121.90245056152344,237.84703063964844,221.2316131591797,356.335693359375,146.3491668701172
2021-06-03,120.42084503173828,236.31781005859375,219.7384796142578,351.4499206542969,146.4461212158203
2021-06-04,122.7115249633789,241.20362854003906,221.69395446777344,355.5294189453125,146.68408203125
2021-06-07,122.72126007080078,244.10816955566406,222.8306884765625,353.64501953125,145.9966583251953
2021-06-08,123.5400619506836,242.9155731201172,223.53390502929688,354.79132080078125,145.41500854492188
2021-06-09,123.92021179199219,243.89657592773438,223.7843475341797,352.9165344238281,143.59950256347656
2021-06-10,122.92596435546875,247.40708923339844,225.36412048339844,353.85870361328125,141.36099243164062
2021-06-11,124.13465881347656,248.03221130371094,226.33709716796875,355.0243835449219,141.26405334472656
2021-06-14,127.18560791015625,249.95579528808594,225.48936462402344,356.01513671875,138.8668975830078
2021-06-15,126.3668441772461,248.4842529296875,224.42977905273438,357.5693054199219,136.76060485839844
2021-06-16,126.86394500732422,247.541748046875,221.1737823486328,353.3925476074219,137.72122192382812
2021-06-17,128.46250915527344,250.9271697998047,223.6302032470703,356.76312255859375,133.7465362548828
2021-06-18,127.1661376953125,249.51336669921875,221.95407104492188,356.889404296875,130.36233520507812
2021-06-21,128.959716796875,252.59107971191406,225.72056579589844,362.3968200683594,132.5743865966797
2021-06-22,130.5972442626953,255.36102294921875,227.27145385742188,367.2049255371094,132.3805694580078
2021-06-23,130.32432556152344,255.13011169433594,226.0673370361328,364.3880310058594,133.18246459960938
2021-06-24,130.04165649414062,256.495849609375,227.5701141357422,364.00921630859375,134.40748596191406
2021-06-25,129.7492218017578,254.8897247314453,228.6104736328125,368.7299499511719,135.7647247314453
2021-06-28,131.37704467773438,258.4483642578125,225.49900817871094,357.141845703125,136.01148986816406
2021-06-29,132.88792419433594,261.02581787109375,227.29074096679688,357.4526672363281,135.8440399169922
2021-06-30,133.5020294189453,260.5450134277344,225.23892211914062,354.6260986328125,137.07786560058594
2021-07-01,133.80419921875,261.2181701660156,226.5201416015625,360.0850524902344,138.43507385253906
2021-07-02,136.42630004882812,267.0369567871094,229.87240600585938,364.28125,138.30210876464844
2021-07-06,138.4342803955078,267.0464782714844,230.80679321289062,365.34002685546875,135.9797821044922
2021-07-07,140.91989135742188,269.22979736328125,231.19212341308594,363.2030334472656,136.1393585205078
2021-07-08,139.62347412109375,266.815673828125,227.92649841308594,360.00360107421875,133.79042053222656
2021-07-09,141.4462127685547,267.3158874511719,229.71826171875,362.6779479980469,138.0716552734375
2021-07-12,140.85165405273438,266.7195129394531,229.1403045654297,365.2258605957031,140.0482940673828
2021-07-13,141.96287536621094,270.2395935058594,233.45587158203125,373.1514587402344,137.96527099609375
2021-07-14,145.3842315673828,271.7111511230469,236.96231079101562,380.0464782714844,137.4954833984375
2021-07-15,144.73117065429688,270.2877197265625,239.42831420898438,379.49212646484375,137.796875
2021-07-16,142.6939239501953,270.01837158203125,239.01409912109375,376.4677734375,134.65023803710938
2021-07-19,138.85340881347656,266.4212951660156,231.58705139160156,355.3940124511719,130.27151489257812
2021-07-20,142.45999145507812,268.6430358886719,233.79299926757812,364.0879821777344,132.7001953125
2021-07-21,141.7289581298828,270.64361572265625,234.7177734375,369.60205078125,135.49229431152344
2021-07-22,143.0935821533203,275.202392578125,235.18017578125,371.64422607421875,133.7815704345703
2021-07-23,144.8091583251953,278.59747314453125,239.88108825683594,382.4388732910156,133.52452087402344
2021-07-26,145.228271484375,278.0010986328125,241.06591796875,381.99139404296875,134.41976928710938
2021-07-27,143.0643310546875,275.5870666503906,241.7210235595703,379.531005859375,134.2424774169922
2021-07-28,141.3195343017578,275.2793273925781,237.87742614746094,372.8890075683594,134.4640655517578
2021-07-29,141.96287536621094,275.5486145019531,238.8214874267578,378.1112365722656,135.6163787841797
2021-07-30,142.1773223876953,274.01934814453125,237.34756469726562,375.3201599121094,134.5349884033203
2021-08-02,141.8459014892578,273.932861328125,230.98016357421875,364.93402099609375,133.99427795410156
2021-08-03,143.6394500732422,276.14495849609375,228.38890075683594,357.4848937988281,135.5188751220703
2021-08-04,143.2397918701172,275.5582580566406,227.98434448242188,357.8835754394531,134.05636596679688
2021-08-05,143.34701538085938,278.45318603515625,231.39437866210938,361.7054443359375,135.74937438964844
2021-08-06,142.66368103027344,278.3955078125,232.54074096679688,364.22418212890625,139.6051025390625
2021-08-09,142.6148681640625,277.30859375,231.19212341308594,360.4800720214844,139.4544219970703
2021-08-10,142.13648986816406,275.490966796875,229.3329315185547,357.71826171875,141.16513061523438
2021-08-11,142.39031982421875,275.9814147949219,226.4333953857422,354.2173156738281,142.8492431640625
2021-08-12,145.3482666015625,278.7320861816406,223.58779907226562,352.0194091796875,143.40768432617188
2021-08-13,145.55325317382812,281.6558837890625,224.41734313964844,352.7682800292969,141.80332946777344
2021-08-16,147.52520751953125,283.33905029296875,227.031494140625,353.5559997558594,140.87258911132812
2021-08-17,146.61732482910156,281.8771057128906,226.23085021972656,353.235107421875,139.17071533203125
2021-08-18,142.87844848632812,280.1522521972656,223.43348693847656,351.0177917480469,137.90325927734375
2021-08-19,143.21035766601562,285.9724426269531,223.37559509277344,347.4780578613281,136.75094604492188
2021-08-20,144.66494750976562,293.2863464355469,223.1730499267578,345.2218017578125,137.1409149169922
2021-08-23,146.14878845214844,293.5657958984375,225.8546600341797,351.0762023925781,138.89601135253906
2021-08-24,146.0608673095703,291.609619140625,225.9511260986328,351.8250427246094,139.75576782226562
2021-08-25,144.83082580566406,291.0218505859375,224.3594970703125,349.21875,142.63650512695312
2021-08-26,144.03036499023438,288.2080993652344,222.3627471923828,343.15045166015625,143.37222290039062
2021-08-27,145.0651397705078,288.81512451171875,224.45594787597656,345.9415283203125,144.52450561523438
2021-08-30,149.4776153564453,292.5443115234375,223.047607421875,343.33526611328125,142.21107482910156
2021-08-31,148.2183074951172,290.8966064453125,220.9929962158203,336.7029113769531,141.77676391601562
2021-09-01,148.88214111328125,290.8483581542969,221.9768829345703,339.95098876953125,141.57289123535156
2021-09-02,149.99505615234375,290.1930847167969,216.24708557128906,331.8890380859375,142.22879028320312
2021-09-03,150.6295928955078,290.1835021972656,217.1442108154297,330.86798095703125,141.36900329589844
2021-09-07,152.9627227783203,289.25848388671875,218.2631378173828,335.2246398925781,141.12081909179688
2021-09-08,151.42030334472656,289.28729248046875,220.9833221435547,341.3805236816406,140.4915008544922
2021-09-09,150.40505981445312,286.4350280761719,219.43995666503906,341.74029541015625,141.1031036376953
2021-09-10,145.42633056640625,284.9510192871094,216.95123291015625,337.8309631347656,139.48101806640625
2021-09-13,145.9925537109375,286.1844482421875,216.68116760253906,338.2491149902344,141.69696044921875
2021-09-14,144.5966033935547,288.88262939453125,215.1377716064453,336.2846984863281,139.22393798828125
2021-09-15,145.48492431640625,293.7295837402344,215.89016723632812,335.26361083984375,140.19012451171875
2021-09-16,145.25059509277344,294.1150817871094,216.39183044433594,336.7806701660156,140.1280517578125
2021-09-17,142.58555603027344,288.9596862792969,213.90309143066406,333.6006164550781,139.76461791992188
2021-09-20,139.539794921875,283.59234619140625,212.26329040527344,330.34283447265625,135.58091735839844
2021-09-21,140.01812744140625,284.0741882324219,212.37899780273438,328.0963439941406,135.59869384765625
2021-09-22,142.38055419921875,287.7165832519531,214.86767578125,333.96051025390625,138.1957550048828
2021-09-23,143.33724975585938,288.6610107421875,220.23094177246094,344.3271484375,142.86697387695312
2021-09-24,143.4251251220703,288.45855712890625,223.39488220214844,348.3045959472656,144.515625
2021-09-27,141.91200256347656,283.4670715332031,221.4752960205078,346.9528503417969,148.0079803466797
2021-09-28,138.53431701660156,273.2046203613281,217.57826232910156,341.5166931152344,147.21023559570312
2021-09-29,139.43240356445312,273.6671142578125,218.6586151123047,343.47137451171875,147.0950164794922
2021-09-30,138.13404846191406,271.6628723144531,214.86767578125,338.11297607421875,145.09178161621094
2021-10-01,139.25668334960938,278.58148193359375,222.30490112304688,350.26904296875,148.14097595214844
2021-10-04,135.83018493652344,272.8094482421875,216.77761840820312,334.7287292480469,147.98138427734375
2021-10-05,137.75331115722656,278.2539367675781,216.3435516357422,333.7659912109375,150.39797973632812
2021-10-06,138.62213134765625,282.44561767578125,218.49462890625,339.0951843261719,150.718994140625
2021-10-07,139.88145446777344,284.1222839355469,222.3916778564453,344.6063537597656,151.67311096191406
2021-10-08,139.50070190429688,284.1222839355469,222.12161254882812,345.6288146972656,151.78907775878906
2021-10-11,139.4128875732422,283.52490234375,217.1442108154297,338.0240783691406,148.5966796875
2021-10-12,138.14376831054688,282.2239990234375,216.12168884277344,336.2616271972656,147.45530700683594
2021-10-13,137.55807495117188,285.5291748046875,214.5879364013672,333.3502197265625,143.56736755371094
2021-10-14,140.3402557373047,291.7348937988281,217.21168518066406,335.52166748046875,145.7699432373047
2021-10-15,141.39456176757812,293.14178466796875,222.81613159179688,346.6415100097656,148.5699462890625
2021-10-18,143.06390380859375,296.1097106933594,222.48814392089844,349.0173034667969,148.51646423339844
2021-10-19,145.22134399414062,297.0155029296875,225.25657653808594,352.5811462402344,150.31771850585938
2021-10-20,145.70945739746094,296.2253723144531,223.23089599609375,347.3912353515625,152.34193420410156
2021-10-21,145.9242401123047,299.4535217285156,222.09268188476562,346.845947265625,151.14703369140625
2021-10-22,145.15301513671875,297.91168212890625,223.047607421875,349.2412414550781,153.18014526367188
2021-10-25,145.10418701171875,296.9191589355469,225.60386657714844,351.3737487792969,152.43109130859375
2021-10-26,145.76806640625,298.8271789550781,223.6167755126953,347.9267883300781,152.84129333496094
2021-10-27,145.30923461914062,311.4119873046875,208.1443328857422,326.89459228515625,149.6578369140625
2021-10-28,148.94073486328125,312.549072265625,202.41452026367188,324.27532958984375,151.9138641357422
2021-10-29,146.23658752441406,319.55450439453125,204.2762451171875,326.69976806640625,151.49476623535156
2021-11-01,145.4165802001953,317.3863525390625,204.9418487548828,325.2685241699219,151.4145050048828
2021-11-02,146.45138549804688,321.009521484375,201.7393035888672,319.8449401855469,152.01197814941406
2021-11-03,147.88638305664062,321.8479309082031,200.73611450195312,320.7699279785156,152.06546020507812
2021-11-04,147.36903381347656,324.19915771484375,201.39202880859375,326.6121826171875,150.06802368164062
2021-11-05,147.89694213867188,323.8329772949219,209.0028839111328,339.62103271484375,149.85401916503906
2021-11-08,147.07571411132812,324.7291259765625,212.68768310546875,340.4779357910156,150.75466918945312
2021-11-09,147.43746948242188,323.72698974609375,205.8389129638672,335.58984375,149.61325073242188
2021-11-10,144.61207580566406,318.7643737792969,208.29815673828125,348.53045654296875,149.4705810546875
2021-11-11,144.5631866455078,320.33502197265625,203.33132934570312,345.02508544921875,149.46165466308594
2021-11-12,146.63577270507812,324.468994140625,204.945068359375,353.9443359375,148.7928466796875
2021-11-15,146.64559936523438,323.8426208496094,205.14797973632812,351.86053466796875,148.5253448486328
2021-11-16,147.62318420410156,327.1575012207031,207.9309844970703,359.844970703125,147.45530700683594
2021-11-17,150.0575408935547,327.3795166015625,198.15191650390625,349.7281188964844,146.66163635253906
2021-11-18,154.3395538330078,329.455078125,196.48019409179688,339.0660095214844,145.39537048339844
2021-11-19,156.95960998535156,331.2313232421875,194.09339904785156,330.7894592285156,143.49603271484375
2021-11-22,157.4191436767578,328.0649108886719,188.99124145507812,312.85369873046875,146.55462646484375
2021-11-23,157.8004150390625,325.9893493652344,191.80325317382812,320.3512878417969,150.0591278076172
2021-11-24,158.3185577392578,326.2113952636719,196.4028778076172,331.0620422363281,148.88204956054688
2021-11-26,153.30328369140625,318.26629638671875,190.9915008544922,315.6482238769531,144.3966522216797
2021-11-29,156.6565399169922,324.9756774902344,189.67733764648438,314.5186462402344,143.77244567871094
2021-11-30,161.60340881347656,319.1447448730469,187.2422332763672,306.6413879394531,141.63233947753906
2021-12-01,161.08526611328125,318.65240478515625,183.75387573242188,298.2285461425781,140.7941131591797
2021-12-02,160.0978240966797,318.08282470703125,191.6099853515625,311.7825927734375,143.75462341308594
2021-12-03,158.22076416015625,311.8271789550781,189.70631408691406,313.6423645019531,141.15084838867188
2021-12-06,161.6229705810547,314.8971862792969,195.8520965576172,324.5674133300781,142.81832885742188
2021-12-07,167.35186767578125,323.32489013671875,200.38404846191406,330.5850524902344,144.96737670898438
2021-12-08,171.1647186279297,323.37310791015625,201.94947814941406,333.3406066894531,143.3087921142578
2021-12-09,170.65634155273438,321.56793212890625,204.26866149902344,335.463134765625,143.08584594726562
2021-12-10,175.43698120117188,330.6811218261719,206.2108917236328,340.7213439941406,142.51512145996094
2021-12-13,171.8099365234375,327.64971923828125,203.91111755371094,336.23248291015625,140.82086181640625
2021-12-14,170.4314727783203,316.9727478027344,202.90614318847656,331.5975646972656,141.8998565673828
2021-12-15,175.2903289794922,323.0642395019531,205.1576690673828,337.2451477050781,140.83868408203125
2021-12-16,168.40774536132812,313.6518249511719,207.1482696533203,343.6424560546875,143.04124450683594
2021-12-17,167.31280517578125,312.58984375,204.74215698242188,340.1272888183594,139.7864532470703
2021-12-20,165.9539031982422,308.8345031738281,201.70791625976562,328.160400390625,137.2718048095703
2021-12-21,169.12144470214844,315.9591064453125,208.1242218017578,341.5196838378906,139.1890106201172
2021-12-22,171.71218872070312,321.6643981933594,210.61729431152344,348.08258056640625,139.73297119140625
2021-12-23,172.337890625,323.1029052734375,209.3224639892578,351.1011047363281,140.2323455810547
2021-12-27,176.29730224609375,330.59417724609375,210.29847717285156,350.838134765625,141.03488159179688
2021-12-28,175.28054809570312,329.43572998046875,210.7042999267578,351.2958068847656,141.46287536621094
2021-12-29,175.3685302734375,330.1115417480469,210.8202362060547,351.7923583984375,141.3915557861328
2021-12-30,174.2149200439453,327.5726623535156,210.53033447265625,351.500244140625,141.32022094726562
2021-12-31,173.59902954101562,324.6763916015625,209.409423828125,349.87420654296875,141.20428466796875
2022-01-03,177.9397430419922,323.1607666015625,213.97042846679688,361.19854736328125,144.1915740966797
2022-01-04,175.68136596679688,317.61944580078125,214.96571350097656,365.5217590332031,149.6578369140625
2022-01-05,171.00827026367188,305.4267883300781,212.5885772705078,364.0709228515625,146.92178344726562
2022-01-06,168.15357971191406,303.0132751464844,212.34701538085938,360.74615478515625,148.48268127441406
2022-01-07,168.3197784423828,303.16778564453125,209.6510009765625,360.40496826171875,149.95388793945312
2022-01-10,168.33932495117188,303.3897705078125,204.8291015625,354.80853271484375,150.09738159179688
2022-01-11,171.1647186279297,304.0751953125,207.15794372558594,357.1290283203125,150.24989318847656
2022-01-12,171.6046600341797,307.25128173828125,208.44313049316406,358.12347412109375,151.10215759277344
2022-01-13,168.33932495117188,294.2476806640625,207.75704956054688,360.2782287597656,150.91372680664062
2022-01-14,169.19964599609375,299.460693359375,207.43814086914062,362.8326721191406,141.63804626464844
2022-01-18,166.0028076171875,292.172119140625,208.44313049316406,357.1387634277344,135.69943237304688
2022-01-19,162.51260375976562,292.8284912109375,207.4477996826172,351.7080383300781,133.60031127929688
2022-01-20,160.83108520507812,291.158447265625,207.1289520263672,354.8962707519531,132.46102905273438
2022-01-21,158.778076171875,285.7813720703125,198.9925994873047,346.1993713378906,130.1466064453125
2022-01-24,158.00570678710938,286.1094970703125,195.05001831054688,340.6808776855469,130.03001403808594
2022-01-25,156.2068634033203,278.5022888183594,195.19500732421875,330.2875061035156,131.44737243652344
2022-01-26,156.1188507080078,286.437744140625,198.93460083007812,336.0400085449219,132.69427490234375
2022-01-27,155.65936279296875,289.4593200683594,199.2051544189453,341.7632141113281,130.3529510498047
2022-01-28,166.52090454101562,297.5878601074219,220.31912231445312,372.9433288574219,131.5191192626953
2022-01-31,170.87142944335938,300.2137451171875,218.55076599121094,376.716552734375,133.30430603027344
2022-02-01,170.70521545410156,298.070556640625,224.53219604492188,382.2544860839844,135.59181213378906
2022-02-02,171.90773010253906,302.60784912109375,227.48912048339844,386.8271789550781,134.50634765625
2022-02-03,169.03343200683594,290.820556640625,223.73983764648438,380.3143005371094,133.39401245117188
2022-02-04,168.74961853027344,295.3481750488281,220.69593811035156,372.6410827636719,136.856689453125
2022-02-07,168.0349884033203,290.53094482421875,219.50733947753906,366.72296142578125,137.31417846679688
2022-02-08,171.1380615234375,294.0159606933594,220.26109313964844,365.0069274902344,139.89773559570312
2022-02-09,172.55746459960938,300.43572998046875,223.09242248535156,371.8318786621094,140.48081970214844
2022-02-10,168.48529052734375,291.9114074707031,218.34490966796875,365.02642822265625,139.89773559570312
2022-02-11,165.0787811279297,284.8255920410156,217.4738311767578,360.52191162109375,138.07667541503906
2022-02-14,165.31370544433594,284.78692626953125,218.10296630859375,364.8020935058594,136.7938690185547
2022-02-15,169.14112854003906,290.06756591796875,220.50332641601562,371.99755859375,138.79434204101562
2022-02-16,168.9062042236328,289.72900390625,221.47119140625,373.352783203125,139.04550170898438
2022-02-17,165.31370544433594,281.2450866699219,217.3963623046875,364.3536682128906,135.84298706054688
2022-02-18,163.76708984375,278.5364685058594,215.53810119628906,360.69744873046875,136.4799041748047
2022-02-22,160.85000610351562,278.33331298828125,214.21206665039062,359.0790100097656,136.23768615722656
2022-02-23,156.68972778320312,271.1263427734375,209.01454162597656,352.195556640625,133.38502502441406
2022-02-24,159.30337524414062,284.9791259765625,210.3211669921875,360.1417541503906,129.67117309570312
2022-02-25,161.36883544921875,287.61041259765625,212.22792053222656,359.85894775390625,132.7391357421875
2022-02-28,161.6331024169922,289.042236328125,209.17904663085938,351.7957763671875,127.20420837402344
2022-03-01,159.75364685058594,285.3273620605469,202.2587127685547,335.86444091796875,122.4049072265625
2022-03-02,163.042724609375,290.3964538574219,201.78443908691406,335.484130859375,124.94361114501953
2022-03-03,162.7196502685547,286.2657775878906,200.5745849609375,332.4617004394531,124.05550384521484
2022-03-04,159.7242431640625,280.4034729003906,193.85743713378906,322.48760986328125,120.5659408569336
2022-03-07,155.93601989746094,269.81072998046875,184.57546997070312,305.09381103515625,115.91014862060547
2022-03-08,154.1152801513672,266.8505859375,185.5530242919922,306.468505859375,115.09381103515625
2022-03-09,159.50889587402344,279.08795166015625,193.34449768066406,319.9233703613281,119.70472717285156
2022-03-10,155.1724853515625,276.2727355957031,191.61199951171875,316.4719543457031,118.28739929199219
2022-03-11,151.46249389648438,270.93292236328125,190.39244079589844,316.6669921875,115.62308502197266
2022-03-14,147.43927001953125,267.42138671875,193.89617919921875,320.3719177246094,116.77130889892578
2022-03-15,151.81488037109375,277.7818908691406,199.5196075439453,326.62158203125,118.84353637695312
2022-03-16,156.21987915039062,284.78570556640625,205.0655517578125,336.0594787597656,124.15420532226562
2022-03-17,157.22813415527344,285.58868408203125,206.59483337402344,337.77545166015625,125.72406768798828
2022-03-18,160.51718139648438,290.62860107421875,212.07305908203125,341.3341369628906,125.67920684814453
2022-03-21,161.88760375976562,289.4000549316406,210.06951904296875,336.93695068359375,125.27552795410156
2022-03-22,165.25498962402344,294.1402587890625,211.45364379882812,340.7881774902344,127.9398193359375
2022-03-23,166.61561584472656,289.7193298339844,207.7852783203125,333.6219787597656,125.39214324951172
2022-03-24,170.39410400390625,294.17889404296875,210.33084106445312,340.6126403808594,126.2084732055664
2022-03-25,171.03036499023438,293.7725830078125,211.41485595703125,340.2908935546875,127.31185150146484
2022-03-28,171.89178466796875,300.5636291503906,213.6797332763672,341.72418212890625,126.3699722290039
2022-03-29,175.18084716796875,305.11993408203125,220.79364013671875,358.3574523925781,126.64804077148438
2022-03-30,174.01593017578125,303.62042236328125,216.7576141357422,353.18023681640625,126.07388305664062
2022-03-31,170.92269897460938,298.2516174316406,214.6476287841797,348.4418640136719,122.28831481933594
2022-04-01,170.62904357910156,299.325439453125,219.0902099609375,354.86700439453125,121.38224029541016
2022-04-04,174.67185974121094,304.69427490234375,220.42587280273438,357.7335205078125,121.92051696777344
2022-04-05,171.36317443847656,300.7378234863281,218.82887268066406,354.23321533203125,120.50166320800781
2022-04-06,168.20140075683594,289.72900390625,211.97625732421875,344.7075500488281,118.82979583740234
2022-04-07,168.5048370361328,291.5379943847656,209.2080841064453,341.2806396484375,118.4682846069336
2022-04-08,166.4981231689453,287.28155517578125,210.0114288330078,343.9362487792969,120.63723754882812
2022-04-11,162.24978637695312,275.95361328125,207.8530731201172,339.1522521972656,120.19441223144531
2022-04-12,164.11944580078125,272.8579406738281,204.61065673828125,337.6193542480469,118.87496948242188
2022-04-13,166.8015899658203,278.2365417480469,206.4206085205078,346.7384033203125,115.04320526123047
2022-04-14,161.79949951171875,270.7007141113281,205.9559783935547,349.35491943359375,113.97682189941406
2022-04-18,161.5841522216797,271.3682556152344,206.32382202148438,348.359130859375,116.09153747558594
2022-04-19,163.86497497558594,275.9922180175781,208.77256774902344,355.26190185546875,118.49541473388672
2022-04-20,163.6985321044922,277.0177001953125,210.7954559326172,356.64825439453125,118.9111328125
2022-04-21,162.90565490722656,271.64874267578125,209.49851989746094,355.818359375,117.98934173583984
2022-04-22,158.3734130859375,265.0899353027344,201.48435974121094,342.8721008300781,114.60039520263672
2022-04-25,159.4404296875,271.56170654296875,203.20721435546875,346.211181640625,114.56424713134766
2022-04-26,153.4888153076172,261.4042053222656,194.64146423339844,335.9693603515625,111.17530059814453
2022-04-27,153.263671875,273.9801330566406,207.23362731933594,353.016357421875,109.72935485839844
2022-04-28,160.1843719482422,280.1809997558594,213.5732879638672,369.867919921875,111.46448516845703
2022-04-29,154.32086181640625,268.466064453125,206.2851104736328,354.78350830078125,107.8676986694336
2022-05-02,154.62429809570312,275.1893005371094,204.73648071289062,350.5461730957031,108.85274505615234
2022-05-03,156.1121826171875,272.5870666503906,201.8618621826172,349.3258056640625,111.18433380126953
2022-05-04,162.5141143798828,280.5196228027344,207.6304473876953,359.8017883300781,114.86246490478516
2022-05-05,153.4594268798828,268.3016357421875,198.64849853515625,345.0102844238281,111.98863220214844
2022-05-06,154.1848907470703,265.7670593261719,196.30621337890625,338.90814208984375,111.80790710449219
2022-05-09,149.06759643554688,255.94822692871094,186.8015899658203,320.2306823730469,110.12699127197266
2022-05-10,151.4693603515625,260.7077331542969,187.36300659179688,317.63360595703125,107.44295501708984
2022-05-11,143.6170196533203,252.0497283935547,190.40211486816406,318.1607971191406,106.76514434814453
2022-05-12,139.75454711914062,247.0193634033203,188.09901428222656,313.64031982421875,106.67478942871094
2022-05-13,144.2150115966797,252.6011199951172,193.1998291015625,324.92694091796875,107.62368774414062
2022-05-16,142.67588806152344,252.96868896484375,191.82276916503906,321.9295959472656,106.87361907958984
2022-05-17,146.3031005859375,258.1151428222656,197.82542419433594,330.84356689453125,110.41618347167969
2022-05-18,138.04884338378906,246.36326599121094,193.93679809570312,327.9535827636719,108.52740478515625
2022-05-19,134.64707946777344,245.45184326171875,191.39610290527344,324.36065673828125,106.91878509521484
2022-05-20,134.88235473632812,244.88943481445312,193.005859375,328.22686767578125,106.04219055175781
2022-05-23,140.29373168945312,252.73365783691406,201.2776641845703,340.1871337890625,112.6031723022461
2022-05-24,137.59786987304688,251.73501586914062,196.49688720703125,332.6302795410156,114.19371032714844
2022-05-25,137.75466918945312,254.54696655273438,197.67025756835938,336.60400390625,114.98897552490234
2022-05-26,140.9505615234375,257.8243103027344,202.2377166748047,341.6125793457031,116.97718048095703
2022-05-27,146.69520568847656,264.94134521484375,206.4366455078125,349.3158874511719,118.6309814453125
2022-05-31,145.9109649658203,263.6129455566406,205.74815368652344,349.40386962890625,119.49854278564453
2022-06-01,145.78353881835938,264.14630126953125,203.5759735107422,348.6129455566406,117.40192413330078
2022-06-02,148.2342987060547,266.2406311035156,208.54098510742188,354.4905090332031,119.2906723022461
2022-06-03,142.51904296875,261.819091796875,206.21360778808594,349.35491943359375,117.62783813476562
2022-06-06,143.2640838623047,260.58770751953125,206.49481201171875,351.62005615234375,117.2392578125
2022-06-07,145.78353881835938,264.223876953125,208.0076141357422,355.40826416015625,117.54652404785156
2022-06-08,145.0482940673828,262.1972961425781,207.0378875732422,353.75830078125,115.67581939697266
2022-06-09,139.83302307128906,256.748046875,199.87155151367188,340.74365234375,113.24481201171875
2022-06-10,134.43141174316406,245.30641174316406,193.4713134765625,326.830810546875,108.0394058227539
2022-06-13,129.28472900390625,234.90225219726562,186.44078063964844,312.1759033203125,104.82215881347656
2022-06-14,130.14739990234375,237.0645294189453,187.6626434326172,314.5191345214844,103.07798767089844
2022-06-15,132.7648468017578,244.11375427246094,190.22274780273438,317.69219970703125,104.29801940917969
2022-06-16,127.50050354003906,237.52993774414062,183.32794189453125,301.4751281738281,102.50865173339844
2022-06-17,128.9709930419922,240.12857055664062,184.2588653564453,303.3399353027344,102.14717864990234
2022-06-21,133.19618225097656,246.03359985351562,188.50631713867188,309.89117431640625,104.67755889892578
2022-06-22,132.6864471435547,245.44210815429688,187.95355224609375,308.67083740234375,104.09016418457031
2022-06-23,135.54898071289062,250.99807739257812,190.68821716308594,309.2663879394531,102.95146942138672
2022-06-24,138.87228393554688,259.5696105957031,199.2897186279297,322.6812744140625,106.02410888671875
2022-06-27,138.87228393554688,256.8450622558594,197.39874267578125,321.0508117675781,105.17462158203125
2022-06-28,134.73532104492188,248.69039916992188,192.12339782714844,310.7601623535156,104.66854095458984
2022-06-29,136.49005126953125,252.3555908203125,193.4616241455078,314.95849609375,104.19861602783203
2022-06-30,134.02947998046875,249.0297393798828,190.9306182861328,308.0166320800781,101.76759338378906
2022-07-01,136.1959686279297,251.6962127685547,193.1512908935547,310.71136474609375,103.06896209716797
2022-07-05,138.7742156982422,254.86691284179688,194.4701385498047,311.70721435546875,102.67691802978516
2022-07-06,140.1074676513672,258.1248779296875,195.03257751464844,312.5957336425781,102.0113754272461
2022-07-07,143.46998596191406,260.2483825683594,196.66177368164062,316.8884582519531,104.59151458740234
2022-07-08,144.1463623046875,259.53082275390625,197.40843200683594,315.90081787109375,104.26329803466797
2022-07-11,142.0190887451172,256.4765319824219,198.8533477783203,317.0057678222656,102.89573669433594
2022-07-12,142.98959350585938,245.96571350097656,198.62059020996094,315.7052307128906,102.99602508544922
2022-07-13,142.6268768310547,245.04458618164062,197.9709014892578,316.2039489746094,102.02962493896484
2022-07-14,145.54823303222656,246.36326599121094,199.67764282226562,317.82708740234375,98.46482849121094
2022-07-15,147.2147674560547,248.92306518554688,203.6826171875,325.2000427246094,102.97779083251953
2022-07-18,144.17579650878906,246.52809143066406,200.9382781982422,323.6746520996094,101.92020416259766
2022-07-19,148.02845764160156,251.6477508544922,207.19305419921875,332.8369445800781,104.44564056396484
2022-07-20,150.0283203125,254.3045196533203,206.91183471679688,333.7072448730469,104.42742919921875
2022-07-21,152.2928466796875,256.7964782714844,209.646484375,339.2320861816406,105.13855743408203
2022-07-22,151.0576171875,252.4525604248047,207.2318572998047,336.2593994140625,104.62798309326172
2022-07-25,149.94004821777344,250.96900939941406,207.7845916748047,336.5820617675781,105.04737854003906
2022-07-26,148.6166534423828,244.24945068359375,206.0584716796875,333.7170104980469,103.40629577636719
2022-07-27,153.70448303222656,260.5780944824219,204.09962463378906,335.6629638671875,105.06559753417969
2022-07-28,154.2535400390625,268.01507568359375,204.9529571533203,344.6395263671875,104.67356872558594
2022-07-29,159.31192016601562,272.21356201171875,205.68995666503906,345.9497985839844,105.17500305175781
2022-08-01,158.33160400390625,269.5665283203125,204.96267700195312,342.7717590332031,104.12652587890625
2022-08-02,156.86114501953125,266.4733581542969,200.01699829101562,341.2757873535156,102.50371551513672
2022-08-03,162.86073303222656,273.8909912109375,202.16983032226562,346.2822265625,103.57952117919922
2022-08-04,162.54702758789062,275.0351867675781,207.00877380371094,348.17926025390625,102.43988037109375
2022-08-05,162.32119750976562,274.31768798828125,209.33615112304688,349.58734130859375,105.53968811035156
2022-08-08,161.8500213623047,271.8063659667969,206.8633575439453,344.3559265136719,104.25418853759766
2022-08-09,161.8990936279297,273.72613525390625,203.89593505859375,338.8604736328125,105.19324493408203
2022-08-10,166.13995361328125,280.37786865234375,205.68028259277344,345.548828125,107.93748474121094
2022-08-11,165.40371704101562,278.3028259277344,205.05368041992188,342.8109130859375,109.53298950195312
2022-08-12,168.9475860595703,283.04437255859375,205.29656982421875,346.4190979003906,111.34730529785156
2022-08-15,170.01759338378906,284.5569763183594,210.2412109375,351.9732666015625,111.6481704711914
2022-08-16,169.86050415039062,283.8200378417969,210.940673828125,351.288818359375,112.71485900878906
2022-08-17,171.3527069091797,283.07183837890625,208.39547729492188,347.4556884765625,111.76667022705078
2022-08-18,170.9600372314453,281.95440673828125,209.10462951660156,349.4406433105469,110.90056610107422
2022-08-19,168.37818908691406,278.0482177734375,206.74400329589844,346.428955078125,108.15631866455078
2022-08-22,164.5005645751953,269.8860168457031,202.65420532226562,337.853271484375,106.36934661865234
2022-08-23,164.1667938232422,268.61309814453125,200.8958740234375,333.3356018066406,105.32088470458984
2022-08-24,164.46128845214844,267.9815368652344,200.76959228515625,332.1817626953125,105.57617950439453
2022-08-25,166.91551208496094,270.9548645019531,203.82968139648438,337.0318908691406,108.08336639404297
2022-08-26,160.62290954589844,260.4995422363281,197.09750366210938,324.6035461425781,104.54592895507812
2022-08-29,158.4239501953125,257.72052001953125,196.55349731445312,322.05145263671875,104.29064178466797
2022-08-30,155.99917602539062,255.52447509765625,195.63059997558594,320.5455322265625,104.30889129638672
2022-08-31,154.3401641845703,254.0669708251953,193.03684997558594,317.1817626953125,103.68891906738281
2022-09-01,155.06661987304688,253.0272216796875,194.41629028320312,318.0422668457031,104.40005493164062
2022-09-02,152.95594787597656,248.8101348876953,192.11395263671875,315.411865234375,103.67070770263672
2022-09-06,151.69940185546875,246.0797119140625,192.96884155273438,316.89813232421875,103.69804382324219
2022-09-07,153.10324096679688,250.78262329101562,194.69802856445312,321.3375244140625,105.6673355102539
2022-09-08,151.6306915283203,251.2005157470703,194.9797821044922,322.7555236816406,108.12895202636719
2022-09-09,154.48741149902344,256.9723205566406,199.341552734375,328.4073486328125,108.64862823486328
2022-09-12,160.43637084960938,259.1003112792969,200.730712890625,330.9203796386719,109.93414306640625
2022-09-13,151.02203369140625,244.85540771484375,193.96945190429688,318.22802734375,106.11406707763672
2022-09-14,152.46511840820312,245.07887268066406,193.71685791015625,318.62890625,105.867919921875
2022-09-15,149.57899475097656,238.43252563476562,189.7921905517578,309.93603515625,107.46338653564453
2022-09-16,147.93959045410156,237.81065368652344,187.78126525878906,308.14654541015625,106.7431640625
2022-09-19,151.65029907226562,237.5968780517578,187.6161651611328,307.07086181640625,107.7278060913086
2022-09-20,154.02598571777344,235.58547973632812,186.58642578125,306.3277282714844,105.603515625
2022-09-21,150.9042510986328,232.18455505371094,181.6806182861328,297.7520751953125,102.55841064453125
2022-09-22,149.94219970703125,234.15711975097656,180.4857177734375,291.7480773925781,101.39141082763672
2022-09-23,147.67453002929688,231.18373107910156,178.7079620361328,287.0740661621094,99.5041732788086
2022-09-26,148.00833129882812,230.72703552246094,175.4341583251953,283.6810302734375,97.36165618896484
2022-09-27,148.98013305664062,229.71652221679688,172.79180908203125,280.13140869140625,96.50462341308594
2022-09-28,147.09532165527344,234.24456787109375,174.0644073486328,283.7494201660156,98.45569610595703
2022-09-29,139.87014770507812,230.77566528320312,174.9193115234375,280.41497802734375,96.78728485107422
2022-09-30,135.66851806640625,226.3058319091797,172.57809448242188,278.0388488769531,95.2738265991211
2022-10-03,139.84066772460938,233.92391967773438,176.46389770507812,284.0428161621094,98.21865844726562
2022-10-04,143.4238739013672,241.83343505859375,180.34970092773438,294.5936279296875,102.81367492675781
2022-10-05,143.7183074951172,242.1443634033203,182.31202697753906,297.4587097167969,101.54425811767578
2022-10-06,142.76609802246094,239.80259704589844,180.2914276123047,293.0709533691406,99.47454833984375
2022-10-07,137.5238800048828,227.6079559326172,178.58164978027344,288.89862060546875,97.48765563964844
2022-10-10,137.84786987304688,222.75918579101562,176.978759765625,285.7742614746094,96.57698059082031
2022-10-11,136.43421936035156,219.02796936035156,174.0255584716797,280.1622314453125,93.78976440429688
2022-10-12,135.80592346191406,219.3583221435547,173.1512908935547,277.547119140625,95.30755615234375
2022-10-13,140.37081909179688,227.6079559326172,179.38795471191406,287.9093933105469,100.60600280761719
2022-10-14,135.8452606201172,222.08872985839844,177.40621948242188,282.74786376953125,102.2801513671875
2022-10-17,139.8014373779297,230.80474853515625,179.9611053466797,288.96722412109375,106.5759506225586
2022-10-18,141.11688232421875,231.74732971191406,181.82630920410156,294.1972961425781,109.31715393066406
2022-10-19,141.2248992919922,229.7845001220703,181.0880126953125,291.6311950683594,107.17386627197266
2022-10-20,140.76345825195312,229.4638671875,181.87489318847656,290.1816101074219,106.82431030273438
2022-10-21,144.5723876953125,235.2648162841797,184.93495178222656,296.1463623046875,112.43550872802734
2022-10-24,146.7124481201172,240.2495880126953,185.26522827148438,299.3098449707031,112.57347869873047
2022-10-25,149.5495147705078,243.5630340576172,188.8304901123047,305.000244140625,112.86782836914062
2022-10-26,146.61431884765625,224.77061462402344,197.5249481201172,312.9335021972656,114.16484832763672
2022-10-27,142.1476287841797,220.33001708984375,198.45751953125,312.7964172363281,114.6155776977539
2022-10-28,152.88726806640625,229.19180297851562,203.3633575439453,322.6885681152344,115.97700500488281
2022-10-31,150.53118896484375,225.55767822265625,201.24559020996094,321.4250793457031,115.79302215576172
2022-11-01,147.89048767089844,221.7097625732422,201.02215576171875,326.3319396972656,117.8811264038086
2022-11-02,142.37339782714844,213.86830139160156,195.21287536621094,313.2371520996094,116.7956771850586
2022-11-03,136.3361053466797,208.18394470214844,189.18988037109375,302.806396484375,117.00724792480469
2022-11-04,136.07058715820312,215.12173461914062,191.3562469482422,311.81695556640625,120.2083969116211
2022-11-07,136.60157775878906,221.41827392578125,194.3871612548828,318.43780517578125,120.84308624267578
2022-11-08,137.17190551757812,222.38998413085938,196.0191650390625,319.0450439453125,120.91667938232422
2022-11-09,132.61917114257812,218.1533966064453,188.81439208984375,309.1431884765625,119.34371185302734
2022-11-10,144.41888427734375,236.10047912597656,200.14735412597656,330.327880859375,124.25579833984375
2022-11-11,147.20169067382812,240.11354064941406,199.5924072265625,332.3064270019531,124.45817565917969
2022-11-14,145.80535888671875,234.7109832763672,201.4033660888672,332.3847351074219,123.17955780029297
2022-11-15,147.5359649658203,235.1190948486328,204.45077514648438,336.4394836425781,122.28729248046875
2022-11-16,146.3068389892578,235.5478057861328,204.59678649902344,335.7049560546875,122.45286560058594
2022-11-17,148.20465087890625,235.4990692138672,205.4243927001953,334.24566650390625,121.91934204101562
2022-11-18,148.76515197753906,235.0508575439453,205.2393798828125,336.6158447265625,123.11517333984375
2022-11-21,145.53985595703125,235.85964965820312,200.8775634765625,331.287841796875,122.38847351074219
2022-11-22,147.67367553710938,238.76344299316406,204.7818145751953,337.85968017578125,124.21900939941406
2022-11-23,148.548828125,241.2482147216797,206.14488220214844,341.4639892578125,125.54362487792969
2022-11-25,145.63821411132812,241.1605224609375,208.15049743652344,344.05938720703125,125.78280639648438
2022-11-28,141.81314086914062,235.5770263671875,205.68724060058594,337.4972839355469,123.58432006835938
2022-11-29,138.81402587890625,234.18360900878906,203.5452880859375,336.0673828125,125.61722564697266
2022-11-30,145.55953979492188,248.61485290527344,211.27586364746094,349.06414794921875,127.10740661621094
2022-12-01,145.83486938476562,248.1763916015625,211.27586364746094,353.3736572265625,125.32288360595703
2022-12-02,145.34323120117188,248.49795532226562,211.91845703125,352.64892578125,124.32940673828125
2022-12-05,144.18289184570312,243.80120849609375,208.04342651367188,348.76055908203125,120.84308624267578
2022-12-06,140.52500915527344,238.85110473632812,203.56478881835938,340.37677001953125,121.04547119140625
2022-12-07,138.58786010742188,238.1202850341797,202.32827758789062,340.26898193359375,120.96267700195312
2022-12-08,140.26931762695312,241.0727996826172,203.58424377441406,343.94189453125,122.23210906982422
2022-12-09,139.78750610351562,239.1434326171875,203.1947784423828,341.6499938964844,121.5698013305664
2022-12-12,142.07861328125,246.05210876464844,208.92942810058594,350.79779052734375,123.45553588867188
2022-12-13,143.04226684570312,250.34930419921875,207.42030334472656,349.7987976074219,123.3359603881836
2022-12-14,140.82000732421875,250.64169311523438,207.6929473876953,350.1513977050781,122.71965026855469
2022-12-15,134.22193908691406,242.64161682128906,202.4256134033203,339.12310791015625,119.67487335205078
2022-12-16,132.2651824951172,238.43212890625,201.4325408935547,338.7215881347656,118.92977905273438
2022-12-19,130.16090393066406,234.300537109375,199.41712951660156,334.23577880859375,119.63806915283203
2022-12-20,130.09207153320312,235.61602783203125,199.94290161132812,335.8910827636719,120.21760559082031
2022-12-21,133.18946838378906,238.1787872314453,201.35462951660156,338.5746765136719,121.5698013305664
2022-12-22,130.0232391357422,232.09835815429688,199.6508026123047,334.4904479980469,120.18999481201172
2022-12-23,129.65940856933594,232.62452697753906,200.4005126953125,336.5276794433594,120.76031494140625
2022-12-27,127.85994720458984,230.89984130859375,200.8483428955078,339.03497314453125,121.18344116210938
2022-12-28,123.93653869628906,228.53196716308594,199.5826873779297,334.9116516113281,121.84574890136719
2022-12-29,127.44694519042969,234.84625244140625,202.57167053222656,341.0428161621094,122.54483795166016
2022-12-30,127.76158905029297,233.68666076660156,202.27957153320312,340.5727233886719,123.35433959960938
2023-01-03,122.98271179199219,233.4528045654297,201.91932678222656,339.66180419921875,124.29261779785156
2023-01-04,124.25118255615234,223.24081420898438,207.0016326904297,347.8399658203125,125.45165252685547
2023-01-05,122.93355560302734,216.62449645996094,205.5412139892578,344.5295104980469,125.4238510131836
2023-01-06,127.45677947998047,219.17745971679688,212.00608825683594,360.6866149902344,127.82391357421875
2023-01-09,127.9779281616211,221.31146240234375,212.8336639404297,363.9239807128906,127.29568481445312
2023-01-10,128.54823303222656,222.99720764160156,215.2579345703125,363.96319580078125,128.4355010986328
2023-01-11,131.26222229003906,229.740234375,216.24127197265625,370.6831359863281,129.38995361328125
2023-01-12,131.18356323242188,232.41014099121094,217.72122192382812,372.5960693359375,129.26022338867188
2023-01-13,132.51100158691406,233.1117401123047,217.1759796142578,368.3875427246094,132.5220947265625
2023-01-17,133.67132568359375,234.203125,217.1175994873047,367.87744140625,130.47415161132812
2023-01-18,132.95350646972656,229.7792510986328,213.67095947265625,361.9129638671875,126.55438995361328
2023-01-19,133.01251220703125,225.99844360351562,214.59588623046875,360.9515380859375,124.86783599853516
2023-01-20,135.56907653808594,234.07644653320312,218.3930206298828,369.13311767578125,125.17362213134766
2023-01-23,138.7550506591797,236.37608337402344,218.26646423339844,371.3796081542969,127.20304870605469
2023-01-24,140.15133666992188,235.84988403320312,217.9840850830078,372.79229736328125,128.2965087890625
2023-01-25,139.4925079345703,234.45643615722656,218.9674530029297,375.1271057128906,128.91737365722656
2023-01-26,141.55747985839844,241.65744018554688,218.782470703125,370.0749206542969,129.71426391601562
2023-01-27,143.49456787109375,241.81338500976562,225.33493041992188,366.9258728027344,130.0293426513672
2023-01-30,140.61349487304688,236.5027618408203,223.0566864013672,364.0711669921875,128.92662048339844
2023-01-31,141.88194274902344,241.47232055664062,224.13742065429688,363.56103515625,129.6957550048828
2023-02-01,143.00291442871094,246.28599548339844,224.80917358398438,366.9749450683594,129.35289001464844
2023-02-02,148.30299377441406,257.8329772949219,223.50453186035156,367.8186340332031,128.7505645751953
2023-02-03,151.9215545654297,251.74273681640625,224.05950927734375,366.8081359863281,130.74288940429688
2023-02-06,149.19778442382812,250.20318603515625,223.38768005371094,365.8860168457031,131.51202392578125
2023-02-07,152.0690460205078,260.7171936035156,225.2181396484375,367.9363708496094,133.1151123046875
2023-02-08,149.38461303710938,259.908447265625,224.12765502929688,363.3157653808594,132.17922973632812
2023-02-09,148.3521270751953,256.8779602050781,223.73741149902344,363.38446044921875,130.1220245361328
2023-02-10,148.71653747558594,256.37127685546875,221.64007568359375,359.8625793457031,130.69654846191406
2023-02-13,151.51339721679688,264.3810119628906,223.27896118164062,363.78662109375,132.11434936523438
2023-02-14,150.87327575683594,265.2093505859375,223.7764434814453,362.9331359863281,132.69815063476562
2023-02-15,152.9708709716797,263.08953857421875,223.3179473876953,362.6192321777344,133.254150390625
2023-02-16,151.37550354003906,256.08538818359375,220.30357360839844,360.5689697265625,131.4193572998047
2023-02-17,150.233154296875,252.08999633789062,218.08912658691406,354.2709045410156,131.8085479736328
2023-02-21,146.2249298095703,246.82472229003906,215.2210693359375,349.1991271972656,129.38995361328125
2023-02-22,146.6484375,245.69151306152344,214.63577270507812,348.22784423828125,128.39842224121094
2023-02-23,147.13096618652344,248.87611389160156,215.71859741210938,348.7772521972656,129.427001953125
2023-02-24,144.4818572998047,243.45455932617188,214.17726135253906,346.4130554199219,130.59461975097656
2023-02-27,145.67347717285156,244.37278747558594,214.95767211914062,348.72821044921875,131.73443603515625
2023-02-28,145.17120361328125,243.6498565673828,214.55770874023438,348.54180908203125,132.83714294433594
2023-03-01,143.10305786132812,240.57273864746094,213.01637268066406,346.7857971191406,132.09580993652344
2023-03-02,143.69395446777344,245.30078125,213.69924926757812,348.81646728515625,130.724365234375
2023-03-03,148.73622131347656,249.38406372070312,218.2939910888672,354.63385009765625,133.12442016601562
2023-03-06,151.4936981201172,250.9275360107422,221.20108032226562,359.960693359375,132.3460235595703
2023-03-07,149.29757690429688,248.2704620361328,217.70867919921875,353.1035461425781,128.45404052734375
2023-03-08,150.54827880859375,247.83084106445312,216.75265502929688,352.21075439453125,127.69415283203125
2023-03-09,148.30291748046875,246.4827880859375,214.62600708007812,347.7079162597656,120.78124237060547
2023-03-10,146.24465942382812,242.83908081054688,210.85069274902344,340.5171813964844,123.84851837158203
2023-03-13,148.1847381591797,248.0457763671875,209.22157287597656,338.1627502441406,121.6245346069336
2023-03-14,150.2725372314453,254.7568817138672,213.3090362548828,346.1187438964844,124.74738311767578
2023-03-15,150.66644287109375,259.29925537109375,211.0750732421875,341.46868896484375,118.85380554199219
2023-03-16,153.48304748535156,269.8103942871094,212.1286163330078,341.3902893066406,121.16117858886719
2023-03-17,152.64593505859375,272.96563720703125,212.0701141357422,343.0187683105469,116.5834732055664
2023-03-20,155.00946044921875,265.9322204589844,212.81153869628906,342.6852111816406,117.81593322753906
2023-03-21,156.86090087890625,267.4463195800781,216.51849365234375,347.83544921875,120.97586059570312
2023-03-22,155.43295288085938,265.9908142089844,214.65524291992188,344.3627014160156,117.8530044555664
2023-03-23,156.5162353515625,271.2366027832031,217.14283752441406,347.6393127441406,117.53794860839844
2023-03-24,157.8162078857422,274.0792541503906,215.63079833984375,344.9513244628906,115.7494888305664
2023-03-27,155.87611389160156,269.9862060546875,216.3819122314453,347.8844909667969,119.06692504882812
2023-03-28,155.25567626953125,268.8628234863281,214.9381866455078,347.60009765625,119.4283447265625
2023-03-29,158.32830810546875,274.02069091796875,217.8354949951172,352.7012939453125,119.66926574707031
2023-03-30,159.8941650390625,277.4787292480469,216.91847229003906,352.4364318847656,119.30786895751953
2023-03-31,162.3955841064453,281.6304626464844,219.942626953125,356.5075988769531,120.75345611572266
2023-04-03,163.64627075195312,280.5852355957031,223.39599609375,359.50946044921875,120.61446380615234
2023-04-04,163.114501953125,280.5363464355469,222.0887908935547,356.9882507324219,119.0020751953125
2023-04-05,161.2729034423828,277.7619934082031,222.58628845214844,357.44024658203125,119.17951202392578
2023-04-06,162.15921020507812,284.8540344238281,220.4596710205078,355.1607360839844,119.04875183105469
2023-04-10,159.5691680908203,282.6952209472656,220.88888549804688,353.8539123535156,119.44100952148438
2023-04-11,158.35784912109375,276.2869873046875,222.85946655273438,357.7742614746094,120.02938842773438
2023-04-12,157.66847229003906,276.9316711425781,222.235107421875,355.46533203125,120.01070404052734
2023-04-13,163.04554748535156,283.1347961425781,226.99569702148438,363.1980285644531,120.46833801269531
2023-04-14,162.70086669921875,279.5204162597656,228.29315185546875,365.92938232421875,129.5648651123047
2023-04-17,162.72055053710938,282.1188659667969,227.766357421875,366.2536926269531,130.5922088623047
2023-04-18,163.94171142578125,281.6988220214844,227.88343811035156,365.8214416503906,132.05850219726562
2023-04-19,165.0841064453125,281.7769470214844,226.87864685058594,366.2929382324219,131.89039611816406
2023-04-20,164.11898803710938,279.4910888671875,228.85894775390625,368.4545593261719,131.5074462890625
2023-04-21,162.5137481689453,279.1492614746094,228.32240295410156,368.69036865234375,131.2552490234375
2023-04-24,162.8190460205078,275.25146484375,227.06398010253906,368.1892395019531,131.43275451660156
2023-04-25,161.28274536132812,269.04840087890625,223.97157287597656,362.09747314453125,128.57492065429688
2023-04-26,161.2729034423828,288.536865234375,222.5668182373047,360.3583984375,126.29608917236328
2023-04-27,165.85227966308594,297.77801513671875,223.40574645996094,367.1477966308594,127.99586486816406
2023-04-28,167.10299682617188,300.1518249511719,227.03469848632812,373.39678955078125,129.10723876953125
2023-05-01,167.01429748535156,298.49114990234375,226.82008361816406,373.2297058105469,131.87167358398438
2023-05-02,165.98028564453125,298.3446044921875,221.4254150390625,369.466552734375,129.74234008789062
2023-05-03,164.9068603515625,297.3579406738281,220.4499053955078,368.3563232421875,126.99655151367188
2023-05-04,163.27206420898438,298.3446044921875,220.07919311523438,369.5550231933594,125.2594223022461
2023-05-05,170.9339141845703,303.4634094238281,226.10797119140625,377.9459533691406,127.70634460449219
2023-05-08,170.864990234375,301.5096740722656,226.5469512939453,378.7810974121094,128.01455688476562
2023-05-09,169.1612548828125,299.8978576660156,227.55174255371094,376.2560119628906,127.39813995361328
2023-05-10,170.92404174804688,305.0849914550781,225.6104278564453,375.8629455566406,127.46350860595703
2023-05-11,171.1111602783203,302.93585205078125,225.79617309570312,376.6981506347656,127.06192016601562
2023-05-12,170.18414306640625,301.822265625,226.15782165527344,375.2538146972656,125.24073791503906
2023-05-15,169.6910858154297,302.3009338378906,227.55552673339844,376.7178039550781,126.29608917236328
2023-05-16,169.6910858154297,304.52813720703125,225.26832580566406,373.6031799316406,125.44624328613281
2023-05-17,170.302490234375,307.4064636230469,227.39913940429688,380.2451477050781,129.30337524414062
2023-05-18,172.6298828125,311.83148193359375,228.3276824951172,385.177490234375,130.28399658203125
2023-05-19,172.7383575439453,311.6552734375,228.04425048828125,378.8400573730469,129.98512268066406
2023-05-22,171.7916259765625,314.4356384277344,226.06007385253906,377.8182067871094,128.9110870361328
2023-05-23,169.1881103515625,308.6399230957031,219.51129150390625,367.22637939453125,127.56625366210938
2023-05-24,169.46421813964844,307.25958251953125,217.23388671875,362.0679931640625,126.39884948730469
2023-05-25,170.59837341308594,319.07611083984375,218.33834838867188,363.58111572265625,126.70701599121094
2023-05-26,173.00462341308594,325.8997802734375,219.93157958984375,367.8355712890625,127.89311981201172
2023-05-30,174.8488006591797,324.2550354003906,216.6376495361328,361.0854797363281,128.37876892089844
2023-05-31,174.79942321777344,321.4942321777344,216.04136657714844,358.64874267578125,126.744384765625
2023-06-01,177.60018920898438,325.59625244140625,221.387939453125,364.406494140625,128.49082946777344
2023-06-02,178.44830322265625,328.3570861816406,223.62623596191406,367.20672607421875,131.18992614746094
2023-06-05,177.09725952148438,328.8857116699219,221.65184020996094,364.0527648925781,129.90109252929688
2023-06-06,176.73236083984375,326.6732177734375,223.06910705566406,373.3280029296875,130.13455200195312
2023-06-07,175.361572265625,316.58953857421875,220.1857147216797,364.9076232910156,131.39540100097656
2023-06-08,178.0735626220703,318.4300231933594,218.01583862304688,361.1739196777344,131.43275451660156
2023-06-09,178.4581756591797,319.9278869628906,218.5142822265625,362.7754821777344,131.6942596435547
2023-06-12,181.2490234375,324.88165283203125,221.0653839111328,368.7591857910156,131.6849365234375
2023-06-13,180.7756805419922,327.2703552246094,218.35792541503906,364.89776611328125,132.6375274658203
2023-06-14,181.4068145751953,330.2563171386719,218.39700317382812,368.2187805175781,132.14254760742188
2023-06-15,183.43833923339844,340.7904052734375,221.0653839111328,372.4241027832031,133.63682556152344
2023-06-16,182.36338806152344,335.14154052734375,223.74356079101562,369.95782470703125,133.79559326171875
2023-06-20,182.45216369628906,330.9513854980469,221.35862731933594,368.0812072753906,133.1138153076172
2023-06-21,181.41665649414062,326.5556945800781,222.12100219726562,369.57470703125,132.91773986816406
2023-06-22,184.41465759277344,332.5765075683594,223.2353057861328,371.20574951171875,130.35873413085938
2023-06-23,184.0990753173828,327.9850158691406,224.36911010742188,373.1806335449219,129.6769256591797
2023-06-26,182.7085723876953,321.6998291015625,221.19248962402344,370.83233642578125,129.9945068359375
2023-06-27,185.45997619628906,327.54449462890625,222.208984375,375.1260986328125,130.00384521484375
2023-06-28,186.63356018066406,328.797607421875,222.81500244140625,373.5932312011719,129.43414306640625
2023-06-29,186.96884155273438,328.014404296875,229.0314483642578,380.9034423828125,133.95437622070312
2023-06-30,191.28829956054688,333.3891296386719,232.12013244628906,386.4351501464844,135.83157348632812
2023-07-03,189.7991943359375,330.8927001953125,232.59909057617188,387.0836181640625,136.92430114746094
2023-07-05,188.68479919433594,331.04931640625,234.0457000732422,387.8401794433594,136.0121612548828
2023-07-06,189.15817260742188,334.1038513183594,233.48855590820312,386.8365783691406,134.66744995117188
2023-07-07,188.04376220703125,330.13885498046875,231.11338806152344,382.44805908203125,135.7300262451172
2023-07-10,186.00238037109375,324.86199951171875,232.7847900390625,385.87225341796875,136.49172973632812
2023-07-11,185.47972106933594,325.48858642578125,235.12086486816406,391.4218444824219,138.62632751464844
2023-07-12,187.1463623046875,330.1192932128906,236.74339294433594,394.2655944824219,139.31277465820312
2023-07-13,187.9056854248047,335.4646301269531,237.81854248046875,394.1375732421875,139.98980712890625
2023-07-14,188.05361938476562,337.9903564453125,237.6719512939453,396.05633544921875,140.8361358642578
2023-07-17,191.30801391601562,338.47021484375,238.4832000732422,395.7513427734375,144.2307891845703
2023-07-18,191.05160522460938,351.941162109375,235.33587646484375,391.7760925292969,144.4940948486328
2023-07-19,192.4026641845703,347.6238098144531,235.97119140625,391.88427734375,145.04893493652344
2023-07-20,190.45993041992188,339.586181640625,234.21185302734375,391.67767333984375,146.83555603027344
2023-07-21,189.28636169433594,336.5513000488281,233.85018920898438,391.1168212890625,145.7071533203125
2023-07-24,190.0851593017578,337.8631591796875,235.30657958984375,398.2998046875,148.57521057128906
2023-07-25,190.943115234375,343.60986328125,233.30282592773438,394.8460693359375,147.4656219482422
2023-07-26,191.81097412109375,330.67730712890625,231.7487030029297,395.95794677734375,148.34951782226562
2023-07-27,190.54864501953125,323.77532958984375,229.14874267578125,388.1747131347656,146.7133331298828
2023-07-28,193.12257385253906,331.26470947265625,230.42916870117188,386.659423828125,147.55026245117188
2023-07-31,193.7340087890625,328.8661804199219,232.36448669433594,387.9582824707031,148.53761291503906
2023-08-01,192.90560913085938,329.2773132324219,234.3682098388672,390.70355224609375,147.80413818359375
2023-08-02,189.91751098632812,320.6229553222656,232.1983184814453,383.7665710449219,146.13027954101562
2023-08-03,188.52703857421875,319.8006286621094,233.37124633789062,386.70867919921875,147.02362060546875
2023-08-04,179.47390747070312,320.8970642089844,233.59605407714844,385.07525634765625,146.7133331298828
2023-08-07,176.37733459472656,323.1781005859375,236.05914306640625,390.50677490234375,147.40919494628906
2023-08-08,177.31419372558594,319.2033996582031,233.88926696777344,386.8857727050781,146.5816650390625
2023-08-09,175.72645568847656,315.463623046875,234.3486785888672,387.3580627441406,144.61634826660156
2023-08-10,175.50950622558594,316.1488952636719,235.1810760498047,390.7724304199219,144.40003967285156
2023-08-11,175.5687255859375,314.26922607421875,235.0635528564453,388.6470642089844,145.23699951171875
2023-08-14,177.21792602539062,317.2356262207031,237.86422729492188,392.18927001953125,145.5378875732422
2023-08-15,175.23300170898438,315.1013488769531,234.85789489746094,388.12554931640625,141.83290100097656
2023-08-16,174.36398315429688,314.3361511230469,234.3291015625,388.0468444824219,141.23109436035156
2023-08-17,171.82611083984375,310.88275146484375,232.44888305664062,386.32489013671875,139.76414489746094
2023-08-18,172.30999755859375,310.4903869628906,233.23231506347656,385.8821716308594,140.08387756347656
2023-08-21,173.6431121826172,315.7881774902344,234.49557495117188,386.8956298828125,140.5634307861328
2023-08-22,175.0157470703125,316.35711669921875,235.58255004882812,391.461181640625,137.64834594726562
2023-08-23,178.8571319580078,320.8112487792969,237.27671813964844,394.62957763671875,138.57928466796875
2023-08-24,174.17636108398438,313.91424560546875,234.50538635253906,391.2939147949219,138.4476318359375
2023-08-25,176.37847900390625,316.8673400878906,237.5410919189453,396.4302673339844,138.27838134765625
2023-08-28,177.93878173828125,317.5736999511719,238.77493286132812,400.90728759765625,138.75794982910156
2023-08-29,181.8196563720703,322.1945495605469,240.25364685058594,405.04974365234375,139.8863525390625
2023-08-30,185.30557250976562,322.5674133300781,241.12521362304688,407.2735595703125,139.32217407226562
2023-08-31,185.52281188964844,321.556884765625,240.5866241455078,406.0239562988281,137.60134887695312
2023-09-01,187.09292602539062,322.4398193359375,242.96621704101562,408.9069519042969,138.06210327148438
2023-09-05,187.32994079589844,327.23724365234375,240.25364685058594,404.9022521972656,136.53871154785156
2023-09-06,180.6248016357422,326.5799560546875,241.0566864013672,406.5552062988281,136.31307983398438
2023-09-07,175.3416290283203,323.6662292480469,242.01634216308594,407.9721374511719,135.1470184326172
2023-09-08,175.95387268066406,327.943603515625,242.16322326660156,408.1886291503906,135.25048828125
2023-09-11,177.11912536621094,331.54425048828125,242.09469604492188,410.00897216796875,135.84291076660156
2023-09-12,174.0973663330078,325.490966796875,242.1730499267578,409.5956726074219,137.6107635498047
2023-09-13,172.0334930419922,329.69976806640625,242.6920623779297,409.62518310546875,137.6765899658203
2023-09-14,173.54437255859375,332.2898254394531,236.49327087402344,406.71270751953125,140.34715270996094
2023-09-15,172.82345581054688,323.9703369140625,236.0721893310547,407.6671142578125,139.9333953857422
2023-09-18,175.74649047851562,322.832275390625,239.5877685546875,410.4419250488281,140.2248992919922
2023-09-19,176.832763671875,322.4300231933594,238.5105743408203,406.899658203125,140.0462646484375
2023-09-20,173.2974853515625,314.69915771484375,236.84584045410156,403.93792724609375,139.4538116455078
2023-09-21,171.7569580078125,313.4826354980469,231.7046661376953,396.8927307128906,138.36302185058594
2023-09-22,172.606201171875,311.01031494140625,230.2063751220703,395.77099609375,137.037109375
2023-09-25,173.8800811767578,311.5302734375,228.52203369140625,396.03662109375,137.71417236328125
2023-09-26,169.81158447265625,306.23248291015625,224.88894653320312,389.0406494140625,136.28482055664062
2023-09-27,168.3007049560547,306.8701477050781,224.74203491210938,389.1390686035156,137.0841522216797
2023-09-28,168.5574493408203,307.7041320800781,226.85728454589844,393.0355224609375,138.7861785888672
2023-09-29,169.0709686279297,309.7741394042969,225.2415008544922,389.5621643066406,136.36949157714844
2023-10-02,171.57919311523438,315.70965576171875,226.47535705566406,389.503173828125,135.19403076171875
2023-10-03,170.24609375,307.45880126953125,224.06637573242188,384.7899475097656,134.19725036621094
2023-10-04,171.49034118652344,312.9234313964844,226.4263916015625,387.4466247558594,134.79908752441406
2023-10-05,172.72476196289062,313.31585693359375,228.63955688476562,388.44189453125,135.36744689941406
2023-10-06,175.27252197265625,321.0663757324219,230.16720581054688,392.1568298339844,137.45150756835938
2023-10-09,176.7537841796875,323.5779113769531,229.57965087890625,388.9739685058594,137.13890075683594
2023-10-10,176.16123962402344,322.17498779296875,231.69485473632812,394.521728515625,137.9724884033203
2023-10-11,177.5536346435547,326.128662109375,230.79391479492188,393.96990966796875,138.4461212158203
2023-10-12,178.4522705078125,324.8924865722656,231.8711395263672,394.05859375,138.12408447265625
2023-10-13,176.6155242919922,321.5274353027344,232.74269104003906,392.2159423828125,140.1986083984375
2023-10-16,176.48712158203125,326.3445129394531,235.0929412841797,395.3001403808594,140.05653381347656
2023-10-17,174.93673706054688,325.7754211425781,236.19947814941406,395.9012145996094,139.75341796875
2023-10-18,173.6431121826172,323.8624267578125,232.54681396484375,387.46630859375,138.21884155273438
2023-10-19,173.2678680419922,325.0495300292969,228.9626922607422,382.204345703125,137.63148498535156
2023-10-20,170.72010803222656,320.4875183105469,228.54161071777344,378.7948913574219,135.41482543945312
2023-10-23,170.83859252929688,323.08734130859375,226.72996520996094,378.065673828125,133.56764221191406
2023-10-24,171.27308654785156,324.27447509765625,229.7852325439453,381.2583312988281,133.7286376953125
2023-10-25,168.96234130859375,334.2225036621094,231.93971252441406,380.6671142578125,132.99923706054688
2023-10-26,164.80494689941406,321.68438720703125,226.4851531982422,359.2643737792969,133.34027099609375
2023-10-27,166.1182861328125,323.56805419921875,224.51681518554688,358.7618408203125,128.53750610351562
2023-10-30,168.16246032714844,330.9261474609375,228.24781799316406,366.98004150390625,130.17633056640625
2023-10-31,168.6364288330078,331.7109375,230.2259521484375,370.8526306152344,131.7299041748047
2023-11-01,171.7964630126953,339.5203552246094,233.6338348388672,372.3011474609375,131.61619567871094
2023-11-02,175.35150146484375,341.7277526855469,238.20701599121094,377.1000671386719,133.96546936035156
2023-11-03,174.44297790527344,346.1229553222656,238.5497283935547,380.410888671875,135.46218872070312
2023-11-06,176.99075317382812,349.78240966796875,238.44204711914062,380.519287109375,136.4852752685547
2023-11-07,179.5484161376953,353.7066345214844,239.6954803466797,383.189697265625,136.41896057128906
2023-11-08,180.6050262451172,356.3261413574219,239.36183166503906,384.00762939453125,137.09152221679688
2023-11-09,180.13101196289062,353.8636169433594,237.13414001464844,382.29302978515625,136.68418884277344
2023-11-10,184.3136749267578,362.6737060546875,240.6768341064453,388.6192932128906,138.71142578125
2023-11-13,182.73159790039062,359.7402648925781,240.10765075683594,388.5896301269531,138.09567260742188
2023-11-14,185.34205627441406,363.2623596191406,242.33531188964844,391.8414306640625,140.61544799804688
2023-11-15,185.90565490722656,363.4098205566406,243.48350524902344,391.0334777832031,141.846923828125
2023-11-16,187.58663940429688,369.79974365234375,243.93492126464844,391.29949951171875,143.466796875
2023-11-17,187.56687927246094,363.5867004394531,244.90646362304688,394.45269775390625,144.7645721435547
2023-11-20,189.30715942382812,371.0481872558594,245.30882263183594,398.49285888671875,145.20980834960938
2023-11-21,188.5062255859375,366.75225830078125,247.52667236328125,402.9764404296875,144.9066619873047
2023-11-22,189.16873168945312,371.4512634277344,248.98887634277344,404.3362121582031,145.24766540527344
2023-11-24,187.84375,371.03839111328125,249.55809020996094,406.47454833984375,145.44662475585938
2023-11-27,187.66574096679688,372.1983947753906,249.4010467529297,402.9961242675781,145.11505126953125
2023-11-28,188.26890563964844,376.2191467285156,248.22344970703125,403.0355529785156,145.44662475585938
2023-11-29,187.2504425048828,372.4343566894531,249.48936462402344,403.8337097167969,146.18548583984375
2023-11-30,187.8239288330078,372.4932861328125,251.89364624023438,407.78509521484375,147.85275268554688
2023-12-01,189.0995330810547,368.1678466796875,251.6680145263672,408.307373046875,148.57269287109375
2023-12-04,187.3097686767578,362.8887939453125,249.69546508789062,402.2668762207031,149.6620635986328
2023-12-05,191.25511169433594,366.21148681640625,249.86228942871094,402.72021484375,149.64309692382812
2023-12-06,190.16744995117188,362.5545349121094,249.5482635498047,404.385498046875,148.0706329345703
2023-12-07,192.09561157226562,364.6681213378906,251.04977416992188,407.1150817871094,148.52528381347656
2023-12-08,193.51950073242188,367.8925476074219,250.9712371826172,406.1394958496094,150.16412353515625
2023-12-11,191.01779174804688,365.0121765136719,251.7366943359375,409.63763427734375,150.7135467529297
2023-12-12,192.53070068359375,368.0400085449219,254.71998596191406,414.60406494140625,152.05868530273438
2023-12-13,195.7443084716797,368.03021240234375,257.4874572753906,418.47662353515625,152.57020568847656
2023-12-14,195.89259338378906,359.7331237792969,253.90548706054688,412.446044921875,155.34579467773438
2023-12-15,195.358642578125,364.45184326171875,253.21853637695312,412.4559631347656,156.52041625976562
2023-12-18,193.6974639892578,366.3393249511719,253.55223083496094,418.2302551269531,157.46768188476562
2023-12-19,194.73570251464844,366.93896484375,255.14198303222656,419.255126953125,159.57070922851562
2023-12-20,192.6493377685547,364.34368896484375,252.3156280517578,413.32305908203125,157.7708282470703
2023-12-21,192.50099182128906,367.2142333984375,254.7003631591797,417.2547912597656,158.67074584960938
2023-12-22,191.43309020996094,368.2366027832031,253.61105346679688,417.90509033203125,158.57603454589844
2023-12-26,190.8892364501953,368.3152770996094,254.32745361328125,417.4814147949219,159.5138397216797
2023-12-27,190.98814392089844,367.7352600097656,254.10174560546875,418.1612854003906,160.47061157226562
2023-12-28,191.41334533691406,368.92474365234375,255.54429626464844,420.0926513671875,161.3231658935547
2023-12-29,190.3750457763672,369.67193603515625,255.4952392578125,420.2799072265625,161.1337127685547
2024-01-02,183.56219482421875,364.5895080566406,254.04286193847656,415.7274169921875,163.00933837890625
2024-01-03,182.187744140625,364.3240661621094,253.16944885253906,412.6529846191406,162.2988739013672
2024-01-04,179.87393188476562,361.7090759277344,254.76902770996094,413.63836669921875,163.3759002685547
2024-01-05,179.152099609375,361.52227783203125,254.8475799560547,413.2934875488281,164.19561767578125
2024-01-08,183.48309326171875,368.3447570800781,257.6444091796875,416.4714660644531,163.9573211669922
2024-01-09,183.06776428222656,369.4261779785156,258.4196472167969,417.08331298828125,162.6610870361328
2024-01-10,184.10606384277344,376.2879333496094,259.6268005371094,422.6792907714844,163.00421142578125
2024-01-11,183.51275634765625,378.1164245605469,259.10662841796875,421.1495666503906,162.3179168701172
2024-01-12,183.8390655517578,381.8913879394531,259.2440490722656,423.4985656738281,161.12652587890625
2024-01-16,181.57469177246094,383.66094970703125,260.2940673828125,422.7583312988281,160.11622619628906
2024-01-17,180.63531494140625,382.8744812011719,261.65814208984375,421.8404235839844,159.2583770751953
2024-01-18,186.5187225341797,387.1999816894531,263.1400146484375,425.0973205566406,159.5729217529297
2024-01-19,189.41592407226562,391.9186706542969,265.8485107421875,431.0782775878906,162.32745361328125
2024-01-22,191.7198486328125,389.7952575683594,266.1429443359375,434.00946044921875,162.13685607910156
2024-01-23,192.99537658691406,392.14471435546875,266.2018737792969,433.0323791503906,161.0693359375
2024-01-24,192.32301330566406,395.7427978515625,266.5845642089844,432.9732360839844,162.5085906982422
2024-01-25,191.99671936035156,398.0137023925781,267.5266418457031,431.0979919433594,164.83419799804688
2024-01-26,190.26629638671875,397.089599609375,262.9436950683594,432.80535888671875,164.2051239013672
2024-01-29,189.58401489257812,402.7815856933594,268.55706787109375,434.8286437988281,164.63400268554688
2024-01-30,185.935302734375,401.670654296875,271.98199462890625,439.3784484863281,168.0081329345703
2024-01-31,182.33607482910156,390.84710693359375,268.1645202636719,443.3657531738281,166.18763732910156
2024-02-01,184.7685546875,396.942138671875,271.8838195800781,454.9031677246094,165.58718872070312
2024-02-02,183.76983642578125,404.25616455078125,272.01141357421875,454.56756591796875,166.54029846191406
2024-02-05,185.57933044433594,398.7804260253906,270.4412536621094,450.7974548339844,166.3210906982422
2024-02-06,187.18121337890625,398.6231689453125,271.59930419921875,454.4886169433594,166.89295959472656
2024-02-07,187.2899932861328,407.0382080078125,274.1802062988281,455.8801574707031,167.20745849609375
2024-02-08,186.21221923828125,407.0971984863281,271.1421813964844,452.2778625488281,166.60702514648438
2024-02-09,186.97457885742188,413.4281005859375,271.7812194824219,451.9028015136719,166.80715942382812
2024-02-12,185.2914276123047,408.2277526855469,270.4441223144531,452.7219543457031,167.5506134033203
2024-02-13,183.20237731933594,399.4391174316406,271.1717224121094,454.4491882324219,166.0923309326172
2024-02-14,182.32119750976562,403.29986572265625,272.892333984375,459.11737060546875,167.7793731689453
2024-02-15,182.0341339111328,400.4140930175781,276.2547607421875,465.12786865234375,171.4393768310547
2024-02-16,180.49948120117188,397.9519348144531,273.87548828125,462.01898193359375,170.6387481689453
2024-02-20,179.75694274902344,396.7011413574219,270.5228271484375,445.852783203125,171.30592346191406
2024-02-21,180.50938415527344,396.1003723144531,272.1057434082031,453.0574951171875,172.42112731933594
2024-02-22,182.5390167236328,405.4272155761719,278.97821044921875,465.40423583984375,174.4894256591797
2024-02-23,180.7073974609375,404.1369934082031,278.8307189941406,467.239990234375,175.36630249023438
2024-02-26,179.3609161376953,401.3793640136719,279.3714294433594,468.3157653808594,174.76580810546875
2024-02-27,180.8163299560547,401.3202209472656,278.40789794921875,468.5525207519531,174.8516082763672
2024-02-28,179.6183319091797,401.556640625,280.8265686035156,472.59912109375,175.7379913330078
2024-02-29,178.95497131347656,407.38714599609375,277.8868408203125,468.5625,177.33926391601562
2024-03-01,177.87579345703125,409.218994140625,278.3980712890625,470.4080505371094,176.60533142089844
2024-03-04,173.361083984375,408.6477966308594,275.81231689453125,462.374267578125,177.93019104003906
2024-03-05,168.4305419921875,396.563232421875,274.68170166015625,461.41693115234375,179.71255493164062
2024-03-06,167.44049072265625,396.0117492675781,275.7140197753906,465.4437255859375,180.6466064453125
2024-03-07,167.32167053222656,402.9552307128906,273.5804748535156,461.43670654296875,179.06442260742188
2024-03-08,169.03448486328125,400.079345703125,275.3305969238281,463.1342468261719,179.3980255126953
2024-03-11,171.03443908691406,398.4049987792969,275.841796875,463.0355529785156,179.46473693847656
2024-03-12,171.5096435546875,409.0024108886719,279.14532470703125,466.6971130371094,180.94207763671875
2024-03-13,169.4305419921875,408.82501220703125,280.34478759765625,469.40130615234375,182.40994262695312
2024-03-14,171.28195190429688,418.7920837402344,281.59344482421875,473.2208251953125,179.15972900390625
2024-03-15,170.9057159423828,410.1251220703125,278.28009033203125,469.61846923828125,181.38052368164062
2024-03-18,171.99478149414062,411.01153564453125,280.2563171386719,472.6385498046875,183.62991333007812
2024-03-19,174.3313751220703,415.0396728515625,282.51763916015625,477.6817932128906,184.70693969726562
2024-03-20,176.89566040039062,418.8018798828125,284.4151916503906,481.6690979003906,187.1278839111328
2024-03-21,169.6681365966797,422.8793640136719,285.4868469238281,482.2612609863281,189.7299346923828
2024-03-22,170.569091796875,422.2588806152344,278.49639892578125,475.38226318359375,187.40428161621094
2024-03-25,169.15330505371094,416.4677429199219,276.4809265136719,469.82574462890625,185.68869018554688
2024-03-26,168.02464294433594,415.2760314941406,275.8811340332031,470.57586669921875,186.55599975585938
2024-03-27,171.5888671875,415.05938720703125,274.3276672363281,471.71087646484375,190.16839599609375
2024-03-28,169.7770233154297,414.3600769042969,274.3866882324219,475.2835693359375,190.91183471679688
2024-04-01,168.3414306640625,418.1519470214844,273.60015869140625,472.1549072265625,189.61558532714844
2024-04-02,167.1632537841797,415.0692138671875,273.7574768066406,473.1715087890625,189.53932189941406
2024-04-03,167.96519470214844,414.09417724609375,272.3023376464844,471.1877136230469,189.00555419921875
2024-04-04,167.14346313476562,411.5630798339844,269.3921203613281,463.6376037597656,187.5675048828125
2024-04-05,167.89588928222656,419.0875244140625,272.4793701171875,470.92120361328125,189.29318237304688
2024-04-08,166.77711486816406,418.1716003417969,273.0888977050781,473.2536926269531,190.28062438964844
2024-04-09,167.98501586914062,419.8360595703125,272.0663757324219,466.641845703125,189.0055389404297
2024-04-10,166.11376953125,416.8617248535156,269.8640441894531,463.6867980957031,187.39495849609375
2024-04-11,173.3016815185547,421.4610595703125,271.0438537597656,462.8367919921875,187.35659790039062
2024-04-12,174.79672241210938,415.5223083496094,271.3191833496094,459.9410705566406,175.23880004882812
2024-04-15,170.9750213623047,407.38714599609375,266.71783447265625,454.4163818359375,175.3346710205078
2024-04-16,167.69789123535156,408.3128967285156,266.78668212890625,454.4460754394531,173.3310089111328
2024-04-17,166.3316192626953,405.6143493652344,268.1042175292969,454.78204345703125,172.64073181152344
2024-04-18,165.38111877441406,398.1587829589844,266.8063659667969,449.38592529296875,173.76242065429688
2024-04-19,163.36138916015625,393.0866394042969,265.2430725097656,450.0678405761719,178.1244354248047
2024-04-22,164.19305419921875,394.8988037109375,267.75018310546875,451.4118957519531,181.58531188964844
2024-04-23,165.24253845214844,401.4089050292969,269.500244140625,457.4109802246094,184.2025146484375
2024-04-24,167.3414764404297,402.8763732910156,270.3949890136719,457.0947265625,185.1036834716797
2024-04-25,168.2028350830078,393.00787353515625,270.5326232910156,456.70928955078125,185.3817138671875
2024-04-26,167.61868286132812,400.1777648925781,269.90338134765625,457.0156555175781,185.4967803955078
2024-04-29,171.7769775390625,396.1693115234375,267.26849365234375,451.7578430175781,185.29542541503906
2024-04-30,168.63845825195312,383.4445495605469,264.0927734375,445.92681884765625,183.8190460205078
2024-05-01,167.61868286132812,388.96978759765625,262.8244934082031,436.90350341796875,183.93409729003906
2024-05-02,171.31166076660156,391.825927734375,263.109619140625,435.9448547363281,183.7423553466797
2024-05-03,181.55886840820312,400.51263427734375,263.97479248046875,438.3958435058594,182.63983154296875
2024-05-06,179.9054412841797,407.28863525390625,268.08453369140625,444.1181640625,184.0683135986328
2024-05-07,180.5885772705078,403.1521301269531,271.8107604980469,447.76507568359375,183.82862854003906
2024-05-08,180.92523193359375,404.333984375,272.52850341796875,449.4551086425781,187.5675048828125
2024-05-09,182.737060546875,406.0870666503906,273.85577392578125,450.16668701171875,189.34109497070312
2024-05-10,181.47796630859375,408.4704895019531,276.018798828125,451.63922119140625,190.55862426757812
2024-05-13,184.68020629882812,407.4659423828125,274.6914978027344,452.41015625,190.52027893066406
2024-05-14,185.82032775878906,410.26300048828125,273.0691833496094,448.8917236328125,193.1854248046875
2024-05-15,188.09068298339844,417.4360046386719,276.7659606933594,452.6473388671875,193.76065063476562
2024-05-16,188.20962524414062,415.3738708496094,275.64306640625,453.50714111328125,194.10577392578125
2024-05-17,188.23939514160156,414.6042785644531,275.89923095703125,454.8907775878906,196.32992553710938
2024-05-20,189.39932250976562,419.6658935546875,274.36260986328125,454.28790283203125,187.5004119873047
2024-05-21,190.6981201171875,423.3165283203125,271.8114929199219,453.73443603515625,191.2776641845703
2024-05-22,189.2605438232422,424.7767639160156,271.447021484375,451.1846008300781,190.11766052246094
2024-05-23,185.2750701904297,421.3037414550781,270.1172790527344,445.93670654296875,188.78506469726562
2024-05-24,188.3484344482422,424.4215393066406,270.373291015625,445.90704345703125,192.41851806640625
2024-05-28,188.35836791992188,424.5794677734375,266.916015625,439.8782958984375,191.25845336914062
2024-05-29,188.65577697753906,423.44482421875,264.8277282714844,437.2988586425781,189.9259033203125
2024-05-30,189.64718627929688,409.13824462890625,267.2311706542969,436.9331970214844,191.0955047607422
2024-05-31,190.5989532470703,409.59210205078125,268.3738098144531,441.8450622558594,194.25918579101562
2024-06-03,192.3636474609375,408.0035400390625,266.3249816894531,438.01043701171875,193.482666015625
2024-06-04,192.68092346191406,410.5195007324219,268.33441162109375,439.57196044921875,190.93252563476562
2024-06-05,194.18783569335938,418.3536071777344,270.38323974609375,441.4398498535156,189.1110076904297
2024-06-06,192.80979919433594,418.8568115234375,272.8851013183594,443.4362487792969,188.77548217773438
2024-06-07,195.19911193847656,418.19580078125,274.49066162109375,444.5332946777344,191.68988037109375
2024-06-10,191.4614715576172,422.162109375,270.91510009765625,443.9996032714844,191.3639373779297
2024-06-11,205.37098693847656,426.907958984375,270.5506591796875,443.7920837402344,186.33082580566406
2024-06-12,211.24014282226562,435.1761474609375,266.265869140625,437.82269287109375,183.6177215576172
2024-06-13,212.40008544921875,435.689208984375,267.1228332519531,439.79925537109375,185.6597442626953
2024-06-14,210.6651611328125,436.6660461425781,266.600830078125,439.4336242675781,185.7747802734375
2024-06-17,214.80921936035156,442.3886413574219,267.10308837890625,442.8728942871094,186.9252166748047
2024-06-18,212.44964599609375,440.3857116699219,269.5163879394531,444.84954833984375,188.86175537109375
2024-06-20,207.87924194335938,439.7542724609375,272.66839599609375,447.22149658203125,190.46278381347656
2024-06-21,205.7080535888672,443.7798156738281,271.0924072265625,449.53411865234375,188.19068908691406
2024-06-24,206.3524932861328,441.6980285644531,272.1562194824219,451.61944580078125,190.66409301757812
2024-06-25,207.27452087402344,444.9342041015625,269.4277038574219,450.3248291015625,189.88754272460938
2024-06-26,211.41860961914062,446.1280822753906,269.4966735839844,447.093017578125,189.27398681640625
2024-06-27,212.2613067626953,446.80889892578125,262.5918273925781,437.57562255859375,190.94210815429688
2024-06-28,208.81117248535156,440.98760986328125,258.5336608886719,436.004150390625,193.9044647216797
2024-07-01,214.88853454589844,450.63714599609375,259.2919921875,432.4956359863281,196.96266174316406
2024-07-02,218.37831115722656,453.1531066894531,264.20721435546875,439.453369140625,200.20306396484375
2024-07-03,219.64732360839844,454.6231994628906,264.9557800292969,442.9421081542969,200.06883239746094
2024-07-05,224.3961639404297,461.3226623535156,266.3052673339844,444.2367858886719,197.41783142089844
2024-07-08,225.86351013183594,460.020263671875,262.4046936035156,441.0247802734375,197.78416442871094
2024-07-09,226.71607971191406,453.4096374511719,261.4590759277344,440.1537780761719,200.1555938720703
2024-07-10,230.97915649414062,460.03009033203125,259.0556640625,429.20684814453125,200.31947326660156
2024-07-11,225.61561584472656,448.6342468261719,258.6123962402344,431.9583740234375,199.98207092285156
2024-07-12,228.56011962890625,447.4995422363281,261.75457763671875,435.61065673828125,197.5624237060547
2024-07-15,232.38697814941406,447.9040832519531,264.4239196777344,439.4609375,202.48849487304688
2024-07-16,232.80335998535156,443.52325439453125,265.2119140625,438.9957580566406,205.92996215820312
2024-07-17,226.91436767578125,437.6033630371094,268.6102294921875,446.5477600097656,209.06297302246094
2024-07-18,222.2547149658203,434.4953308105469,265.11346435546875,444.1326599121094,202.42100524902344
2024-07-19,222.3836212158203,431.27880859375,261.478759765625,439.15411376953125,202.2281951904297
2024-07-22,222.03662109375,437.03106689453125,263.6950378417969,443.3606262207031,202.71018981933594
2024-07-23,223.07760620117188,438.91558837890625,260.8188171386719,437.2042236328125,202.75839233398438
2024-07-24,216.66317749023438,423.17840576171875,250.35809326171875,428.0290222167969,201.08103942871094
2024-07-25,215.62217712402344,412.8184814453125,249.9345245361328,425.2081298828125,201.1581573486328
2024-07-26,216.08815002441406,419.5968017578125,255.56869506835938,433.7004089355469,204.5996551513672
2024-07-29,216.36575317382812,421.0373229980469,257.6766662597656,436.78851318359375,203.25967407226562
2024-07-30,216.92092895507812,417.2781982421875,259.1541442871094,442.8756408691406,207.44342041015625
2024-07-31,220.1727752685547,412.7691345214844,261.6856384277344,458.96942138671875,205.13949584960938
2024-08-01,216.48471069335938,411.545654296875,261.9417419433594,457.6827392578125,200.47372436523438
2024-08-02,217.9718475341797,403.0406494140625,262.58197021484375,457.2967224121094,191.97122192382812
2024-08-05,207.47279357910156,389.87860107421875,252.5940399169922,437.48138427734375,187.88385009765625
2024-08-06,205.45028686523438,394.27911376953125,254.3867645263672,443.7169494628906,193.12802124023438
2024-08-07,208.01806640625,393.1148986816406,252.67282104492188,445.2412414550781,193.18585205078125
2024-08-08,211.47808837890625,397.31805419921875,255.9331817626953,450.9225158691406,196.71409606933594
2024-08-09,214.38294982910156,400.60357666015625,256.3773498535156,452.1102600097656,198.39146423339844
2024-08-12,215.9114532470703,401.3830261230469,256.5056457519531,451.0314025878906,198.76744079589844
2024-08-13,219.62364196777344,408.4870300292969,256.7425231933594,454.66387939453125,200.45443725585938
2024-08-14,220.07028198242188,411.2989807128906,257.7393493652344,455.4556884765625,202.67166137695312
2024-08-15,223.04794311523438,416.162109375,263.3256530761719,463.9183654785156,203.93446350097656
2024-08-16,224.3680877685547,413.6316833496094,263.8981018066406,464.0865783691406,206.26736450195312
2024-08-19,224.20925903320312,416.65631103515625,262.9999694824219,462.2059631347656,207.69407653808594
2024-08-20,224.8246612548828,419.8885498046875,264.5495300292969,464.3241271972656,206.7975616455078
2024-08-21,224.71548461914062,419.2361755371094,264.7073974609375,463.2155456542969,206.8747100830078
2024-08-22,222.859375,410.7454528808594,264.4508361816406,464.02716064453125,208.83160400390625
2024-08-23,225.1521759033203,411.97113037109375,263.95733642578125,461.6715087890625,210.45111083984375
2024-08-26,225.4896697998047,408.7093200683594,264.7172546386719,463.8490295410156,211.28016662597656
2024-08-27,226.33334350585938,409.05523681640625,267.19464111328125,470.1341247558594,212.25379943847656
2024-08-28,224.80479431152344,405.8526611328125,265.6845397949219,466.9767150878906,213.3238525390625
2024-08-29,228.0802459716797,408.34356689453125,270.7477722167969,475.88470458984375,214.2107391357422
2024-08-30,227.296142578125,412.3171081542969,272.7710266113281,478.3987731933594,216.70751953125
2024-09-03,221.1124725341797,404.70611572265625,274.9128112792969,477.19122314453125,212.3695068359375
2024-09-04,219.20675659179688,404.17236328125,276.8373718261719,478.2007751464844,211.43441772460938
2024-09-05,220.7253875732422,403.6682434082031,274.99169921875,472.4798583984375,209.79562377929688
2024-09-06,219.177001953125,397.05560302734375,275.73193359375,471.2525634765625,204.8117218017578
2024-09-09,219.26634216308594,401.02911376953125,281.8907165527344,482.11041259765625,209.005126953125
2024-09-10,218.47225952148438,409.41107177734375,281.6242370605469,483.0308837890625,198.1601104736328
2024-09-11,221.00331115722656,418.14886474609375,280.2621765136719,483.1892395019531,199.7699737548828
2024-09-12,221.1124725341797,422.0630798339844,281.65380859375,487.07904052734375,199.16268920898438
2024-09-13,220.84446716308594,425.611572265625,283.6080627441406,488.3162841796875,196.9647674560547
2024-09-16,214.71046447753906,426.3529357910156,286.6972961425781,492.621826171875,200.3773193359375
2024-09-17,215.17697143554688,430.11883544921875,287.76324462890625,495.8682861328125,201.71728515625
2024-09-18,219.04795837402344,425.8290100097656,284.723388671875,489.7020263671875,200.05918884277344
2024-09-19,227.16709899902344,433.6179504394531,281.5255432128906,487.9698791503906,202.9029998779297
2024-09-20,226.50204467773438,430.2374572753906,281.0616455078125,487.7026062011719,203.4910430908203
2024-09-23,224.78497314453125,428.497802734375,284.8713684082031,492.0577087402344,203.82843017578125
2024-09-24,225.67825317382812,424.2080078125,269.2278137207031,482.42718505859375,203.97303771972656
2024-09-25,224.68569946289062,427.114013671875,266.1187744140625,484.4462585449219,202.62342834472656
2024-09-26,225.8271484375,426.3232421875,268.1519470214844,486.2476501464844,202.2281951904297
2024-09-27,226.09510803222656,423.0712890625,271.586669921875,488.5934753417969,202.92227172851562
2024-09-30,231.26637268066406,425.3249206542969,271.3695983886719,488.75177001953125,203.26931762695312
2024-10-01,224.52688598632812,415.8260803222656,273.98504638671875,491.30548095703125,199.5868377685547
2024-10-02,225.09263610839844,412.30718994140625,273.392822265625,490.50372314453125,199.8278350830078
2024-10-03,223.9908905029297,411.7240295410156,273.254638671875,489.90985107421875,197.8419952392578
2024-10-04,225.1125030517578,411.24957275390625,274.31072998046875,492.6119689941406,204.86412048339844
2024-10-07,220.04052734375,404.8049621582031,270.224609375,486.2773742675781,204.5828399658203
2024-10-08,224.0901641845703,409.9151611328125,271.3793640136719,491.978515625,204.4082794189453
2024-10-09,227.8321075439453,412.63336181640625,273.3237609863281,495.49688720703125,206.9979248046875
2024-10-10,227.3358154296875,411.0320739746094,273.8567199707031,493.58404541015625,206.4353790283203
2024-10-11,225.85693359375,411.506591796875,274.2218933105469,497.78631591796875,215.6009979248047
2024-10-14,229.5790252685547,414.2939453125,277.02490234375,502.1470947265625,214.81539916992188
2024-10-15,232.1100311279297,413.8985595703125,275.653076171875,502.7120361328125,215.69798278808594
2024-10-16,230.05543518066406,411.3088684082031,283.77581787109375,509.49114990234375,216.91038513183594
2024-10-17,230.42269897460938,411.9019470214844,286.60845947265625,509.1838684082031,217.66693115234375
2024-10-18,233.25148010253906,413.3252868652344,286.8354797363281,511.7409362792969,218.5883331298828
2024-10-21,234.720458984375,413.9381408691406,283.11456298828125,510.4227294921875,216.2896728515625
2024-10-22,234.10507202148438,422.56719970703125,281.08135986328125,508.450439453125,217.37594604492188
2024-10-23,229.0430145263672,419.6908264160156,280.0648193359375,509.1541442871094,216.68731689453125
2024-10-24,228.85446166992188,419.8193359375,279.5318298339844,506.0718078613281,218.21005249023438
2024-10-25,229.6881866455078,423.19976806640625,278.0612487792969,502.84088134765625,215.6204071044922
2024-10-28,231.6633758544922,421.65777587890625,280.48919677734375,503.68328857421875,218.71441650390625
2024-10-29,231.93138122558594,426.9558410644531,278.20928955078125,501.7705078125,216.1926727294922
2024-10-30,228.38795471191406,427.52911376953125,286.3814697265625,509.114501953125,217.6572265625
2024-10-31,224.2291259765625,401.65185546875,286.0755310058594,495.14007568359375,215.24215698242188
2024-11-01,221.25144958496094,405.6253356933594,286.953857421875,503.554443359375,216.2314453125
2024-11-04,220.35813903808594,403.7373962402344,288.0494384765625,501.0766906738281,213.16653442382812
2024-11-05,221.7874298095703,406.7027282714844,289.4707336425781,501.056884765625,214.82508850097656
2024-11-06,221.06283569335938,415.3218994140625,303.3969421386719,516.4882202148438,239.6256561279297
2024-11-07,225.7874298095703,420.51123046875,301.8177795410156,513.2672119140625,229.26702880859375
2024-11-08,225.5191650390625,417.6546325683594,303.8608093261719,520.0859375,229.84898376464844
2024-11-11,222.80645751953125,413.17706298828125,306.87109375,525.3981323242188,232.08946228027344
2024-11-12,222.80645751953125,418.13897705078125,306.3964538574219,524.4566650390625,232.35133361816406
2024-11-13,223.69082641601562,420.2839050292969,306.0306091308594,517.2315063476562,233.9031982421875
2024-11-14,226.77114868164062,421.9543762207031,304.8143005371094,515.7647094726562,234.59181213378906
2024-11-15,223.5715789794922,410.2018737792969,306.1888122558594,517.241455078125,237.92831420898438
2024-11-18,226.57241821289062,410.95306396484375,308.6806945800781,516.9837646484375,237.65673828125
2024-11-19,226.8307647705078,412.9595947265625,308.3741760253906,514.8331298828125,235.7751007080078
2024-11-20,227.5461883544922,410.6861572265625,303.9638671875,507.9747009277344,233.5346221923828
2024-11-21,227.06924438476562,408.913330078125,306.4459228515625,510.5118408203125,237.39483642578125
2024-11-22,228.41067504882812,413.00372314453125,306.4656982421875,516.2205810546875,241.07080078125
2024-11-25,231.39161682128906,414.7765808105469,309.69927978515625,521.9094848632812,242.75843811035156
2024-11-26,233.56773376464844,423.888427734375,308.34454345703125,523.772705078125,242.44810485839844
2024-11-27,233.43853759765625,418.9363098144531,311.1923828125,527.6380615234375,242.2734832763672
2024-11-29,235.8233184814453,419.4018249511719,311.5681457519531,528.1929931640625,242.2056121826172
2024-12-02,238.06893920898438,426.8497619628906,313.1206359863281,526.6270751953125,238.8400115966797
2024-12-03,241.10952758789062,427.067626953125,309.521240234375,521.4932250976562,237.45306396484375
2024-12-04,241.46725463867188,433.2280578613281,306.4459228515625,516.4981079101562,236.07579040527344
2024-12-05,241.49705505371094,438.3782043457031,305.6350402832031,520.0957641601562,238.09320068359375
2024-12-06,241.29830932617188,439.3191223144531,307.54351806640625,523.8619995117188,239.91664123535156
2024-12-09,245.1835174560547,441.74560546875,304.86370849609375,518.1630859375,236.47344970703125
2024-12-10,246.19703674316406,439.0813903808594,308.89825439453125,524.2979736328125,235.55203247070312
2024-12-11,244.9251708984375,444.6871643066406,310.29254150390625,529.6895751953125,236.20187377929688
2024-12-12,246.3858184814453,445.251708984375,310.7276611328125,527.667724609375,234.26205444335938
2024-12-13,246.5547637939453,442.983642578125,311.23193359375,524.2881469726562,232.7198944091797
2024-12-16,249.44627380371094,447.26226806640625,312.3691101074219,525.58642578125,232.3707275390625
2024-12-17,251.8707733154297,450.104736328125,314.7522888183594,526.2801513671875,231.18743896484375
2024-12-18,246.47525024414062,433.1983337402344,306.3272705078125,515.3286743164062,223.4378662109375
2024-12-19,248.20419311523438,432.8417663574219,311.3703918457031,518.6190185546875,225.94993591308594
2024-12-20,252.87435913085938,432.4159240722656,314.1688537597656,523.3267822265625,230.4503173828125
2024-12-23,253.64942932128906,431.078857421875,313.6842956542969,524.24853515625,231.21653747558594
2024-12-24,256.560791015625,435.1197509765625,317.0760803222656,530.9383544921875,235.01858520507812
2024-12-26,257.3756103515625,433.91143798828125,317.3331604003906,531.3744506835938,235.82362365722656
2024-12-27,253.96739196777344,426.404052734375,315.1082763671875,527.4596557617188,233.91290283203125
2024-12-30,250.59889221191406,420.75872802734375,311.79559326171875,520.8688354492188,232.1185760498047
2024-12-31,248.83021545410156,417.4606018066406,312.5174560546875,521.8797607421875,232.496826171875
2025-01-02,242.3019256591797,414.568603515625,310.895751953125,517.7469482421875,232.7781219482422
2025-01-03,241.81504821777344,419.2928771972656,311.4000549316406,516.7161865234375,235.9593963623047
2025-01-06,243.4446258544922,423.749755859375,309.5509338378906,507.3701171875,234.80899047851562
2025-01-07,240.67233276367188,418.322265625,308.1961975097656,506.84490966796875,237.07081604003906
2025-01-08,241.1592254638672,420.49127197265625,309.1158447265625,511.8004150390625,237.03179931640625
2025-01-10,235.34637451171875,414.93505859375,304.2803039550781,500.91204833984375,233.85357666015625
2025-01-13,232.9119110107422,413.19195556640625,303.4991455078125,501.1502685546875,238.08473205566406
2025-01-14,231.7990264892578,411.6865234375,305.6449279785156,505.2296142578125,241.262939453125
2025-01-15,236.35987854003906,422.2244873046875,312.7547912597656,518.4603271484375,246.0205535888672
2025-01-16,226.81088256835938,420.5110778808594,313.7139892578125,519.2444458007812,247.89239501953125
2025-01-17,228.5199737548828,424.91845703125,316.0575866699219,520.7929077148438,252.6597442626953
2025-01-21,221.22654724121094,424.3935241699219,320.0228576660156,524.1278076171875,256.4327087402344
2025-01-22,222.40902709960938,441.9239196777344,319.95367431640625,523.25439453125,256.2474365234375
2025-01-23,222.2401123046875,442.42901611328125,324.55181884765625,530.241943359375,259.2794494628906
2025-01-24,221.3656768798828,439.8044128417969,326.5196533203125,529.5173950195312,258.1972961425781
2025-01-27,228.40074157714844,430.3954772949219,330.8112487792969,543.5621337890625,259.18194580078125
2025-01-28,236.74740600585938,442.91436767578125,330.751953125,543.2841186523438,260.4396057128906
2025-01-29,237.8404083251953,438.09100341796875,332.1363220214844,544.71337890625,259.89361572265625
2025-01-30,236.08163452148438,411.01300048828125,339.2264099121094,561.7952270507812,261.5022277832031
2025-01-31,234.50173950195312,411.08233642578125,337.9903564453125,551.2940673828125,260.5955505371094
2025-02-03,226.56246948242188,406.9820251464844,341.965576171875,559.7506713867188,260.11785888671875
2025-02-04,231.3220672607422,408.4181213378906,341.3030090332031,554.9465942382812,261.2195129394531
2025-02-05,230.99417114257812,409.329345703125,345.5451965332031,562.0730590820312,263.64703369140625
2025-02-06,231.73941040039062,411.83502197265625,343.6070556640625,562.9367065429688,269.9548034667969
2025-02-07,226.1848907470703,405.8232116699219,344.1410217285156,558.5595092773438,268.8823547363281
2025-02-10,226.45346069335938,408.2695617675781,347.31524658203125,561.2791748046875,264.2417907714844
2025-02-11,231.39735412597656,407.4970397949219,347.39447021484375,560.4949951171875,268.0926818847656
2025-02-12,235.625,405.1200256347656,348.1571960449219,560.3958129882812,268.5411682128906
2025-02-13,240.260498046875,406.6056213378906,352.2579040527344,562.0930786132812,269.38934326171875
2025-02-14,243.3144073486328,404.515869140625,350.4551696777344,560.5545654296875,269.652587890625
2025-02-18,243.18507385253906,405.71429443359375,353.3475341796875,564.3759155273438,272.9283142089844
2025-02-19,243.58294677734375,410.79510498046875,351.86175537109375,564.2667236328125,272.245849609375
2025-02-20,244.53790283203125,412.9684753417969,347.16668701171875,559.0856323242188,260.1081237792969
2025-02-21,244.25938415527344,405.108642578125,345.22528076171875,553.3585205078125,257.6123046875
2025-02-24,245.80125427246094,400.9306335449219,346.54266357421875,554.83740234375,254.7850341796875
2025-02-25,245.74156188964844,394.8769836425781,348.7514953613281,559.830078125,250.94387817382812
2025-02-26,239.09666442871094,396.693115234375,347.30535888671875,557.0905151367188,252.29901123046875
2025-02-27,236.05274963378906,389.5477600097656,352.36688232421875,560.6141357421875,252.55247497558594
2025-02-28,240.56887817382812,393.973876953125,359.27081298828125,572.0184936523438,258.01202392578125
2025-03-03,236.77891540527344,385.5384521484375,358.3892822265625,570.6388549804688,254.0830841064453
2025-03-04,234.68994140625,385.65753173828125,348.89019775390625,550.936767578125,243.9732208251953
2025-03-05,234.50094604492188,397.9732360839844,349.33587646484375,554.1426391601562,245.22109985351562
2025-03-06,234.09312438964844,393.87469482421875,340.8966979980469,545.725830078125,240.3562774658203
2025-03-07,237.81346130371094,390.32183837890625,342.0456848144531,542.698486328125,236.203125
2025-03-10,226.28436279296875,377.2717590332031,338.2420959472656,533.1204223632812,226.39544677734375
2025-03-11,219.6792755126953,377.5595703125,328.99072265625,521.8846435546875,223.39271545410156
2025-03-12,215.83956909179688,380.3581237792969,329.68402099609375,520.7332763671875,222.18380737304688
2025-03-13,208.57791137695312,375.8923034667969,325.4346923828125,515.9591674804688,219.54177856445312
2025-03-14,212.36790466308594,385.6079406738281,328.6539001464844,523.7110595703125,226.6099395751953
2025-03-17,212.87522888183594,385.74688720703125,331.3778381347656,528.028564453125,228.06256103515625
2025-03-18,211.57211303710938,380.6062316894531,331.59576416015625,526.241943359375,229.07647705078125
2025-03-19,214.10870361328125,384.8735656738281,336.64739990234375,532.0980834960938,233.11264038085938
2025-03-20,212.97470092773438,383.9010314941406,336.2808532714844,532.3858642578125,233.01513671875
2025-03-21,217.12278747558594,388.2873840332031,332.477294921875,531.7010498046875,235.56942749023438
2025-03-24,219.56983947753906,390.09356689453125,340.6094665527344,539.6216430664062,241.83816528320312
2025-03-25,222.573974609375,392.1578063964844,341.35235595703125,541.1005249023438,244.83114624023438
2025-03-26,220.36563110351562,387.0072326660156,340.91650390625,544.9814453125,244.73367309570312
2025-03-27,222.6734619140625,387.6125793457031,346.54266357421875,553.4180908203125,241.89663696289062
2025-03-28,216.75469970703125,375.92205810546875,339.59912109375,536.5844116210938,236.7588348388672
2025-03-31,220.9624786376953,372.5379943847656,347.1369323730469,544.0383911132812,239.1473846435547
2025-04-01,222.0169219970703,379.2863464355469,343.06591796875,544.4255981445312,237.5485076904297
2025-04-02,222.71324157714844,379.2367248535156,343.0461120605469,543.3040161132812,239.65432739257812
2025-04-03,202.12203979492188,370.2752990722656,336.17193603515625,526.5992431640625,222.95399475097656
2025-04-04,187.38987731933594,357.10614013671875,310.1609802246094,486.1229553222656,206.26849365234375
2025-04-07,180.50625610351562,355.14117431640625,309.3586120605469,481.90460205078125,210.34913635253906
2025-04-08,171.51377868652344,351.8662109375,305.34698486328125,476.3463134765625,212.73277282714844
2025-04-09,197.8048553466797,387.5232849121094,329.27789306640625,512.4033203125,229.86949157714844
2025-04-10,189.41915893554688,378.45269775390625,321.53204345703125,496.4078063964844,222.77743530273438
2025-04-11,197.10853576660156,385.498779296875,330.23870849609375,506.7566833496094,231.6940155029297
2025-04-14,201.45556640625,384.8636474609375,332.0018615722656,509.4507751464844,230.24224853515625
2025-04-15,201.07754516601562,382.7994384765625,332.6258850097656,514.3418579101562,228.6825714111328
2025-04-16,193.24891662597656,368.78668212890625,328.1883544921875,510.4150390625,225.22972106933594
2025-04-17,195.94467163085938,364.98577880859375,326.484619140625,514.292236328125,227.53489685058594
2025-04-21,192.1447296142578,356.3916320800781,317.0648498535156,506.3292236328125,224.62156677246094
2025-04-22,198.690185546875,364.0331115722656,328.2576904296875,524.2334594726562,231.09564208984375
2025-04-23,203.5246124267578,371.5456237792969,331.19952392578125,526.8977661132812,236.28472900390625
2025-04-24,207.2748260498047,384.3574523925781,332.5268249511719,532.3157348632812,239.97299194335938
2025-04-25,208.18002319335938,388.8729553222656,331.991943359375,530.3472900390625,238.90380859375
2025-04-28,209.03550720214844,388.18817138671875,334.30975341796875,531.3513793945312,238.58009338378906
2025-04-29,210.09988403320312,391.0462951660156,338.28173828125,536.5108642578125,239.95338439941406
2025-04-30,211.3831024169922,392.2570495605469,342.2239685058594,544.841796875,239.95338439941406
2025-05-01,212.19879150390625,422.16802978515625,339.20294189453125,543.420166015625,242.18008422851562
2025-05-02,204.27069091796875,431.97296142578125,344.3041076660156,556.105224609375,247.69285583496094
2025-05-05,197.84463500976562,432.8562316894531,345.334228515625,557.8250122070312,247.74191284179688
2025-05-06,197.4666290283203,430.0179443359375,344.40313720703125,555.70751953125,244.49505615234375
2025-05-07,195.21852111816406,430.0576477050781,346.53271484375,563.00439453125,244.6323699951172
2025-05-08,196.45199584960938,434.8410949707031,347.9393005371094,563.789794921875,248.63455200195312
2025-05-09,197.4865264892578,435.3967590332031,349.1972351074219,565.3009033203125,248.2519989013672
2025-05-12,209.95704650878906,445.8467712402344,352.4758605957031,574.8743286132812,255.08901977539062
2025-05-13,212.08859252929688,445.7276916503906,353.3489990234375,573.2041625976562,257.9925537109375
2025-05-14,211.49098205566406,449.4988098144531,353.66644287109375,569.9136962890625,260.5724182128906
2025-05-15,210.6144561767578,450.512939453125,359.4606628417969,578.78125,262.3870544433594
2025-05-16,210.42520141601562,451.6463623046875,362.258544921875,579.8549194335938,262.45574951171875
2025-05-19,207.9550018310547,456.2197570800781,365.0168151855469,582.9664916992188,259.8268737792969
2025-05-20,206.04258728027344,455.5238342285156,363.96514892578125,577.6976928710938,260.61163330078125
2025-05-21,201.29144287109375,449.9561462402344,355.4920349121094,566.1954956054688,256.0601501464844
2025-05-22,200.56431579589844,452.2329406738281,355.1646423339844,566.7921142578125,255.69720458984375
2025-05-23,194.49838256835938,447.5799865722656,350.76934814453125,560.2705688476562,255.7364044189453
2025-05-27,199.4188690185547,458.02923583984375,356.48419189453125,571.1761474609375,260.22906494140625
2025-05-28,199.62803649902344,454.718505859375,356.9108581542969,572.5381469726562,258.46337890625
2025-05-29,199.15989685058594,456.0308837890625,359.5599365234375,574.3872680664062,259.3266296386719
2025-05-30,200.0563507080078,457.7011413574219,362.3280334472656,582.1612548828125,258.96368408203125
2025-06-02,200.90298461914062,459.3018798828125,362.45703125,577.8070068359375,259.6110534667969
2025-06-03,202.46678161621094,460.2961120605469,362.9927978515625,578.552490234375,261.19036865234375
2025-06-04,202.01853942871094,461.1908874511719,365.11602783203125,580.6998901367188,259.1794738769531
2025-06-05,199.8372039794922,464.9788818359375,363.8956604003906,582.002197265625,256.9527893066406
2025-06-06,203.11419677734375,467.6632995605469,367.318603515625,586.6547241210938,260.6606750488281
2025-06-09,200.65396118164062,470.0196228027344,363.7865295410156,580.8988037109375,261.6513977050781
2025-06-10,201.869140625,468.2001953125,367.7948913574219,586.078125,263.4759216308594
2025-06-11,197.9945068359375,469.8903503417969,370.3843994140625,587.2710571289062,263.03448486328125
2025-06-12,198.41285705566406,476.104248046875,368.4893798828125,585.8197021484375,263.1227722167969
2025-06-13,195.67372131347656,472.2168273925781,350.08477783203125,558.729736328125,259.8955383300781
2025-06-16,197.6359405517578,476.3727111816406,352.69415283203125,565.3306884765625,265.20233154296875
2025-06-17,194.86691284179688,475.279052734375,355.03564453125,566.1061401367188,264.37835693359375
2025-06-18,195.80320739746094,477.4663391113281,337.71246337890625,535.5665283203125,268.733642578125
2025-06-20,200.20574951171875,474.64276123046875,335.9166564941406,529.84033203125,269.7538146972656
2025-06-23,200.70376586914062,483.19305419921875,341.05609130859375,539.1652221679688,272.9614562988281
2025-06-24,199.50851440429688,487.2793273925781,348.87432861328125,554.2561645507812,275.8943786621094
2025-06-25,200.76351928710938,489.4268493652344,342.5542297363281,546.4720458984375,278.6409912109375
2025-06-26,200.20574951171875,494.57696533203125,343.3182067871094,542.6049194335938,283.24151611328125
2025-06-27,200.2854461669922,493.07568359375,345.8779602050781,547.0884399414062,281.6327819824219
2025-06-30,204.35926818847656,494.5372009277344,352.26751708984375,558.6401977539062,284.37939453125
2025-07-01,206.99879455566406,489.2081298828125,352.6842346191406,561.29443359375,284.8698425292969
2025-07-02,211.6005401611328,488.2536926269531,351.4440002441406,558.2227172851562,286.42950439453125
2025-07-03,212.70614624023438,495.9589538574219,356.0476379394531,565.8973999023438,291.75201416015625
2025-07-07,209.120361328125,494.84539794921875,353.84503173828125,561.801513671875,287.77984619140625
2025-07-08,209.18014526367188,493.7517395019531,351.77142333984375,559.1372680664062,278.72174072265625
2025-07-09,210.30567932128906,500.6019592285156,354.9562683105469,562.5516967773438,279.0963134765625
2025-07-10,211.57066345214844,498.58367919921875,353.09100341796875,560.9689331054688,284.0540771484375
2025-07-11,210.32559204101562,500.4130554199219,345.2032775878906,547.6892700195312,282.7431640625
2025-07-14,207.79562377929688,500.1147766113281,347.753173828125,550.5165405273438,284.5567932128906
2025-07-15,208.28370666503906,502.89862060546875,344.3004150390625,547.8684692382812,282.4376525878906
2025-07-16,209.3295440673828,502.6997375488281,347.1578674316406,553.0051879882812,281.7181396484375
2025-07-17,209.19009399414062,508.7446594238281,347.0685729980469,553.0947265625,285.73956298828125
2025-07-18,210.3455047607422,507.10418701171875,346.31451416015625,550.1580810546875,287.08990478515625
2025-07-21,211.640380859375,507.1141052246094,348.1897277832031,552.1390991210938,286.794189453125
2025-07-22,213.5527801513672,502.3517761230469,349.10247802734375,556.23046875,287.24761962890625
2025-07-23,213.3037872314453,502.9483337402344,352.5056457519531,559.5454711914062,292.5011291503906
2025-07-24,212.91531372070312,507.92938232421875,351.1959533691406,560.9490356445312,292.29412841796875
2025-07-25,213.03485107421875,510.74310302734375,354.2419128417969,565.6476440429688,294.3344421386719
2025-07-28,213.20419311523438,509.5400390625,352.6842346191406,565.7074584960938,293.9992980957031
2025-07-29,210.43516540527344,509.6096496582031,348.5369873046875,560.7698364257812,292.777099609375
2025-07-30,208.2239227294922,510.2757568359375,348.1599426269531,556.578857421875,295.3299255371094
2025-07-31,206.74978637695312,530.4187622070312,342.7625732421875,563.9055786132812,291.9885559082031
2025-08-01,201.58029174804688,521.0830078125,336.6905822753906,557.3554077148438,285.2171630859375
2025-08-04,202.5464630126953,532.54638671875,339.4685974121094,567.23046875,290.0369873046875
2025-08-05,202.11814880371094,524.701904296875,334.78558349609375,563.4775390625,287.1884460449219
2025-08-06,212.40733337402344,521.908203125,337.0774841308594,566.5535278320312,287.1687316894531
2025-08-07,219.16053771972656,517.8319091796875,329.4874267578125,558.6793212890625,282.8220520019531
2025-08-08,228.44371032714844,519.0249633789062,334.1406555175781,571.7200317382812,284.615966796875
2025-08-11,226.53909301757812,518.7565307617188,333.267578125,570.9933471679688,285.4044494628906
2025-08-12,229.0021209716797,526.183349609375,334.6888732910156,571.5806884765625,288.6472473144531
2025-08-13,232.6717529296875,517.5734252929688,340.4634704589844,575.2838134765625,286.36053466796875
2025-08-14,232.123291015625,519.4623413085938,343.38555908203125,581.1173095703125,289.9384460449219
2025-08-15,230.9366455078125,517.1657104492188,342.3717956542969,579.066650390625,286.3210754394531
2025-08-18,230.23863220214844,514.1134033203125,340.6523132324219,581.4956665039062,287.3461608886719
2025-08-19,229.90956115722656,506.8258056640625,340.3641052246094,582.859375,286.4886779785156
2025-08-20,225.3723907470703,502.7991943359375,341.8350830078125,589.9968872070312,288.04595947265625
2025-08-21,224.26553344726562,502.15185546875,341.5965270996094,589.2404174804688,287.2870178222656
2025-08-22,227.11746215820312,505.1295166015625,347.9078674316406,596.24853515625,291.9885559082031
2025-08-25,226.51914978027344,502.17181396484375,346.6953125,590.5245361328125,290.6678161621094
2025-08-26,228.6630859375,499.96099853515625,349.0408935546875,588.9317016601562,294.2851257324219
2025-08-27,229.8397674560547,504.6415100097656,348.2159729003906,587.986083984375,294.9849548339844
2025-08-28,231.9039306640625,507.5295104980469,347.72894287109375,587.806884765625,296.749267578125
2025-08-29,231.485107421875,504.59173583984375,349.63726806640625,592.5950927734375,297.0942687988281
2025-09-02,229.0719451904297,503.0282287597656,347.93768310546875,589.1906127929688,295.39892578125
2025-09-03,237.79725646972656,503.2572937011719,348.7327880859375,590.5941772460938,295.211669921875
2025-09-04,239.10354614257812,505.866455078125,348.8520812988281,592.9435424804688,299.4598083496094
2025-09-05,239.0137939453125,492.9501647949219,341.1294250488281,581.5751953125,290.1552734375
2025-09-08,237.2089080810547,496.13690185546875,340.2149963378906,583.9444580078125,288.70635986328125
2025-09-09,233.68887329101562,496.3460388183594,341.89471435546875,581.356201171875,293.57550048828125
2025-09-10,226.1501922607422,498.29791259765625,336.06048583984375,576.7571411132812,296.22686767578125
2025-09-11,229.3810577392578,498.9352722167969,341.3977355957031,586.0648193359375,301.1748352050781
2025-09-12,233.40966796875,507.7884521484375,337.36248779296875,577.7824096679688,302.5054626464844
2025-09-15,236.0322265625,513.225830078125,336.98480224609375,580.3209838867188,304.46685791015625
2025-09-16,237.4781494140625,506.9320068359375,337.9588623046875,583.7652587890625,304.7527160644531
2025-09-17,238.3157958984375,507.9079284667969,344.0912780761719,595.9199829101562,307.2760009765625
2025-09-18,237.2089080810547,506.3444519042969,336.1200866699219,583.3969116210938,308.7347717285156
2025-09-19,244.8074188232422,515.78515625,339.5292053222656,581.5154418945312,310.26251220703125
2025-09-22,255.35755920410156,512.319580078125,342.2624206542969,581.843994140625,307.9560852050781
2025-09-23,253.71221923828125,507.1212463378906,336.6369323730469,567.3897094726562,308.25177001953125
2025-09-24,251.59820556640625,508.0373840332031,336.6170654296875,566.2349243164062,308.92205810546875
2025-09-25,256.14532470703125,504.9303283691406,332.8899230957031,564.7318725585938,308.9516296386719
2025-09-26,254.73931884765625,509.34197998046875,335.3150329589844,562.5716552734375,311.52410888671875
2025-09-29,253.71221923828125,512.4689331054688,338.0880432128906,565.5680541992188,311.1594543457031
2025-09-30,253.9116668701172,515.8051147460938,339.3006286621094,566.2349243164062,310.9031677246094
2025-10-01,254.72933959960938,517.557861328125,345.7113037109375,571.1725463867188,306.25091552734375
2025-10-02,256.40460205078125,513.604248046875,343.8428039550781,574.7163696289062,303.1362609863281
2025-10-03,257.2920837402344,515.20751953125,347.7091064453125,577.822265625,305.5806884765625
2025-10-06,255.96583557128906,526.3811645507812,347.1524963378906,576.1897583007812,306.2244567871094
2025-10-07,255.75645446777344,521.8101196289062,350.27337646484375,577.2150268554688,304.7486877441406
2025-10-08,257.3320007324219,522.676513671875,349.2198181152344,573.8304443359375,301.1236877441406
2025-10-09,253.32330322265625,520.2366943359375,344.9261474609375,562.7362060546875,302.6093444824219
2025-10-10,244.57806396484375,508.84405517578125,341.5567932128906,555.6889038085938,298.01373291015625
2025-10-13,246.96133422851562,511.9212341308594,341.20892333984375,557.4432983398438,305.0260314941406
2025-10-14,247.07101440429688,511.4432373046875,346.25799560546875,566.0953369140625,299.19232177734375
2025-10-15,248.63658142089844,511.3038024902344,343.5843505859375,561.0018310546875,302.767822265625
2025-10-16,246.75192260742188,509.4913330078125,333.3570251464844,548.1133422851562,295.6861572265625
2025-10-17,251.5782470703125,511.4532470703125,339.8075256347656,559.1676635742188,294.7155456542969
2025-10-20,261.50018310546875,514.6498413085938,342.3121643066406,564.5404052734375,299.4696350097656
2025-10-21,262.0286560058594,515.5162963867188,345.0950622558594,570.1921997070312,294.2500305175781
2025-10-22,257.72088623046875,518.3843994140625,343.2563781738281,569.5243530273438,291.2984924316406
2025-10-23,258.84765625,518.404296875,343.85272216796875,571.9266357421875,291.72442626953125
2025-10-24,262.0785827636719,521.441650390625,345.2640686035156,571.826904296875,297.5680236816406
2025-10-27,268.0516662597656,529.3189697265625,345.7013854980469,570.5211181640625,301.2425231933594
2025-10-28,268.2411193847656,539.8252563476562,344.7869567871094,564.1117553710938,302.4409484863281
2025-10-29,268.93914794921875,539.307373046875,339.20123291015625,552.7982788085938,302.58953857421875
2025-10-30,270.63433837890625,523.582763671875,342.9283752441406,551.901123046875,306.48199462890625
2025-10-31,269.6072692871094,515.6656494140625,338.6645202636719,550.216552734375,308.1459045410156
2025-11-03,268.29095458984375,514.888916015625,334.8478698730469,542.322021484375,306.3928527832031
2025-11-04,269.2781982421875,512.2001342773438,338.2271728515625,550.97412109375,306.2937927246094
2025-11-05,269.3779296875,505.0597839355469,337.9687805175781,551.5322875976562,308.7005615234375
2025-11-06,269.0089416503906,495.04144287109375,334.90753173828125,551.50244140625,310.4239501953125
2025-11-07,267.7126159667969,494.7626037597656,333.9732360839844,550.1965942382812,311.20635986328125
2025-11-10,268.93035888671875,503.9045715332031,332.8103942871094,551.1834716796875,313.8607482910156
2025-11-11,274.73956298828125,506.573486328125,336.8555908203125,556.55615234375,312.6028747558594
2025-11-12,272.9628601074219,509.0233154296875,337.4830017089844,559.4268798828125,317.34710693359375
2025-11-13,272.44384765625,501.205810546875,334.69451904296875,553.7850952148438,306.5216064453125
2025-11-14,271.9048156738281,508.0672607421875,328.6595153808594,543.9766845703125,300.7076721191406
2025-11-17,266.9639892578125,505.3883972167969,324.4071350097656,535.1251831054688,297.4986572265625
2025-11-18,266.9440612792969,491.74517822265625,319.85595703125,525.885009765625,296.5478515625
2025-11-19,268.06195068359375,485.1027526855469,322.7838439941406,528.656005859375,300.3709411621094
2025-11-20,265.7562561035156,477.3404846191406,322.4352722167969,526.1840209960938,295.5277099609375
2025-11-21,270.98651123046875,471.04486083984375,326.6279602050781,538.6638793945312,295.171142578125
2025-11-24,275.4083251953125,472.92059326171875,327.9424743652344,536.1219482421875,295.1513366699219
2025-11-25,276.4563903808594,475.90374755859375,333.15093994140625,544.7142333984375,300.103515625
2025-11-26,277.0352783203125,484.3943786621094,332.41400146484375,543.17919921875,304.6991882324219
2025-11-28,278.3328857421875,490.88958740234375,333.0613098144531,548.7612915039062,310.087158203125
2025-12-01,282.57501220703125,485.6315612792969,329.02801513671875,542.2222900390625,305.9669494628906
2025-12-02,285.6592712402344,488.8841552734375,328.26116943359375,544.1560668945312,304.9368896484375
2025-12-03,283.623046875,476.64208984375,328.2511901855469,551.950927734375,309.1462707519531
2025-12-04,280.179443359375,479.7449951171875,325.7515869140625,540.5676879882812,313.0783386230469
2025-12-05,278.26300048828125,482.0597229003906,329.8744812011719,543.7673950195312,312.0284729003906
2025-12-08,277.3746643066406,489.9018249511719,325.49261474609375,538.7036743164062,312.1968078613281
2025-12-09,276.66595458984375,490.8995361328125,325.1540222167969,535.822998046875,297.6373596191406
2025-12-10,278.26300048828125,477.4701843261719,324.38720703125,537.1287231445312,307.1455383300781
2025-12-11,277.514404296875,482.3690185546875,344.2051696777344,561.5599975585938,314.3460693359375
2025-12-12,277.7639465332031,477.4402770996094,346.3960876464844,570.092529296875,315.4751892089844
2025-12-15,273.6016540527344,473.73870849609375,345.4599914550781,567.301513671875,316.9608154296875
2025-12-16,274.1007385253906,475.3051452636719,343.68731689453125,564.2014770507812,312.5335693359375
2025-12-17,271.33587646484375,475.0357360839844,342.9902038574219,563.6532592773438,311.9690246582031
2025-12-18,271.68524169921875,482.87786865234375,344.5836181640625,564.390869140625,310.0079345703125
2025-12-19,273.1625061035156,484.8134460449219,347.81024169921875,570.3914794921875,314.17767333984375
2025-12-22,270.4674987792969,483.81573486328125,350.6385192871094,573.8504028320312,320.0014953613281
2025-12-23,271.85491943359375,485.7413330078125,351.9232177734375,574.498291015625,322.8143310546875
2025-12-24,273.3022155761719,486.90863037109375,353.6759948730469,577.58837890625,326.02337646484375
2025-12-26,272.8929748535156,486.599365234375,353.5365295410156,577.73779296875,324.7754211425781
2025-12-29,273.2523498535156,485.9907531738281,353.1481628417969,576.0433349609375,320.6551818847656
2025-12-30,272.5735778808594,486.3699035644531,352.1622314453125,575.5648803710938,320.328369140625
2025-12-31,271.3558349609375,482.5186767578125,349.26422119140625,569.0458984375,319.1398010253906
2026-01-02,270.5074157714844,471.8630065917969,345.05169677734375,561.32080078125,322.36865234375
2026-01-05,266.7643737792969,471.773193359375,352.34149169921875,566.7432861328125,330.8468322753906
2026-01-06,261.8734436035156,477.4203186035156,356.08599853515625,578.4755249023438,332.90625
2026-01-07,259.8471984863281,482.3690185546875,354.4129333496094,578.0567626953125,325.3250732421875
2026-01-08,258.55963134765625,477.0212097167969,350.7779846191406,578.2063598632812,328.11083984375
2026-01-09,258.8890075683594,478.1885681152344,348.3280944824219,574.5526123046875,327.5138854980469
2026-01-12,259.76739501953125,476.09332275390625,341.7851867675781,565.3085327148438,322.8377990722656
2026-01-13,260.5658874511719,469.5981750488281,326.5283508300781,544.0550537109375,309.3169860839844
2026-01-14,259.4779052734375,458.3338928222656,327.8130187988281,545.8818969726562,306.30242919921875
2026-01-15,257.73114013671875,455.6200866699219,326.39886474609375,541.7191162109375,307.68536376953125
2026-01-16,255.05613708496094,458.8127746582031,326.94659423828125,538.564453125,310.8789978027344
2026-01-20,246.2425079345703,453.48492431640625,324.4768371582031,530.8277587890625,301.19854736328125
2026-01-21,247.1907501220703,443.0986328125,323.9390563964844,526.6649169921875,300.50213623046875
2026-01-22,247.8894500732422,450.1126403808594,325.0146179199219,531.9458618164062,302.0840148925781
2026-01-23,247.58001708984375,464.888916015625,324.8353576660156,523.8397827148438,296.2041015625
2026-01-26,254.9363555908203,469.20904541015625,327.13580322265625,526.4552612304688,299.5072021484375
2026-01-27,257.791015625,479.485595703125,323.9191589355469,519.5172119140625,298.7809143066406
2026-01-28,255.96446228027344,480.533203125,325.632080078125,520.4755859375,299.2385559082031
2026-01-29,257.801025390625,432.5128173828125,330.4321594238281,542.7971801757812,304.8598327636719
2026-01-30,258.9988098144531,429.31011962890625,320.5032653808594,537.8656616210938,304.33251953125
2026-02-02,269.5093078613281,422.4058837890625,332.4637756347656,554.417236328125,306.5710754394531
2026-02-03,268.98028564453125,410.2735595703125,327.57403564453125,549.7752075195312,313.24688720703125
2026-02-04,275.97723388671875,413.2467956542969,328.5898132324219,552.5704345703125,315.654541015625
2026-02-05,275.3983459472656,392.7735290527344,327.773193359375,550.9432373046875,308.5807800292969
2026-02-06,277.6042175292969,400.22650146484375,330.21307373046875,547.798583984375,320.7584533691406
2026-02-09,274.3672180175781,412.65814208984375,324.2378234863281,534.41162109375,320.4599914550781
2026-02-10,273.4280700683594,412.328857421875,327.4910888671875,539.4629516601562,316.659423828125
2026-02-11,275.24639892578125,403.4491271972656,328.558837890625,536.5379638671875,309.2374267578125
2026-02-12,261.4891052246094,400.9248962402344,323.50933837890625,526.5551147460938,301.09906005859375
2026-02-13,255.5445556640625,400.4060974121094,313.4302062988281,517.470703125,301.0094909667969
2026-02-17,263.6371154785156,395.95623779296875,318.8390197753906,521.0346069335938,305.5661926269531
2026-02-18,264.106689453125,398.69000244140625,319.6373596191406,527.07421875,307.2077941894531
2026-02-19,260.3401184082031,398.4599914550781,318.2701721191406,519.3674926757812,306.48150634765625
2026-02-20,264.3364562988281,397.2300109863281,320.2860107421875,525.5068969726562,309.20758056640625
2026-02-23,265.9349670410156,384.4700012207031,305.8858642578125,495.1790466308594,296.1543884277344
2026-02-24,271.8895263671875,389.0,306.58441162109375,497.1456604003906,295.7862243652344
2026-02-25,273.97760009765625,400.6000061035156,312.34246826171875,508.5161437988281,301.75567626953125
2026-02-26,272.6987609863281,401.7200012207031,316.0448303222656,513.8869018554688,304.5712890625
2026-02-27,263.93682861328125,392.739990234375,319.4776916503906,516.32275390625,298.7709655761719
2026-03-02,264.476318359375,398.54998779296875,319.846923828125,520.106201171875,296.044921875
2026-03-03,263.5072326660156,403.92999267578125,320.166259765625,523.4205322265625,298.7311706542969
2026-03-04,262.2783508300781,405.20001220703125,319.8070068359375,522.0228881835938,297.8656311035156
2026-03-05,260.0504150390625,410.67999267578125,319.13836669921875,523.7598876953125,292.0553283691406
2026-03-06,257.2229919433594,408.9599914550781,316.70343017578125,521.4439086914062,288.0060729980469
2026-03-09,259.6407775878906,409.4100036621094,315.3163146972656,516.831787109375,288.44384765625
2026-03-10,260.58990478515625,405.760009765625,313.77947998046875,513.8369750976562,287.2598876953125
2026-03-11,260.5699157714844,404.8800048828125,308.32080078125,503.1353759765625,286.0560302734375
2026-03-12,255.52456665039062,401.8599853515625,305.86590576171875,496.45684814453125,281.44964599609375
2026-03-13,249.8897705078125,395.54998779296875,306.5046081542969,497.13568115234375,281.996826171875
2026-03-16,252.58729553222656,399.95001220703125,309.4684143066406,507.6276550292969,284.7029724121094
2026-03-17,253.99598693847656,399.4100036621094,307.82183837890625,505.7109375,285.42926025390625
2026-03-18,249.70994567871094,391.7900085449219,298.4013671875,487.63201904296875,286.27490234375
2026-03-19,248.73085021972656,389.0199890136719,299.0899353027344,490.2974548339844,286.5037536621094
2026-03-20,247.76173400878906,381.8699951171875,300.9960021972656,495.4685363769531,285.1009216308594
2026-03-23,251.25851440429688,383.0,303.8101806640625,499.5215759277344,288.4338684082031
2026-03-24,251.4083709716797,372.739990234375,303.131591796875,498.0740661621094,290.91119384765625
2026-03-25,252.38746643066406,371.0400085449219,304.2792053222656,501.8974914550781,293.91583251953125
2026-03-26,252.6572265625,365.9700012207031,304.8979187011719,499.89093017578125,290.1749572753906
2026-03-27,248.57098388671875,356.7699890136719,294.9085998535156,483.4092712402344,281.3998718261719
2026-03-30,246.40298461914062,358.9599914550781,298.9203186035156,493.15252685546875,282.32513427734375
2026-03-31,253.55638122558594,370.1700134277344,301.6147155761719,498.8028259277344,292.6622314453125
2026-04-01,255.3946990966797,369.3699951171875,297.8924560546875,490.8065490722656,293.87603759765625
2026-04-02,255.68443298339844,373.4599914550781,300.17767333984375,492.5934753417969,293.1000061035156
2026-04-06,258.6217041015625,372.8800048828125,302.70245361328125,500.6396484375,295.45001220703125
2026-04-07,253.26666259765625,372.2900085449219,301.924072265625,497.4251708984375,297.3999938964844
2026-04-08,258.66168212890625,374.3299865722656,308.32080078125,506.25,307.9700012207031
2026-04-09,260.2502136230469,373.07000732421875,307.6522216796875,503.57000732421875,310.3299865722656
2026-04-10,260.240234375,370.8699951171875,303.7303161621094,498.6600036621094,309.8699951171875
2026-04-13,258.96142578125,384.3699951171875,308.74993896484375,508.5799865722656,313.67999267578125
2026-04-14,258.59173583984375,393.1099853515625,310.725830078125,513.1599731445312,311.1199951171875
2026-04-15,266.18475341796875,411.2200012207031,315.2564392089844,519.9600219726562,305.92999267578125
2026-04-16,263.15753173828125,420.260009765625,314.4481201171875,518.5399780273438,309.95001220703125
2026-04-17,269.98126220703125,422.7900085449219,316.3641357421875,521.2999877929688,310.2900085449219
2026-04-20,272.79864501953125,418.07000732421875,313.29052734375,516.6500244140625,316.989990234375
2026-04-21,265.9250183105469,424.1600036621094,309.2987976074219,511.3500061035156,313.0
2026-04-22,272.9185791015625,432.9200134277344,310.64599609375,510.1600036621094,313.0199890136719
2026-04-23,273.1783142089844,415.75,308.2409973144531,502.3800048828125,311.69000244140625
2026-04-24,270.81048583984375,424.6199951171875,308.7798767089844,504.1700134277344,308.2799987792969
2026-04-27,267.3636474609375,424.82000732421875,309.0093994140625,506.42999267578125,311.6300048828125
2026-04-28,270.4608154296875,429.25,308.66009521484375,507.6199951171875,311.45001220703125
2026-04-29,269.92132568359375,424.4599914550781,334.167236328125,525.22998046875,309.25
2026-04-30,271.1002502441406,407.7799987792969,329.1576232910156,502.9200134277344,313.2300109863281
2026-05-01,279.88214111328125,414.44000244140625,327.35137939453125,495.4599914550781,312.4700012207031
2026-05-04,276.5751647949219,413.6199951171875,326.173828125,504.739990234375,307.6499938964844
2026-05-05,283.9184265136719,411.3800048828125,321.36376953125,497.0799865722656,309.3999938964844
2026-05-06,287.245361328125,413.9599914550781,318.14044189453125,491.8900146484375,314.8999938964844
2026-05-07,287.1754150390625,420.7699890136719,320.6153259277344,500.94000244140625,306.2699890136719
2026-05-08,293.0500183105469,415.1199951171875,318.1304931640625,495.4800109863281,302.1000061035156
2026-05-11,292.67999267578125,412.6600036621094,323.1899719238281,497.80999755859375,300.0
2026-05-12,294.79998779296875,407.7699890136719,326.4200134277344,499.80999755859375,304.8800048828125
2026-05-13,298.8699951171875,405.2099914550781,320.30999755859375,490.6400146484375,300.25
2026-05-14,298.2099914550781,409.42999267578125,322.5199890136719,489.94000244140625,299.9100036621094
2026-05-15,300.2300109863281,421.9200134277344,325.75,494.20001220703125,297.80999755859375
