Date,Open,High,Low,Close,Volume
2006-01-03,2.1667262936945058,2.237673282623291,2.1628345990131117,2.237673282623291,807234400
2006-01-04,2.2490475419076934,2.2744926286035207,2.2301881976864473,2.244258165359497,619603600
2006-01-05,2.2400682390145223,2.2421637671698447,2.2077384322329348,2.226597785949707,449422400
2006-01-06,2.2526409944093686,2.296047559861029,2.2316861145251563,2.2840731143951416,704457600
2006-01-09,2.2969445528527284,2.3110145220440246,2.2673086085989596,2.276588201522827,675040800
2006-01-10,2.2825751006617954,2.451411309866868,2.270002338157072,2.4205775260925293,2279869200
2006-01-11,2.5097869227885163,2.5385241965441256,2.472367375644084,2.511583089828491,1493794400
2006-01-12,2.5436124128163953,2.5864198392877875,2.5031998744856563,2.5232560634613037,1280809600
2006-01-13,2.544212410331971,2.5747468521504833,2.5325381232385387,2.562174081802368,776305600
2006-01-17,2.565465973906405,2.5858223312452013,2.5106842850869877,2.535830020904541,835623600
2006-01-18,2.4870342935018495,2.516071709348142,2.4502132922526587,2.469371795654297,1200637200
2006-01-19,2.4322533402379527,2.4445269442790916,2.3571153103207005,2.366095542907715,1695848000
2006-01-20,2.3732818810445417,2.396032135543863,2.270004054974166,2.277787446975708,1134758800
2006-01-23,2.2780856312969666,2.381662774174024,2.2750926197942056,2.325084924697876,1059730000
2006-01-24,2.3577136373346335,2.3774716678520385,2.2682064757113554,2.276289224624634,1142254400
2006-01-25,2.3167027635875677,2.3199953359618783,2.1927694681138563,2.2212085723876953,1275786400
2006-01-26,2.231087525090395,2.2580294246447004,2.1532554374359094,2.165229082107544,1181387200
2006-01-27,2.183788990391468,2.203246861709327,2.128408787495746,2.1562485694885254,953864800
2006-01-30,2.130504647156656,2.2930535476200253,2.1215234133808245,2.245156764984131,1398401200
2006-01-31,2.260124260690971,2.285269985944941,2.2077372831184183,2.260423421859741,913542000
2006-02-01,2.243660357543709,2.2888624862149913,2.234379963304479,2.2577295303344727,521186400
2006-02-02,2.248150852827161,2.255934242641818,2.1568475016432673,2.1583445072174072,707322000
2006-02-03,2.162534915065022,2.1789995748802613,2.1266125841095738,2.150859832763672,692123600
2006-02-06,2.1559492718263376,2.1706175646192163,1.9978896240010138,2.014653444290161,1651767600
2006-02-07,2.0436910645139315,2.0799135541813882,1.9960942530580599,2.023634672164917,1388830800
2006-02-08,2.050276660461037,2.06793916389871,1.975737950305,2.059856414794922,953114400
2006-02-09,2.0685374236719376,2.0724293174074075,1.9317328124988025,1.9443057775497437,1149764000
2006-02-10,1.9511902423644678,2.025729732810827,1.882937932467266,2.014953136444092,1760477600
2006-02-13,1.9945973235696506,1.9981898563902682,1.935025467518717,1.937120795249939,883498000
2006-02-14,1.948796285792943,2.0386026214996766,1.945803074336935,2.024832010269165,1160938800
2006-02-15,2.0104630462427986,2.0841048872240155,1.9981902387482071,2.0721304416656494,1159771200
2006-02-16,2.092786505273476,2.125714837101256,2.07991437385819,2.1125433444976807,948175200
2006-02-17,2.104460623676516,2.1221229323707522,2.0838051030203157,2.104161262512207,575999200
2006-02-21,2.1131414517050287,2.119427835582966,2.055965074704149,2.067939519882202,779606800
2006-02-22,2.065544302702002,2.145471705429419,2.035608197409003,2.1349942684173584,978238800
2006-02-23,2.1490640928963463,2.185285578813885,2.13828649619662,2.1478662490844727,856917600
2006-02-24,2.159541822228529,2.181992905604902,2.131402078570063,2.139185667037964,534744000
2006-02-27,2.1550507430362997,2.158942637076457,2.114937555713855,2.1251156330108643,791240800
2006-02-28,2.1427776856279004,2.167324293107481,2.0386022360031855,2.050276517868042,1266980400
2006-03-01,2.060754560743426,2.0802132350147793,2.036208145889411,2.068537950515747,763817600
2006-03-02,2.065245455116433,2.095180768490081,2.055665899040976,2.0838048458099365,625273600
2006-03-03,2.077517909884903,2.0927857244725288,2.0215393869656966,2.027226448059082,737668400
2006-03-06,2.0263282073347346,2.027225890636691,1.9440061321511486,1.9601706266403198,912665600
2006-03-07,1.9685543789427924,2.002681364423854,1.9481988114628606,1.9850188493728638,872877600
2006-03-08,1.9844193084637973,2.0116605682235504,1.9562803651120642,1.965559959411621,653251200
2006-03-09,1.975139858099212,1.9898081529462697,1.9101798955012594,1.913771629333496,799304800
2006-03-10,1.9173633732699171,1.93053485850383,1.8694666091455343,1.891619324684143,1043142800
2006-03-13,1.947298805740977,1.98411961423046,1.9395162180436814,1.966158151626587,861187600
2006-03-14,1.9688535260681956,2.0152533054351807,1.9607709748308249,2.0152533054351807,642020400
2006-03-15,2.0269273023355754,2.0368062179389916,1.9613688247824135,1.9826228618621826,891996000
2006-03-16,2.0011836287074796,2.0026806343761643,1.9248485298789928,1.9251478910446167,749638400
2006-03-17,1.9383188073723643,1.9619675355138222,1.9191602960049807,1.9356249570846558,812042000
2006-03-20,1.9523887721199367,1.959572839154816,1.9119752225804054,1.9155677556991577,605441200
2006-03-21,1.8503085374832153,1.926045094949824,1.8377357713408766,1.8503085374832153,1345366400
2006-03-22,1.8607866298909443,1.8934166006018232,1.8341438831052124,1.8461183309555054,1345895600
2006-03-23,1.8506079515195728,1.853002840574966,1.7844511397697584,1.800915002822876,1427826400
2006-03-24,1.8036104224953124,1.8242659474443985,1.767088552699741,1.7949291467666626,1071980000
2006-03-27,1.8066017131898693,1.8374354904501502,1.7781636228206537,1.7814559936523438,1108072000
2006-03-28,1.7850498984051848,1.800316718631918,1.7437388560952134,1.757509469985962,1370322800
2006-03-29,1.770082002979706,1.8715628286431822,1.7263762769782385,1.8658747673034668,2346834000
2006-03-30,1.880543299033391,1.894912433782582,1.8419269113667471,1.8784477710723877,1390650800
2006-03-31,1.8934155444175307,1.9041921417902272,1.8631802803019484,1.877549409866333,815357200
2006-04-03,1.9059890597997522,1.9194595106560897,1.8742567815073727,1.8754544258117676,815791200
2006-04-04,1.8589895165953658,1.8625820493488434,1.8275574029688737,1.831149935722351,931924000
2006-04-05,1.9371209150208528,2.0119597911834717,1.920357093091531,2.0119597911834717,2233408800
2006-04-06,2.044588983383067,2.156846356175736,2.0415949738248593,2.132599115371704,2663768800
2006-04-07,2.123319267822516,2.131701177781724,2.0496782445752975,2.089193105697632,1545238800
2006-04-10,2.1041610752672817,2.123319788397042,2.049080224660448,2.055665969848633,903515200
2006-04-11,2.0652442565757805,2.0745238466169598,2.0077677528410183,2.035308361053467,939316000
2006-04-12,2.035909990925008,2.040699371932702,1.984719809333345,1.9969934225082397,739894400
2006-04-13,1.9859161502992688,2.0188444687157068,1.970050013782032,1.9898078441619873,734678000
2006-04-17,1.9910054537606072,2.0008843727456207,1.9263448374699979,1.9401154518127441,721938000
2006-04-18,1.9469991713812345,1.9898073945165813,1.9395159457751703,1.982323169708252,794844400
2006-04-19,2.0002863619277123,2.005674264510565,1.9598727959832813,1.965261697769165,1086033200
2006-04-20,2.0808114837837635,2.095479778282775,1.9817253558782197,2.0245327949523926,1666982800
2006-04-21,2.0412965111982646,2.0547677602559764,1.9898080024129021,2.006870985031128,788986800
2006-04-24,2.001183535569699,2.0032790636315387,1.9607709791346948,1.9682542085647583,707028000
2006-04-25,1.9745409467078472,1.9934001012132114,1.9625672990688119,1.9808273315429688,529062800
2006-04-26,1.995195820247829,2.0439902770502534,1.9877123928236466,2.0400993824005127,710886400
2006-04-27,2.0275264342041726,2.091288339633782,2.0161503145902833,2.0763208866119385,845947200
2006-04-28,2.0769204794061937,2.134396831595806,2.071532577234913,2.1071555614471436,760037600
2006-05-01,2.118530042897077,2.141580448998019,2.070334102577888,2.083505392074585,750380400
2006-05-02,2.0999706379016514,2.1547523381344944,2.0987735927933815,2.1439757347106934,771663200
2006-05-03,2.1502612850268426,2.1538538178407025,2.100868305367316,2.129605770111084,686991200
2006-05-04,2.1320001660546866,2.18199246053071,2.109249926058286,2.1293063163757324,860420400
2006-05-05,2.1511597643037708,2.1628342469258457,2.1299049277403017,2.152057647705078,563911600
2006-05-08,2.184986767050115,2.2092340153765884,2.1469689090158073,2.152057647705078,594851600
2006-05-09,2.1499616924160816,2.1721142081332117,2.114039169252119,2.1263129711151123,531666800
2006-05-10,2.1340964255064816,2.1352940699178156,2.0838049525768065,2.1134417057037354,459888800
2006-05-11,2.119128308861036,2.1206253140906823,2.0221377177308324,2.0400993824005127,812688800
2006-05-12,2.03111799499034,2.056263724082556,2.001482049914742,2.026627779006958,641774000
2006-05-15,2.0167487070455823,2.0469839713965134,2.0092652807770555,2.0293216705322266,529177600
2006-05-16,2.0386021516775488,2.0430923675077923,1.9383183999432902,1.9452033042907715,936740000
2006-05-17,1.9371215546351792,1.9667585131797893,1.9179630374189849,1.953586220741272,754194000
2006-05-18,1.9661590395697797,1.983522187614562,1.8895247767767893,1.8913209438323975,658442400
2006-05-19,1.8937148119096747,1.9422101023305047,1.8805427260420018,1.9311343431472778,985866000
2006-05-22,1.91197497330531,1.9155675059556834,1.8790466547649554,1.8973066806793213,718975600
2006-05-23,1.9416118130287021,1.951489929372307,1.8859316509812782,1.8904218673706055,694414000
2006-05-24,1.8856324621675429,1.9053894939278941,1.8428242277500773,1.896109700202942,916031200
2006-05-25,1.9236503978439523,1.9293382585492718,1.8946127718188752,1.9257457256317139,463372000
2006-05-26,1.9251474846090988,1.932630712807589,1.8901228351471533,1.9023964405059814,432950000
2006-05-30,1.894612711170826,1.8949120722509967,1.8326469659805298,1.8326469659805298,563402000
2006-05-31,1.8488115382143402,1.8497100211713964,1.7569096813729035,1.7892404794692993,1280977600
2006-06-01,1.7916352004431118,1.864378548219985,1.7817562842299568,1.8610851764678955,942508000
2006-06-02,1.8856327496220866,1.888925122456203,1.8224689515005716,1.8458185195922852,685787200
2006-06-05,1.8305520243829785,1.8305520243829785,1.7952282049776147,1.796125888824463,605785600
2006-06-06,1.802710543459022,1.8149843456047163,1.7634958475221703,1.787743091583252,726037200
2006-06-07,1.7991198338759717,1.8081002691433514,1.7467328290530613,1.7530192136764526,750506400
2006-06-08,1.7494260980332468,1.823964805069611,1.7108089202790733,1.8188762664794922,1397482800
2006-06-09,1.8314497867116215,1.8428249123652445,1.7691838584794313,1.7733749151229858,775838000
2006-06-12,1.7781645181406327,1.7880426348114866,1.7051220104395644,1.7063188552856445,717785600
2006-06-13,1.724580278561234,1.7691838976400234,1.7170962486749428,1.7461336851119995,1080643200
2006-06-14,1.7446368851590273,1.7596045401586848,1.6970392706364972,1.7245796918869019,878136000
2006-06-15,1.7153003606596384,1.7883420806209236,1.6988358976660123,1.7775654792785645,1190383600
2006-06-16,1.7649922926569905,1.7718779969150598,1.7218856976666597,1.7230825424194336,838101600
2006-06-19,1.731165371153083,1.7416428091959395,1.7063188009964054,1.712306022644043,704575200
2006-06-20,1.724579744911675,1.7467324665202155,1.7150001896214955,1.7203888893127441,672974400
2006-06-21,1.7284717943655248,1.7575092244258819,1.7153003043393165,1.732064127922058,863296000
2006-06-22,1.7422414935783799,1.788642065982597,1.7383505985075316,1.7835525274276733,965633200
2006-06-23,1.7877439519299105,1.8012154045109503,1.7581079952631493,1.7611010074615479,660203600
2006-06-26,1.7712794540531196,1.7721779373348692,1.7473313574001514,1.7658915519714355,466536000
2006-06-27,1.7688844642297181,1.7727761591720446,1.7182936290227953,1.719191312789917,550611600
2006-06-28,1.715000265335211,1.7153002259728396,1.658722373926079,1.6769824028015137,850704400
2006-06-29,1.6991349989398683,1.7688843434238242,1.688059036849248,1.7652918100357056,873398400
2006-06-30,1.7239815972660986,1.728770975715973,1.6913516334300176,1.7144018411636353,739695600
2006-07-03,1.7218861283786402,1.7416431644841641,1.7164974279559844,1.7347582578659058,194770800
2006-07-05,1.710809071823727,1.7242805208000358,1.6931475667633036,1.7063188552856445,518240800
2006-07-06,1.7090137871174005,1.7182933818928228,1.6647086431376856,1.6694989204406738,633208800
2006-07-07,1.6608176006245807,1.6928483368776157,1.6365695530037732,1.6584221124649048,799360800
2006-07-10,1.6674036314760547,1.6910523629025869,1.631481292771866,1.6464488506317139,529345600
2006-07-11,1.649740892875851,1.6760843673677315,1.6323785502763017,1.6659061908721924,825022800
2006-07-12,1.6515374889154544,1.6536330169579312,1.5841829290519773,1.5853806734085083,927329200
2006-07-13,1.5575403684246374,1.620105556895043,1.538980274783983,1.5641260147094727,1249906000
2006-07-14,1.5716101109023182,1.5832852960046782,1.501561598215436,1.5168284177780151,993036800
2006-07-17,1.5485596547108054,1.58987079123337,1.5461649655099283,1.567718267440796,1024542400
2006-07-18,1.5913666585712718,1.6120221724749977,1.5521518576706812,1.5835840702056885,1000448400
2006-07-19,1.5853801975683457,1.6488431433681368,1.5674186339441383,1.6195063591003418,1390743200
2006-07-20,1.8248633033750474,1.843722449067238,1.7877431345395078,1.811092495918274,1972146400
2006-07-21,1.7907371192219124,1.830551137129116,1.7853484208252546,1.8176782131195068,891892400
2006-07-24,1.8338434838669166,1.858989210597108,1.80899711816353,1.8386330604553223,722856400
2006-07-25,1.849410455447663,1.8586900477489006,1.8194743527939448,1.853900671005249,589069600
2006-07-26,1.8559962719303167,1.9350251879903162,1.8464165188600488,1.9119747877120972,898427600
2006-07-27,1.9308349910022706,1.946401971754986,1.8817411577787084,1.8979066610336304,735044800
2006-07-28,1.9140707161873436,1.9661585485899928,1.9008994272570041,1.9634644985198975,691507600
2006-07-31,2.000585367265978,2.0544685855442535,1.9841207008488053,2.034412384033203,892841600
2006-08-01,2.0122592286952194,2.0335132702046477,1.9739422016543213,2.0110623836517334,711765600
2006-08-02,2.02513078415774,2.055964573290323,2.020939929208038,2.040398597717285,550768400
2006-08-03,2.0329151752705905,2.0954802619215425,2.0299219632036483,2.0832066535949707,841044400
2006-08-04,2.007170419639362,2.053869352532972,1.9446051485450075,2.0445897579193115,1852866400
2006-08-07,2.0272266077713472,2.0835052955630133,1.9850176918478581,2.0119597911834717,1245512800
2006-08-08,2.0083671883671346,2.008966510068246,1.9311346251293315,1.9392163753509521,997864000
2006-08-09,1.958675145571307,1.963763684834717,1.8979062401401872,1.9035933017730713,955838800
2006-08-10,1.8934155496455933,1.9401144714570122,1.8769508928308718,1.9179619550704956,697760000
2006-08-11,1.8928164631536646,1.9197585595274538,1.8733585933022596,1.905389428138733,777529200
2006-08-14,1.9173636585816176,1.9523885035451902,1.9038932100033894,1.9140704870224,717620400
2006-08-15,1.9559793959660556,1.9907048684842779,1.939814902937607,1.9892078638076782,861352800
2006-08-16,2.008667990968744,2.0377046270769776,1.9856175793673696,2.035010576248169,781284000
2006-08-17,2.0356085010651683,2.055366333505867,2.0110620901062024,2.0233356952667236,581148400
2006-08-18,2.0269276543203314,2.047583172669744,2.0134570029525016,2.032914876937866,536354000
2006-08-21,2.0146539379966284,2.0149540985030856,1.9802286054504563,1.992502212524414,526226400
2006-08-22,1.9960953381873066,2.045189181523935,1.9907066361517207,2.0242342948913574,576968000
2006-08-23,2.035607846492682,2.055066511419162,2.003876379714214,2.014953136444092,536258800
2006-08-24,2.032315982026232,2.041296414625485,1.9838206867558448,2.029921293258667,655191600
2006-08-25,2.0158512580584715,2.0670404016908144,2.014953574540234,2.0580601692199707,543958800
2006-08-28,2.0505770678357367,2.053869440567792,1.9960945441367828,2.005074977874756,738161200
2006-08-29,2.0053738747567262,2.0134566237682145,1.9493945528683303,1.9901070594787598,947332400
2006-08-30,2.0158516705710867,2.0302208048587493,1.9960946355069658,2.004476547241211,680142400
2006-08-31,2.0140551725762896,2.044589602895989,1.995494985553618,2.031118154525757,574697200
2006-09-01,2.049977167905054,2.055066705088099,2.0302201393176276,2.0469839572906494,408494800
2006-09-05,2.0646458261884515,2.1403823815780663,2.052073060390908,2.1397838592529297,1012457600
2006-09-06,2.1278099721292842,2.146071002954742,2.086499730625692,2.0963778495788574,974103200
2006-09-07,2.1134414332193314,2.199655232954331,2.10296399441636,2.1792988777160645,1267957600
2006-09-08,2.1963628529065105,2.2023500771473077,2.1526569153110704,2.1709177494049072,895921600
2006-09-11,2.168223075826126,2.20713861974747,2.1379878047181595,2.170318603515625,949124400
2006-09-12,2.179598210263937,2.1987567211537495,2.1388862996828886,2.1742103099823,1684687200
2006-09-13,2.180795823638304,2.2248009055389826,2.164331363042607,2.2212085723876953,1146138000
2006-09-14,2.2068392400790517,2.2352781419409067,2.199055652447876,2.220310688018799,801729600
2006-09-15,2.23318244147119,2.244557561685688,2.193966943848663,2.218214988708496,981853600
2006-09-18,2.209234194826564,2.2409656725861327,2.1942665392615437,2.2119288444519043,705278000
2006-09-19,2.2182159875134966,2.225998578843614,2.179299433732571,2.2083370685577393,710049200
2006-09-20,2.226597125414362,2.2655126664418352,2.221806748673031,2.2529397010803223,822791200
2006-09-21,2.2526413701388406,2.276889426411173,2.2158203438707624,2.234679698944092,794124800
2006-09-22,2.2242013460849286,2.2253991900216916,2.1727130416512934,2.185285806655884,665112000
2006-09-25,2.2095328845638145,2.2709010986142646,2.206839034875453,2.2676079273223877,858992400
2006-09-26,2.2804808727948735,2.3283776573887955,2.278085983605039,2.323288917541504,1102948000
2006-09-27,2.310116877401775,2.3190981117401015,2.26970412064711,2.2873666286468506,810373200
2006-09-28,2.305627253535783,2.3193978702223146,2.273596600881025,2.305327892303467,723609600
2006-09-29,2.30832098715267,2.320593793598276,2.295448059596612,2.304429292678833,405812400
2006-10-02,2.2481497533743986,2.2711999508773473,2.2242008733491403,2.240964889526367,712639200
2006-10-03,2.2286923624587174,2.2436598147982605,2.1909736711309638,2.2176156044006348,790708800
2006-10-04,2.218216814812011,2.258928551656639,2.1900770531927924,2.2565338611602783,829082800
2006-10-05,2.231087961988106,2.2798824320969304,2.219113515609518,2.240068197250366,683883200
2006-10-06,2.227794703353533,2.24635489634788,2.2095338715339428,2.2218074798583984,466958800
2006-10-09,2.2092342191721563,2.2475520413433023,2.2011514692502083,2.2340807914733887,438222400
2006-10-10,2.231386814605286,2.232583659555886,2.1876808907321865,2.209533452987671,531588400
2006-10-11,2.197859157857051,2.214622980703706,2.173311746139138,2.192171096801758,571855200
2006-10-12,2.203546722225006,2.2568315949119278,2.203246761627253,2.2529397010803223,592855200
2006-10-13,2.26401497813784,2.301434302015746,2.237373049433852,2.2457549571990967,684196800
2006-10-16,2.2508449537381408,2.2715004736433446,2.2388705076011455,2.257131338119507,508692800
2006-10-17,2.246354828336546,2.2532397354663605,2.2164195111294864,2.223902940750122,480925200
2006-10-18,2.2376739470067424,2.2562341426958303,2.212528204197997,2.231088399887085,1133907600
2006-10-19,2.372682218395717,2.3933377406759884,2.339753886616622,2.3645994663238525,1512977200
2006-10-20,2.3640001877344203,2.3945346168668933,2.3550197554114556,2.393336772918701,639413600
2006-10-23,2.3945356013880197,2.4517119899308466,2.3873505331496894,2.4385406970977783,832507200
2006-10-24,2.431055809869818,2.4451257819881174,2.400821337073553,2.4262664318084717,463212400
2006-10-25,2.4352471765823958,2.4547050532224852,2.4250690965844868,2.4451262950897217,485214800
2006-10-26,2.451711203247744,2.472666080134513,2.4286609985447107,2.460392475128174,432756800
2006-10-27,2.447221018092029,2.4681758952477635,2.39513338614088,2.4071078300476074,594966400
2006-10-30,2.394535391844201,2.421776658217865,2.379867094504752,2.407407522201538,499917600
2006-10-31,2.438241077803754,2.445125984196773,2.4017192193381742,2.427164316177368,501474400
2006-11-01,2.4277638142571387,2.436145726767633,2.3457400567223354,2.3696887493133545,611192400
2006-11-02,2.3625036074460968,2.374477852431064,2.3499306402198545,2.364299774169922,465483200
2006-11-03,2.3756755806553413,2.3807643197767665,2.3286764865305325,2.343644142150879,431888800
2006-11-06,2.3634021748310774,2.3966306608860557,2.347835196161857,2.386153221130371,434576800
2006-11-07,2.4083040555098694,2.424768711806452,2.398725102369716,2.410100221633911,525932400
2006-11-08,2.395432540423586,2.4753599548630856,2.3915408461652303,2.4681758880615234,690916800
2006-11-09,2.4816461246954247,2.5352307528974416,2.458296562554609,2.4948182106018066,923053600
2006-11-10,2.501105062892408,2.5026012688869623,2.4696729464159177,2.488232135772705,373864400
2006-11-13,2.4912264911469006,2.528046712894461,2.4738641442793643,2.5250535011291504,450674000
2006-11-14,2.5385231435494235,2.5445103645324707,2.5115820480091178,2.5445103645324707,588954800
2006-11-15,2.5460071378232443,2.5714522251631444,2.5145750298858585,2.5160720348358154,655323200
2006-11-16,2.540619510481315,2.58342775497579,2.533136081300949,2.562772035598755,693940800
2006-11-17,2.5487015513171527,2.5726504364905876,2.5445104964118017,2.569955587387085,466424000
2006-11-20,2.5564858279157625,2.604382615714368,2.550498604540583,2.5885164737701416,570794000
2006-11-21,2.616956264515429,2.65228009223938,2.6076758660334622,2.65228009223938,622666800
2006-11-22,2.6639527494952118,2.7166388937650194,2.6298265900643107,2.703467607498169,671941200
2006-11-24,2.680118668541037,2.7863896644147426,2.6792209848915043,2.742983102798462,518677600
2006-11-27,2.7693268714978037,2.788784545639307,2.6792211695246886,2.680418014526367,1074836000
2006-11-28,2.7049662159366483,2.7531621730059097,2.6914947612818962,2.748372793197632,1036173600
2006-11-29,2.783994279521037,2.7884844952111276,2.7016711938368143,2.7480709552764893,1157083200
2006-11-30,2.7603456495920167,2.7744154229599185,2.7259201186038537,2.7438809871673584,870486400
2006-12-01,2.748071987753027,2.7639381285887605,2.69718199150341,2.733703851699829,795079600
2006-12-04,2.750468693988823,2.7555572358633063,2.709157439822579,2.727717638015747,709536800
2006-12-05,2.743582663668916,2.7639388271863132,2.720233087757032,2.7322075366973877,662838400
2006-12-06,2.7133466420991925,2.7357983214615524,2.6843092193912765,2.689098596572876,638184400
2006-12-07,2.695085570906737,2.7091553393119376,2.6013873681753354,2.6055784225463867,1004827600
2006-12-08,2.6112677231944335,2.6759285415623495,2.6043828154660495,2.642101526260376,784277200
2006-12-11,2.6612592539505737,2.673233698068954,2.6358143595611065,2.656769037246704,499780400
2006-12-12,2.652578478935444,2.659463385394098,2.560377247295624,2.5786380767822266,1026620000
2006-12-13,2.632820662556748,2.666348310721013,2.608872570828611,2.6657497882843018,857052000
2006-12-14,2.6657492858992926,2.6941883888688936,2.6421005597666056,2.6507816314697266,832330800
2006-12-15,2.664851900017634,2.670839122330685,2.6142610705155382,2.6259355545043945,739939200
2006-12-18,2.623241965704232,2.6343179292504577,2.532237769263438,2.5585813522338867,721576800
2006-12-19,2.536427685294327,2.594801887826958,2.5032000094346913,2.583725929260254,911405600
2006-12-20,2.5885159637923385,2.5945031859879424,2.5367282903651076,2.5373268127441406,567691600
2006-12-21,2.5355307795944166,2.55888014802463,2.460691897092397,2.481646776199341,903599200
2006-12-22,2.498410147660459,2.5157732896420217,2.442730587104517,2.460691452026367,613303600
2006-12-26,2.4591958483644754,2.4717688166013665,2.4214771434943527,2.4400365352630615,490688800
2006-12-27,2.3394526743526334,2.454704081934222,2.298142447725647,2.440335750579834,1935754800
2006-12-28,2.401419586321195,2.432253377349905,2.3843566045761637,2.420877456665039,1119876800
2006-12-29,2.5130787499978364,2.5564853113345927,2.495417243972129,2.5397214889526367,1076429200
2007-01-03,2.5831288066309823,2.5918100814721106,2.45171203938979,2.508589267730713,1238319600
2007-01-04,2.5160729235109027,2.5729501388771787,2.5091872178942918,2.5642690658569336,847260400
2007-01-05,2.5675615123320368,2.5804336415080753,2.5265504355547677,2.5460081100463867,834741600
2007-01-08,2.5732496497997963,2.590312836712162,2.5528932901954877,2.5585813522338867,797106800
2007-01-09,2.587917357570402,2.7833953446562343,2.5490008172459997,2.7711217403411865,3349298400
2007-01-10,2.836381940973167,2.92768448070187,2.7974655965759916,2.9037365913391113,2952880000
2007-01-11,2.8720041644658156,2.897149889629956,2.846858439301675,2.8678131103515625,1440252800
2007-01-12,2.8315915229349424,2.845661494764357,2.790879811844125,2.8324902057647705,1312690400
2007-01-16,2.864221818467711,2.911219915093842,2.8573369124605015,2.9067296981811523,1244076400
2007-01-17,2.9205011491684605,2.9216979943765735,2.838478183580166,2.8423690795898438,1646260000
2007-01-18,2.7570527955458863,2.75735215664744,2.665749458136682,2.6663479804992676,2364605600
2007-01-19,2.6531776889281953,2.6837121330840663,2.637910666690857,2.6492857933044434,1364473600
2007-01-22,2.6684437609836196,2.669043082765064,2.563969724252675,2.5980958938598633,1454026000
2007-01-23,2.5663646486957767,2.619649335979979,2.5597791029151487,2.5654661655426025,1207424400
2007-01-24,2.594801488745005,2.6088712553254516,2.5768406288460737,2.595400810241699,927813600
2007-01-25,2.6076753772069465,2.6492855834665594,2.5753453678490463,2.5819311141967773,905973600
2007-01-26,2.60767413107859,2.6154575183089688,2.5442111877701543,2.5558862686157227,986874000
2007-01-29,2.583427510051954,2.5939049494009137,2.5603771035161356,2.572650909423828,901664400
2007-01-30,2.587318888662803,2.5891150551616664,2.5519948803733463,2.5609753131866455,577970400
2007-01-31,2.5403207791352136,2.5744477559520464,2.5250539575207593,2.5663650035858154,856069200
2007-02-01,2.5813319900378553,2.582528834998681,2.5367283821105957,2.5367283821105957,664342000
2007-02-02,2.5181682475940392,2.5519950530759377,2.5055952810916455,2.537027597427368,621530000
2007-02-05,2.523556073984082,2.551396655784707,2.512779474258423,2.512779474258423,578852400
2007-02-06,2.5280462900897893,2.5286456118004894,2.480449474776607,2.5190658569335938,864393600
2007-02-07,2.528945218128016,2.5858224372234404,2.501105430795098,2.578937530517578,1066825200
2007-02-08,2.5573832905930485,2.58971409418267,2.556784967988403,2.5798351764678955,679030800
2007-02-09,2.570853986642136,2.580432940878452,2.4909265833804977,2.492722749710083,860540800
2007-02-12,2.5274476171815934,2.549899498096697,2.5034995304042975,2.540919065475464,724071600
2007-02-13,2.5493006983635924,2.5531915925757955,2.5235556485654564,2.5355300903320312,580986000
2007-02-14,2.5334355481637356,2.563670026178769,2.5316391813597385,2.553492546081543,507981600
2007-02-15,2.5576831676674905,2.5630710681204754,2.5379253344274133,2.550797462463379,363661200
2007-02-16,2.551994800635472,2.5567843779756134,2.5343324972818433,2.539422035217285,399868000
2007-02-20,2.5340337534568977,2.579236483683057,2.519365258265468,2.571453094482422,617702400
2007-02-21,2.5738482995088585,2.6789214768505136,2.573249776983229,2.6702404022216797,1155313600
2007-02-22,2.7181362722443323,2.718435433485595,2.6501833050873427,2.6795198917388916,838224800
2007-02-23,2.6690428299348166,2.7043666405560747,2.6597622361056064,2.6663479804992676,517893600
2007-02-26,2.689398806698542,2.6941891849509214,2.6226434638859915,2.6495847702026367,615848800
2007-02-27,2.583426953299849,2.6067763162422986,2.496913806596847,2.512479782104492,1145813200
2007-02-28,2.4846412022594797,2.5624731094991526,2.4846412022594797,2.532837152481079,919475200
2007-03-01,2.515473042644272,2.6435973785478195,2.5070911327740855,2.606178045272827,1415528800
2007-03-02,2.5974973825609737,2.620547789981748,2.5507976456164974,2.5567848682403564,860000400
2007-03-05,2.571153693840735,2.653774958038725,2.5672617997621936,2.5840256214141846,838899600
2007-03-06,2.628330029136488,2.6435976446295735,2.616356384849472,2.640005111694336,723186800
2007-03-07,2.635814471320929,2.66335489459884,2.6178528043817755,2.6259355545043945,626284400
2007-03-08,2.6519804234913167,2.655871319588924,2.6181526091088627,2.6343181133270264,511011200
2007-03-09,2.658265884246339,2.659762090150438,2.6163563315312177,2.6334195137023926,451836000
2007-03-12,2.6364124175900527,2.693888944229901,2.6340177288471445,2.6902964115142822,729408400
2007-03-13,2.6765257632525543,2.7121489310509457,2.646291494369507,2.646291494369507,867890800
2007-03-14,2.6522783700471853,2.694188117980957,2.631922218184524,2.694188117980957,796586000
2007-03-15,2.6929904196151226,2.70496486234669,2.6735325496978244,2.6813161373138428,559498800
2007-03-16,2.680418515847048,2.6938899690943208,2.6738329694182665,2.681915521621704,571704000
2007-03-19,2.701372447840417,2.740588149980033,2.681914577072063,2.728015184402466,712961200
2007-03-20,2.7346012711524175,2.749269566297922,2.7259199985445717,2.738492965698242,488916400
2007-03-21,2.7537596397906685,2.813930022513873,2.743581562118477,2.8100383281707764,686896000
2007-03-22,2.8058477900589436,2.8247069421802244,2.7839952264063164,2.812732696533203,561492400
2007-03-23,2.794473436174131,2.8160266446269326,2.792976430235252,2.7995619773864746,450884000
2007-03-26,2.813631243235837,2.870807623007235,2.7929757239838997,2.8693106174468994,864987200
2007-03-27,2.865119881111477,2.8986475312748294,2.843865838523183,2.8576364517211914,932052800
2007-03-28,2.8402732483668736,2.8558402280349857,2.788485567890182,2.7911794185638428,942337200
2007-03-29,2.8196188440574397,2.8196188440574397,2.760945450861109,2.8064465522766113,725723600
2007-03-30,2.8223109718854245,2.834285411937832,2.776509737887242,2.781299114227295,600558000
2007-04-02,2.8181210242808277,2.8214133968330124,2.7845933807102576,2.803452730178833,501992400
2007-04-03,2.818120639416419,2.8507497955570216,2.806744719420193,2.82889723777771,583934400
2007-04-04,2.842069096942481,2.848056319282478,2.8178218456681545,2.8220129013061523,476784000
2007-04-05,2.8175226287995594,2.8342864513397217,2.799560962133968,2.8342864513397217,355516000
2007-04-09,2.850151662522814,2.852845512720292,2.785191703224445,2.803452730178833,413341600
2007-04-10,2.804051409070234,2.821713915914708,2.7962680195430787,2.82141375541687,352466800
2007-04-11,2.8109360696852748,2.812433075073201,2.763937774380623,2.771721363067627,549018400
2007-04-12,2.755256573340071,2.7633393229189265,2.7157417080944044,2.759746789932251,656675600
2007-04-13,2.7211302159368547,2.7360978699769305,2.695984485206945,2.7013723850250244,719941600
2007-04-16,2.711252387337479,2.7390921790567844,2.7016726292752558,2.736996650695801,609033600
2007-04-17,2.7540586413161408,2.763039873575723,2.6852071902712757,2.7046656608581543,751920400
2007-04-18,2.6989783846009643,2.7196339043229085,2.6822145598390152,2.706162452697754,464044000
2007-04-19,2.6998762110509875,2.731608494709428,2.689099608734912,2.7022716999053955,425913600
2007-04-20,2.7208308202084237,2.7295126928500895,2.7106533409271707,2.723226308822632,522779600
2007-04-23,2.7417850407497633,2.8079426418014273,2.7366965018024723,2.7992615699768066,780290000
2007-04-24,2.812732821880336,2.885476182575233,2.733104554404359,2.7911794185638428,1055252800
2007-04-25,2.82081458211811,2.855839427227672,2.8079424559359105,2.854342222213745,1187144000
2007-04-26,3.040840428192122,3.068380851105393,2.9426521818039526,2.958817481994629,1737778000
2007-04-27,2.9390602484072454,2.992045762694492,2.924391954611599,2.99114727973938,699403600
2007-04-30,2.9962372930247647,3.023478558953045,2.9836645240366724,2.987556219100952,616509600
2007-05-01,2.9812698790755143,3.0040209278018475,2.9501369176185746,2.977677345275879,532523600
2007-05-02,2.983065590272906,3.0097075306886976,2.9776768903170727,3.0052173137664795,505145200
2007-05-03,3.0153954454820666,3.0369486455355714,2.9938420455880395,3.005516529083252,576077600
2007-05-04,3.017491194809174,3.0414392870314133,3.0085109599866597,3.0177905559539795,381987200
2007-05-07,3.025872755293163,3.1237618398603533,3.0237774273636377,3.1108899116516113,861557200
2007-05-08,3.0974183017249484,3.1477097665629934,3.0959212964117784,3.1450157165527344,783997200
2007-05-09,3.140525406760694,3.201892626848398,3.1399260851060067,3.199497938156128,717757600
2007-05-10,3.1920135297777374,3.2581711226829784,3.1707594947819153,3.2132675647735596,1197257600
2007-05-11,3.2252428610205723,3.2668532585658587,3.1965045923339193,3.2551779747009277,653696400
2007-05-14,3.2815215351326215,3.292896658440476,3.2405096602427252,3.273738145828247,651946400
2007-05-15,3.280023475690121,3.2988828209557437,3.187523115387869,3.218656063079834,954514400
2007-05-16,3.248890730306776,3.257871961473926,3.095920831121012,3.2132675647735596,1126767600
2007-05-17,3.207581322450097,3.289005750131794,3.207581322450097,3.276132822036743,735291200
2007-05-18,3.299782277141214,3.312055883188181,3.2860116656576768,3.2934958934783936,621345200
2007-05-21,3.302176732696162,3.366238009270233,3.2943933441472795,3.3521690368652344,639892400
2007-05-22,3.367436911816749,3.4051556226629245,3.3530679742756258,3.398869037628174,572409600
2007-05-23,3.4132377528979703,3.4425743450188304,3.3704295099048247,3.379410743713379,911374800
2007-05-24,3.3770156139645295,3.426408193894592,3.3039729091282397,3.313551664352417,887362000
2007-05-25,3.3527674627197857,3.406052137912008,3.337799807929933,3.4012627601623535,632959600
2007-05-29,3.4261106115476787,3.4383840211204464,3.3734242391596436,3.4231173992156982,645694000
2007-05-30,3.421620413403811,3.5587246549674134,3.3985703987836438,3.555432081222534,1478444800
2007-05-31,3.5943464912207426,3.6572107252073423,3.5784811518510717,3.6278741359710693,1297066400
2007-06-01,3.6251796180268046,3.6278738678009677,3.541061550941847,3.544353723526001,885262000
2007-06-04,3.5512401838359686,3.644039742161803,3.529386819906578,3.6320652961730957,886673200
2007-06-05,3.6344600412631243,3.672777867226563,3.6072189770811494,3.6721787452697754,920785600
2007-06-06,3.6611020814381394,3.713489071481683,3.650624843301837,3.7012152671813965,1112241200
2007-06-07,3.7416295864112317,3.820059803433333,3.6877453830270452,3.714087963104248,1915079600
2007-06-08,3.7664738320268825,3.7667739924254193,3.660802183865551,3.7266600131988525,1241682400
2007-06-11,3.7718633307505813,3.7763533473336692,3.5784808664818946,3.5979385375976562,1874258400
2007-06-12,3.5727917513433276,3.6434397512850665,3.5416590053899677,3.603625535964966,1426566400
2007-06-13,3.62667731402458,3.627874358849655,3.4545486630760167,3.5174129009246826,1721353200
2007-06-14,3.508431333980754,3.575785982325616,3.485081967692239,3.5548315048217773,973266000
2007-06-15,3.6108096438549553,3.6123064488532153,3.588058607562308,3.607217311859131,811218800
2007-06-18,3.6904386742302644,3.7473160805777965,3.668287153279086,3.744622230529785,910604800
2007-06-19,3.73264716178548,3.7422267147722694,3.6793624970202616,3.7018141746520996,943026000
2007-06-20,3.708102117877648,3.7317508486354627,3.637154726560916,3.638651132583618,897512000
2007-06-21,3.6431417845263634,3.7206747177503963,3.6138051934215776,3.7089996337890625,867045200
2007-06-22,3.707501315816716,3.725462978059077,3.6634964423658043,3.682056427001953,631876000
2007-06-25,3.71768007179566,3.7446221689619463,3.623982053387336,3.662299871444702,965403600
2007-06-26,3.7113945827204953,3.7119933050490643,3.5539342074369356,3.5817739963531494,1345005200
2007-06-27,3.610511720716084,3.6533191616713627,3.570099168711769,3.6488287448883057,974696800
2007-06-28,3.662899759299321,3.6667914549515372,3.5922521138761234,3.609015941619873,838143600
2007-06-29,3.6512233543168566,3.7119924577521357,3.624880776916132,3.6533188819885254,1137841600
2007-07-02,3.623682061684823,3.654814808817228,3.5712950815305295,3.6299686431884766,994862400
2007-07-03,3.65212139466433,3.8137727697579824,3.637153741361749,3.8068878650665283,1162481600
2007-07-05,3.85568242913297,3.980513602968605,3.852389057530753,3.9739272594451904,1453051600
2007-07-06,3.9853024615035437,3.9915890434433052,3.9035788946914796,3.960455894470215,874694800
2007-07-09,3.9628521647088437,3.978418944464143,3.8670585953894627,3.901484727859497,995820000
2007-07-10,3.858078038189426,4.026315001857513,3.8559825102119296,3.961954355239868,1255007600
2007-07-11,3.953572696720689,4.00236736903483,3.9308216471798985,3.963151454925537,821772000
2007-07-12,4.006856095784615,4.018531177807348,3.9631501778307685,4.013442039489746,704608800
2007-07-13,4.042180448730013,4.126597877538863,4.026913432908751,4.123006343841553,907606000
2007-07-16,4.1427629114200775,4.190360519753339,4.11612017723392,4.134081840515137,936112800
2007-07-17,4.140069658919518,4.178985002919427,4.116120771089324,4.158329486846924,709959600
2007-07-18,4.136776752743986,4.144260781033227,4.072415308499765,4.134681224822998,756856800
2007-07-19,4.199938453275718,4.215206263761684,4.180480787885972,4.190958023071289,732891600
2007-07-20,4.2403531799329865,4.3160895384211475,4.190959398712447,4.30321741104126,1167773600
2007-07-23,4.2900455364814984,4.3472227063386795,4.218799194503117,4.30172061920166,1036490000
2007-07-24,4.1574328813276065,4.220895851810495,4.015837843080851,4.037990570068359,1795292800
2007-07-25,4.111629205587173,4.141864668023203,4.041281365650549,4.108935356140137,1496182800
2007-07-26,4.367876964055292,4.445409880892419,4.0999556064036655,4.370571613311768,2186629200
2007-07-27,4.376259498472293,4.457983485598058,4.3041158665592185,4.306210994720459,1161098400
2007-07-30,4.320580641929616,4.354108290476656,4.178087935764144,4.233767509460449,1106988400
2007-07-31,4.2798676554381885,4.295135472397436,3.9371075627895027,3.944291830062866,1762392800
2007-08-01,4.000570342259742,4.052657976293838,3.8248489680308926,4.041282653808594,1750156800
2007-08-02,4.09067490196097,4.099955494370584,4.015836236744325,4.085885524749756,852644800
2007-08-03,4.049066025526379,4.06972154436194,3.9365090354351637,3.946986675262451,679187600
2007-08-06,3.978418276340983,4.049364458686127,3.840714968629629,4.048766136169434,925170400
2007-08-07,4.039486288323349,4.108338141108297,3.9703354741245307,4.04218053817749,949936400
2007-08-08,4.093967437897304,4.096960648163192,3.951474801877373,4.01164436340332,808096800
2007-08-09,3.924834410110767,3.9814124727522993,3.744623380495679,3.7835395336151123,1125395600
2007-08-10,3.6856496494315976,3.824250645755748,3.6012322145938,3.7419283390045166,1410749200
2007-08-13,3.841314331391663,3.87214813003562,3.7868318013557443,3.825448989868164,752911600
2007-08-14,3.8404161364795177,3.8407150979074074,3.7033111466699276,3.712891101837158,739006800
2007-08-15,3.674273872932541,3.7377376278799073,3.581773289820687,3.5892577171325684,992852000
2007-08-16,3.502744014489416,3.5473476157756765,3.341392191475875,3.503941059112549,1866690000
2007-08-17,3.6524205074254694,3.697024103241303,3.5868620385381793,3.6539173126220703,1195062400
2007-08-20,3.7107956534211395,3.7269607539686627,3.607218705917368,3.658707618713379,803317200
2007-08-21,3.6584101644412117,3.8604738046892555,3.622188253924283,3.8188633918762207,1303047200
2007-08-22,3.9281275560382762,3.973928214130233,3.9014848128653967,3.9667439460754395,1061765600
2007-08-23,3.9841069186387723,3.991591348761088,3.8844224309314788,3.9236371517181396,866838000
2007-08-24,3.9074689813288828,4.052356070274712,3.885914994970907,4.050260543823242,911834000
2007-08-27,3.9930870645354806,4.031105129433113,3.95446987768495,3.9589602947235107,707439600
2007-08-28,3.921240689722169,3.963749561569412,3.7907224619144255,3.796410322189331,1179365600
2007-08-29,3.8880130849177768,4.016735981241274,3.8778360048682052,4.013741970062256,1166860800
2007-08-30,3.971532619517474,4.138572517580051,3.960456658406219,4.078701496124268,1435582400
2007-08-31,4.175695220187971,4.180485000953928,4.1134292692744605,4.14546012878418,876887200
2007-09-04,4.189162603532778,4.362488654394442,4.186169392718564,4.315489768981934,1316842800
2007-09-05,4.339737324615463,4.365780934823128,4.074210086631978,4.093967914581299,2328222400
2007-09-06,4.058046490171729,4.118216069083982,3.972730180759276,4.041581630706787,1901261600
2007-09-07,3.9517773067418704,3.96045838281296,3.891606897985045,3.944592237472534,1430576000
2007-09-10,4.10085378754251,4.13228590370869,4.009850411146934,4.092472076416016,1487838800
2007-09-11,4.128093687444866,4.140068126928941,4.003861675563816,4.055949687957764,971885600
2007-09-12,4.070918741266419,4.172998085320529,4.063734074393345,4.096662998199463,1022770000
2007-09-13,4.155933838716818,4.161023376131842,4.0906747300274455,4.107139587402344,656163200
2007-09-14,4.088281560261245,4.160425596536785,4.077205597771395,4.155336856842041,607320000
2007-09-17,4.1607244318705385,4.208620200571362,4.119114046059431,4.1433610916137695,793371600
2007-09-18,4.162821438524047,4.276276516907361,4.126000416657445,4.21850061416626,1064089600
2007-09-19,4.281365377589348,4.285556034137601,4.172998636349732,4.214010715484619,1026880400
2007-09-20,4.195448927727167,4.244543741827029,4.170602759139078,4.2002387046813965,691840800
2007-09-21,4.225085106561962,4.330158446211174,4.2002389366019655,4.31519079208374,1138880400
2007-09-24,4.392423464713357,4.485822502908057,4.390028976268172,4.438823223114014,1052161600
2007-09-25,4.39571774272939,4.586705713711648,4.395118221212279,4.585507869720459,1192550800
2007-09-26,4.624126029231686,4.639991370342542,4.527733740234873,4.573235034942627,975268000
2007-09-27,4.603170802733905,4.625621687576644,4.559764239916556,4.625023365020752,658198800
2007-09-28,4.593292436914949,4.628017931143738,4.572636916942757,4.5941901206970215,615101200
2007-10-01,4.628915102663938,4.71213589565181,4.578024911091803,4.6801042556762695,837068400
2007-10-02,4.6863911492337245,4.747460022649783,4.666634113285307,4.743268966674805,792069600
2007-10-03,4.723212507316662,4.765121871017035,4.700162097488725,4.727403163909912,692518400
2007-10-04,4.729797026104666,4.732191515203206,4.595087729701724,4.67711067199707,656958400
2007-10-05,4.740875138445224,4.836967696246494,4.720818735176712,4.833076000213623,943471200
2007-10-08,4.894145227975141,5.026459693908691,4.878578044366484,5.026459693908691,835928800
2007-10-09,5.095008052717315,5.122249509058148,4.989635759059144,5.024959564208984,1104286400
2007-10-10,5.015682895676738,5.025561016502254,4.957308657246302,4.992931842803955,667590000
2007-10-11,5.073755887413806,5.145301204750386,4.586407519889041,4.8564252853393555,1643992000
2007-10-12,4.879775050586161,5.007599475799199,4.843552747736375,5.0067009925842285,988176000
2007-10-15,5.028554243021778,5.076150670815034,4.894443236153731,4.998618125915527,1077930000
2007-10-16,4.955509847644942,5.094409781518658,4.943834366694342,5.076448917388916,1067830400
2007-10-17,5.169547160444566,5.180024396487184,5.064473840273967,5.1713433265686035,1127613200
2007-10-18,5.13392608211882,5.214451831278255,5.120455630082982,5.1937971115112305,823676000
2007-10-19,5.2159486285162515,5.227623712147625,5.089022711613442,5.101595878601074,1291780000
2007-10-22,5.099500459123364,5.235706573601613,5.08782537524392,5.219541072845459,1649499600
2007-10-23,5.644622722453636,5.6458197669431005,5.470997314550988,5.572777271270752,1795164000
2007-10-24,5.5623008401861185,5.604210193179029,5.365625802556282,5.565893173217773,1288481600
2007-10-25,5.534161989055899,5.564995782854518,5.438069073801199,5.471596717834473,973602000
2007-10-26,5.546734743976464,5.549129632785379,5.4745907170131165,5.529073238372803,706876800
2007-10-29,5.551522809416876,5.585649966875539,5.529071931184285,5.540746212005615,540554000
2007-10-30,5.573375997581262,5.6688697653115305,5.529969448845004,5.5979228019714355,939414000
2007-10-31,5.616781610920422,5.691321304392543,5.536555257222877,5.686232566833496,833310800
2007-11-01,5.645821072067863,5.690724839158257,5.3883765111274045,5.611096382141113,805036400
2007-11-02,5.664081231019456,5.670966135853879,5.492850298460627,5.62396764755249,1002114400
2007-11-05,5.54673344665477,5.65659614730073,5.515301337751481,5.573376178741455,804176800
2007-11-06,5.5994223982570155,5.747602980250393,5.546137708616389,5.741316795349121,954727200
2007-11-07,5.705991465184652,5.767958416061471,5.57188088433822,5.576969623565674,994327600
2007-11-08,5.5880463180298054,5.594931223849078,5.0222666123619915,5.252769470214844,1890378000
2007-11-09,5.123448957092256,5.242292535443213,4.945632031767529,4.9504218101501465,1526380800
2007-11-12,4.947726518852847,5.020170702605018,4.509172919670901,4.602870941162109,1769065200
2007-11-13,4.815113261073175,5.118359253229271,4.602871042641263,5.087824821472168,1739446800
2007-11-14,5.303360098737307,5.3156335040509495,4.901626298967421,4.972573280334473,1449168000
2007-11-15,4.980956512123718,5.076750086456731,4.798649559566747,4.918391227722168,1487410400
2007-11-16,4.948325639425983,4.99981495098955,4.769611453227882,4.980955600738525,1383494000
2007-11-19,4.972272716826202,5.035136928307438,4.852531114202334,4.90791130065918,1154428800
2007-11-20,4.959401921235654,5.142606106710679,4.895339449237383,5.054595947265625,1543642800
2007-11-21,4.9644901407973965,5.1593698034280475,4.929465694510806,5.042921543121338,1217809600
2007-11-23,5.148893542356476,5.150390348010045,5.081538886670221,5.1351237297058105,465757600
2007-11-26,5.196491209304849,5.306652908945173,5.159370828445072,5.1650590896606445,1305754800
2007-11-27,5.245283694674765,5.262346873804597,5.089320593933083,5.233010292053223,1317030400
2007-11-28,5.293182944976663,5.406338666057287,5.249177653675609,5.39496374130249,1150912000
2007-11-29,5.3713127626463555,5.5431420259468345,5.362930652397057,5.516799449920654,1050926800
2007-11-30,5.608104282395394,5.618880886411789,5.3793979105721625,5.454834938049316,1187802000
2007-12-03,5.4440577406877635,5.512310890956702,5.319526686759974,5.354251384735107,961469600
2007-12-04,5.303061882153392,5.4153191204693005,5.298271703879632,5.382689952850342,773799600
2007-12-05,5.474890650650195,5.567989564746313,5.460521715975119,5.5530219078063965,892402000
2007-12-06,5.573675223611415,5.690722982045237,5.571579696512603,5.686232566833496,899810800
2007-12-07,5.7038956821099065,5.837108973019438,5.629057006117341,5.816453456878662,1066066400
2007-12-10,5.795199184283577,5.857164932977534,5.768257085225856,5.813758373260498,722377600
2007-12-11,5.829924593244525,5.892190510095453,5.60959999439614,5.6440253257751465,1110925200
2007-12-12,5.79070855412524,5.821841711691066,5.560805203518116,5.713476181030273,1225660800
2007-12-13,5.693419548757088,5.75119545269401,5.622472553274822,5.742513179779053,864617600
2007-12-14,5.698806870861712,5.7835236567392405,5.673960301394393,5.699405193328857,674312800
2007-12-17,5.709284629438814,5.767059323599327,5.477583933145667,5.520092010498047,1024693600
2007-12-18,5.583553771498269,5.607801212692234,5.346464660012696,5.477581977844238,1222603200
2007-12-19,5.477581845805493,5.527274970335419,5.415315959489882,5.4817728996276855,827478400
2007-12-20,5.550928534235839,5.622773235494679,5.488064270753889,5.604213237762451,774057200
2007-12-21,5.69132350543647,5.804778575897217,5.684438599130081,5.804778575897217,993960800
2007-12-24,5.838307005756865,5.967029910779471,5.831123137038609,5.9511637687683105,480202800
2007-12-26,5.957448880351662,6.015823095029425,5.891890399050827,5.955652713775635,703732400
2007-12-27,5.955654041544193,6.075694670355858,5.921228706871916,5.944278717041016,795527600
2007-12-28,6.0047480602160315,6.033784891963444,5.8936874745567245,5.981997013092041,699647200
2007-12-31,5.972117856991439,6.002053170651437,5.9197308582459,5.929609775543213,539333200
2008-01-02,5.9652333038316545,5.994869258115942,5.764067408586265,5.832618713378906,1079178800
2008-01-03,5.8496836111775075,5.908955528993859,5.768258964956934,5.8353142738342285,842066400
2008-01-04,5.731136068976517,5.7775358315670315,5.355147392205734,5.389872074127197,1455832000
2008-01-07,5.42579701354397,5.496145690852495,5.095908591571416,5.31773042678833,2072193200
2008-01-08,5.392566607796447,5.4620175791720325,5.112970152938654,5.12644100189209,1523816000
2008-01-09,5.127939746795321,5.373410330331248,5.038133387003986,5.37041711807251,1813882000
2008-01-10,5.315932459085971,5.418311548500905,5.250972704629555,5.329103946685791,1482975200
2008-01-11,5.2686346371584065,5.32401564109485,5.089022374303284,5.169548511505127,1232285600
2008-01-14,5.31413705341934,5.371014067005129,5.243788389868527,5.351855754852295,1100450400
2008-01-15,5.320122554698742,5.365025109061623,4.929165455124187,5.060283184051514,2343278000
2008-01-16,4.946231998619863,5.059387743613336,4.690883269244256,4.77889347076416,2213845200
2008-01-17,4.8348693593694145,4.950120559951604,4.742368798060418,4.816308975219727,1757859600
2008-01-18,4.840857201664119,4.961796687100805,4.777992969844182,4.830379962921143,1724343600
2008-01-22,4.432239499229615,4.789069583147172,4.370572703400778,4.659149646759033,2434754000
2008-01-23,4.076904858561811,4.190958616488601,3.77605380937966,4.163118839263916,3372969600
2008-01-24,4.190659428977638,4.211913663914939,3.951774905843921,4.0592427253723145,2005866800
2008-01-25,4.160724249397263,4.163717460029129,3.8799299969503585,3.8919036388397217,1554739200
2008-01-28,3.8365234467764324,3.987397809413789,3.7853331101082364,3.8919036388397217,1474844000
2008-01-29,3.926030758045538,3.9751243729701002,3.8631665344146864,3.9377050399780273,1099982800
2008-01-30,3.9326180916474907,4.054754661476437,3.891606407282361,3.9568655490875244,1243051600
2008-01-31,3.875141800271391,4.090677078952831,3.873645793558394,4.052061080932617,1345674400
2008-02-01,4.078404195783841,4.088881439984115,3.9568663245269216,4.0038652420043945,1010744000
2008-02-04,4.017633319148225,4.068224150064432,3.9341135639519336,3.9409992694854736,899234000
2008-02-05,3.904477375989409,4.011346892717372,3.8586759261453967,3.8724465370178223,1141042000
2008-02-06,3.9164531648816956,3.9490831369491874,3.645238304695338,3.652123212814331,1573272400
2008-02-07,3.591353030341569,3.7353425159092697,3.5105267357998353,3.62937068939209,2083331600
2008-02-08,3.6545172756599116,3.7628836106058756,3.640147940893166,3.756298065185547,1355972800
2008-02-11,3.832031905657523,3.8910044127731656,3.807784068927407,3.875138282775879,1201432400
2008-02-12,3.9125601459027606,3.9215405794454083,3.7006172779960766,3.7377376556396484,1225980000
2008-02-13,3.7922201972995455,3.885020152455021,3.7607880769072204,3.8736448287963867,968534000
2008-02-14,3.8736430441560255,3.9155527851581318,3.8020965638965696,3.815568208694458,954097200
2008-02-15,3.779945265708494,3.804192309268052,3.7137876793794224,3.7308504581451416,901300400
2008-02-19,3.771564224932161,3.7943152691957853,3.6353581198170453,3.6575100421905518,1005046000
2008-02-20,3.6581094159316634,3.7299540875611754,3.6425426374241043,3.7066047191619873,967439200
2008-02-21,3.7733599154800577,3.78593267927147,3.6179951354144033,3.638350486755371,938114800
2008-02-22,3.6664918283761034,3.6673895121441453,3.468618105224578,3.5760867595672607,1529878000
2008-02-25,3.5500420734967313,3.597340731926201,3.4922673743367048,3.5844686031341553,1256774400
2008-02-26,3.521603202579459,3.624880371032805,3.4557449678872305,3.566805124282837,1504888000
2008-02-27,3.5392664197538246,3.683555324268869,3.5350757625314757,3.680861473083496,1475138000
2008-02-28,3.8077864563041035,3.9574638243735287,3.764979013609179,3.888911724090576,1618254400
2008-02-29,3.870351002617134,3.8978914249525007,3.7359410637376818,3.7425270080566406,1255480800
2008-03-03,3.7251653887144913,3.7712662110335717,3.532381185448636,3.644040107727051,1593043200
2008-03-04,3.6518233988730047,3.73833677905693,3.6042261716335506,3.730553388595581,1785383600
2008-03-05,3.699418558547088,3.746118480579368,3.659604739719058,3.7266600131988525,1221836000
2008-03-06,3.7302531253495834,3.8167664846122773,3.6164987054220545,3.620091438293457,1473698800
2008-03-07,3.6045251992173966,3.681459423002251,3.5638136778591614,3.659606456756592,1230462800
2008-03-10,3.6515238323494854,3.6958280793605285,3.5733917785537748,3.5829713344573975,999588800
2008-03-11,3.71498609936398,3.816167341977868,3.6521214745017,3.8122756481170654,1163943200
2008-03-12,3.802997778387911,3.852091414196394,3.747018035935033,3.7727622985839844,1059629200
2008-03-13,3.7149865462257154,3.876637544616549,3.6820572246620555,3.8299384117126465,1262102800
2008-03-14,3.888012539572633,3.9005857061003035,3.7179794271517963,3.7901246547698975,1156640800
2008-03-17,3.6685873073064386,3.8493970428222055,3.6685873073064386,3.7937166690826416,1072598800
2008-03-18,3.867058770148993,3.981412336201819,3.8517917505339967,3.9760234355926514,1205120000
2008-03-19,3.985002622507982,4.020026661500203,3.881725072860718,3.8817250728607178,1010536800
2008-03-20,3.925133119695438,3.9900928847144574,3.8670582608298902,3.989494562149048,908787600
2008-03-24,4.011645692859405,4.216404284586666,4.000570131747657,4.176889419555664,1066920400
2008-03-25,4.189763841633625,4.283761278191071,4.111034228907588,4.2202982902526855,1052391200
2008-03-26,4.217003461667447,4.36278913266816,4.2101185554464,4.342432975769043,1182084400
2008-03-27,4.339140422090581,4.349917022999218,4.190660500303125,4.19844388961792,999829600
2008-03-28,4.2448430218634385,4.330158124465286,4.238855800784933,4.281064510345459,714610400
2008-03-31,4.288847594097095,4.361890087359536,4.2663959163232565,4.295732498168945,768065200
2008-04-01,4.379553665128301,4.480136621723056,4.2990279072349376,4.476244926452637,1032567200
2008-04-02,4.453792299109617,4.526236489058607,4.366082291196424,4.415175914764404,1044968400
2008-04-03,4.402302351329319,4.598978140994186,4.400506185245712,4.538508415222168,1051568000
2008-04-04,4.555872974181502,4.631309984733161,4.512766168106426,4.582515716552734,854417200
2008-04-07,4.6738169956283215,4.78038754096861,4.643283364721848,4.666633129119873,1158326400
2008-04-08,4.596584338583963,4.683396647495811,4.559763328055552,4.575329303741455,1014294400
2008-04-09,4.589401259238428,4.606763408788264,4.504084919342998,4.533421516418457,873398400
2008-04-10,4.524141052731202,4.65256377472849,4.508274913498969,4.626520156860352,955763200
2008-04-11,4.571738758400604,4.5891009041903255,4.3825461255995695,4.404698848724365,1210076000
2008-04-14,4.393622463730205,4.467862016755852,4.326866538385502,4.423856735229492,845087600
2008-04-15,4.472353309118885,4.481933266555694,4.362191592377975,4.441819667816162,698037200
2008-04-16,4.541802471647759,4.613048817534661,4.508873948391669,4.601075172424316,795774000
2008-04-17,4.61514483153536,4.669927121406207,4.590598416823958,4.624724388122559,704267200
2008-04-18,4.763326610666854,4.857324035163143,4.741174679791135,4.820803165435791,1026765600
2008-04-21,4.855826312792994,5.044120502973146,4.842355858713931,5.033942222595215,1039152800
2008-04-22,5.011189146102036,5.029150810095689,4.732490388029806,4.795654773712158,1439572400
2008-04-23,4.910907091505003,4.934555819797501,4.8219984406922825,4.876181602478027,1504190800
2008-04-24,4.949522812812882,5.088422751915685,4.765419751901848,5.0572896003723145,1696066400
2008-04-25,5.10997747508456,5.121951120202711,4.981853317232063,5.080940246582031,992474000
2008-04-28,5.081538620029856,5.201280268264635,5.0629786305805755,5.156078338623047,787214400
2008-04-29,5.1222513586125995,5.258457490455448,5.096507097932874,5.240197658538818,923476400
2008-04-30,5.274323538730401,5.388377342152487,5.176434438476931,5.207268238067627,1139524400
2008-05-01,5.237500513791555,5.388375282287598,5.234507303037129,5.388375282287598,903576800
2008-05-02,5.394065569004525,5.445853853794418,5.3449719344998226,5.41651725769043,1006082000
2008-05-05,5.445851709512528,5.547332710886994,5.419807696942618,5.529970169067383,854557200
2008-05-06,5.527876144862408,5.60151738701138,5.453636979792107,5.587747573852539,918870400
2008-05-07,5.569485463928159,5.633846897879848,5.404541103940563,5.465908527374268,1157133600
2008-05-08,5.501233523370871,5.582957518136674,5.480279042350974,5.53985071182251,899085600
2008-05-09,5.48297237085508,5.515601529113876,5.429387537583828,5.4916534423828125,673072400
2008-05-12,5.544339355598176,5.653902703068377,5.473691346236893,5.632648468017578,818563200
2008-05-13,5.646119156133497,5.731136093933979,5.62366827686891,5.686532497406006,823236400
2008-05-14,5.724552621982634,5.754787301125665,5.555118194694967,5.5757737159729,916823600
2008-05-15,5.592236408853432,5.684736983693604,5.5141043664174845,5.679647445678711,873208000
2008-05-16,5.691023962262742,5.696712223229778,5.597924652250404,5.616484642028809,765769200
2008-05-19,5.623668349736592,5.648514517356883,5.4272914990722585,5.496143341064453,945820400
2008-05-20,5.442857502212766,5.572777399937269,5.391967722518402,5.564994812011719,969850000
2008-05-21,5.558111214551211,5.62636436066458,5.276119793614316,5.334194660186768,1157657200
2008-05-22,5.366223105816516,5.42818884043803,5.148891794852344,5.300065517425537,1206735600
2008-05-23,5.411426910401329,5.447948569013584,5.322519051822908,5.423401355743408,906917200
2008-05-27,5.470698537111961,5.580860614776611,5.4434574786905925,5.580860614776611,789905200
2008-05-28,5.6101963744000525,5.6263618700443585,5.499735351611551,5.598222732543945,743979600
2008-05-29,5.590740032257086,5.6338472315000265,5.553021332839774,5.588644504547119,647186400
2008-05-30,5.611396198221545,5.6739614766193505,5.609300670268974,5.6503119468688965,610184400
2008-06-02,5.6458203261863575,5.677252439411695,5.523983167543392,5.570982456207275,679840000
2008-06-03,5.593733570597668,5.633847560852462,5.45842594197347,5.549129962921143,750520400
2008-06-04,5.508717252488674,5.600619114950177,5.4850685241358805,5.543741703033447,726983600
2008-06-05,5.578166524675133,5.682940498169038,5.5590078164100944,5.670666694641113,755445600
2008-06-06,5.627860939311305,5.686235164690454,5.5545194557501505,5.557213306427002,966422800
2008-06-09,5.531766332760839,5.5362563486586,5.261149949097727,5.43657112121582,1888392800
2008-06-10,5.40364463315324,5.591339278584506,5.35904022135256,5.557213306427002,1140941200
2008-06-11,5.518295547639424,5.567988688438109,5.376103028929484,5.412623882293701,961550800
2008-06-12,5.432979739756863,5.46620841873038,5.12494439405543,5.186611175537109,1308333600
2008-06-13,5.138115342940579,5.213552326007698,4.948624602319542,5.15996789932251,1345957200
2008-06-16,5.127940117542499,5.32551372368673,5.061184165180853,5.2937822341918945,1051730400
2008-06-17,5.331499977263946,5.447949070855954,5.310844456827246,5.431185245513916,899656800
2008-06-18,5.421905425863949,5.454236033828768,5.30904945773417,5.350958824157715,811468000
2008-06-19,5.344971022284217,5.45842609170121,5.292584024078654,5.415318489074707,791949200
2008-06-20,5.368917463163409,5.418311238276465,5.23869860063167,5.246781349182129,888367200
2008-06-23,5.230914557441113,5.265041314028706,5.135720151198723,5.183617115020752,645780800
2008-06-24,5.159968822300113,5.2620485562907895,5.137816900918221,5.186312198638916,621947200
2008-06-25,5.227025188931958,5.353353197428992,5.20517262412212,5.310245990753174,644450800
2008-06-26,5.210860151373561,5.233910558996317,5.029451301091853,5.036935329437256,869610000
2008-06-27,4.984548354842161,5.106086178008099,4.913900725634694,5.09171724319458,1042249600
2008-06-30,5.094710544623696,5.148893712025099,4.987841015523785,5.012388229370117,684196800
2008-07-01,4.9162946232044185,5.23031722207651,4.9094097176023235,5.229119777679443,1111280800
2008-07-02,5.244684978552458,5.312039606919897,5.034538745880127,5.034538745880127,837519200
2008-07-03,5.076747409371257,5.153980950440265,4.96179518078859,5.0926127433776855,523362000
2008-07-07,5.183619037660419,5.30246180951165,5.1459003345248435,5.2434892654418945,820391600
2008-07-08,5.250673924012853,5.379396002857552,5.171045468099925,5.374905586242676,888350400
2008-07-09,5.39436498551919,5.415619231284993,5.212956892385297,5.216249465942383,895776000
2008-07-10,5.236304159598898,5.308747543280752,5.13003337321862,5.287493705749512,840688800
2008-07-11,5.252770123054098,5.301863752259883,5.118958488597445,5.166255950927734,930011600
2008-07-14,5.365626916707465,5.367422284234048,5.18122444626894,5.205172538757324,886054400
2008-07-15,5.163262119476163,5.200980819972508,4.980955599985238,5.078245162963867,1040043200
2008-07-16,5.0950098917672015,5.176733890607094,5.047114104054503,5.173141956329346,747790400
2008-07-17,5.211758225593278,5.238102007342947,5.130632950975012,5.1432061195373535,757526000
2008-07-18,5.044717068639992,5.078544871055332,4.939344765077924,4.9438347816467285,868414400
2008-07-21,4.996222801535197,5.014184470235058,4.8231964562186525,4.977962970733643,1360469600
2008-07-22,4.460377483959269,4.872288674031212,4.386436507670399,4.850136756896973,1879592400
2008-07-23,4.9390470157386215,5.040228696833513,4.836368528738674,4.977065086364746,1061768400
2008-07-24,4.918990195410648,4.947130148592692,4.7432699647990635,4.760632514953613,839619200
2008-07-25,4.801641509956792,4.879474193313908,4.749254518922813,4.85313081741333,633637200
2008-07-28,4.85971549234222,4.863607185766099,4.610652708747253,4.622028827667236,780712800
2008-07-29,4.6522646465931965,4.773204146069451,4.599578685983262,4.70225715637207,684070800
2008-07-30,4.723212773617007,4.8043376548106975,4.672322572173724,4.78607702255249,725183200
2008-07-31,4.716025797871309,4.855524430234594,4.699261981132642,4.75823450088501,637498400
2008-08-01,4.786673548113171,4.789368597077635,4.662441902780613,4.689682960510254,544639200
2008-08-04,4.687887433632786,4.726803977963142,4.577425582948255,4.587005138397217,592527600
2008-08-05,4.652562238521598,4.8136148694778695,4.63460137675878,4.808825492858887,688371600
2008-08-06,4.788771117941247,5.0111912896853,4.729798561326685,4.915099143981934,791408800
2008-08-07,4.870792250891828,4.9737708642986895,4.8345707590399885,4.8965373039245605,672372400
2008-08-08,4.905220871805871,5.078547429228194,4.901927898230592,5.0755534172058105,713997200
2008-08-11,5.0911181721161185,5.283602572756053,5.079143727524351,5.195592403411865,891304400
2008-08-12,5.194394387942237,5.367121322408835,5.194095026883386,5.290487289428711,836278800
2008-08-13,5.3279070857269755,5.388376026468347,5.265641179114261,5.3674211502075195,842346400
2008-08-14,5.33838505922959,5.401848019241059,5.323716763731171,5.368021011352539,711300800
2008-08-15,5.359638135281309,5.380891971256358,5.240195869675359,5.2608513832092285,708251600
2008-08-18,5.255760507867793,5.3228157697608935,5.2033735345536964,5.250372409820557,552014400
2008-08-19,5.224929271038305,5.300666438063972,5.143205680760658,5.194694995880127,616204400
2008-08-20,5.231814604381692,5.2967743663976865,5.197089115372127,5.263845443725586,506951200
2008-08-21,5.22283259650575,5.252169181512352,5.145599839825428,5.217444896697998,539744800
2008-08-22,5.263248282645633,5.31353976489901,5.255764252690739,5.292285919189453,439611200
2008-08-25,5.273125763920978,5.275521452578623,5.138715799665832,5.165358543395996,484425200
2008-08-26,5.171643229882578,5.235106174196166,5.167152814101623,5.197986602783203,445550000
2008-08-27,5.188109360457156,5.261451243130671,5.1545817111803105,5.228821277618408,477780800
2008-08-28,5.2470814734868325,5.276118700918824,5.17134471366563,5.2009806632995605,431384800
2008-08-29,5.177632516635388,5.193797620215213,5.06028573517562,5.074954032897949,599289600
2008-09-02,5.1608686772595505,5.1937976066763625,4.939346207101161,4.974969387054443,780763200
2008-09-03,4.994424978547412,5.0495066116000835,4.909408839645461,4.998017311096191,734834800
2008-09-04,4.965088906365936,5.026457127694138,4.813915159843503,4.826188564300537,743386000
2008-09-05,4.747459525358606,4.861513310391539,4.719319581045667,4.795056343078613,786884000
2008-09-08,4.92647394045034,4.936053497648911,4.534020649137259,4.727403163909912,1045979200
2008-09-09,4.695670021625029,4.788469551124297,4.484026950372281,4.540604591369629,1245025600
2008-09-10,4.559762647530601,4.639690039846517,4.454390368392094,4.538508415222168,973142800
2008-09-11,4.4358318652994235,4.579821776254065,4.370572735330534,4.569643497467041,971135200
2008-09-12,4.517553407632625,4.517553407632625,4.385538013916634,4.458580493927002,793027200
2008-09-15,4.251726546426872,4.421160851144976,4.2017340660095215,4.2017340660095215,920634400
2008-09-16,4.007154215882728,4.265796511214537,3.955965086206065,4.187365531921387,1199836400
2008-09-17,4.1457569681857604,4.14635609009836,3.826645612716675,3.826645612716675,1200455200
2008-09-18,3.9086683160303863,4.05415461176331,3.612606985595205,4.014041423797607,1676253600
2008-09-19,4.268791029649252,4.31668800253404,4.080497308995101,4.218200206756592,1430875600
2008-09-22,4.18916484103456,4.1984450385263505,3.9113644332798794,3.9230387210845947,856713200
2008-09-23,3.946986925492992,4.065231385020089,3.791621282829009,3.7970101833343506,1280364400
2008-09-24,3.8098824646713694,3.9200449766983674,3.746419495612954,3.852989673614502,1047015200
2008-09-25,3.885618390551756,4.034996798654535,3.847301364441891,3.949381113052368,1006045600
2008-09-26,3.73923437032133,3.885618782155992,3.682057986687592,3.8389196395874023,1126451200
2008-09-29,3.5808764999701865,3.5826726670499083,3.011205164155706,3.151003837585449,2622057200
2008-09-30,3.2405092247215292,3.442573761699594,3.1821358111894353,3.4024605751037598,1626682400
2008-10-01,3.350371973131412,3.3635432583964073,3.2147642298016583,3.266552686691284,1296484000
2008-10-02,3.2333262760140062,3.256675649499406,2.9935437579161577,2.99653697013855,1609364400
2008-10-03,3.113284457150571,3.1881223331156634,2.833387827414214,2.905831813812256,2294398400
2008-10-06,2.752862321581403,2.957021625129705,2.6205478938008384,2.9378631114959717,2107417200
2008-10-07,3.007911198818,3.0384456314469808,2.6627562425762004,2.6690428256988525,1878772000
2008-10-08,2.5717527491782928,2.88368010487713,2.5648678417071045,2.6879026889801025,2207741200
2008-10-09,2.794472540782645,2.867814217533076,2.592407779071742,2.6564700603485107,1617383600
2008-10-10,2.565466205271417,2.993543474248413,2.5445113236133805,2.897749900817871,2219299600
2008-10-13,3.1297493476048,3.3087629112300982,3.0240768645363305,3.300680160522461,1539076000
2008-10-14,3.4802932323917086,3.484484288538712,3.0875399923307225,3.1156797409057617,1980994400
2008-10-15,3.108494682646476,3.2030914085005215,2.930378992528942,2.9321751594543457,1584175600
2008-10-16,2.986657974266647,3.0962221687212477,2.746276939793025,3.050121545791626,1980521200
2008-10-17,2.98156841528733,3.0546109250833244,2.571153739016642,2.915709972381592,1762227600
2008-10-20,2.9869567801994856,2.9944410087164997,2.803153832078836,2.946843385696411,1549170000
2008-10-21,2.9022384947995485,2.930677389597633,2.728912076103103,2.738790988922119,2193660000
2008-10-22,2.9148130208122827,3.0309621593662355,2.7819000561015823,2.8998453617095947,2248808800
2008-10-23,2.88906731320446,2.9710902358849647,2.7510650777312513,2.9405558109283447,1675430400
2008-10-24,2.7040665464563083,2.9306785094026018,2.6974810017415445,2.885176420211792,1590058400
2008-10-27,2.845960941139437,2.9225959922380933,2.749868215774593,2.756753921508789,1208771200
2008-10-28,2.85673771413247,3.008510809340845,2.7651358063359397,2.9908483028411865,1634133200
2008-10-29,3.019286978250995,3.2791264065297443,2.9917465576113633,3.129748821258545,1950978400
2008-10-30,3.2399107392702033,3.358455332929097,3.221350751354782,3.3240292072296143,1638089600
2008-10-31,3.215064378494219,3.316246628760101,3.147410570444366,3.220752239227295,1659756000
2008-11-03,3.171059968637565,3.2659558559189903,3.1390291244583755,3.2018935680389404,1057938000
2008-11-04,3.292597692835204,3.3464816997113127,3.1932123906613503,3.32253360748291,1398681200
2008-11-05,3.2602675787640725,3.2845148314814927,3.0830495839230143,3.092329978942871,1256455200
2008-11-06,3.0249751131369873,3.0767627873139025,2.9336717718970515,2.9666008949279785,1319074400
2008-11-07,2.9707925744551926,2.9890526070484786,2.865419238721267,2.940856456756592,1095253600
2008-11-10,2.9986311590890353,3.005516063710806,2.8288972369426597,2.870208263397217,1123822000
2008-11-11,2.838178141797501,2.9088259849302633,2.761843235322328,2.8369812965393066,1224538000
2008-11-12,2.7669311934680727,2.7911792453153677,2.694487997782472,2.6977803707122803,1178976400
2008-11-13,2.6902961777751915,2.886972188949585,2.5750449724788727,2.886972188949585,1854087200
2008-11-14,2.806744885294905,2.8136305896876106,2.694188318760415,2.7013723850250244,1405266800
2008-11-17,2.6486863584415796,2.710652904696221,2.6121655047004944,2.6385080814361572,1162526400
2008-11-18,2.683411799130234,2.7238245491795805,2.600191210346456,2.6914937496185303,1209695200
2008-11-19,2.677424970553549,2.7414862533747293,2.5807335247051695,2.5831282138824463,1171900800
2008-11-20,2.551696586914329,2.5879182910905136,2.394834723289819,2.409503221511841,1716814400
2008-11-21,2.4526093963835804,2.5181686901894516,2.3690902317816076,2.4720680713653564,1569271200
2008-11-24,2.5507969496901937,2.8375782403934915,2.539720990538958,2.7824974060058594,1442257600
2008-11-25,2.8327894569018386,2.8351841459593192,2.6391068140858835,2.7181365489959717,1235292800
2008-11-26,2.6917937219814414,2.8513493831304797,2.689698194388888,2.843865156173706,899836000
2008-11-28,2.8348856762597707,2.8366818433714545,2.7498686983647125,2.7741167545318604,297774400
2008-12-01,2.733103999689411,2.7621414258756727,2.661857659047984,2.662156820297241,923767600
2008-12-02,2.69508659094792,2.7735178106933662,2.5894149063639222,2.7681291103363037,1148722400
2008-12-03,2.6762268544334638,2.880686087062618,2.6582659879869963,2.87080717086792,1338680000
2008-12-04,2.8268021203875042,2.85015168667764,2.6660486068958194,2.7363972663879395,1091370000
2008-12-05,2.704666746026849,2.8285994875682112,2.6600625258453947,2.8139309883117676,1043795200
2008-12-08,2.9121192511333085,3.017491590142381,2.8678147951003465,2.985161781311035,1185142000
2008-12-09,2.934869691579752,3.1013102786601623,2.910023118149803,2.9953384399414062,1203496000
2008-12-10,2.929780255311758,2.9782755596996786,2.8887691790716596,2.939958333969116,938047600
2008-12-11,2.9142136121830093,3.030662076504412,2.8387764174156676,2.843865156173706,1040617200
2008-12-12,2.7780078438896045,2.9636069420993434,2.7699250936503645,2.9417545795440674,1041174400
2008-12-15,2.873500807170509,2.8800863506710805,2.7839944500385254,2.836381435394287,891758000
2008-12-16,2.8133318501053717,2.888169731841168,2.7765108321139165,2.8567376136779785,1093506400
2008-12-17,2.7250213531953484,2.7271168809028987,2.634915660175885,2.6690428256988525,1293860400
2008-12-18,2.673533396987626,2.719035494425999,2.6474891756330945,2.677125930786133,857416000
2008-12-19,2.6923917518277944,2.722327057677073,2.658265591089432,2.694188117980957,801920000
2008-12-22,2.694787607235727,2.695086968417461,2.5352318943421968,2.566664218902588,844740400
2008-12-23,2.600489920518012,2.630425226520206,2.571452497836253,2.5858216285705566,635031600
2008-12-24,2.578638502497678,2.5819310758617857,2.531041073137207,2.5457093715667725,271334000
2008-12-26,2.593605296579529,2.6169548617683978,2.551695743737773,2.568758726119995,308324800
2008-12-29,2.5900128686734813,2.6229421897903915,2.5466063088018993,2.5927069187164307,686000000
2008-12-30,2.6169552218969367,2.6358145732311575,2.5361291164294304,2.5831282138824463,967601600
2008-12-31,2.57354881383819,2.6265341378454012,2.5546894613605797,2.5549886226654053,607541200
2009-01-02,2.5708546809995343,2.7253218296157646,2.5493014785852086,2.716639757156372,746015200
2009-01-05,2.78908343907943,2.8791889261025605,2.7753126295300823,2.831292152404785,1181608400
2009-01-06,2.8723048835507514,2.90882574731228,2.7657347049280823,2.7845940589904785,1289310400
2009-01-07,2.748372061158226,2.769026780661533,2.7019714843940914,2.7244231700897217,753048800
2009-01-08,2.707061643338256,2.7884860930522692,2.6953863564281995,2.775014638900757,673500800
2009-01-09,2.7902817742411625,2.795370514191005,2.6983798981347427,2.7115511894226074,546845600
2009-01-12,2.7079581015924115,2.723824238377221,2.620846427897685,2.6540749073028564,617716400
2009-01-13,2.641500800183209,2.686403542599286,2.5849229810293965,2.6256346702575684,798397600
2009-01-14,2.5816312167574442,2.611865691502482,2.5361291246339013,2.5543899536132812,1021664000
2009-01-15,2.411896852639173,2.5181678284111735,2.396330677374997,2.4960153102874756,1831634000
2009-01-16,2.5235563792218354,2.5259510684280118,2.4068087356430063,2.4645836353302,1047625600
2009-01-20,2.452608653389657,2.4547041808469685,2.340949773788452,2.340949773788452,919914800
2009-01-21,2.376573940458916,2.481048797941358,2.3741792507698967,2.4795517921447754,1089270000
2009-01-22,2.6355147246501383,2.69418829569137,2.56905796558109,2.6450936794281006,1409528400
2009-01-23,2.598993073564419,2.6902964019167093,2.5894143186269587,2.6450936794281006,763770000
2009-01-26,2.6600619064073543,2.7232263068152145,2.6432978826122486,2.6834120750427246,692238400
2009-01-27,2.6998760244846345,2.740588740646294,2.686405372440669,2.716041326522827,618038400
2009-01-28,2.7576510593356174,2.843865050093978,2.7390910724606155,2.8199169635772705,861406000
2009-01-29,2.7866887633516475,2.824108301767538,2.7720204689612093,2.7839949131011963,592729200
2009-01-30,2.7720207411221125,2.8025543776337765,2.6944880062681302,2.698080539703369,651478800
2009-02-02,2.667246349250566,2.7540586668968494,2.661259127475915,2.7393903732299805,558247200
2009-02-03,2.7516645232989654,2.7953704515526585,2.702570893742509,2.783396005630493,599309200
2009-02-04,2.7905809896924407,2.881285016762804,2.7869884561823124,2.8004589080810547,808421600
2009-02-05,2.777109245812728,2.9112198245563303,2.772619029039682,2.887571096420288,749246400
2009-02-06,2.9043356605080564,2.993543694623186,2.9037373378211577,2.985161781311035,687209600
2009-02-09,2.9935435088050206,3.0833490606702436,2.978575050851705,3.068680763244629,715010800
2009-02-10,3.033357141020029,3.06868035495871,2.9055329379909414,2.9285831451416016,849060800
2009-02-11,2.8848771660908104,2.9429512209431223,2.8669155001348785,2.8983476161956787,674973600
2009-02-12,2.8687121037501533,2.9860590746121214,2.8687121037501533,2.9716899394989014,817188400
2009-02-13,2.9633073640795207,2.991746466636822,2.937263949507216,2.9683969020843506,608977600
2009-02-17,2.899844171030616,2.9049329092465346,2.822311456930529,2.8297948837280273,678238400
2009-02-18,2.8453628437827274,2.8693107370951525,2.775613492897184,2.8250064849853516,684779200
2009-02-19,2.7950705369927378,2.8214133136029824,2.697480820454958,2.7133469581604004,922804400
2009-02-20,2.676226651163853,2.7660329749802415,2.6642522082009963,2.7301106452941895,750316000
2009-02-23,2.7435820297882514,2.7540592705091806,2.5897141934259653,2.6028854846954346,786982000
2009-02-24,2.617852265209185,2.720830069697994,2.6043816173008265,2.7016713619232178,807105600
2009-02-25,2.6899986993046876,2.7816006390368746,2.6717378638601104,2.728914260864258,833053200
2009-02-26,2.7540582497594275,2.7815988662299036,2.6630550904949963,2.6699399948120117,629868400
2009-02-27,2.632222397823125,2.7331047133312563,2.6244390074567514,2.6735334396362305,706658400
2009-03-02,2.6379091358075213,2.7301103378329086,2.6244378889914213,2.6325204372406006,770929600
2009-03-03,2.662156475501243,2.71633982652956,2.630724364508336,2.645392656326294,724340400
2009-03-04,2.6995775149438015,2.777110271886521,2.677724945379202,2.7292134761810303,741403600
2009-03-05,2.707958711049202,2.7501674325747643,2.6477891205586586,2.659463405609131,706899200
2009-03-06,2.6444959408088997,2.646292307612897,2.4645838801159505,2.553492546081543,1011147200
2009-03-09,2.519964840940812,2.6223433580333118,2.4717688941746876,2.487933397293091,698297600
2009-03-10,2.5406194329370515,2.669342324596386,2.525352614372551,2.65317702293396,844258800
2009-03-11,2.6885006133009606,2.8160256500667185,2.6816157073616846,2.7744152545928955,846372800
2009-03-12,2.7810008401189266,2.891163525494527,2.7540587410882313,2.884277820587158,768457200
2009-03-13,2.8827813375977405,2.909723434039378,2.844164159502961,2.871704578399658,601168400
2009-03-16,2.889666643584695,2.9154108996466754,2.8193179818759875,2.856438159942627,797244000
2009-03-17,2.851050665640967,2.9842629810930785,2.8459611263719764,2.983365297317505,786646000
2009-03-18,2.9908472999767697,3.0977167893999034,2.985160239779371,3.039043426513672,796037200
2009-03-19,3.048922630098689,3.08933517386851,3.0010258600415645,3.0420377254486084,500180800
2009-03-20,3.056108216997521,3.0866426604165778,3.01060691227876,3.041140556335449,695587200
2009-03-23,3.0746671604849496,3.2378153546887285,3.0459296953666097,3.2228477001190186,666397200
2009-03-24,3.1839307027492736,3.2761316996962133,3.1548938825270447,3.1881215572357178,640612000
2009-03-25,3.2204534975240944,3.24380286631863,3.109093755011486,3.187823534011841,646618000
2009-03-26,3.227936452107194,3.292297890590541,3.22045322384993,3.2890055179595947,616252000
2009-03-27,3.2399110893454823,3.248891523342757,3.1851294027913193,3.1986000537872314,492872800
2009-03-30,3.1285520518587036,3.1435195108710254,3.0716748283133817,3.12795352935791,502796000
2009-03-31,3.156690796006811,3.21656202701984,3.14322014372992,3.146812677383423,570080000
2009-04-01,3.115978807926064,3.2629617324872457,3.109991585040095,3.2536821365356445,589372000
2009-04-02,3.297087523503894,3.435089997502338,3.286310723392515,3.374021530151367,812366800
2009-04-03,3.418325660969732,3.4764005084893426,3.398269268993093,3.4722094535827637,636241200
2009-04-06,3.440778803980802,3.554832620375331,3.3910856454664775,3.5458521842956543,658064400
2009-04-07,3.4883759578012112,3.492567013917301,3.4183266474756193,3.4425745010375977,536580800
2009-04-08,3.4554465390190763,3.496158455450026,3.4300016412098704,3.4820892810821533,455630000
2009-04-09,3.5449532787130926,3.592250732028871,3.5311822689445047,3.579378604888916,530756800
2009-04-13,3.5925496008439404,3.621587226033934,3.5623153306914017,3.5988361835479736,389236400
2009-04-14,3.5793785290357185,3.5973401939866814,3.509928356616067,3.5416598320007324,454622000
2009-04-15,3.508431296433762,3.5398638117152093,3.4653248974950674,3.521603584289551,412882400
2009-04-16,3.5680033027566327,3.6865470971469674,3.5560288591365756,3.63565731048584,593446000
2009-04-17,3.627575791409531,3.719477678958748,3.599735999912516,3.6946310997009277,497495600
2009-04-20,3.6440379154545157,3.6817566020488566,3.5671037372675736,3.607217311859131,466466000
2009-04-21,3.5590228615897854,3.6563136389079713,3.5503417877163277,3.644937515258789,470685600
2009-04-22,3.6709814401795215,3.7524060651779436,3.6281732001828546,3.63745379447937,938767200
2009-04-23,3.7904240953906387,3.807786642157097,3.6973243778186458,3.7539024353027344,945156800
2009-04-24,3.7311519575217975,3.746119614201404,3.6811598483203456,3.7089996337890625,540764000
2009-04-27,3.679065164307529,3.7419294167174444,3.671880095925263,3.733846664428711,480690000
2009-04-28,3.6925347717923103,3.778150455451113,3.689840921328465,3.7089996337890625,455856800
2009-04-29,3.7374381885988273,3.797308409987946,3.7069037561847646,3.746119260787964,458110800
2009-04-30,3.7784491766639356,3.80179894342095,3.7395338313247,3.766774892807007,498489600
2009-05-01,3.7658763646774904,3.830237803121908,3.7658763646774904,3.808983564376831,397516000
2009-05-04,3.838919585494596,3.9589606128711523,3.8221557602178953,3.9535725116729736,609358400
2009-05-05,3.943991659105207,3.9772199375844406,3.9251323119033454,3.9727299213409424,398255200
2009-05-06,3.9912908280869743,3.996379567627474,3.89819111516942,3.966444253921509,473538800
2009-05-07,3.961355039641437,3.9631512065727157,3.8287412453309297,3.863466739654541,531776000
2009-05-08,3.862867390956884,3.9284266807387542,3.779647392778379,3.8673582077026367,467964000
2009-05-11,3.812876181311813,3.9203440348315155,3.805391752989525,3.8787336349487305,404658800
2009-05-12,3.8784351648381654,3.882925583054509,3.6895426350304423,3.724566698074341,609481600
2009-05-13,3.6883427250615877,3.7125909698511026,3.573689842229087,3.5769832134246826,595971600
2009-05-14,3.5856645737519424,3.6979229769594215,3.583270084865212,3.6805596351623535,447826400
2009-05-15,3.6617002988345777,3.7305521463294236,3.640446462091421,3.664694309234619,367567200
2009-05-18,3.703911564106905,3.792819436880619,3.6392507479789993,3.7913222312927246,458841600
2009-05-19,3.796410360894826,3.8709492689577547,3.7640797649993734,3.815269708633423,372422400
2009-05-20,3.820658591009694,3.8679568504224533,3.7509090460975862,3.767972230911255,388584000
2009-05-21,3.746419828886071,3.7952141050145287,3.6787657974462795,3.7173821926116943,407946000
2009-05-22,3.713488991293395,3.717380685255791,3.6446375429904165,3.6670892238616943,297998400
2009-05-26,3.7347427610963786,3.9164509135127186,3.7284561793274427,3.9149537086486816,636927200
2009-05-27,3.944891373658775,4.040684145523015,3.9188469531650627,3.9829094409942627,646422000
2009-05-28,3.994882722098882,4.0529579873195365,3.952374636756822,4.043378829956055,487552800
2009-05-29,4.052957532611022,4.068224150575829,4.00685671886825,4.065530300140381,456534400
2009-06-01,4.085286240633976,4.190658509690568,4.0712162743252485,4.171500205993652,452499600
2009-06-02,4.160726727682806,4.231074213849886,4.141567210587707,4.175693988800049,456223600
2009-06-03,4.190960066549751,4.224188353965517,4.163120279692573,4.2193989753723145,565199600
2009-06-04,4.194852786853649,4.316091281291655,4.192158935596925,4.302919387817383,550634000
2009-06-05,4.3499178417022195,4.382547011696797,4.287053591821439,4.330759525299072,632716000
2009-06-08,4.305313311040538,4.317586317611924,4.173896576983229,4.306210994720459,931652400
2009-06-09,4.305013328106655,4.3274650112918485,4.207424006001015,4.272384166717529,676964400
2009-06-10,4.259212999455581,4.261308527348026,4.140070068481274,4.19844388961792,688623600
2009-06-11,4.177489415670621,4.237659003972016,4.147553302881174,4.189462661743164,524823600
2009-06-12,4.155336816644271,4.1640178899321,4.07241538045861,4.100255966186523,563085600
2009-06-15,4.071516701204651,4.099057119699631,4.037989061436417,4.073911190032959,539750400
2009-06-16,4.090976863253938,4.145160049742964,4.074213033157091,4.081697463989258,514805200
2009-06-17,4.091273449380693,4.1146236107331315,4.027212184587801,4.0586442947387695,571412800
2009-06-18,4.074511861201642,4.131089930255008,4.058945877807186,4.067626953125,427680400
2009-06-19,4.133184137471282,4.175992380826675,4.0981604828021725,4.175394058227539,721856800
2009-06-22,4.211016429008314,4.23765836633892,4.081096516818488,4.112228870391846,634914000
2009-06-23,4.083190841769766,4.099654497434401,3.977817770047311,4.01164436340332,706532400
2009-06-24,4.053856395467473,4.116121516699731,4.037092570630711,4.077804088592529,485525600
2009-06-25,4.063733914215009,4.196946809468312,4.0475692137498855,4.186768531799316,589447600
2009-06-26,4.184672756140626,4.297529489051269,4.183175950689739,4.264001846313477,439384400
2009-06-29,4.294535415020722,4.309203708541667,4.237059685279958,4.249931812286377,567616000
2009-06-30,4.268193286172562,4.304714143421905,4.24484391839684,4.263702869415283,434224000
2009-07-01,4.2957320068451965,4.330457482989265,4.266395428354875,4.275674819946289,414178800
2009-07-02,4.228378419557283,4.275675870213297,4.184672502403568,4.19155740737915,370479200
2009-07-06,4.152043062949605,4.160725334482939,4.078701589563471,4.149349212646484,498688400
2009-07-07,4.145456764525865,4.181379291754886,4.04667001448655,4.053255558013916,461596800
2009-07-08,4.068822680121037,4.132285224542436,4.02391892214191,4.107738018035889,575929200
2009-07-09,4.123904289196273,4.13078919498272,4.06912240560672,4.081994533538818,343025200
2009-07-10,4.081397371987302,4.160126967511489,4.080797850240097,4.146656513214111,445275600
2009-07-13,4.177189614849295,4.2610087394714355,4.117020021367115,4.2610087394714355,483501200
2009-07-14,4.251729648156942,4.286154984255921,4.22568602528106,4.258913516998291,347247600
2009-07-15,4.341833246715388,4.400506814797847,4.32028004999047,4.396914482116699,485587200
2009-07-16,4.363387839832232,4.431042255071582,4.3577003781355685,4.416073799133301,393570800
2009-07-17,4.462772883914153,4.550783039517426,4.449301635851663,4.542700290679932,602154000
2009-07-20,4.5882028792074,4.641188595048358,4.516956535884043,4.577425479888916,735526400
2009-07-21,4.588800214909643,4.59299086937696,4.482828415565922,4.5355143547058105,874781600
2009-07-22,4.7235111880576275,4.7516511356559405,4.673219714797562,4.692079067230225,874104000
2009-07-23,4.688785930822061,4.74296829308891,4.6567546918737435,4.724409103393555,526962800
2009-07-24,4.698364463214253,4.789667590843531,4.684893614791835,4.789368629455566,438362400
2009-07-27,4.79475624063979,4.816010476462126,4.707644569268444,4.792660713195801,433311200
2009-07-28,4.756139965883126,4.792660817372101,4.717822148612542,4.78966760635376,363554800
2009-07-29,4.756738887444939,4.803138656187013,4.737280816764452,4.790565490722656,382158000
2009-07-30,4.84055616545395,4.930960780162214,4.834568946063654,4.873186111450195,469604800
2009-07-31,4.8791746001792795,4.939344981520535,4.876779711407763,4.891149044036865,422536800
2009-08-03,4.945630887128143,4.98843912183395,4.935453010101801,4.982152938842773,394240000
2009-08-04,4.93725102949081,4.95640974609611,4.915697823030865,4.955811023712158,395810800
2009-08-05,4.961797665568116,5.0108912965691905,4.915697246454554,4.942639350891113,423183600
2009-08-06,4.956708138492196,4.984548726149391,4.882169608335452,4.906716823577881,341616800
2009-08-07,4.954013455725676,4.987241739276801,4.933357939001207,4.954611778259277,387354800
2009-08-10,4.959104422100652,4.987243175248138,4.899232982758763,4.930964469909668,300294400
2009-08-11,4.9001292128645835,4.920785129089245,4.845946851318174,4.874385356903076,355342400
2009-08-12,4.8660031011782126,4.9905349189437285,4.863309250997071,4.948625564575195,445071200
2009-08-13,4.988737472863223,5.049207199661989,4.984247057577958,5.041722774505615,439980800
2009-08-14,5.0273561303408325,5.036037204157191,4.955212090370859,4.992631435394287,305816000
2009-08-17,4.89593857195089,4.897136416054398,4.772305233099432,4.777394771575928,524381200
2009-08-18,4.8384620740740125,4.91659331189191,4.831876530471848,4.909409046173096,431152400
2009-08-19,4.871990344012134,4.948325425363046,4.863009910780689,4.927370548248291,413271600
2009-08-20,4.938747351245628,4.990835394180305,4.927671787590716,4.979160308837891,342031200
2009-08-21,5.0186761917076455,5.070165522666543,4.993230887450995,5.065674304962158,416074400
2009-08-24,5.0926140438370755,5.110276347757307,5.037233842133306,5.060882568359375,406929600
2009-08-25,5.072856346929049,5.117160582422475,5.062977432471625,5.0710601806640625,324354800
2009-08-26,5.056690833280378,5.075550179317379,4.992030446685495,5.011488914489746,303998800
2009-08-27,5.051603523750393,5.076149937186549,4.93425675942134,5.072558403015137,449181600
2009-08-28,5.156976884692023,5.163562430642389,5.045018606724523,5.090519905090332,453700800
2009-08-31,5.033940855547999,5.054596372200954,4.9842485106280705,5.035438060760498,311337600
2009-09-01,5.028852658386053,5.089023048191795,4.937549509533053,4.948326110839844,469028000
2009-09-02,4.927969797501037,5.017476369756105,4.912702381155187,4.944733619689941,364249200
2009-09-03,4.982454286732182,5.0022113280888165,4.939347069980311,4.98574686050415,293955200
2009-09-04,5.007597877630847,5.1099769697258415,5.00191001706523,5.098301887512207,374628800
2009-09-08,5.17823125345646,5.1830206329023705,5.148894655665437,5.176734447479248,315047600
2009-09-09,5.172242541354186,5.222833369784111,5.080041318092528,5.1231489181518555,811087200
2009-09-10,5.1506893875369935,5.186312560505486,5.1132700478963695,5.165657043457031,491134000
2009-09-11,5.176134392939,5.184217143135739,5.1150663235101215,5.153682708740234,348961200
2009-09-14,5.11386807532743,5.205769933009381,5.096505931194211,5.200382232666016,322011200
2009-09-15,5.209961618139402,5.2581575611766,5.196491166609517,5.2434892654418945,426470800
2009-09-16,5.328208048379332,5.470700780855295,5.324915075208788,5.444357395172119,754023200
2009-09-17,5.447648511423347,5.591637190878592,5.44734915035003,5.5245819091796875,810572000
2009-09-18,5.562899311818064,5.5844525081267,5.530867679363163,5.538651466369629,601582800
2009-09-21,5.516801242395736,5.5428444658033404,5.436873806382754,5.508718490600586,437715600
2009-09-22,5.543741324086045,5.549428785112208,5.473692028103727,5.522486686706543,356753600
2009-09-23,5.550028696163281,5.654802694423779,5.538951934582656,5.5530219078063965,593563600
2009-09-24,5.6039116333256365,5.618879290083214,5.47129825040885,5.502730369567871,550880400
2009-09-25,5.448546330156532,5.553020949250322,5.4314831482351025,5.459322929382324,445239200
2009-09-28,5.5042250283642415,5.5883434743348515,5.488059933396546,5.572477340698242,337444800
2009-09-29,5.589842288394992,5.609898282931124,5.517398101674256,5.549428939819336,345385600
2009-09-30,5.571881857434328,5.581461414699834,5.466509525281664,5.548532485961914,539585200
2009-10-01,5.5485325484277315,5.574575770993138,5.4093320034329935,5.414122581481934,524711600
2009-10-02,5.430585161323829,5.566192126197071,5.428788994939693,5.535058975219727,553308000
2009-10-05,5.573976679959556,5.5937337149563024,5.516200781878259,5.568587779998779,423133200
2009-10-06,5.620078205812112,5.688031196594238,5.606907112997032,5.688031196594238,605085600
2009-10-07,5.6805440758173145,5.704192793940596,5.65869072421721,5.695212364196777,465668000
2009-10-08,5.707490132310534,5.731138866874634,5.654503601548955,5.665879726409912,438211200
2009-10-09,5.656899198002921,5.70868668443801,5.646421956242282,5.701801776885986,293272000
2009-10-12,5.718265495958638,5.732933791356186,5.676954460201404,5.711978912353516,288024800
2009-10-13,5.706589924299435,5.722755023935395,5.678750141504459,5.688329696655273,348020400
2009-10-14,5.755085869753761,5.757180997997335,5.694616919476148,5.726348400115967,375510800
2009-10-15,5.676654693134382,5.7152710763325665,5.673661481788968,5.704494476318359,373556400
2009-10-16,5.668273008019473,5.6985076822956255,5.623070277486736,5.629356861114502,431426800
2009-10-19,5.6233693377529805,5.687729968658664,5.554517891167882,5.683538913726807,942230800
2009-10-20,6.005048009702153,6.039473345381484,5.922724886582487,5.949965953826904,1141039200
2009-10-21,5.9727137347657555,6.247820905294935,5.964032665223824,6.134365081787109,1193726800
2009-10-22,6.127781652698065,6.222078410386366,6.062223563533562,6.142749309539795,791392000
2009-10-23,6.157718176280652,6.160711388103691,6.083777171171541,6.1050310134887695,420786800
2009-10-26,6.0969482436639355,6.18914906148879,5.9900787323986915,6.0613250732421875,484338400
2009-10-27,6.036778435486725,6.0712037651268185,5.880814090262923,5.908355712890625,756551600
2009-10-28,5.918533655198019,5.927814250921338,5.7206607228589545,5.75957727432251,818386800
2009-10-29,5.837409363107607,5.891592935901535,5.7517940662830505,5.877821922302246,570270400
2009-10-30,5.869140293401584,5.891292218684012,5.632949546761128,5.642828464508057,717525200
2009-11-02,5.681746319992365,5.773947188382874,5.5551197066625,5.667078018188477,678983200
2009-11-03,5.623370643664813,5.673361954985007,5.565594743763226,5.6503119468688965,522541600
2009-11-04,5.709584423042161,5.802982295979334,5.69461676652056,5.711978912353516,487530400
2009-11-05,5.7595764039520265,5.837408296074031,5.742213459142084,5.808371067047119,384801200
2009-11-06,5.762870250782286,5.843096649901271,5.759577677443794,5.817651748657227,295097600
2009-11-09,5.895482453398541,6.0439623726789105,5.875127096116014,6.030791282653809,528855600
2009-11-10,6.017621303305862,6.136165140095722,6.017321942108289,6.076294898986816,401195200
2009-11-11,6.123589047523304,6.136760933071001,6.041865083644367,6.084373950958252,443870000
2009-11-12,6.081082893090645,6.132871169429134,6.029893738691987,6.046657562255859,363731200
2009-11-13,6.072998707208903,6.1316722756551565,6.049050621881401,6.120296955108643,343240800
2009-11-16,6.15113028776525,6.226567680015551,6.137061116588403,6.185556411743164,485206400
2009-11-17,6.169093864500783,6.20980538463611,6.136763657709633,6.196634292602539,396513600
2009-11-18,6.18286303055951,6.196632841705152,6.106826510712173,6.165499687194824,374320800
2009-11-19,6.12508887834009,6.12508887834009,5.981099346741353,6.002353191375732,542326400
2009-11-20,5.961642558376792,5.998762551249321,5.920032147088745,5.984692573547363,406666400
2009-11-23,6.076891485953459,6.166697821168292,6.075394280712066,6.163105487823486,474896800
2009-11-24,6.146640872882789,6.163105734706029,6.073898517822913,6.119998931884766,318438400
2009-11-25,6.148737429388576,6.156221858423211,6.099643795554213,6.112515926361084,286454000
2009-11-27,5.963735792103396,6.075694057916511,5.938290895197223,6.0047478675842285,295257200
2009-11-30,6.020312386941458,6.037375567678266,5.9502638973154465,5.9843902587890625,424858000
2009-12-01,6.054140694012561,6.07000683361488,5.892190322429819,5.896381378173828,465763200
2009-12-02,5.955951096669674,6.029592320409617,5.859858592272233,5.874227523803711,715260000
2009-12-03,5.909853019200152,5.95655296435404,5.875427681987014,5.8817138671875,448719600
2009-12-04,5.978105499227544,5.983493200587558,5.696113289980626,5.7871174812316895,826884800
2009-12-07,5.787116564840993,5.800587414832357,5.648215810430579,5.6562981605529785,714758800
2009-12-08,5.6685727791686835,5.758080163333089,5.648815742843058,5.683839797973633,690398800
2009-12-09,5.726047953662921,5.9320035773337025,5.697010329034686,5.921226978302002,684782000
2009-12-10,5.97211896090814,5.978106184619281,5.870937278276787,5.8802170753479,489669600
2009-12-11,5.920627856181224,5.9272141999642995,5.790408977066459,5.827528953552246,429774800
2009-12-14,5.848484412932825,5.910151206031996,5.764365935112981,5.8966803550720215,495790400
2009-12-15,5.862253213576468,5.912544668055791,5.785618387885528,5.812560081481934,419459600
2009-12-16,5.840401000967759,5.882310754408149,5.823936540619256,5.838305473327637,352984800
2009-12-17,5.81525517000698,5.83740748995533,5.717665857293422,5.743410110473633,388838800
2009-12-18,5.78262572971965,5.852374858637576,5.765561749534781,5.850279331207275,608770400
2009-12-21,5.868840475952853,5.979601285253537,5.85746435446483,5.934099197387695,611906400
2009-12-22,5.9703219133721275,6.012530635267833,5.9469721440231424,5.997862339019775,349515600
2009-12-23,6.023006595003929,6.0583308024992,6.0113323123331135,6.049948692321777,345525600
2009-12-24,6.093355209457754,6.266981036298968,6.087367987941537,6.257700443267822,500889200
2009-12-28,6.3379291066415595,6.404684239985083,6.274764708103589,6.3346357345581055,644565600
2009-12-29,6.36516915153466,6.367863401251014,6.248420728578781,6.259496688842773,445205600
2009-12-30,6.251416078855882,6.346311974835647,6.235850096752483,6.335534572601318,412084400
2009-12-31,6.380138343124004,6.386724288461969,6.303204125854948,6.308292865753174,352410800
2010-01-04,6.389118719062898,6.421149562639879,6.357686597783846,6.4064812660217285,493729600
2010-01-05,6.424144139063494,6.453780096056392,6.383730780078478,6.417558193206787,601904800
2010-01-06,6.417557601330513,6.443002899203525,6.308891902803678,6.3154778480529785,552160000
2010-01-07,6.338824948104499,6.346308974116652,6.257999065897093,6.303800106048584,477131200
2010-01-08,6.295419764544936,6.346310353123808,6.258300586182776,6.3457112312316895,447610800
2010-01-11,6.370258675293541,6.376245897623317,6.24003978706942,6.289732933044434,462229600
2010-01-12,6.262190302803162,6.279553644446102,6.179269684967472,6.2181854248046875,594459600
2010-01-13,6.22267858432166,6.314280302076134,6.109821824395583,6.305898189544678,605892000
2010-01-14,6.289732833522723,6.3002100727529875,6.2571028720228075,6.269376277923584,432894000
2010-01-15,6.314281191893148,6.334338392562763,6.162808019787574,6.164604187011719,594067600
2010-01-19,6.236445670598521,6.4418025416231375,6.2038165172734905,6.437312126159668,730007600
2010-01-20,6.433420326851203,6.452579032832334,6.271470008610915,6.338226318359375,612152800
2010-01-21,6.3487071936852315,6.385527421942165,6.202921088239462,6.228665351867676,608154400
2010-01-22,6.19004775977148,6.211600961075492,5.9020691565602705,5.9197306632995605,881767600
2010-01-25,6.062225676300935,6.127783788313324,5.992775468555085,6.078989505767822,1065699600
2010-01-26,6.165201571374649,6.397500619425717,6.064319265600282,6.164902210235596,1867110000
2010-01-27,6.192140516476856,6.30379937384191,5.973013056464919,6.2229743003845215,1722568400
2010-01-28,6.1346682502668,6.151731036709648,5.9481702478399985,5.965831756591797,1173502400
2010-01-29,6.019415969153658,6.052943615557257,5.69521506730314,5.749398231506348,1245952400
2010-02-01,5.758678991519351,5.867344699255939,5.72664814536343,5.829326629638672,749876400
2010-02-02,5.864650186181864,5.876923593210651,5.788913416672095,5.863152980804443,698342400
2010-02-03,5.842497214550557,5.99307266377811,5.8200455297371745,5.9640350341796875,615328000
2010-02-04,5.889196262941924,5.938290687604771,5.734729920747182,5.749099254608154,757652000
2010-02-05,5.766460900290638,5.867343191605136,5.71317542453898,5.85117769241333,850306800
2010-02-08,5.858065537404952,5.923624042686643,5.807474293036336,5.811066627502441,478270800
2010-02-09,5.879915567609839,5.912245764485061,5.829923466915652,5.873030662536621,632886800
2010-02-10,5.864050086196572,5.885305124669221,5.815255824033045,5.841000080108643,370361600
2010-02-11,5.833815807494473,5.979601470348313,5.809268596200606,5.94727087020874,550345600
2010-02-12,5.930506054557419,6.036178510090743,5.852374816481093,5.998459815979004,655468800
2010-02-16,6.045159835233856,6.097546829310123,6.0325870685662455,6.088865756988525,543737600
2010-02-17,6.112515355476016,6.1161076892301836,6.012830092203385,6.063421726226807,436396800
2010-02-18,6.035880127145417,6.103534947112001,6.014626285037076,6.074796676635742,422825200
2010-02-19,6.042764256021107,6.082877437616164,6.0203121773058195,6.037075996398926,415469600
2010-02-22,6.057132718111487,6.06192209485258,5.96283599320736,5.9996562004089355,390563600
2010-02-23,5.987084232652767,6.026898455090284,5.858661532717357,5.899074077606201,575094800
2010-02-24,5.934099066522911,6.030191979157538,5.922423983873217,6.006842613220215,460566400
2010-02-25,5.908653962615914,6.072699839249365,5.893985669233541,6.046955585479736,665126000
2010-02-26,6.058330482111786,6.141850219986353,6.046955161439294,6.125385761260986,507460800
2010-03-01,6.159215559884819,6.271473611020239,6.150235123628195,6.25620698928833,550093600
2010-03-02,6.28434396132374,6.311286061818238,6.218785476287457,6.25201416015625,566546400
2010-03-03,6.254709837298874,6.282549629582634,6.224774516611642,6.266384124755859,372052800
2010-03-04,6.264885019162327,6.313978633034565,6.24542615107434,6.307692050933838,366041200
2010-03-05,6.43432080926729,6.576813504465278,6.425040614578126,6.554361820220947,899620400
2010-03-08,6.586093550874246,6.588488040236623,6.533407190961398,6.558253765106201,429889600
2010-03-09,6.535201670261281,6.735469418635538,6.522628905710673,6.676197528839111,920259200
2010-03-10,6.700447618759324,6.749841010027526,6.68158826577603,6.730681896209717,596218000
2010-03-11,6.702841793436801,6.750438213348389,6.68517948726888,6.750438213348389,405700400
2010-03-12,6.806417240101897,6.8171942399943255,6.757922339310175,6.78336763381958,416323600
2010-03-15,6.746847912018824,6.750439446770802,6.593278826083185,6.700747489929199,493502800
2010-03-16,6.710922282685047,6.734870366399846,6.660930188305275,6.7190046310424805,446908000
2010-03-17,6.732477270840053,6.778877045113814,6.683683007301967,6.709127902984619,450956800
2010-03-18,6.708528920083872,6.735471422883019,6.663925708618564,6.72499418258667,342109600
2010-03-19,6.729183330448397,6.742654178347074,6.622612792445322,6.653147220611572,559445600
2010-03-22,6.599864395375914,6.765407509207064,6.5902848388646085,6.727987766265869,456419600
2010-03-23,6.754629222506607,6.8486270152825535,6.708528409476917,6.836053848266602,602431200
2010-03-24,6.814499442816407,6.891134277123158,6.810607349270568,6.866287708282471,597780400
2010-03-25,6.912688828332072,6.914186033638913,6.772889980653051,6.78486442565918,542284400
2010-03-26,6.853718450303139,6.943524412892775,6.841744002212913,6.912092685699463,640875200
2010-03-29,6.974954121258025,7.000997336288123,6.933643091400583,6.956692695617676,540744400
2010-03-30,7.082721037585127,7.1090648132026715,7.012372381285892,7.060269355773926,527310000
2010-03-31,7.049494898397641,7.083022549017462,7.018661098541685,7.034825801849365,430659600
2010-04-01,7.106966646256447,7.146480698506379,6.967467621327406,7.063859462738037,603145200
2010-04-05,7.034229263454721,7.1399009761621,7.027942278164479,7.1393022537231445,684507600
2010-04-06,7.130618906897678,7.191686977495896,7.09469637136423,7.170732498168945,447017200
2010-04-07,7.171031584797437,7.241978973411554,7.14438884396584,7.2024641036987305,628502000
2010-04-08,7.197675060613453,7.2306039888429545,7.125829980955951,7.183006763458252,572989200
2010-04-09,7.227311927792419,7.241082542124563,7.198274292903615,7.238088130950928,334182800
2010-04-12,7.25035901578781,7.276403029799147,7.238684333468802,7.253053665161133,333026400
2010-04-13,7.2401807758887635,7.268319914793515,7.217728297803523,7.2572431564331055,306210800
2010-04-14,7.34256305539913,7.358428798038535,7.306341552163572,7.354836463928223,404076400
2010-04-15,7.357527908419752,7.454818260347803,7.349445558996167,7.451525688171387,376784800
2010-04-16,7.4410461116709605,7.517980693747573,7.320706180674819,7.406022071838379,750545600
2010-04-19,7.394947899427281,7.420692153659817,7.237487164424869,7.396145343780518,566924400
2010-04-20,7.440150933156715,7.461405172769429,7.273111426785259,7.321906089782715,738326400
2010-04-21,7.7472883022692685,7.790695264848485,7.655386437130417,7.759861469268799,982391200
2010-04-22,7.730525670837377,7.985276014016588,7.669456795660523,7.976893901824951,793424800
2010-04-23,8.022393481308484,8.147822978427511,7.992757932872475,8.107410430908203,796955600
2010-04-26,8.138845659994544,8.156207809391315,8.028383380950292,8.067599296569824,479068800
2010-04-27,8.000840105943448,8.017903287767773,7.798776573443953,7.844277858734131,709343600
2010-04-28,7.8805029201369745,7.902953809914987,7.675744666258978,7.831109523773193,758402400
2010-04-29,7.873614272099496,8.082563504506396,7.843380002823778,8.041851997375488,558840800
2010-04-30,8.061908671764812,8.099627370721949,7.813146394094307,7.815840244293213,542463600
2010-05-03,7.898164234332009,8.019103745570645,7.869425562809147,7.973301887512207,454342000
2010-05-04,7.869726703240614,7.88170035122903,7.685922933218561,7.743697643280029,723819600
2010-05-05,7.574563252585361,7.727533226048273,7.4458403368657695,7.663171768188477,883103200
2010-05-06,7.598511293274908,7.7308257430038205,5.9646350738069644,7.371601104736328,1285860800
2010-05-07,7.295566331308755,7.381181250423659,6.741760011171346,7.060572147369385,1676018400
2010-05-10,7.491338919896291,7.62305458632602,7.439849617924293,7.603296756744385,984306400
2010-05-11,7.538937070782477,7.779917553735269,7.4988242832208485,7.679035663604736,848906800
2010-05-12,7.760459361539489,7.876908837980082,7.7442954598995355,7.845776081085205,654379600
2010-05-13,7.87960302053499,7.932888502397519,7.675443525723478,7.73411750793457,599712400
2010-05-14,7.6383239289160985,7.677838800763313,7.468889517359461,7.598210334777832,759362800
2010-05-17,7.62455687069514,7.6688615368801285,7.415307750853111,7.610187530517578,762834800
2010-05-18,7.692804574754922,7.739803061609662,7.491637941480372,7.554502964019775,782678400
2010-05-19,7.468888659936437,7.571267761866634,7.329689340376794,7.434163570404053,1025726800
2010-05-20,7.24078161024784,7.299755360223016,7.071048225749777,7.117448806762695,1282915200
2010-05-21,6.969565978024395,7.319212584698431,6.9255610908200165,7.253953456878662,1223891200
2010-05-24,7.402434305628787,7.510800662188364,7.371900262521645,7.386867523193359,754238800
2010-05-25,7.165045027776035,7.386866449379877,7.099486932762753,7.340766429901123,1048006400
2010-05-26,7.486252076357267,7.547619908970746,7.296760078176241,7.307537078857422,850654000
2010-05-27,7.501815159160402,7.600302934507743,7.457211567051072,7.584137439727783,666282400
2010-05-28,7.764952065964316,7.7652510274430195,7.584141122878978,7.689813613891602,815614800
2010-06-01,7.773932364694849,7.9610286994299795,7.752079398968599,7.808058738708496,876472800
2010-06-02,7.91911746274968,7.926900851721735,7.793089231392683,7.901456356048584,688548000
2010-06-03,7.938273391004746,7.949350148589148,7.795481779485876,7.876607418060303,650106800
2010-06-04,7.72962622838892,7.840087681151664,7.6224581475452595,7.662271976470947,758304400
2010-06-07,7.732021992847336,7.75776625207956,7.500321261670702,7.511996746063232,886942000
2010-06-08,7.580846382040118,7.597610602196548,7.353636522558734,7.463798999786377,1000770400
2010-06-09,7.527862808509462,7.540735738037328,7.259042882421864,7.280296325683594,854630000
2010-06-10,7.329390822141629,7.513193779381113,7.250361074121785,7.499125003814697,776356000
2010-06-11,7.430872068499463,7.599408801235438,7.405127808592639,7.588931560516357,545759200
2010-06-14,7.662272307954056,7.757765709220617,7.603898087525033,7.611980438232422,602960400
2010-06-15,7.6526911630597585,7.778719372960774,7.648500108172938,7.773929595947266,585074000
2010-06-16,7.816141560826109,8.015212354335668,7.802071984672518,8.000245094299316,783678000
2010-06-17,8.100528471641715,8.169380747018915,8.067599539606881,8.13854694366455,872855200
2010-06-18,8.149920792109706,8.232243910674345,8.125074215930956,8.204402923583984,784621600
2010-06-21,8.312767094328514,8.352281957106525,8.044545964395384,8.087653160095215,776490400
2010-06-22,8.147224122767547,8.261277885572914,8.127467092739039,8.19781494140625,717262000
2010-06-23,8.219668221237892,8.222063109742898,8.019699027879877,8.111600875854492,768457200
2010-06-24,8.11249832999735,8.178356962660983,8.025686022231318,8.052628517150879,714277200
2010-06-25,8.08436222010921,8.090648404310524,7.9571357351802705,7.983778476715088,549942400
2010-06-28,7.99066136562845,8.075080385657893,7.9185173481705196,8.031673431396484,584948000
2010-06-29,7.906542733857677,7.914625882028119,7.612577371943117,7.6685566902160645,1133344800
2010-06-30,7.684721927714114,7.722440623952848,7.484155602196619,7.529656887054443,739452000
2010-07-01,7.6125796349501265,7.627547692157972,7.280895480846292,7.438355445861816,1022896000
2010-07-02,7.498522978765499,7.511695664854136,7.280293960442656,7.392253398895264,693842800
2010-07-06,7.513793854080885,7.567677268466065,7.3689062385015545,7.44284725189209,615235600
2010-07-07,7.49852263298218,7.746388784691005,7.47637151414187,7.743394374847412,654556000
2010-07-08,7.857451384599993,7.870024552541395,7.630241474084623,7.726034641265869,738144400
2010-07-09,7.690112362335016,7.780218070540586,7.638324082163318,7.771836757659912,433322400
2010-07-12,7.739206909498744,7.838592415231853,7.629344162983821,7.702086925506592,562878400
2010-07-13,7.673050512950882,7.6754446029685335,7.376988308574352,7.537741661071777,1190924000
2010-07-14,7.465296569891414,7.657480793405627,7.453920049152654,7.565578937530518,812047600
2010-07-15,7.430870810407724,7.692506020064059,7.40303062745326,7.5272626876831055,824866000
2010-07-16,7.579052589859118,7.63263703988805,7.4362609098524315,7.480864524841309,1039858400
2010-07-19,7.480264884356381,7.480264884356381,7.172528835683268,7.351541996002197,1024478000
2010-07-20,7.271314582471472,7.5706684771293595,7.184801226179776,7.540433406829834,1074950800
2010-07-21,7.935582331894497,7.937378498672599,7.603599232377927,7.610783100128174,1185671200
2010-07-22,7.7137597622963865,7.783209935139494,7.642812384350552,7.753873348236084,645318800
2010-07-23,7.69609811846287,7.794585920139221,7.671850269491615,7.781414031982422,533388800
2010-07-26,7.7832118725937836,7.786205484182389,7.714660165620327,7.761658668518066,420551600
2010-07-27,7.809256315825684,7.926902459848827,7.792193128529485,7.905349254608154,584771600
2010-07-28,7.893072514041889,7.962522678608371,7.790693433484159,7.811946868896484,519985200
2010-07-29,7.804462958814993,7.862537401422273,7.666461117522776,7.726630687713623,643806800
2010-07-30,7.660179016968912,7.7742320360086445,7.630541858755308,7.70089054107666,448210000
2010-08-02,7.79638285617917,7.860743499437781,7.771836043371799,7.838591575622559,428055600
2010-08-03,7.813444878206211,7.880799122685107,7.765847665611251,7.840985298156738,417653600
2010-08-04,7.868225918447738,7.911332310576974,7.792489571812044,7.872416973114014,420375200
2010-08-05,7.834997929970085,7.8784048860021265,7.799674122613895,7.834100246429443,289097200
2010-08-06,7.7766261957605956,7.827816556013114,7.712264743425429,7.785906791687012,444897600
2010-08-09,7.827512460159074,7.847570049116889,7.770336501073083,7.835595607757568,303128000
2010-08-10,7.778720117265027,7.796681782784343,7.709867865469711,7.765548229217529,451920000
2010-08-11,7.64550971078377,7.6541907846806,7.478170420669943,7.4895453453063965,620054400
2010-08-12,7.384770749606713,7.576656840010329,7.367707564649661,7.537441730499268,534920400
2010-08-13,7.53325094895271,7.540135855604399,7.45661609458171,7.456915855407715,354869200
2010-08-16,7.411413271573102,7.4841568259402,7.382674603559147,7.413209438323975,318430000
2010-08-17,7.486251463647463,7.622457968897037,7.459907686360674,7.542829513549805,422640400
2010-08-18,7.5545054909310725,7.623655919747832,7.53115532070015,7.575758934020996,339696000
2010-08-19,7.568871227905731,7.5880303348557625,7.444340230178288,7.480262756347656,426706000
2010-08-20,7.465597958771291,7.601204978989179,7.45392247282836,7.473081588745117,384230000
2010-08-23,7.53744081757648,7.543727000948072,7.341663455824161,7.358127117156982,414041600
2010-08-24,7.264428801554791,7.27430651725543,7.144088056400761,7.182405471801758,602565600
2010-08-25,7.125829096657289,7.30394536757873,7.1006835617063375,7.271015644073486,596867600
2010-08-26,7.347648601346892,7.356629432718293,7.192882537841796,7.192882537841797,466505200
2010-08-27,7.236889511424106,7.262633766616468,7.051588587981372,7.232997417449951,548391200
2010-08-30,7.20725272850398,7.356631126950009,7.20485783958673,7.259340763092041,383289200
2010-08-31,7.239883475134232,7.321009146957025,7.1949809017925395,7.277303218841553,420786800
2010-09-01,7.408123404537955,7.527565752215463,7.372500612834588,7.493739128112793,697037600
2010-09-02,7.521575692415183,7.548817157745361,7.441049540402757,7.548817157745361,415427600
2010-09-03,7.636226912804752,7.746688350428602,7.618565009266077,7.746389389038086,520788800
2010-09-07,7.6826269968924255,7.769140351726898,7.670952314302361,7.717651844024658,342557600
2010-09-08,7.776623900550993,7.91462656105507,7.7562673470532895,7.870621681213379,526551200
2010-09-09,7.93408499330458,7.978388836565696,7.870622039995788,7.875112056732178,438575200
2010-09-10,7.878707537024479,7.917923456387124,7.825123078748614,7.885293483734131,387542400
2010-09-13,7.957432934046199,8.031074151377839,7.955637567162868,7.993954181671143,388780000
2010-09-14,7.96910880100948,8.057717284210678,7.9484532857958206,8.024489402770996,408150400
2010-09-15,8.0277815070036,8.093939097395953,8.01790219306308,8.08914852142334,429368800
2010-09-16,8.089747420462974,8.282231357343749,8.067594705342865,8.279237747192383,652103200
2010-09-17,8.312766013093206,8.320849160796946,8.192725834031654,8.243316650390625,634477200
2010-09-20,8.264575910660671,8.49507927613704,8.257691001617264,8.478614807128906,658677600
2010-09-21,8.49746946785185,8.601943688184367,8.4654382316112,8.49477481842041,668074400
2010-09-22,8.463042575868661,8.62080225538173,8.454061744181265,8.613917350769043,585289600
2010-09-23,8.571410418311299,8.763895215529018,8.561531901363415,8.648942947387695,786116800
2010-09-24,8.744136787450286,8.786944220307218,8.697737021846507,8.75072193145752,649488000
2010-09-27,8.800415924966126,8.822866807776068,8.711507679233275,8.715997695922852,482834800
2010-09-28,8.734256261768609,8.734256261768609,8.232240220108912,8.587273597717285,1035042400
2010-09-29,8.598349915383107,8.675583463238272,8.561529707335987,8.602540969848633,469644000
2010-09-30,8.651337835695983,8.681273144562732,8.419338192776133,8.494176864624023,673391600
2010-10-01,8.566021735777015,8.578893863550254,8.422331603503144,8.457356452941895,448142800
2010-10-04,8.429816956250528,8.46873230526515,8.315163639394216,8.341208457946777,435302000
2010-10-05,8.441791916999971,8.664809982054757,8.436402616852659,8.649543762207031,501967200
2010-10-06,8.669000736666092,8.740845812576918,8.539380158946075,8.657026290893555,670868800
2010-10-07,8.691449428326221,8.695640482902657,8.588771388970283,8.65792179107666,408399600
2010-10-08,8.73246155503041,8.815981295368132,8.681272810335036,8.803109169006348,658403200
2010-10-11,8.82316561050745,8.898003470358459,8.818974556062994,8.841724395751953,427753200
2010-10-12,8.84322498662993,8.965661697090201,8.755813130613976,8.936923027038574,558544000
2010-10-13,8.986612717395053,9.03929866014357,8.974638276151344,8.984816551208496,630092400
2010-10-14,9.031215694611546,9.054565054078719,8.992598523921405,9.049776077270508,435296400
2010-10-15,9.203346203230188,9.429658388241773,9.127609846821127,9.421875,922194000
2010-10-18,9.533534063249094,9.549399000738205,9.408403535478135,9.519464492797852,1093010800
2010-10-19,9.082410536520767,9.392840492032944,8.981228853879161,9.264717102050781,1232784000
2010-10-20,9.25004684013201,9.407207832074452,9.186284919542405,9.29584789276123,721624400
2010-10-21,9.350629715907615,9.42187606374822,9.184188929986902,9.265613555908203,551460000
2010-10-22,9.252142705615423,9.281180337086463,9.169222465969293,9.204246520996094,372778000
2010-10-25,9.252741805612,9.327878652040706,9.233282932334266,9.245257377624512,392462000
2010-10-26,9.186281501009706,9.272196112658627,9.149759457711689,9.22160530090332,392929600
2010-10-27,9.209633587310204,9.276987836242046,9.148265761001797,9.215022087097168,399002800
2010-10-28,9.2186133768361,9.220110581973877,9.007569802650309,9.137489318847656,551051200
2010-10-29,9.107253382618996,9.156646758953485,9.006669664210673,9.009963035583496,430511200
2010-11-01,9.047084533819383,9.148266192055889,9.046485811592621,9.105757713317871,423889200
2010-11-02,9.19017547511052,9.285668867592124,9.19017547511052,9.260822296142578,433930000
2010-11-03,9.320990866147005,9.366193983472005,9.23597472893679,9.363799095153809,508348400
2010-11-04,9.443129605423552,9.584724606957133,9.430556439312273,9.527547836303711,642488000
2010-11-05,9.519166611379502,9.566464070522912,9.482046631149272,9.49342155456543,361253200
2010-11-08,9.495515477151445,9.572449271817987,9.482343590399903,9.538023948669434,281758400
2010-11-09,9.610766340994418,9.618250766968195,9.41469004797578,9.461987495422363,383544000
2010-11-10,9.478752062459494,9.542514775150362,9.386251484687207,9.520362854003906,384227200
2010-11-11,9.429658364220352,9.531439534552472,9.407206682491916,9.479052543640137,361284000
2010-11-12,9.45959193894475,9.474559191111362,9.089291536791208,9.221006393432617,795846800
2010-11-15,9.233882305809429,9.296147821595364,9.168323417940432,9.191373825073242,403606000
2010-11-16,9.151856350396208,9.208134627612612,8.960269280175178,9.028223037719727,657650000
2010-11-17,9.016550410374006,9.100070161775427,8.91357258647645,8.995595932006836,479449600
2010-11-18,9.136290058482395,9.270101653658468,9.121023843565414,9.23298168182373,494491200
2010-11-19,9.219210726497787,9.232082850712331,9.137487166217209,9.182090759277344,384843200
2010-11-22,9.180594549193783,9.380563735961914,9.15634750292263,9.380563735961914,393075200
2010-11-23,9.293451739485716,9.332368680056847,9.177003076620753,9.241962432861328,519447600
2010-11-24,9.339848431282412,9.441629566676838,9.33236560575757,9.423667907714844,413725200
2010-11-26,9.391936390824007,9.510480941230425,9.367988311702598,9.429655075073242,237585600
2010-11-29,9.444625595869015,9.503897491919908,9.321292026411674,9.485637664794922,445785200
2010-11-30,9.385955534222543,9.410503151309358,9.306028096504166,9.314410209655762,501858000
2010-12-01,9.437742605198604,9.511982570546369,9.429660253952495,9.471570014953613,461750800
2010-12-02,9.50539686102421,9.549401751453454,9.426367115389738,9.523957252502441,462837200
2010-12-03,9.489827726375456,9.53892134040559,9.469770935480085,9.502699851989746,342092800
2010-12-06,9.538622943011655,9.649085179834536,9.532036999447932,9.583826065063477,448481600
2010-12-07,9.693090360717246,9.69877702220218,9.523057263848836,9.525751113891602,391454000
2010-12-08,9.568259470554533,9.609870264017664,9.492822870998122,9.609570503234863,321935600
2010-12-09,9.643101445563621,9.654176610155524,9.550001317834289,9.57215404510498,294151200
2010-12-10,9.568857441401525,9.61076719299457,9.537424927866235,9.596098899841309,262511200
2010-12-13,9.710152550794698,9.730808063552844,9.609269875402706,9.629325866699219,439815600
2010-12-14,9.63112178981021,9.655369632541683,9.54939743109268,9.588014602661133,351008000
2010-12-15,9.579335840346374,9.669142575980848,9.555088789112704,9.590113639831543,417312000
2010-12-16,9.611968567347215,9.657470670483685,9.58233300752638,9.616758346557617,322030800
2010-12-17,9.628134026173383,9.632923805360898,9.586224257644986,9.597599983215332,386929200
2010-12-20,9.627233830835726,9.676628020241774,9.526351922407267,9.64549446105957,385610400
2010-12-21,9.669142240424852,9.710752234857186,9.640704134574685,9.70506477355957,256354000
2010-12-22,9.709855657387157,9.750567972826124,9.685607804870505,9.733803749084473,265921600
2010-12-23,9.729013981754088,9.733503998782762,9.674232096938514,9.687104225158691,223157200
2010-12-27,9.664649853244816,9.742182361796667,9.624835235839946,9.719430923461914,249816000
2010-12-28,9.756258863904609,9.778710557483127,9.730814357253923,9.743087768554688,175924000
2010-12-29,9.76553412395464,9.772419829035197,9.732006479632158,9.73769474029541,163139200
2010-12-30,9.743381156642338,9.744278840177994,9.670638414497702,9.688899040222168,157494400
2010-12-31,9.667648120589245,9.683513863179224,9.618553687263535,9.655973434448242,193508000
2011-01-03,9.748174735211366,9.88647640706168,9.724226639456873,9.86582088470459,445138400
2011-01-04,9.951733183206931,9.95352934991396,9.823310061421788,9.91730785369873,309080800
2011-01-05,9.865217233005687,10.008607573739779,9.86372002812783,9.998429298400879,255519600
2011-01-06,10.019984362937445,10.035850100037367,9.965502246677898,9.990348815917969,300428800
2011-01-07,9.998135496258707,10.068783139283848,9.935570205786485,10.061898231506348,311931200
2011-01-10,10.143021261857946,10.274736965619017,10.093328911489525,10.251387596130371,448560000
2011-01-11,10.324131036519203,10.326525126242705,10.16218025922997,10.227140426635742,444108000
2011-01-12,10.275336699240672,10.310659715660375,10.237916955760639,10.310359954833984,302590400
2011-01-13,10.3325136996669,10.376818354181472,10.293298584805807,10.348079681396484,296780400
2011-01-14,10.354364632735344,10.431897163391113,10.310958469948968,10.431897163391113,308840000
2011-01-18,9.864322668347354,10.320538681867069,9.758949938717178,10.197504043579102,1880998000
2011-01-19,10.428005887058546,10.435490315228254,10.084647852666128,10.14332103729248,1135612800
2011-01-20,10.071173307753536,10.127152625719424,9.882280879471214,9.958915710449219,764789200
2011-01-21,9.99154865356258,10.024777343418087,9.77780957650047,9.78050422668457,754401200
2011-01-24,9.784994374439055,10.10171127319336,9.780503557560207,10.10171127319336,574683200
2011-01-25,10.068182798318867,10.221152734511609,10.015496040215766,10.219954490661621,546868000
2011-01-26,10.266651220050877,10.345680935922566,10.22294610691507,10.293293952941895,506875600
2011-01-27,10.291198770440662,10.318440227382585,10.262760668613561,10.27413558959961,285026000
2011-01-28,10.302872589723481,10.309757493353162,9.98435966561122,10.06129264831543,592057200
2011-01-31,10.052315432688655,10.179242139878241,10.007412866810514,10.15768814086914,377246800
2011-02-01,10.21695823288279,10.347176679887065,10.20737868021096,10.328617095947266,426633200
2011-02-02,10.31125846543329,10.335205756539363,10.284315964374134,10.307366371154785,258955200
2011-02-03,10.291800981064425,10.304972872247928,10.134639967482295,10.281023979187012,393797600
2011-02-04,10.287008723937491,10.378611619100521,10.283117429433773,10.372624397277832,321840400
2011-02-07,10.41423402832476,10.574687570791664,10.406750400987256,10.533677101135254,485021600
2011-02-08,10.587559175452995,10.642640008710295,10.541758134859382,10.633060455322266,381040800
2011-02-09,10.632764753050356,10.746819347131062,10.623185996088237,10.721673011779785,482745200
2011-02-10,10.698621803569834,10.776753049750859,10.417526935567224,10.61330509185791,928550000
2011-02-11,10.619595580231465,10.710897945167845,10.58337327602002,10.682459831237793,367572800
2011-02-14,10.68066338576941,10.761188745796312,10.67826849631826,10.752208709716797,310416400
2011-02-15,10.752505601811677,10.775855769466474,10.703411976236142,10.773759841918945,284174800
2011-02-16,10.800699292216908,10.923434929294952,10.79171925973762,10.870450019836426,481157600
2011-02-17,10.694426983972539,10.784831603356112,10.672573232386917,10.725858688354492,530583200
2011-02-18,10.738135852576113,10.761784978998518,10.463029006157923,10.494162559509277,816057200
2011-02-22,10.242405028605061,10.339695383946662,10.10979166355029,10.136433601379395,872555600
2011-02-23,10.141226112685201,10.316945909272984,10.13643553499408,10.256477355957031,671854400
2011-02-24,10.298384593260632,10.332211195375782,10.129249184598859,10.264257431030273,499900800
2011-02-25,10.335502496001187,10.430397945808169,10.321732687736155,10.42231559753418,380018800
2011-02-28,10.51452005839234,10.628573854802527,10.51092772471745,10.573493003845215,403074000
2011-03-01,10.641145682295823,10.648629310161445,10.407948579795322,10.456743240356445,456136800
2011-03-02,10.476204525347656,10.60762129160529,10.42950497849581,10.540864944458008,602590800
2011-03-03,10.692634695175256,10.770466181410413,10.654616235976242,10.763581275939941,500788400
2011-03-04,10.77884664590332,10.785432588955487,10.709396481531625,10.776751518249512,453266800
2011-03-07,10.818663910387345,10.826747060932918,10.516616110911437,10.63785457611084,546123200
2011-03-08,10.62438361169814,10.698923342111762,10.544755141203517,10.649828910827637,356316800
2011-03-09,10.617795716618781,10.619891644052423,10.495360620775422,10.551339149475098,453306000
2011-03-10,10.45105755407088,10.470516430166413,10.324730335414293,10.377716064453125,507539200
2011-03-11,10.337600431021748,10.546849455080908,10.327722713214898,10.536970138549805,471080400
2011-03-14,10.572592441470018,10.671379999376983,10.51661391778418,10.583968162536621,435957200
2011-03-15,10.240907154581269,10.4127363979066,10.181036544198864,10.340592384338379,721081200
2011-03-16,10.237916579406066,10.267851893472322,9.76673254575084,9.878990173339844,1162011200
2011-03-17,10.083153400191161,10.166374220981126,9.898451923156996,10.017595291137695,659422400
2011-03-18,10.09213187431884,10.124163120352938,9.878692552463718,9.898749351501465,753214000
2011-03-21,10.058004454121651,10.170261276990429,10.036150692680897,10.157090187072754,409402000
2011-03-22,10.254681393585239,10.256477560494401,10.152301478487376,10.213968276977539,325922800
2011-03-23,10.15649386171578,10.184633014273945,10.056808583637311,10.153800010681152,372996400
2011-03-24,10.233424028199723,10.357656070399306,10.143917069616753,10.326822280883789,404712000
2011-03-25,10.41962507418138,10.539067376819785,10.388192552702966,10.5235013961792,448910000
2011-03-28,10.571694768593728,10.606719615390022,10.490569114685059,10.490569114685059,309355200
2011-03-29,10.407350126147229,10.506136894226074,10.359453947336817,10.506136894226074,352900800
2011-03-30,10.496556487503652,10.50374195291325,10.40076333828904,10.436386108398438,329406000
2011-03-31,10.36843029327388,10.471408080258422,10.359450262542389,10.432791709899902,274019200
2011-04-01,10.510629313001532,10.52499784909044,10.276832647257585,10.31455135345459,418661600
2011-04-04,10.307067899292708,10.315748972587487,10.130149064397024,10.213668823242188,460084800
2011-04-05,10.08793749003351,10.245397406803773,10.058301145523568,10.144814491271973,482731200
2011-04-06,10.214570501532783,10.29479691328422,10.092433517477529,10.119375228881836,402539200
2011-04-07,10.121164290782312,10.19091341017219,10.059197758565578,10.120566368103027,373447200
2011-04-08,10.175650064502523,10.182534970234927,9.996935881349227,10.030163764953613,377535200
2011-04-11,10.000228877406357,10.048424822151349,9.879290973034312,9.902640342712402,398946800
2011-04-12,9.893362945765897,9.99035438825455,9.884681869536033,9.950540542602539,425639200
2011-04-13,10.028967092369285,10.062494739339959,9.95412840910067,10.062195777893066,346220000
2011-04-14,10.022381030603244,10.058303566178514,9.940358480582582,9.95113468170166,301800800
2011-04-15,9.977476186730877,9.987654463458908,9.782896280749549,9.802653312683105,453605600
2011-04-18,9.761940478544862,9.945444399313397,9.58412401784728,9.93406867980957,609898800
2011-04-19,9.971490467506442,10.117574688150892,9.92987967410095,10.113983154296875,419378400
2011-04-20,10.283118705939364,10.350173999953345,10.222949117557269,10.250189781188965,700666400
2011-04-21,10.627072181887135,10.630964274746491,10.433091041164182,10.498350143432617,753810400
2011-04-25,10.487574624361887,10.589654738237488,10.48637638086766,10.56750202178955,266546000
2011-04-26,10.585765270823522,10.626776543485109,10.457940875759315,10.489972114562988,338800000
2011-04-27,10.544454042289228,10.54774741409002,10.390586432776852,10.481888771057129,356213200
2011-04-28,10.363346516463002,10.46991588713397,10.343289719335042,10.380110740661621,360959200
2011-04-29,10.381007791410344,10.595644524439567,10.377714419319618,10.481291770935059,1006345200
2011-05-02,10.469616786994587,10.49146975071152,10.342690860049336,10.366040229797363,442713600
2011-05-03,10.417228182807285,10.474105192392383,10.346280802012023,10.423514366149902,313348000
2011-05-04,10.425306473083447,10.532176344464931,10.383995457233858,10.464522361755371,389250400
2011-05-05,10.429503331412752,10.505839224702441,10.359155460413346,10.380110740661621,335969200
2011-05-06,10.468121044218215,10.477400840540682,10.363945758135621,10.377416610717773,280134400
2011-05-09,10.413332589579902,10.453446963012713,10.373518776185565,10.405550003051758,204747200
2011-05-10,10.444170416722534,10.468119305657558,10.37741488722144,10.46093463897705,282091600
2011-05-11,10.448065003682999,10.477401600265775,10.334908874553175,10.394479751586914,336000000
2011-05-12,10.361251474442518,10.391186789970106,10.246000229884535,10.37472152709961,322000000
2011-05-13,10.347484211307448,10.365145325766411,10.188526986914527,10.19301700592041,326116000
2011-05-16,10.154097899817232,10.214567250456067,9.956522747861456,9.97747802734375,449775200
2011-05-17,9.938562916033604,10.062495231628418,9.900544450602293,10.062495231628418,452334400
2011-05-18,10.072375778064618,10.209480011545137,10.058306201209318,10.174156188964844,334776400
2011-05-19,10.24031324459638,10.25019176406004,10.138233078505724,10.193913459777832,261170000
2011-05-20,10.164875532021028,10.206486336025717,10.028968754841635,10.034955978393555,337968400
2011-05-23,9.877795937459652,10.057707626554848,9.861331470739252,10.010409355163574,383600000
2011-05-24,10.043337607086514,10.055312053612955,9.918805761298277,9.94425106048584,321927200
2011-05-25,9.981367721730317,10.134937161826718,9.964005578020071,10.08165168762207,294224000
2011-05-26,10.057405624865359,10.084946048249783,10.011304812238693,10.02836799621582,222560800
2011-05-27,10.022383140395494,10.107100358051191,10.007714841889328,10.10051441192627,203599200
2011-05-31,10.210971700439325,10.412436485290527,10.207977290665754,10.412436485290527,417754400
2011-06-01,10.443572704729284,10.541161231661478,10.317245510494795,10.342988967895508,554682800
2011-06-02,10.372628325438455,10.41693298434267,10.306770459172323,10.3606538772583,338783200
2011-06-03,10.273241388304466,10.337602040000048,10.238216531884001,10.281023979187012,313250000
2011-06-06,10.348681135455266,10.389093702561727,10.112490320255997,10.119375228881836,461941200
2011-06-07,10.123265974647866,10.124762380920815,9.935570105132687,9.9397611618042,529785200
2011-06-08,9.931976609117337,10.02238127280815,9.898150000277022,9.945746421813965,333723600
2011-06-09,9.975980978780393,9.988554145659913,9.90114229845988,9.923295021057129,275088800
2011-06-10,9.8951569517331,9.92838564224631,9.74428211802949,9.75595760345459,433955200
2011-06-13,9.794872605903524,9.828101295224942,9.731110676763727,9.776911735534668,329473200
2011-06-14,9.878692018839095,9.975982397023335,9.858036498567294,9.95173454284668,334569200
2011-06-15,9.871206613922402,9.887671075010248,9.7254205536088,9.781400680541992,399196000
2011-06-16,9.785891787776702,9.839176471659721,9.529345287518188,9.733803749084473,510591200
2011-06-17,9.848456156150382,9.856239545025156,9.560177401888996,9.587119102478027,615020000
2011-06-20,9.500306615059916,9.510484892644133,9.29494969291565,9.439238548278809,640645600
2011-06-21,9.47994944714583,9.752959540361458,9.43564480950554,9.737992286682129,493382400
2011-06-22,9.733802927505707,9.845762385034597,9.650582136822537,9.65746784210205,390583200
2011-06-23,9.547598422288763,9.929275212581148,9.523052424890965,9.915505409240723,559759200
2011-06-24,9.919701456371115,9.972986129712728,9.73170669555631,9.769425392150879,439807200
2011-06-27,9.806549029018697,9.99544154393484,9.796370748530736,9.9397611618042,339813600
2011-06-28,9.987955938979692,10.07925909302905,9.981669754393417,10.036151885986328,294299600
2011-06-29,10.059502516849482,10.069381035755274,9.934970668507171,9.999631881713867,352545200
2011-06-30,10.01938979120783,10.062198042461002,9.963710207598327,10.048426628112793,322954800
2011-07-01,10.056804317242328,10.282816724441878,10.00441733014732,10.275632858276367,435313200
2011-07-05,10.267850936591529,10.472310175761798,10.252883680634316,10.460335731506348,355054000
2011-07-06,10.445964247468284,10.600132387745054,10.37890897216933,10.530082702636719,444626000
2011-07-07,10.617198622223968,10.716883081036803,10.597141026774453,10.6929349899292,399663600
2011-07-08,10.577383493401948,10.776754000363438,10.54325712545173,10.768072128295898,489633200
2011-07-11,10.667193852646538,10.769872752168226,10.561820302477617,10.59714412689209,442674400
2011-07-12,10.58307103952448,10.7073039055737,10.436088327142793,10.5896577835083,451609200
2011-07-13,10.726762517316255,10.776755430772216,10.668388290840262,10.717483520507812,391638800
2011-07-14,10.806988738716761,10.824950406495446,10.667190688302382,10.70999813079834,430533600
2011-07-15,10.811779345224528,10.926431868895955,10.751908713432417,10.924036979675293,484467200
2011-07-18,10.939303135863355,11.21530770187515,10.934813118609906,11.189863204956055,572653200
2011-07-19,11.315589493442436,11.335047563381474,11.175491709626154,11.281164169311523,819145600
2011-07-20,11.858019387093515,11.862509403336034,11.555072387683225,11.582014083862305,941340400
2011-07-21,11.583512594951442,11.67661109782928,11.492209459283462,11.593690872192383,526534400
2011-07-22,11.624526682536631,11.82599235201103,11.607463495649991,11.773605346679688,516728800
2011-07-25,11.685291102051904,11.974168537422859,11.663438943133476,11.929265975952148,589806000
2011-07-26,11.974170884191029,12.108880993090427,11.964592127500854,12.076251029968262,476582400
2011-07-27,11.991829274362725,12.053197088283532,11.739174153109081,11.75234603881836,659324400
2011-07-28,11.723309309128798,11.884061791761228,11.618834304155707,11.72929573059082,594034000
2011-07-29,11.604171823355735,11.828986882013762,11.495206747883744,11.689188003540039,632584400
2011-08-01,11.907710772562355,11.959199272311444,11.745760048331386,11.876877784729004,612836000
2011-08-02,11.903822175485912,11.911305803441152,11.62542274231277,11.642186164855957,639539600
2011-08-03,11.704151026226112,11.781085625440019,11.442516634194229,11.751749038696289,732508000
2011-08-04,11.65715474234129,11.714330717638635,11.296133226614815,11.296731948852539,871407600
2011-08-05,11.388632343946712,11.480235235770607,10.853686483701336,11.18447208404541,1204590800
2011-08-08,10.827344855306794,11.009352431357085,10.567804742512207,10.573493003845215,1143833600
2011-08-09,10.815669288314966,11.214110539284826,10.627075782577531,11.196148872375488,1082583600
2011-08-10,11.11053244193644,11.215306427079774,10.851591889389592,10.887214660644531,878656800
2011-08-11,11.091676271872151,11.23925853621298,10.918050783849676,11.186871528625488,741969200
2011-08-12,11.317684965868887,11.364683456416104,11.202733508522988,11.285355567932129,528976000
2011-08-15,11.364384875830075,11.524240500561545,11.318284067297611,11.477540969848633,460544000
2011-08-16,11.420962233449837,11.476342832755348,11.257514285501683,11.3898286819458,498750000
2011-08-17,11.444609224341184,11.510766010545685,11.315587424069035,11.388629913330078,442061200
2011-08-18,11.101252106373227,11.155436062234584,10.817763158502125,10.957860946655273,851435200
2011-08-19,10.841713118024565,10.98630173637504,10.657011709661678,10.657909393310547,775888400
2011-08-22,10.911764360853663,10.922841123981017,10.629772529634778,10.670185089111328,535315200
2011-08-23,10.785734527087298,11.185073482119444,10.686947752126366,11.183876037597656,656835200
2011-08-24,11.179983686665645,11.344329346379808,11.094069042604387,11.261109352111816,626267600
2011-08-25,10.928824240680784,11.239254889823075,10.92642935201178,11.187466621398926,871346000
2011-08-26,11.111133971936594,11.489218737088969,11.100058008305869,11.482633590698242,641477200
2011-08-29,11.62033143237313,11.719717705507865,11.61494373265843,11.67391586303711,405269200
2011-08-30,11.622428643473587,11.729897284806492,11.561360575048537,11.674516677856445,417922400
2011-08-31,11.691881262606573,11.737083598039511,11.43114369140713,11.520051956176758,522586400
2011-09-01,11.549688886566281,11.595190185741526,11.397017887114764,11.40629768371582,343725200
2011-09-02,11.218000450469368,11.315590570203055,11.130889168263543,11.197345733642578,438939200
2011-09-06,10.997378399962358,11.38534165847835,10.9707356572179,11.367680549621582,509698000
2011-09-07,11.541905327757148,11.543102772421252,11.43533435137637,11.493110656738281,350576800
2011-09-08,11.447305434911433,11.633205067267994,11.444611584889754,11.499393463134766,416158400
2011-09-09,11.493110445664104,11.555076207487843,11.226384847488017,11.300026893615723,564813200
2011-09-12,11.165914002971766,11.40180415423026,11.132984282061786,11.373665809631348,467832400
2011-09-13,11.43952457070278,11.561361758593014,11.382946513506893,11.513765335083008,440560400
2011-09-14,11.585612103717535,11.740976973807186,11.547893390806765,11.653864860534668,534724400
2011-09-15,11.717626672137941,11.7843830173138,11.671825609900882,11.763427734375,417818800
2011-09-16,11.840655708033633,11.989134788513184,11.825388694525587,11.989134788513184,698513200
2011-09-19,11.884363710529353,12.37021600991048,11.830481107790979,12.322319030761719,823860800
2011-09-20,12.430684890865557,12.658494294881857,12.309147479895834,12.376801490783691,775754000
2011-09-21,12.562102607068985,12.620476827995292,12.333396300774698,12.337587356567383,605976000
2011-09-22,12.005003862812002,12.268136279984514,11.875383301575805,12.02865219116211,968480800
2011-09-23,11.982548332981265,12.175931548725872,11.969676209225943,12.102889060974121,546277200
2011-09-26,11.969979515745852,12.093313898611447,11.71373279293683,12.069066047668457,812876400
2011-09-27,12.235504972274665,12.251070948723832,11.91609430101132,11.952016830444336,632497600
2011-09-28,11.979860097611706,12.086131314700815,11.86969758498843,11.884666442871094,429637600
2011-09-29,12.03165045769948,12.04033153288176,11.561364001091196,11.691883087158203,651086800
2011-09-30,11.588603498247378,11.641590022334384,11.410786971226498,11.41497802734375,547640800
2011-10-03,11.386537564168279,11.454490533051029,11.17100237599136,11.2138090133667,669099200
2011-10-04,11.212912214800415,11.429345103647199,10.604325860266236,11.150945663452148,1233677200
2011-10-05,11.012047753420228,11.3700749052195,10.785735514262035,11.323077201843262,786469600
2011-10-06,11.175792454918613,11.51855334207556,11.129991402775897,11.296731948852539,812582400
2011-10-07,11.249132826084649,11.307805996726957,11.030903803223165,11.07011890411377,535458000
2011-10-10,11.348220780252383,11.639192581176758,11.32187700291069,11.639192581176758,442514800
2011-10-11,11.751751722690246,12.069367109410761,11.719721278567661,11.982852935791016,605687600
2011-10-12,12.193900356610234,12.251076348404364,11.978365085014639,12.039732933044434,622286000
2011-10-13,12.123245041119553,12.226523399353027,12.059483138945025,12.226523399353027,426185200
2011-10-14,12.477984411502229,12.632750511169434,12.431284077459106,12.632750511169434,573367200
2011-10-17,12.624970207547593,12.773450159753626,12.451343915480578,12.572583198547363,686044800
2011-10-18,12.625564253469763,12.716868188978882,12.452837297054163,12.639933586120605,881602400
2011-10-19,12.014583001541459,12.22622610046228,11.9083118109157,11.932859420776367,1104059600
2011-10-20,11.974167327197325,11.98464456383616,11.80084168285472,11.833769798278809,549270400
2011-10-21,11.917292847782274,11.948425602922736,11.697266835049021,11.760729789733887,621244400
2011-10-24,11.859814028405589,12.168746610597523,11.83646466796782,12.146894454956055,502138000
2011-10-25,12.124745815993702,12.170247907438153,11.895740551558173,11.907414436340332,430427200
2011-10-26,12.026853608491134,12.050503530814487,11.769109743008293,11.9921293258667,456304800
2011-10-27,12.200482402309454,12.243590404905035,12.030749038581241,12.114567756652832,494664800
2011-10-28,12.063982168285234,12.164266191727199,12.049313866263313,12.122356414794922,322842800
2011-10-31,12.046614261876098,12.253468396741951,12.0056021886252,12.11726188659668,385501200
2011-11-01,11.896636252749206,11.959200718776938,11.771206760576877,11.869693756103516,531790000
2011-11-02,11.976864136744954,11.987341375273795,11.82778471115924,11.896636962890625,327350800
2011-11-03,11.946329470066269,12.075950026796534,11.835269301277913,12.066071510314941,441386400
2011-11-04,12.034940110257006,12.077148830477588,11.949025464487107,11.981355667114258,302229200
2011-11-07,11.97147950308478,11.97417335409908,11.858323371962447,11.966090202331543,270275600
2011-11-08,12.04032556589322,12.213652018931855,12.020867497075264,12.160665512084961,400442000
2011-11-09,11.883465123759908,12.000812274107219,11.801442582379826,11.832874298095703,558684000
2011-11-10,11.88526299155208,11.890651491996348,11.439824013201003,11.531725883483887,744752400
2011-11-11,11.573336204357922,11.635901484436264,11.383246274332116,11.513765335083008,653786000
2011-11-14,11.480838123924642,11.532627213520344,11.32158195717984,11.353313446044922,432905200
2011-11-15,11.399412530878333,11.659850348611252,11.358999972789325,11.63979434967041,430810800
2011-11-16,11.652364862721358,11.70894291464922,11.504782630178067,11.518254280090332,349210400
2011-11-17,11.49460191865382,11.512563581826017,11.240750140715775,11.297926902770996,479900400
2011-11-18,11.343131861695118,11.37516230276116,11.22219236628492,11.22398853302002,371938000
2011-11-21,11.088079832402526,11.126398049351188,10.953670309141305,11.046470642089844,447980400
2011-11-22,11.106639976662153,11.313494074971446,11.104245088155059,11.27098560333252,409021200
2011-11-23,11.211113007754463,11.25092762530527,10.982705736329894,10.98599910736084,428271200
2011-11-25,11.02880870130412,11.11053228063151,10.876137742548718,10.883622169494629,254760800
2011-11-28,11.146456281436045,11.277274297503087,11.085986931888995,11.259312629699707,346413200
2011-11-29,11.250932403796735,11.340439391920855,11.082096706953214,11.171902656555176,375855200
2011-11-30,11.414079754997395,11.443715308397888,11.324571974437793,11.441320419311523,405938400
2011-12-01,11.451499082402053,11.64488158644555,11.39791463633887,11.6128511428833,387181200
2011-12-02,11.66972667527339,11.78348149811725,11.632307735852674,11.6658353805542,379055600
2011-12-05,11.77929434097743,11.866706214633867,11.686494764961234,11.764925003051758,357210000
2011-12-06,11.74995806458215,11.813421842800093,11.656260802055026,11.703258514404297,283598000
2011-12-07,11.672719957721332,11.702955029067864,11.577824487653862,11.647574424743652,304746400
2011-12-08,11.718225397354686,11.839463879476266,11.681704132157641,11.694576263427734,376356400
2011-12-09,11.760129681692243,11.795752447047228,11.705646770798584,11.78317928314209,296993200
2011-12-12,11.725108674466238,11.791565249550986,11.658353137919304,11.729898452758789,301067200
2011-12-13,11.764622086888618,11.836467953003869,11.588003031067295,11.639192581176758,338928800
2011-12-14,11.57602898226516,11.596385538179135,11.306011650185626,11.381149291992188,406887600
2011-12-15,11.475143806609172,11.487417209194591,11.324867766551472,11.343727111816406,256200000
2011-12-16,11.386240239542408,11.49969531892224,11.36259110810304,11.405997276306152,421478400
2011-12-19,11.449401353722516,11.520647691528364,11.389828898910045,11.441617965698242,235530400
2011-12-20,11.607758550856571,11.85742088465743,11.592791296862883,11.852930068969727,337215200
2011-12-21,11.87508089928117,11.893342322380995,11.734983130171008,11.867897033691406,262948000
2011-12-22,11.884362675418968,11.948126187826816,11.857421776077356,11.930763244628906,202358800
2011-12-23,11.964892244897987,12.081640697478568,11.958905021786846,12.073857307434082,269399200
2011-12-27,12.066967274477694,12.246280133991851,12.064571586888697,12.169645309448242,265076000
2011-12-28,12.180427367577156,12.221138885630275,12.014285524916353,12.053201675415039,228662000
2011-12-29,12.075948136179628,12.143303173154754,11.989435590794374,12.127436637878418,215978000
2011-12-30,12.079242604134421,12.162164428672305,12.078644681304574,12.123847007751465,179662000
2012-01-03,12.255566461637851,12.348366025786364,12.243592014897812,12.310347557067871,302220800
2012-01-04,12.273523266900039,12.41362185838989,12.251970067865784,12.376501083374023,260022000
2012-01-05,12.421703757601282,12.529470548226165,12.353450231183752,12.513904571533203,271269600
2012-01-06,12.565992023370606,12.655199222431023,12.549527564517874,12.644721984863281,318292800
2012-01-09,12.737528156929324,12.804882428866234,12.613295256702944,12.62467098236084,394024400
2012-01-10,12.74979684069891,12.75249149036395,12.617781389250977,12.669869422912598,258196400
2012-01-11,12.653106039566085,12.658195578443165,12.552224136801183,12.649214744567871,215084800
2012-01-12,12.641134207345495,12.659693800654962,12.535461711991102,12.61449146270752,212587200
2012-01-13,12.563900304079926,12.586351190946395,12.5327667449517,12.567192077636719,226021600
2012-01-17,12.69860445001723,12.752189676922285,12.66148448012404,12.71357250213623,242897200
2012-01-18,12.781227255205213,12.856364882883367,12.761470224601117,12.845588684082031,276791200
2012-01-19,12.876722341947536,12.913242795127145,12.76775730648497,12.804877281188965,261738400
2012-01-20,12.79709390230515,12.797392863705527,12.565393221478788,12.581857681274414,413974400
2012-01-23,12.652809478877405,12.825837046923215,12.64173351467739,12.794703483581543,306062400
2012-01-24,12.72554826436755,12.72554826436755,12.559406465734721,12.585150718688965,547638000
2012-01-25,13.603852785373746,13.604151746764316,13.283244671658293,13.370955467224121,958314000
2012-01-26,13.421849108176618,13.434720438143952,13.265586590021458,13.310190200805664,323985200
2012-01-27,13.301505320299723,13.42543840605875,13.284442938233633,13.38951587677002,299709200
2012-01-30,13.342517794136134,13.58768933848494,13.332939038325474,13.561046600341797,379341200
2012-01-31,13.638283782160112,13.717612500717252,13.562846359470932,13.664926528930664,391683600
2012-02-01,13.722700700084896,13.74006284738802,13.637085809442462,13.656243324279785,270046000
2012-02-02,13.647560678942533,13.685578341495107,13.59008494360075,13.624211311340332,186796400
2012-02-03,13.689472790281629,13.770297902408085,13.637384749728737,13.76071834564209,286599600
2012-02-06,13.721804476532833,13.919378071499665,13.71641677431861,13.889142990112305,249412800
2012-02-07,13.927456181158908,14.062166273714807,13.907398588426727,14.034625053405762,316223600
2012-02-08,14.0846187635967,14.272911715037425,14.06066987363871,14.269619941711426,407890000
2012-02-09,14.391755420579184,14.870423045191862,14.385768198365286,14.763254165649414,884214800
2012-02-10,14.697100060351302,14.896469001189228,14.624954419092386,14.770740509033203,631302000
2012-02-13,14.953640073247657,15.08236292725743,14.880597575433576,15.04554271697998,517216000
2012-02-14,15.107214870971855,15.253897849301564,15.027587196839237,15.25090503692627,460398400
2012-02-15,15.394587249748515,15.754709363066574,14.87460875031567,14.89795970916748,1506120000
2012-02-16,14.713263464460523,15.114098837300261,14.567477387395554,15.0338716506958,944552000
2012-02-17,15.06081211839266,15.20031199977017,14.976693643559017,15.031176567077637,535805200
2012-02-21,15.173669668170753,15.41225528717041,15.091047597008476,15.41225528717041,605595200
2012-02-22,15.359266864203516,15.431410887444626,15.239225067255374,15.35806941986084,483302400
2012-02-23,15.419140792029166,15.501463909214106,15.252101267184353,15.458355903625488,568027600
2012-02-24,15.55653967229799,15.653230494319471,15.525706682987371,15.638562202453613,415072000
2012-02-27,15.605634056245236,15.820870266747427,15.455059836161018,15.738847732543945,547582000
2012-02-28,15.804708289799555,16.027727127075195,15.741544292882587,16.027727127075195,600387200
2012-02-29,16.2118227335596,16.392932533850942,16.03640119171108,16.2381649017334,952011200
2012-03-01,16.409694189970544,16.41089323257381,16.128301273112836,16.298933029174805,683270000
2012-03-02,16.29205891002435,16.368692167846692,16.240568791638978,16.32019805908203,431712400
2012-03-05,16.32738281522984,16.389048815078365,15.746035442604109,15.96037483215332,809124400
2012-03-06,15.675991106419298,15.976242823292607,15.453271149605456,15.873564720153809,810238800
2012-03-07,16.069337903368314,16.09867449502285,15.665209167040432,15.886432647705078,798520800
2012-03-08,16.006167569364134,16.254631615749325,15.929233787078443,16.22469711303711,516457200
2012-03-09,16.291165647456427,16.39683817006544,16.258236709392072,16.319904327392578,418919200
2012-03-12,16.433944890688917,16.524351119995117,16.374672207679012,16.524351119995117,407282400
2012-03-13,16.690197895357496,17.008710120183746,16.636611857422626,17.006315231323242,690855200
2012-03-14,17.30417701347019,17.803199689888256,17.22484670371444,17.64933204650879,1418844000
2012-03-15,17.949576345988934,17.961550787787907,17.31913717314981,17.52898406982422,1159718000
2012-03-16,17.503847756602745,17.63795838403282,17.302681815457632,17.529293060302734,825487600
2012-03-19,17.91245711273285,18.014236670221795,17.63345901468424,17.99418067932129,901236000
2012-03-20,17.946588898447015,18.16781078158324,17.706207902706517,18.139673233032227,816662000
2012-03-21,18.043281240697315,18.250135405227727,18.003468204926328,18.036096572875977,644042000
2012-03-22,17.894801276662115,18.095968777912645,17.82744701434244,17.94150161743164,623870800
2012-03-23,17.975921155574863,18.015136255687217,17.793613865790853,17.843008041381836,430488800
2012-03-26,17.954969806044772,18.175296408386924,17.819364405016838,18.17020606994629,595742000
2012-03-27,18.14625408293248,18.448601562885585,18.142661750169577,18.394718170166016,607129600
2012-03-28,18.511465968801208,18.603368621144394,18.2698875729132,18.48871612548828,655460400
2012-03-29,18.34382815534083,18.456984242781576,18.17768715641559,18.25641632080078,608238400
2012-03-30,18.223788166010863,18.277372604302908,17.89958768601775,17.947784423828125,731038000
2012-04-02,18.0160341320771,18.523139764035516,17.972627179192422,18.518949508666992,598351600
2012-04-03,18.778486703711458,18.925471771556065,18.63509716570275,18.838956832885742,834559600
2012-04-04,18.690187083993848,18.73538942281407,18.470161014726248,18.688989639282227,572980800
2012-04-05,18.768912578735492,18.998817102320896,18.66174370537209,18.969480514526367,641298000
2012-04-09,18.74346513144736,19.153879950717,18.718619362590694,19.045812606811523,597536800
2012-04-10,19.156579638662457,19.27841682905211,18.73957954837254,18.8126220703125,889725200
2012-04-11,19.0449104590864,19.06496644545553,18.659939437826967,18.745555877685547,696614800
2012-04-12,18.70963962465731,18.899131597069836,18.5749295325479,18.64288330078125,614336800
2012-04-13,18.682999869458197,18.700662576228524,18.066330315539638,18.11781883239746,859644800
2012-04-16,18.26241048238422,18.2689956291268,17.310165329679634,17.366443634033203,1050786800
2012-04-17,17.330812857969118,18.26060509312835,17.120366437361,18.251625061035156,1025528000
2012-04-18,18.371972641079363,18.567451881366484,18.042382798604287,18.210920333862305,954531200
2012-04-19,17.967842766545832,18.102851843616914,17.497856166021858,17.585268020629883,834719200
2012-04-20,17.70321854737428,17.800209983906207,17.075771818928075,17.152406692504883,1030985200
2012-04-23,17.081455877239623,17.262864735050847,16.662658826313354,17.114084243774414,966529200
2012-04-24,16.84196975193965,16.994041998682253,16.61416114261742,16.772220611572266,1076149200
2012-04-25,18.429443215120877,18.500090830315216,18.140865532825014,18.26060676574707,905777600
2012-04-26,18.388436100855625,18.401010068793667,18.025020449768,18.191761016845703,536068400
2012-04-27,18.11302978233253,18.14625766791091,17.97622374765619,18.051061630249023,406722400
2012-04-30,17.89540552012633,17.913367194392343,17.452360480580833,17.48169708251953,506144800
2012-05-01,17.509232529971598,17.864266047645206,17.39936978978701,17.426311492919922,610999200
2012-05-02,17.369726171743874,17.58406387119226,17.328415149324307,17.541555404663086,427389200
2012-05-03,17.67686906259775,17.703810761908667,17.371527139200456,17.417028427124023,390549600
2012-05-04,17.27513612774071,17.31345275126671,16.9186046380869,16.92099952697754,529992400
2012-05-07,16.808743804451236,17.146116221044146,16.800660653852287,17.04762840270996,460118400
2012-05-08,17.050621731414843,17.108097474292137,16.72582327243751,17.008712768554688,497252000
2012-05-09,16.87459592038198,17.182332678023982,16.789280021439364,17.03864097595215,480704000
2012-05-10,17.20029645146196,17.239212596125185,17.016494326753985,17.078758239746094,333200000
2012-05-11,16.91351306378746,17.197001993481837,16.894054994493686,16.964702606201172,399546000
2012-05-14,16.840777261275537,16.988657696607042,16.691998342666846,16.71055793762207,352626400
2012-05-15,16.807251593524548,16.86023653102783,16.516876805829657,16.559385299682617,476336000
2012-05-16,16.58572499601744,16.670741962753205,16.196264538392118,16.347139358520508,560896000
2012-05-17,16.32408827746693,16.389647166693884,15.869369506835938,15.869369506835938,717220000
2012-05-18,15.984326133586588,16.267215701435564,15.631687397534051,15.877157211303711,732292400
2012-05-21,16.00048731500455,16.809940637215888,15.987014864921845,16.802156448364258,631106000
2012-05-22,17.049723613097193,17.179344997223346,16.541720913067525,16.673137664794922,694870400
2012-05-23,16.688995806469904,17.14700942447127,16.56117303335956,17.079954147338867,584897600
2012-05-24,17.238912143335416,17.257772291181738,16.80065711164796,16.923093795776367,496230000
2012-05-25,16.90124208612925,16.938960785886703,16.718036287854122,16.83238983154297,328507200
2012-05-29,17.09013690612122,17.182936463126815,16.92279842230191,17.131147384643555,380508800
2012-05-30,17.03924929251112,17.36225243104356,16.960219535004736,17.337705612182617,529429600
2012-05-31,17.384699823673746,17.407451270131897,17.106900681596056,17.29459571838379,491674400
2012-06-01,17.038048966157,17.14252400812967,16.779407329860515,16.793476104736328,520987600
2012-06-04,16.80873685589022,16.98834867253057,16.419577120474255,16.892255783081055,556995600
2012-06-05,16.801850171280677,16.957514695843813,16.713840434229482,16.848548889160156,388214400
2012-06-06,16.996431324175322,17.178438023679213,16.928477573352602,17.10689353942871,401455600
2012-06-07,17.281421780656842,17.28231866492012,17.07815998879798,17.114681243896484,379766800
2012-06-08,17.11109477207234,17.37991553834035,17.033262457579717,17.37213134765625,347516400
2012-06-11,17.59365704092738,17.617006419774416,17.082060239887483,17.09822654724121,591264800
2012-06-12,17.196707744468092,17.26136655394689,16.964408293531047,17.247596740722656,435380400
2012-06-13,17.198508676875495,17.317052530484446,17.074575521583235,17.12786102294922,293580000
2012-06-14,17.10031436409584,17.167969183521816,16.981172625164838,17.10899543762207,345573200
2012-06-15,17.093124877646428,17.201491183527843,17.04971792352834,17.18682289123535,335255200
2012-06-18,17.091930901965164,17.598736043673227,17.07426819777158,17.535572052001953,440412000
2012-06-19,17.46432785014974,17.661901390805923,17.455347816019643,17.584369659423828,361404400
2012-06-20,17.608311705675533,17.639445252509315,17.38649038033712,17.534372329711914,358943200
2012-06-21,17.525397407317246,17.60861740665866,17.285913290028553,17.29279899597168,326351200
2012-06-22,17.333807226032203,17.428103167014136,17.22544091482576,17.4254093170166,284471600
2012-06-25,17.2817202743317,17.356559748478013,17.07426823201991,17.08624267578125,304382400
2012-06-26,17.10301013517008,17.197606668913078,16.983268861141298,17.123966217041016,276536400
2012-06-27,17.212875663473366,17.26496371759687,17.120675603028428,17.197908401489258,202997200
2012-06-28,17.113185612384815,17.182934753933214,16.931776773092658,17.034753799438477,282836400
2012-06-29,17.302673012329535,17.48228645324707,17.19041541111806,17.48228645324707,421500800
2012-07-02,17.50414458460626,17.7657790375605,17.470317174064018,17.737340927124023,400092000
2012-07-03,17.807981307153025,17.961250957315727,17.781639135193803,17.943588256835938,241712800
2012-07-05,17.978014970494048,18.39052570951701,17.950774313649895,18.25881004333496,484383200
2012-07-06,18.173496080133486,18.213908627651726,18.00855251843746,18.13727378845215,418930400
2012-07-09,18.119918476915892,18.37736271273804,18.0842956933364,18.377063751220703,379405600
2012-07-10,18.499199783932273,18.556077611860484,18.120217302445184,18.20703125,511957600
2012-07-11,18.14445828019716,18.19055908758069,17.87803411079605,18.093868255615234,469322000
2012-07-12,17.96843923987639,18.06513007442572,17.74212705143171,17.928325653076172,428041600
2012-07-13,18.04957399927768,18.17649836960006,17.961263632008496,18.110042572021484,311427200
2012-07-16,18.11452165060125,18.30910073609054,18.111527240762033,18.168106079101562,301260400
2012-07-17,18.28426060412474,18.305515644746034,18.05555348933574,18.169010162353516,293624800
2012-07-18,18.158523914474536,18.21091089125097,18.06781872909894,18.148645401000977,252700000
2012-07-19,18.298928446864856,18.420765630059265,18.14086896630878,18.38993263244629,436861600
2012-07-20,18.351306894750387,18.39351639509513,18.07200988277302,18.0899715423584,397471200
2012-07-23,17.793620877850234,18.137879040849235,17.593353444134102,18.075912475585938,487975600
2012-07-24,18.18217598010761,18.25102822600513,17.916648709473908,17.988794326782227,565132400
2012-07-25,17.19669934910694,17.386488625695378,17.063186742514116,17.211965560913086,877312800
2012-07-26,17.35536922551558,17.374528344939367,17.073977652603347,17.209285736083984,406632800
2012-07-27,17.213163992275035,17.537065415391666,17.110784923501377,17.51700782775879,403936400
2012-07-30,17.689450068285062,17.944499452051318,17.59664888245216,17.812484741210938,379142400
2012-07-31,18.057943933161102,18.31149835983435,18.042677717822304,18.283357620239258,462327600
2012-08-01,18.437530305590737,18.45219860176599,18.05106266788784,18.165117263793945,384501600
2012-08-02,18.04627482259984,18.281266527214843,17.968741484966486,18.194454193115234,332158400
2012-08-03,18.36926973657484,18.499488979183408,18.307303206059835,18.431236267089844,344920800
2012-08-06,18.478837590146895,18.705749310941076,18.418070083595307,18.63629913330078,302103200
2012-08-07,18.642882742352395,18.709639064228835,18.50128854847294,18.587203979492188,290446800
2012-08-08,18.54170431581903,18.6761154658401,18.473152614915616,18.555774688720703,244706000
2012-08-09,18.57501933553541,18.69166857957959,18.573516504334265,18.661603927612305,221642400
2012-08-10,18.600867292680956,18.69256082696969,18.60056704769484,18.690757751464844,194938800
2012-08-13,18.74156272882893,18.940284729003906,18.737352877537745,18.940284729003906,278832400
2012-08-14,18.99650321077716,19.19913480477377,18.94659672733609,18.991090774536133,340169200
2012-08-15,18.979375077015643,19.060547205856903,18.872648402667668,18.96524429321289,257342400
2012-08-16,18.976673298947958,19.143527686531414,18.955326996632525,19.130901336669922,254534000
2012-08-17,19.240930618849333,19.487154011650787,19.205154899674078,19.48474884033203,442761200
2012-08-20,19.5418696792401,19.997037887573242,19.538562167478958,19.997037887573242,613384800
2012-08-21,20.167505167058923,20.289565227149772,19.55149378778877,19.7237606048584,812719600
2012-08-22,19.674453129449855,20.11278518416496,19.484749649175946,20.108877182006836,565322800
2012-08-23,20.025897824745247,20.139839996419056,19.87678042694865,19.921276092529297,420128800
2012-08-24,19.827473633010175,20.127211222995285,19.70842088848035,19.939010620117188,437340400
2012-08-27,20.443188087081282,20.469644972822834,20.24927635861517,20.313613891601562,427008400
2012-08-28,20.292569799512925,20.326242202801154,20.162993985924807,20.287158966064453,267416800
2012-08-29,20.300683751054436,20.373437771498782,20.22101446201049,20.247169494628906,202806800
2012-08-30,20.16208922031569,20.189446838327132,19.92789009177297,19.958555221557617,302699600
2012-08-31,20.06017616362319,20.100762232988174,19.75953611518912,19.99974822998047,338321200
2012-09-04,20.015378318661355,20.29737743340861,19.97749767281294,20.292266845703125,367892000
2012-09-05,20.310306192219794,20.333755810662122,20.13082388840646,20.149765014648438,336375200
2012-09-06,20.238150445654846,20.392078187837992,20.166899257432657,20.331348419189453,391196400
2012-09-07,20.384863546698803,20.518048710920226,20.31631937187539,20.45671844482422,329666400
2012-09-10,20.457017700570095,20.542398071334805,19.905343971828888,19.924585342407227,487998000
2012-09-11,19.99583809104022,20.14585624856809,19.736986725508185,19.859949111938477,503983200
2012-09-12,20.048148000660728,20.13984315672695,19.72195504668473,20.13653564453125,712233200
2012-09-13,20.36441822998885,20.608838523686988,20.286251775203688,20.533077239990234,598360000
2012-09-14,20.742931929851647,20.953980149877808,20.68069770396091,20.782615661621094,600474000
2012-09-17,21.025220685881546,21.038749369895857,20.88271833351908,21.038148880004883,398031200
2012-09-18,21.041158096706045,21.11481445607539,20.937136853012053,21.102188110351562,373503200
2012-09-19,21.052581386835964,21.164718867901644,21.031837189141616,21.107898712158203,326874800
2012-09-20,21.01951092245704,21.046569899830644,20.85295683957131,21.00568199157715,336568400
2012-09-21,21.117222273866048,21.197191816119975,21.0255271194074,21.047473907470703,571589200
2012-09-24,20.649730941301705,20.898059310155276,20.533683810304844,20.767881393432617,639766400
2012-09-25,20.69182133365624,20.8277119445973,20.233045215946685,20.24928092956543,518789600
2012-09-26,20.104974638882613,20.22372720014072,19.878292790688903,19.997947692871094,576503200
2012-09-27,19.971190531564602,20.50873364424153,19.852738215557075,20.483179092407227,594090000
2012-09-28,20.405908708615215,20.47685965736777,20.04514103651846,20.0556640625,535110800
2012-10-01,20.177725984225503,20.345784550452706,19.736988697426874,19.82387351989746,543594800
2012-10-02,19.896629040682882,20.033120139271475,19.561115584528746,19.8815975189209,627992400
2012-10-03,19.988319559508703,20.198767220627357,19.92127661717418,20.186439514160156,424281200
2012-10-04,20.180426335888136,20.27061864827396,20.009063511296215,20.046642303466797,370725600
2012-10-05,19.998537151321134,20.02258725318224,19.580047075235328,19.619430541992188,594006000
2012-10-08,19.44777008626209,19.46821404199927,19.1239807287043,19.1859130859375,637994000
2012-10-09,19.20034646742524,19.255663807672253,18.746380772165598,19.116167068481445,838597200
2012-10-10,19.233110526743307,19.390646016611203,19.15073582809096,19.268285751342773,510356000
2012-10-11,19.43634539168426,19.45738983643196,18.883167266845703,18.883167266845703,546081200
2012-10-12,18.927058049117523,19.102030210360127,18.79898671834426,18.931568145751953,460014800
2012-10-15,19.01093742546258,19.094514703242975,18.755393644883764,19.083391189575195,432502000
2012-10-16,19.10173374713075,19.550588800368857,18.970353273521287,19.535255432128906,549771600
2012-10-17,19.507599110146387,19.625449300489624,19.361187107323367,19.379526138305664,389037600
2012-10-18,19.228605806667492,19.30286266633403,18.940291896454077,19.01966094970703,476624400
2012-10-19,18.971854056381293,18.99349898805011,18.327582975535524,18.334197998046875,744086000
2012-10-22,18.41176697526451,19.102035114268595,18.361860471285446,19.06144905090332,546730800
2012-10-23,18.97034881033343,19.05753544554504,18.39011663117472,18.440021514892578,707145600
2012-10-24,18.682945675190076,18.83657159390455,18.358253935490307,18.544349670410156,558527200
2012-10-25,18.639645069924512,18.69977433494481,18.205221165076914,18.325176239013672,656325600
2012-10-26,18.32187698381564,18.459270409311216,17.767799605881905,18.15863037109375,1018432800
2012-10-31,17.88444421115965,18.09729705265209,17.668585708361682,17.897672653198242,510003200
2012-11-01,17.984856046691508,18.12856100344536,17.863097874446204,17.934349060058594,361298000
2012-11-02,17.91481171891538,17.946679440241525,17.279260368322024,17.340890884399414,599373600
2012-11-05,17.54291846619434,17.670689581854283,17.364938997101934,17.57598876953125,529135600
2012-11-06,17.744652567886657,17.759984335204532,17.439804241848037,17.52277946472168,374917200
2012-11-07,17.33069603157995,17.351836597221453,16.784354266216766,16.85230827331543,793648800
2012-11-08,16.931734936441377,16.980058067910814,16.166435890392687,16.24073028564453,1056146000
2012-11-09,16.32136784053083,16.75807764485879,16.119018765522743,16.52190399169922,929913600
2012-11-12,16.73603364499384,16.74660473484527,16.26791372148602,16.394155502319336,515802000
2012-11-13,16.27576963520679,16.625197920854234,16.198755830084565,16.396272659301758,532949200
2012-11-14,16.474799547976403,16.533692185255177,16.193323613119485,16.21446418762207,477170400
2012-11-15,16.234092187751234,16.29358804747386,15.783791740305187,15.874394416809082,789910800
2012-11-16,15.861710003693037,16.006676218011815,15.274295057973305,15.936609268188477,1266893600
2012-11-19,16.330133304219565,17.139225123740957,16.305066878964382,17.085769653320312,823317600
2012-11-20,17.272406341860112,17.27361442013148,16.74901812447244,16.9401912689209,642754000
2012-11-21,17.041064068877596,17.13529094306279,16.81002274115106,16.96405029296875,373002000
2012-11-23,17.129259838889897,17.27513253867697,16.99124045815704,17.26003074645996,272826400
2012-11-26,17.392914286247827,17.81875151433753,17.32677319172221,17.80455780029297,630579600
2012-11-27,17.805156280285228,17.831432386396163,17.519754638396375,17.661096572875977,533330000
2012-11-28,17.43428181216243,17.691899229333668,17.282973656661063,17.60552406311035,520864400
2012-11-29,17.825393895613775,17.947103361112728,17.675293780732876,17.799419403076172,514698800
2012-11-30,17.721800798676828,17.77042554759836,17.59767357449189,17.676197052001953,391319600
2012-12-03,17.92897875380196,17.95736778227553,17.682837280065407,17.703676223754883,364280000
2012-12-04,17.571098532028834,17.571098532028834,17.279053216365206,17.391401290893555,557068400
2012-12-05,17.181810550926574,17.192078414831972,16.271543286429697,16.27214813232422,1044638000
2012-12-06,15.974663646539204,16.710667462222773,15.663287404537417,16.527347564697266,1177212400
2012-12-07,16.713381314878518,16.767743226422276,16.006671626044707,16.104825973510742,787040800
2012-12-10,15.855668724629316,16.26368799765999,15.7523804236662,16.001239776611328,630484400
2012-12-11,16.301745380183604,16.59741663655352,16.229262260563676,16.350671768188477,592345600
2012-12-12,16.543344809962495,16.55029166257387,16.196031211979697,16.278480529785156,487144000
2012-12-13,16.04140852148683,16.23741567159052,15.879830809646789,15.997314453125,625259600
2012-12-14,15.546107438826613,15.648187674326147,15.269162238930708,15.396308898925781,1009579200
2012-12-17,15.370331769765928,15.7046598118333,15.137782318647728,15.669323921203613,757607200
2012-12-18,15.855662756079319,16.154654839014164,15.7122062988801,16.124454498291016,625685200
2012-12-19,16.05106244812311,16.118411584517148,15.870760442161233,15.895223617553711,449369200
2012-12-20,16.006666763329875,16.012707153102117,15.670829156599194,15.756902694702148,481689600
2012-12-21,15.47724300043634,15.694692259604492,15.409893843684408,15.68442440032959,596268400
2012-12-24,15.715231203961812,15.83301482012648,15.665699987682444,15.709794044494629,175753200
2012-12-26,15.67445777054955,15.688351478798436,15.43647277421625,15.493250846862793,302436400
2012-12-27,15.509551112665395,15.591397173536473,15.241364294021265,15.555458068847656,455120400
2012-12-28,15.411402870375287,15.537946233247705,15.345865034344964,15.390260696411133,354278400
2012-12-31,15.418656186316383,16.169763360470142,15.372449194136852,16.07221221923828,659492400
2013-01-02,16.726060618529853,16.761698112511695,16.357908128086645,16.581396102905273,560518000
2013-01-03,16.54666598301802,16.600726265962198,16.338881397575303,16.372102737426758,352965200
2013-01-04,16.217169898685356,16.267304329788306,15.880727430048914,15.91606330871582,594333600
2013-01-07,15.765061997606011,15.985530662786331,15.559693506129635,15.822444915771484,484156400
2013-01-08,15.982808808805805,16.063748428901764,15.742407717648765,15.865023612976074,458707200
2013-01-09,15.780169370921325,15.855975116243382,15.583558955007737,15.617083549499512,407604400
2013-01-10,15.962881039006287,15.968014969236684,15.569358754512985,15.810667991638184,601146000
2013-01-11,15.734856111612203,15.865325308468327,15.675057057669308,15.713715553283691,350506800
2013-01-14,15.1815739678739,15.327145006297995,15.055635414571608,15.153488159179688,734207600
2013-01-15,15.049288211167335,15.07012715466229,14.598684768200675,14.675396919250488,876772400
2013-01-16,14.93875528203548,15.385734604338001,14.874125508198995,15.28455924987793,690804800
2013-01-17,15.412010402334271,15.425299265614937,15.161944608649202,15.181573867797852,453678400
2013-01-18,15.055939478264824,15.16768433718806,14.99191292091408,15.100638389587402,472922800
2013-01-22,15.238353654621404,15.338620943269245,14.998857336401132,15.244695663452148,461546400
2013-01-23,15.36670243453251,15.55334645657069,15.244689780190727,15.523749351501465,861509600
2013-01-24,13.892584205404505,14.065637811502683,13.598121136421598,13.605672836303711,1460852400
2013-01-25,13.641610548540593,13.778723403914414,13.137550762778297,13.284933090209961,1208026400
2013-01-28,13.223022170857035,13.687517026738272,13.163525519151923,13.585436820983887,785517600
2013-01-29,13.847282700469147,13.898625229640379,13.654598214342514,13.840335845947266,571158000
2013-01-30,13.801977457925041,13.971105181987994,13.726474988956426,13.796843528747559,417155200
2013-01-31,13.80137487146455,13.870836952617335,13.740972570877297,13.75637435913086,319334400
2013-02-01,13.865704808316412,13.87687913052377,13.540739776409712,13.699899673461914,539484400
2013-02-04,13.708656684857873,13.769965450110433,13.34895983172086,13.358624458312988,477117200
2013-02-05,13.410873895758149,13.884732582100405,13.355605516934558,13.827349662780762,573347600
2013-02-06,13.785972820192425,14.08889081472302,13.668489213065886,13.81255054473877,593706400
2013-02-07,14.072274557791422,14.277319794615474,13.7949289330862,14.223249435424805,704580800
2013-02-08,14.398834513997373,14.544948961022202,14.224163951983027,14.428604125976562,633158400
2013-02-11,14.474775371832848,14.73116065016295,14.37605058933076,14.57896900177002,517490400
2013-02-12,14.566207413604973,14.653390975621262,14.20866720397256,14.21352767944336,609053200
2013-02-13,14.192568514787016,14.387894428316553,14.071363236290473,14.186492919921875,475207600
2013-02-14,14.110857273983727,14.327143637592002,14.09566909423365,14.173738479614258,355275200
2013-02-15,14.242389425739095,14.282184985105763,13.971120959302047,13.978411674499512,391745200
2013-02-19,14.006967494647043,14.056482389990297,13.78673239135643,13.973247528076172,435783600
2013-02-20,13.903378668284676,13.903378668284676,13.633323710619905,13.634843826293945,476302400
2013-02-21,13.548269064580548,13.64456604912477,13.451669516963127,13.550091743469238,447182400
2013-02-22,13.646995594837689,13.71838100862374,13.566495164748813,13.69438362121582,330654800
2013-02-25,13.786727267739543,13.8253060749109,13.444071048711477,13.451058387756348,372579200
2013-02-26,13.482048794230867,13.716561980925327,13.294925266048326,13.638492584228516,501499600
2013-02-27,13.622089015283208,13.743902724259787,13.385754748233076,13.504833221435547,587350400
2013-02-28,13.489031752067824,13.60507237708614,13.40853214263916,13.40853214263916,322515200
2013-03-01,13.305250540175795,13.310719387858768,13.061625624430889,13.076510429382324,552448400
2013-03-04,12.995400573468263,13.007551763996103,12.72808087114312,12.759977340698242,582755600
2013-03-05,12.80341972491323,13.219891741412338,12.781244202420153,13.096863746643066,638433600
2013-03-06,13.199230276476454,13.221709975450159,12.893026812175016,12.930391311645508,460250000
2013-03-07,12.895156149961648,13.123290298960946,12.79065834113787,13.079850196838379,468473600
2013-03-08,13.056155925463509,13.22717947351539,13.020006538640773,13.114480018615723,391482000
2013-03-11,13.054639364449292,13.33593381069142,12.914599700992094,13.301302909851074,474236000
2013-03-12,13.232345371313619,13.331982711073783,12.988415467292247,13.01453971862793,465911600
2013-03-13,13.015145503968904,13.198926971781058,12.92127959340736,13.012106895446777,405549200
2013-03-14,13.148200435220488,13.203183365198425,13.075902461303672,13.138176918029785,303875600
2013-03-15,13.303123088570368,13.494500290913939,13.282466063881344,13.477185249328613,643960800
2013-03-18,13.41005378821866,13.896393542095122,13.402459697926126,13.843538284301758,606197200
2013-03-19,13.958360771293995,14.00301680545865,13.624211117988251,13.806172370910645,526775200
2013-03-20,13.89517955465219,13.901558525379885,13.657324413688194,13.732963562011719,308660800
2013-03-21,13.67646064374634,13.91218725831892,13.672815286470152,13.752706527709961,383255600
2013-03-22,13.808909830112782,14.037345803747376,13.764255405830836,14.031575202941895,395105200
2013-03-25,14.116017567064612,14.275803277689176,14.027620501307887,14.08229923248291,501135600
2013-03-26,14.138799945096657,14.150951134860701,13.989648552127763,14.0081787109375,294294000
2013-03-27,13.866016691528825,13.876344394390603,13.691954502486109,13.732963562011719,331237200
2013-03-28,13.664311247761145,13.725065588023035,13.415217479294132,13.446809768676758,442839600
2013-04-01,13.423719086094298,13.478398627341006,12.993577525579187,13.029118537902832,389732000
2013-04-02,12.98932998928976,13.309505851613714,12.952876405919467,13.055855751037598,529519200
2013-04-03,13.10384917679647,13.283379394939304,13.07164932797958,13.12268352508545,363216000
2013-04-04,13.176452135077124,13.214119209301565,12.917940788582813,12.992972373962402,358447600
2013-04-05,12.895155908160246,12.908826403321001,12.748737304410655,12.855666160583496,383695200
2013-04-08,12.905788353878464,12.98628796810488,12.83409875889946,12.947101593017578,300829200
2013-04-09,12.951658827484527,13.016665267931273,12.841996353103735,12.970492362976074,306614000
2013-04-10,13.004516158730457,13.276697194313291,12.941027394260615,13.235079765319824,375928000
2013-04-11,13.175237525381233,13.304948678556887,13.098686627693233,13.193768501281738,328364400
2013-04-12,13.188296709702042,13.188296709702042,13.034588200108173,13.056156158447266,238613200
2013-04-15,12.971100675105545,12.998136671933546,12.744789994906766,12.75390338897705,317520000
2013-04-16,12.80615193029096,12.95925289531656,12.77577476112843,12.948014259338379,305771200
2013-04-17,12.76666108620098,12.77668622506774,12.093500469098082,12.235969543457031,945056000
2013-04-18,12.302499364698582,12.32680094210413,11.839245222160143,11.909417152404785,666299200
2013-04-19,11.785470452089195,12.13875851144632,11.698286901276392,11.863236427307129,609274400
2013-04-22,11.92733889549315,12.217746759477523,11.885723083156087,12.110513687133789,429920400
2013-04-23,12.272120565276808,12.405477074630262,12.114765854385528,12.337128639221191,664238400
2013-04-24,11.954679594816957,12.614169872304496,11.923086488463381,12.316776275634766,969651200
2013-04-25,12.492045069925487,12.574367330186176,12.363549112335885,12.40546989440918,384837600
2013-04-26,12.448913851132488,12.721094040571344,12.4015250173366,12.673401832580566,764097600
2013-04-29,12.772128006854805,13.172197446777599,12.7584583227845,13.065876960754395,640326400
2013-04-30,13.217153738307536,13.52548327519908,13.125110506285614,13.450450897216797,691538400
2013-05-01,13.50148810752421,13.515765352722488,13.195589551123271,13.344437599182129,506909200
2013-05-02,13.42007746845428,13.626946253489798,13.38514400586845,13.533689498901367,421828400
2013-05-03,13.709568193399724,13.767893899532897,13.643953396321503,13.669167518615723,361300800
2013-05-06,13.843230826711402,14.040380254303054,13.800703279704765,13.995119094848633,496641600
2013-05-07,14.124524735711745,14.148218746640426,13.78217264052272,13.932844161987305,483753200
2013-05-08,13.94438935425117,14.136678331388552,13.846271310790447,14.090200424194336,472598000
2013-05-09,14.06023144127083,14.157775756952484,13.930884912273065,13.967272758483887,398487600
2013-05-10,14.00397101438783,14.05717775995635,13.77493917234037,13.851078987121582,334852000
2013-05-13,13.806433463124337,14.001829144209312,13.806128080822933,13.905200958251953,316948800
2013-05-14,13.877985649928734,13.919266145695506,13.520218087162982,13.572507858276367,447118000
2013-05-15,13.428791241928167,13.485055072009676,12.915074531620478,13.113527297973633,741613600
2013-05-16,12.94198558088243,13.388735462496713,12.809275720174432,13.28874397277832,603204000
2013-05-17,13.425422024361046,13.457223414016736,13.179572223020209,13.248373031616211,427904400
2013-05-20,13.207095494326934,13.631829125879138,13.151748636387488,13.544069290161133,451578400
2013-05-21,13.397907201563294,13.622046381661047,13.277122784412308,13.444080352783203,456022000
2013-05-22,13.578318919845968,13.709806409048793,13.400046700472405,13.495757102966309,443038400
2013-05-23,13.330631936572336,13.642837098043456,13.3257392885492,13.519911766052246,353021200
2013-05-24,13.480465186592767,13.627546734351972,13.46548186120898,13.61195182800293,276166800
2013-05-28,13.75720235717119,13.79420097206439,13.480468035875974,13.49850845336914,386145200
2013-05-29,13.454475187379593,13.683813180572187,13.436127755989737,13.60583782196045,330576400
2013-05-30,13.627241717944417,13.897861011105174,13.592382416430295,13.808571815490723,353519600
2013-05-31,13.836701094257238,13.977363076959287,13.744967219662742,13.75200080871582,384302800
2013-06-03,13.782582489537383,13.83242512662811,13.53031139844657,13.78227710723877,372352400
2013-06-04,13.858718899934198,13.895719140805221,13.680447535921116,13.739157676696777,292728800
2013-06-05,13.627241087730228,13.782274010849127,13.56791936475684,13.610729217529297,290589600
2013-06-06,13.62174148584015,13.668526219870195,13.272536808145075,13.407386779785156,416934000
2013-06-07,13.34745268466342,13.553550624820817,13.233394846058205,13.5098237991333,404535600
2013-06-10,13.599112700269139,13.732127925661617,13.356626898902501,13.42053508758545,450153200
2013-06-11,13.32421366070839,13.53887292399784,13.250213159691256,13.381088256835938,286112400
2013-06-12,13.43918560112892,13.492697714396982,13.194558097734882,13.215657234191895,265227200
2013-06-13,13.22514092207127,13.367023673402748,13.110471491966841,13.330941200256348,285832400
2013-06-14,13.313816095919279,13.341031046838598,13.102824697252844,13.150221824645996,271866000
2013-06-17,13.192725902647746,13.322989416056382,13.159701338452173,13.20984935760498,259414400
2013-06-18,13.19639672267867,13.298528331206903,13.155116217396026,13.202817916870117,195025600
2013-06-19,13.191503201825606,13.199453756722878,12.934645652770996,12.934645652770996,310940000
2013-06-20,12.821505424431791,13.025767808821977,12.695216777284546,12.746282577514648,357310800
2013-06-21,12.796733664871017,12.842907624173243,12.47902507818232,12.644147872924805,481118400
2013-06-24,12.457621439718855,12.496150230638417,12.171713413175276,12.30901050567627,480746000
2013-06-25,12.405638461099915,12.469546640518608,12.195564857991064,12.311762809753418,314162800
2013-06-26,12.350594580259582,12.377809523860575,12.098628948356238,12.172323226928711,367724000
2013-06-27,12.208407978221109,12.27384470158447,12.033805261220808,12.041143417358398,337246000
2013-06-28,11.967141751452429,12.239594107311488,11.891001152684478,12.125231742858887,578516400
2013-07-01,12.313595457208178,12.606536202730668,12.268644665231976,12.51327133178711,391053600
2013-07-02,12.535906155808151,12.892755250025104,12.520922823095182,12.796738624572754,469865200
2013-07-03,12.869206302440576,12.934033082422417,12.764934582887706,12.867371559143066,240928800
2013-07-05,12.85483471522382,12.943511520486389,12.700719552220573,12.764016151428223,274024800
2013-07-08,12.846272087441278,12.873486219125887,12.556999969108714,12.691544532775879,298138400
2013-07-09,12.647206687843411,12.949931949858396,12.548744591299311,12.914767265319824,352584400
2013-07-10,12.830674599808363,12.98968238340991,12.789394109771802,12.865227699279785,281405600
2013-07-11,12.933114682628547,13.09518040002013,12.878685600471536,13.065824508666992,326292400
2013-07-12,13.076830504550067,13.142268033637576,12.947178608284343,13.041971206665039,279563200
2013-07-15,12.996109332388055,13.19333895967307,12.989687321596751,13.070413589477539,241917200
2013-07-16,13.042276872046266,13.17040022697212,12.970418149639759,13.154806137084961,216538000
2013-07-17,13.13951584541295,13.21657340981094,13.094259672959696,13.158167839050293,198990400
2013-07-18,13.252047270391863,13.297608838109472,13.167346144851068,13.202510833740234,218878800
2013-07-19,13.243483455084057,13.270392202214149,12.975922894938767,12.994270324707031,268721600
2013-07-22,13.132179172980962,13.1410466897852,13.010171613503683,13.035857200622559,207796400
2013-07-23,13.026377960998499,13.055733034033437,12.803461982059648,12.812024116516113,369395600
2013-07-24,13.42175294911811,13.594826263112857,13.309530710562097,13.470067024230957,591936800
2013-07-25,13.475881540223607,13.49728606192913,13.326352820975604,13.408608436584473,229493600
2013-07-26,13.310754872614485,13.486274523426163,13.28139980340873,13.484745979309082,200152400
2013-07-29,13.478937279395884,13.759952639259149,13.460590664989805,13.692680358886719,248057600
2013-07-30,13.759034283396593,13.978893163994629,13.736711984957207,13.861778259277344,309422400
2013-07-31,13.912841507566302,13.984699404745857,13.742825285179451,13.837617874145508,322957600
2013-08-01,13.936086834469135,13.968192802176278,13.859945392742507,13.964523315429688,206250800
2013-08-02,14.00519354228886,14.153192913462226,13.963913039739726,14.143712997436523,274783600
2013-08-05,14.209450375596301,14.392308973575417,14.131782054484187,14.355003356933594,318855600
2013-08-06,14.311280646111136,14.429618720799303,14.132396864326154,14.226578712463379,334857600
2013-08-07,14.182238384156067,14.28008971091047,14.120164137568812,14.218320846557617,298858000
2013-08-08,14.277726099851462,14.28511352833554,14.095813550155546,14.19000244140625,255777200
2013-08-09,14.117055087231641,14.173075610247828,13.963462623602501,13.988085746765137,266865200
2013-08-12,14.062270031849367,14.4251681502182,14.055189999072827,14.385462760925293,364434000
2013-08-13,14.495650619892466,15.225758378988578,14.406694077613702,15.069087028503418,881941200
2013-08-14,15.324877384812197,15.520946797933817,15.18698194327692,15.343960762023926,756372400
2013-08-15,15.279936454246371,15.464002504805444,15.054008293682767,15.325798034667969,490294000
2013-08-16,15.39474467834933,15.480622326933137,15.355039293335484,15.461846351623535,362306000
2013-08-19,15.523714748936161,15.813049221319428,15.513250043598472,15.628368377685547,510518400
2013-08-20,15.689009733032817,15.715480544402082,15.415372261620618,15.423067092895508,358688400
2013-08-21,15.500625987930908,15.610202896641987,15.427060740647896,15.462766647338867,335879600
2013-08-22,15.543412217142082,15.562188190486813,15.334721432337878,15.48123550415039,244207600
2013-08-23,15.49077627950428,15.493238755859089,15.370118225803976,15.421521186828613,222731600
2013-08-26,15.413209691361178,15.704084364004062,15.405514863826303,15.481542587280273,330965600
2013-08-27,15.328566060001862,15.467386954567846,14.968437874720424,15.038924217224121,424188800
2013-08-28,14.959212271300308,15.260859257797428,14.959212271300308,15.110034942626953,307608000
2013-08-29,15.1331135007034,15.282397459385374,15.117107401360938,15.134652137756348,239657600
2013-08-30,15.143883506425347,15.173124181753403,14.974592357973586,14.99675464630127,272297200
2013-09-03,15.177740898879462,15.40859230277554,15.000754932148645,15.038614273071289,331928800
2013-09-04,15.376580903268481,15.45907221241925,15.275621022552032,15.349801063537598,345032800
2013-09-05,15.39782504209035,15.41106126756642,15.194366568770274,15.244538307189941,236367600
2013-09-06,15.342112179596928,15.371043817393609,15.080787161198398,15.335339546203613,359525600
2013-09-09,15.54402857201087,15.633907334177684,15.497243155191248,15.580041885375977,340687200
2013-09-10,15.58097086898902,15.619446671933316,15.066940980042528,15.225151062011719,743195600
2013-09-11,14.374687018305279,14.580298900552739,14.306970549826689,14.396234512329102,898696400
2013-09-12,14.420547357331964,14.632930186464758,14.343903192839077,14.549516677856445,404051200
2013-09-13,14.446403275682805,14.523045804613727,14.303584565232235,14.309739112854004,298835600
2013-09-16,14.189699085354627,14.20847341663041,13.765546486857655,13.854808807373047,543706800
2013-09-17,13.78832576051677,14.149994298802207,13.774167338233404,14.01486873626709,399380800
2013-09-18,14.25680216444282,14.354375776207773,14.17923577050881,14.302972793579102,456862000
2013-09-19,14.488266793896315,14.646169421752598,14.443634812375699,14.537514686584473,404541200
2013-09-20,14.712963634340495,14.729891931462722,14.343600289819346,14.387001037597656,699302800
2013-09-23,15.270084964310533,15.295017130990514,14.854551044768142,15.102025032043457,762106800
2013-09-24,15.232529588587933,15.25068911805058,15.015221812964286,15.054619789123535,364344400
2013-09-25,15.057698701605837,15.071240677134584,14.818536038377216,14.821613311767578,316957200
2013-09-26,14.959199052618487,15.03799499309812,14.894559882686076,14.965970039367676,237221600
2013-09-27,14.890868340348533,14.918262977549325,14.79668108996186,14.85916519165039,228040400
2013-09-30,14.68987772604172,14.825618063960906,14.602461441574674,14.674488067626953,260156400
2013-10-01,14.726818012842099,15.055859602850209,14.724662933935088,15.019538879394531,353883600
2013-10-02,14.947816376303921,15.137729560570165,14.889949814263408,15.068781852722168,289184000
2013-10-03,15.098017447631108,15.154654396017223,14.797296194253875,14.879478454589844,322753200
2013-10-04,14.893336235889599,14.916113327469178,14.73143247385407,14.867789268493652,258868400
2013-10-07,14.97643914290012,15.16388981132201,14.93919459931205,15.013067245483398,312292400
2013-10-08,15.080471854926891,15.102019340763297,14.791139158705812,14.803451538085938,290917200
2013-10-09,14.917340049958474,15.014297181081023,14.721578108499687,14.977361679077148,301725200
2013-10-10,15.122958167160478,15.155583523541482,14.991217283848824,15.071246147155762,278602800
2013-10-11,14.989674559091428,15.200518764482664,14.933346642685793,15.168815612792969,267738800
2013-10-14,15.077096463609502,15.315642796518606,15.06232159925925,15.268240928649902,261898000
2013-10-15,15.313481627511996,15.451686061352111,15.252230403479398,15.349494934082031,320073600
2013-10-16,15.414441704947974,15.467999745649877,15.36642505816296,15.424291610717773,251101200
2013-10-17,15.38951218451883,15.537257508750196,15.380278718195509,15.52863883972168,253593200
2013-10-18,15.574499785028829,15.67515063546774,15.565881117259453,15.663762092590332,290542000
2013-10-21,15.7524145850813,16.13809145956719,15.744719754528495,16.047597885131836,398106800
2013-10-22,16.203033314579265,16.26582482307769,15.637291653188585,16.00172996520996,534063600
2013-10-23,15.974959699795125,16.180265929556626,15.974959699795125,16.158411026000977,313723200
2013-10-24,16.15963775128926,16.389567053371177,16.08114916245149,16.372329711914062,384764800
2013-10-25,16.354167133082367,16.412957541931927,16.16302268753327,16.189186096191406,337792000
2013-10-28,16.283987055161653,16.34431774094494,16.104538566487044,16.309843063354492,550440800
2013-10-29,16.50652882462493,16.598253625652713,15.837673725677078,15.903542518615723,635807200
2013-10-30,15.993729501140468,16.237200733672893,15.914008046527881,16.156557083129883,354163600
2013-10-31,16.15963204685076,16.236274572541717,16.0448211356927,16.088836669921875,275696400
2013-11-01,16.129469801814697,16.153478128969116,15.877687299571583,16.006656646728516,274890000
2013-11-04,16.03959412314578,16.215657962510708,15.96910776519677,16.213502883911133,244627600
2013-11-05,16.146704696323983,16.279367738649047,16.098071608245636,16.17348289489746,265213200
2013-11-06,16.22767040076002,16.249652899073542,16.043458883677808,16.127670288085938,223375600
2013-11-07,16.086179986294717,16.19794430530688,15.863268081623323,15.86667251586914,262620400
2013-11-08,15.931382999778146,16.134170917878254,15.869772483297819,16.11652374267578,279316800
2013-11-11,16.09887302064377,16.150885300981177,15.926116588482621,16.06977081298828,227452400
2013-11-12,16.027043975650866,16.220544449998926,16.00630156607122,16.099491119384766,204276800
2013-11-13,16.037265142573673,16.168845965497283,16.005066035441047,16.118690490722656,197220800
2013-11-14,16.18617757417454,16.386488567997763,16.157075370239827,16.35181427001953,282419200
2013-11-15,16.302897874710386,16.380606268213587,16.238192136777833,16.253671646118164,317920400
2013-11-18,16.253671164637513,16.32178298784583,16.04345275412372,16.056764602661133,244944000
2013-11-19,16.069147492150467,16.20382350680962,16.036330010210737,16.085247039794922,208938800
2013-11-20,16.075340548468265,16.112184159513845,15.923637397481762,15.944379806518555,193916800
2013-11-21,16.024883088078404,16.136649091309344,15.903211319338313,16.13448143005371,262026800
2013-11-22,16.084316166888712,16.16605067008135,16.053666348231502,16.092985153198242,223725600
2013-11-25,16.130760165951802,16.280915708489523,16.130141779217276,16.2149715423584,229311600
2013-11-26,16.226739133896828,16.598879056841618,16.223025505839185,16.514047622680664,401382800
2013-11-27,16.604135380116404,16.904137215127616,16.5140410795563,16.90289878845215,363448400
2013-11-29,17.011877996246874,17.28587286002118,16.960174924711787,17.215904235839844,318127600
2013-12-02,17.275667113739807,17.471642876743335,17.053375181761,17.066068649291992,472544800
2013-12-03,17.284955698624422,17.535113091369364,17.265760899243237,17.533254623413086,450968000
2013-12-04,17.507859652018052,17.622102468782128,17.362967009012106,17.492380142211914,377809600
2013-12-05,17.729217384298916,17.806307364992595,17.53602781596007,17.582157135009766,447580000
2013-12-06,17.5168312825462,17.546553517560728,17.324261755220753,17.338191986083984,344352400
2013-12-09,17.365446597325136,17.634178667977338,17.365446597325136,17.53665542602539,320493600
2013-12-10,17.448416585140865,17.581544997366972,17.374731010958634,17.50940704345703,278269600
2013-12-11,17.55429740586849,17.67720919407989,17.32798111757028,17.379682540893555,359718800
2013-12-12,17.40383662652478,17.502907482116903,17.33851084072436,17.354299545288086,262290000
2013-12-13,17.425817533909793,17.426746767546746,17.141605969693476,17.16513442993164,332822000
2013-12-16,17.183396558337513,17.419311051805515,17.183087365030214,17.260175704956055,282592800
2013-12-17,17.207859156250873,17.320243515048347,17.132625954696604,17.182472229003906,229902400
2013-12-18,17.018692168394445,17.072872104808262,16.681228280998607,17.05181884765625,565863200
2013-12-19,17.012487493599668,17.0279669916103,16.833848266450918,16.856449127197266,320308800
2013-12-20,16.886498468415287,17.07783135157816,16.867612865557593,16.997644424438477,436413600
2013-12-23,17.585257896459936,17.6694692691352,17.42302893882302,17.649965286254883,501306400
2013-12-24,17.64378059326299,17.705391115185428,17.52427483154896,17.575050354003906,167554800
2013-12-26,17.58835787538636,17.631702822901712,17.44222678778741,17.45832633972168,204008000
2013-12-27,17.455839928555992,17.474105477785184,17.322093184901668,17.34035873413086,225884400
2013-12-30,17.258938877428033,17.340362537160456,17.099803531079232,17.16791534423828,253629600
2013-12-31,17.157084454981685,17.37720864701693,17.151819900314173,17.369159698486328,223084400
2014-01-02,17.2038340387538,17.245629709130423,17.090520450564437,17.12488555908203,234684800
2014-01-03,17.11652465452421,17.14252996339309,16.731691387528688,16.748720169067383,392467600
2014-01-06,16.63943335336072,16.92890779823009,16.52023682657414,16.84005355834961,412610800
2014-01-07,16.852130045802337,16.90290390141492,16.65398667811166,16.719621658325195,317209200
2014-01-08,16.681531664412557,16.890511582572497,16.67781803847252,16.825496673583984,258529600
2014-01-09,16.928907015439027,16.93076548249289,16.574415998997605,16.610639572143555,279148800
2014-01-10,16.713124938101124,16.743156391957193,16.443154353797244,16.49981117248535,304976000
2014-01-13,16.405998437731384,16.79578387778671,16.405069204004214,16.586185455322266,378492800
2014-01-14,16.663270689044346,16.92673979033742,16.645932713844722,16.916213989257812,332561600
2014-01-15,17.136960342727036,17.343772683948888,17.07937431602353,17.25584602355957,391638800
2014-01-16,17.179689000986706,17.24006108817534,17.079996436011175,17.159564971923828,229278000
2014-01-17,17.07380409982511,17.09206965934562,16.715286897291293,16.739126205444336,426739600
2014-01-21,16.749032087571116,17.030148397843668,16.73138491649295,16.999189376831055,328526800
2014-01-22,17.0561592325946,17.2536825933607,16.96018360018405,17.074735641479492,379985200
2014-01-23,17.02611925782344,17.22921626625948,16.867294761642924,17.219308853149414,403239200
2014-01-24,17.15181638076073,17.20197183569629,16.865437231761298,16.90630531311035,429354800
2014-01-27,17.03015090140451,17.17659119285458,16.89640407498614,17.0434627532959,554878800
2014-01-28,15.75119443030649,15.944384104887984,15.544071210242691,15.681225776672363,1065523200
2014-01-29,15.60227398200408,15.708157000472816,15.437257319878205,15.503201484680176,502810000
2014-01-30,15.558622960167433,15.681225592824378,15.377817559173913,15.473173141479492,678501600
2014-01-31,15.33075626689904,15.527352013580545,15.28029160483172,15.49855899810791,464797200
2014-02-03,15.560786041102233,15.719301360500312,15.458309119587117,15.527348518371582,401464000
2014-02-04,15.661097166225609,15.772863128520536,15.565430753828096,15.752119064331055,376681200
2014-02-05,15.683078887684632,15.953049328184468,15.673480666202856,15.869767189025879,328344800
2014-02-06,15.885961320384132,15.99310187006684,15.815883253865227,15.96226692199707,257765200
2014-02-07,16.23852474467362,16.28679978236737,16.11394410955021,16.185577392578125,370280400
2014-02-10,16.15381476250234,16.56898222270501,16.13325923354115,16.47554588317871,345559200
2014-02-11,16.526000675259436,16.74837728831275,16.491428200243444,16.692628860473633,282256800
2014-02-12,16.723458427700663,16.804747388499887,16.607909707011494,16.691377639770508,308100800
2014-02-13,16.65213753360466,16.969509015306635,16.63781120621163,16.95642852783203,307398000
2014-02-14,16.895382067845993,17.004703271217437,16.856140606128218,16.94272232055664,272924400
2014-02-18,17.005329278464203,17.166972468044204,16.993181920844293,17.00501823425293,260251600
2014-02-19,16.966397255756462,17.033048874148182,16.642487123553327,16.73654556274414,313768000
2014-02-20,16.6001212147255,16.725014559163256,16.475851621774897,16.542814254760742,305858000
2014-02-21,16.593893348876215,16.649332385505364,16.338813900234562,16.359058380126953,278784800
2014-02-24,16.29365339186461,16.504506349901526,16.270917233749934,16.43069076538086,288909600
2014-02-25,16.487690192030026,16.493606683614527,16.22669257395114,16.259706497192383,231952000
2014-02-26,16.307984022439715,16.351275714845954,16.058509968808586,16.113014221191406,276217200
2014-02-27,16.106468960714263,16.468999970358624,16.072520247192873,16.434429168701172,301882000
2014-02-28,16.478347704008655,16.59265227374235,16.261576539261796,16.389896392822266,371968800
2014-03-03,16.302056184713546,16.527237056327827,16.283057551871092,16.437227249145508,238781200
2014-03-04,16.538142775791723,16.589220535014725,16.43754247764249,16.545616149902344,259140000
2014-03-05,16.535656794290585,16.654941400486564,16.479905038280926,16.58050537109375,200062800
2014-03-06,16.59389352476443,16.645283998627303,16.44782255655852,16.530357360839844,185488800
2014-03-07,16.54095638938605,16.568675922337714,16.383983826306874,16.52071189880371,220729600
2014-03-10,16.45592198422611,16.610713836681434,16.455298232658095,16.535654067993164,178584000
2014-03-11,16.6767444774935,16.77921107558366,16.587667748640644,16.69667625427246,279224400
2014-03-12,16.64746554869031,16.73591684914197,16.569290347570888,16.71286964416504,199326400
2014-03-13,16.73873289429439,16.807874557380405,16.480848862229927,16.52725601196289,257742800
2014-03-14,16.469317760196255,16.534723534810226,16.288986977052627,16.341623306274414,237199200
2014-03-17,16.435373877766903,16.506072407403316,16.377754176912045,16.405473709106445,199544800
2014-03-18,16.379303150690472,16.56835475996189,16.35750178657426,16.550601959228516,209647200
2014-03-19,16.57739539687481,16.701352347290342,16.47586024498592,16.546249389648438,224756000
2014-03-20,16.5035713475251,16.590156371728014,16.424463024576475,16.466508865356445,208398400
2014-03-21,16.567107648038956,16.62379252105833,16.39269508516468,16.596384048461914,374046400
2014-03-24,16.769246144927752,16.83402816245642,16.664597246865867,16.793228149414062,355700800
2014-03-25,16.865179214276367,16.997546013182816,16.805689919828218,16.973875045776367,282293200
2014-03-26,17.02152343689885,17.0987638569097,16.782950888238172,16.811603546142578,299768000
2014-03-27,16.819083395499458,16.865179490678003,16.666472103591992,16.739351272583008,222031600
2014-03-28,16.766123937148468,16.785433617933787,16.639362677525035,16.720651626586914,200564000
2014-03-31,16.794478055347135,16.843687916250047,16.691697060758226,16.71692657470703,168669200
2014-04-01,16.748690470568096,16.87669929637563,16.717857174865266,16.86984634399414,200760000
2014-04-02,16.892584241591955,16.926844016996302,16.826556371297688,16.897878646850586,180420800
2014-04-03,16.86174345084862,16.89631425512251,16.744948889469708,16.780765533447266,162344000
2014-04-04,16.812544155554654,16.818460650353654,16.52507270120498,16.563692092895508,275251200
2014-04-07,16.44533459222574,16.535033411169156,16.254415013218118,16.30362319946289,289850400
2014-04-08,16.357189020155843,16.386154375671595,16.155055283028187,16.302684783935547,243888400
2014-04-09,16.277767743821464,16.522258361244226,16.258458061550385,16.516963958740234,206169600
2014-04-10,16.52817862475142,16.576766380594005,16.29427842228178,16.30393409729004,239652000
2014-04-11,16.164400802956195,16.283688718680953,16.106471746107708,16.183401107788086,271717600
2014-04-14,16.25472841046884,16.26282554017803,16.108657388118385,16.24787712097168,205674000
2014-04-15,16.203957419446084,16.246625356344985,15.925518026767064,16.13201141357422,266490000
2014-04-16,16.134810847385392,16.22949299602235,16.013032934271934,16.164710998535156,214765600
2014-04-17,16.195538768218015,16.437226584385353,16.170621984076003,16.349395751953125,284334400
2014-04-21,16.361863514870905,16.573651311363978,16.318882869278212,16.543441772460938,182548800
2014-04-22,16.454369972219613,16.564002254693953,16.397997778119418,16.559953689575195,202563200
2014-04-23,16.4777231114015,16.54219407254145,16.33414215586586,16.343486785888672,394940000
2014-04-24,17.69706338560128,17.752813475995207,17.464096304401483,17.683359146118164,759911600
2014-04-25,17.582451888467812,17.814795272402645,17.564700744154877,17.81324005126953,390275200
2014-04-28,17.840018498228492,18.55480286913981,17.832230751940465,18.503101348876953,669485600
2014-04-29,18.492201497780304,18.561966869829444,18.360456837332734,18.448286056518555,337377600
2014-04-30,18.457938182853958,18.669414894031558,18.36948522904711,18.378517150878906,456640800
2014-05-01,18.438013947447377,18.52522110508718,18.26235545520627,18.42181968688965,244048000
2014-05-02,18.448600384161956,18.50653111375002,18.366687649887986,18.456073760986328,191514400
2014-05-05,18.38008095230032,18.71831903657519,18.37571968051158,18.717071533203125,287067200
2014-05-06,18.743227970769706,18.824516926928393,18.513065338134766,18.513065338134766,374564400
2014-05-07,18.539230707167267,18.6027668796283,18.305017792667403,18.448286056518555,282864400
2014-05-08,18.423545719892072,18.616473340491293,18.365605880996622,18.415403366088867,230297200
2014-05-09,18.307352674091867,18.360908557800055,18.175497717078844,18.338672637939453,291597600
2014-05-12,18.399741691525996,18.592980394390477,18.396921640863575,18.566986083984375,213208800
2014-05-13,18.54098984547247,18.620540027949737,18.500276409987205,18.596111297607422,159737200
2014-05-14,18.55445690570752,18.710113321953344,18.532846554455162,18.59955596923828,166404000
2014-05-15,18.625554734844286,18.685060150562535,18.41696798049978,18.441396713256836,230846000
2014-05-16,18.43545517257956,18.714197111682964,18.33429457469434,18.713571548461914,276256400
2014-05-19,18.724212261480336,19.021118835951885,18.707925879856703,18.935304641723633,317755200
2014-05-20,18.93279431246647,18.991986940095412,18.81440738458072,18.939058303833008,234836000
2014-05-21,18.9114982479598,19.00138360412944,18.856064010735913,18.98917007446289,196859600
2014-05-22,18.998258208363648,19.100046016272824,18.919960795233482,19.019241333007812,200760000
2014-05-23,19.01861256634196,19.252880875837153,18.994183831084378,19.234088897705078,232209600
2014-05-27,19.28889967137454,19.60146541470946,19.2810700977941,19.594263076782227,348866000
2014-05-28,19.606469085031833,19.7257960225323,19.536314058615293,19.54351806640625,315481600
2014-05-29,19.663786197393325,19.94628637760385,19.661280600635823,19.899620056152344,376474000
2014-05-30,19.981052009026282,20.17491797520499,19.69667344292699,19.825082778930664,564020800
2014-06-02,19.855146912797903,19.88239402126725,19.496227727789538,19.688840866088867,369350800
2014-06-03,19.68289135027826,20.0048538495792,19.676314576814576,19.967269897460938,292709200
2014-06-04,19.96413889982196,20.29142537683936,19.922483770709768,20.195274353027344,335482000
2014-06-05,20.23849273413967,20.337774906253358,20.126057016504777,20.27450942993164,303805600
2014-06-06,20.354374770736754,20.396969913393704,20.184311999414085,20.218761444091797,349938400
2014-06-09,20.32304938344283,20.581746311857557,20.114777155515725,20.54228401184082,301660000
2014-06-10,20.768103798715035,20.838258835579396,20.513790744689228,20.662870407104492,251108000
2014-06-11,20.636569976092844,20.774688962906776,20.491875885893357,20.577377319335938,182724000
2014-06-12,20.616828316137514,20.634367490954332,20.14766626186816,20.23316764831543,218996000
2014-06-13,20.213442925249407,20.266060468615937,19.92405312724698,20.011747360229492,218100000
2014-06-16,20.062169126285614,20.33401970303615,20.049013906071725,20.21343994140625,142244000
2014-06-17,20.23755683891498,20.323058247471973,20.125748333957805,20.1871337890625,118904000
2014-06-18,20.228785267266414,20.233170897988884,20.02708974236177,20.209054946899414,134056000
2014-06-19,20.23317366607839,20.23536648173962,20.024899666596184,20.13890266418457,142112000
2014-06-20,20.136711162210243,20.290176488571323,19.928438821768953,19.930631637573242,403592000
2014-06-23,20.02051237758375,20.0862834554539,19.862663128797788,19.913087844848633,174776000
2014-06-24,19.89554774160454,20.112589612268046,19.77277685276505,19.79250717163086,156144000
2014-06-25,19.77715970674068,19.884584228479753,19.654388824753166,19.81004524230957,147476000
2014-06-26,19.812238353463858,19.961318000659954,19.68727465453682,19.92843246459961,130516000
2014-06-27,19.910893873648813,20.16959086689013,19.899931470430868,20.165206909179688,256116000
2014-06-30,20.191510868074097,20.548864416951414,20.189318053245135,20.373476028442383,197929200
2014-07-01,20.502824783325195,20.623404516058972,20.417323399251327,20.502824783325195,152892000
2014-07-02,20.579561915648984,20.62121537131152,20.40855744443784,20.494060516357422,113860000
2014-07-03,20.53571465370245,20.629985644849135,20.432674073538852,20.614639282226562,91567200
2014-07-07,20.638758965099182,21.044342912844403,20.629989374496837,21.039958953857422,225872000
2014-07-08,21.105725383578267,21.221921188122145,20.59052413525455,20.904029846191406,260888000
2014-07-09,20.923760331922683,21.03556882478377,20.774680668813208,20.912797927856445,145744000
2014-07-10,20.555445154704216,20.947875453420846,20.50282762442309,20.8360652923584,158744000
2014-07-11,20.906226790122805,21.022420944983853,20.79660941042318,20.875534057617188,136072000
2014-07-14,21.01583970025496,21.24165118679092,20.96980061128795,21.145187377929688,171240000
2014-07-15,21.221915616669428,21.232876346020294,20.83386933436481,20.89744758605957,181911600
2014-07-16,21.259186745585044,21.287686651246958,20.770292683384998,20.779062271118164,213585200
2014-07-17,20.833875702015003,20.88868438340413,20.294558477861365,20.408559799194336,229192000
2014-07-18,20.52475387287634,20.770295674251003,20.39321171056497,20.702333450317383,199952000
2014-07-21,20.825108972540047,20.82730178843269,20.546681568798565,20.594913482666016,156316000
2014-07-22,20.75713579392872,20.803174867639637,20.634364930699608,20.765905380249023,220788000
2014-07-23,20.91937438033987,21.458691534090615,20.86456570610551,21.30742073059082,371672000
2014-07-24,21.274541219857234,21.335926684773362,21.138615067094044,21.272348403930664,182916000
2014-07-25,21.232878689068134,21.44992055664722,21.18683960640759,21.41265106201172,173876000
2014-07-28,21.445535322137392,21.756848151666038,21.38634269727741,21.708616256713867,221272000
2014-07-29,21.77657990677322,21.800695853989136,21.539806064632096,21.56830596923828,172572000
2014-07-30,21.581473034014376,21.63847287451734,21.4126613108322,21.517894744873047,132040000
2014-07-31,21.30084284861494,21.364419435505063,20.899642972670772,20.95883560180664,227372000
2014-08-01,20.805381065768252,21.182465156968785,20.785649065697758,21.07503890991211,194044000
2014-08-04,21.12765429705921,21.1736933956686,20.864571583054655,20.956649780273438,159832000
2014-08-05,20.906215393577366,20.976370411436584,20.686980753688868,20.853599548339844,223732000
2014-08-06,20.772482425316735,20.932524450671092,20.763712838880974,20.81852149963379,154232000
2014-08-07,20.915469894953947,21.14020084420526,20.732599587839513,20.81632423400879,186844000
2014-08-08,20.767848692256926,20.891230235873913,20.551929309979744,20.87360382080078,167460000
2014-08-11,20.990386693190374,21.168851296092214,20.895646764546886,21.14902114868164,146340000
2014-08-12,21.160028330385508,21.34510065585143,21.065288445411987,21.14460563659668,135180000
2014-08-13,21.184265770786894,21.424419403076172,21.160029867223138,21.424419403076172,127664000
2014-08-14,21.44425173935403,21.497129315751433,21.32747965437533,21.481706619262695,112464000
2014-08-15,21.569829336686627,21.633723822467143,21.340691012802203,21.58745574951172,195804000
2014-08-18,21.699821604836202,21.8937087952373,21.5874569987054,21.847440719604492,190288000
2014-08-19,21.902528845050973,22.18234110823553,21.88269870304301,22.1492919921875,277596000
2014-08-20,22.129466083528744,22.272676134674878,22.02150551325653,22.15810775756836,210796000
2014-08-21,22.158103208084317,22.239624129541188,22.056753827351503,22.160306930541992,133912000
2014-08-22,22.09641053806745,22.356394294575445,22.074378358217125,22.323345184326172,176736000
2014-08-25,22.426899836405934,22.51062279803147,22.31453352613263,22.37181854248047,161080000
2014-08-26,22.345377336299595,22.363003752536894,22.22199578453365,22.228605270385742,132608000
2014-08-27,22.257252762318387,22.59875752228421,22.186748759861008,22.501813888549805,209476000
2014-08-28,22.382836209430216,22.645023734727758,22.376226722397146,22.52825164794922,273840000
2014-08-29,22.662649264948147,22.671462474295744,22.5172338321345,22.583332061767578,178380000
2014-09-02,22.706714705035647,22.85653590913751,22.631804943458658,22.759593963623047,214256000
2014-09-03,22.715524926096922,22.7375571071356,21.71965588699872,21.798973083496094,501684000
2014-09-04,21.779151238733643,22.052354085750515,21.54560700506989,21.618314743041992,342872000
2014-09-05,21.768125267474534,21.898116297776692,21.660164734807765,21.805580139160156,233828000
2014-09-08,21.878283041729343,21.880485082441314,21.602876667492804,21.67117691040039,185426800
2014-09-09,21.829825571242722,22.711126546931666,21.18206881620792,21.589670181274414,759385200
2014-09-10,21.594070168357,22.277077852398513,21.538988876402883,22.25284194946289,403478400
2014-09-11,22.12285659610476,22.349791308359396,21.948799467057984,22.34758758544922,249412400
2014-09-12,22.29911277032032,22.51503220090262,22.270471100129416,22.39826011657715,250504400
2014-09-15,22.65162918785671,22.70450843660003,22.34978479411456,22.391645431518555,245266000
2014-09-16,21.98845405735369,22.310128624598505,21.78795733286022,22.22199821472168,267632400
2014-09-17,22.31232854949144,22.429102298045407,22.162507371198004,22.380630493164062,243706000
2014-09-18,22.457740525266892,22.550276676262882,22.37621962218147,22.426895141601562,149197600
2014-09-19,22.537062891971566,22.550281864884752,22.142680617566846,22.244029998779297,283609600
2014-09-22,22.429109387554757,22.504019159905546,22.160312334393684,22.266067504882812,211153600
2014-09-23,22.164715977290516,22.68027784714433,22.151497002482046,22.614179611206055,253608800
2014-09-24,22.50842113603085,22.660444366783693,22.296907484557146,22.418087005615234,240687200
2014-09-25,22.14488506019313,22.18894942530188,21.530177585523646,21.5632266998291,400368000
2014-09-26,21.708644970752896,22.19776725769043,21.68000329556172,22.19776725769043,249482000
2014-09-29,21.73507672882645,22.129458955302646,21.730669284425865,22.056751251220703,199065200
2014-09-30,22.210986233786645,22.3718243937325,22.1492954374068,22.19776725769043,221056400
2014-10-01,22.162510060878297,22.184543924642135,21.746095586148275,21.851852416992188,205965200
2014-10-02,21.871688239909595,22.080998249491515,21.60068910624503,22.010494232177734,191031200
2014-10-03,21.90913100674941,22.078780613683392,21.821000620403684,21.948789596557617,173878400
2014-10-06,22.02149561041658,22.175724206758417,21.9047235629111,21.948789596557617,148204800
2014-10-07,21.906939460872966,22.058964419792275,21.752712459757902,21.757118225097656,168376800
2014-10-08,21.75931855873317,22.277082474335383,21.660171204076587,22.208782196044922,229618800
2014-10-09,22.371817954489153,22.556890290359625,22.166915479233904,22.257247924804688,309506000
2014-10-10,22.184549977976495,22.479785006355197,22.09862326488429,22.193363189697266,265326400
2014-10-13,22.325551117346482,22.42469677696446,21.99065589904785,21.99065589904785,214333600
2014-10-14,22.118451497094306,22.14709317417332,21.71745961324689,21.757118225097656,254754400
2014-10-15,21.585264213226626,21.845248065850328,20.97055658674478,21.490524291992188,403734400
2014-10-16,21.052074929822986,21.53018024213229,21.02122953425129,21.208505630493164,288618000
2014-10-17,21.481710152992523,21.8121980015001,21.32968520477564,21.5191650390625,272718800
2014-10-20,21.66237215589312,22.023705325383276,21.640339973548162,21.97964096069336,310069200
2014-10-21,22.697900947963007,22.697900947963007,22.312331855036728,22.576723098754883,378495600
2014-10-22,22.658244597562508,22.93805856557183,22.60536701594226,22.691293716430664,273052400
2014-10-23,22.931447231504766,23.145162944568984,22.832299882883824,23.096691131591797,284298800
2014-10-24,23.1738020714005,23.242102338035085,23.03059037085742,23.182615280151367,188215600
2014-10-27,23.101095489215695,23.239901432642732,23.068046375021268,23.15838050842285,136750800
2014-10-28,23.222276406772554,23.51751136779785,23.211259474397874,23.51751136779785,192243600
2014-10-29,23.497682643648638,23.656317054760354,23.43378813467598,23.64970588684082,210751600
2014-10-30,23.5659794419669,23.651906121823885,23.332435305016904,23.57038688659668,162619200
2014-10-31,23.797318239221365,23.803927724302344,23.62105745930751,23.795114517211914,178557200
2014-11-03,23.843589089364244,24.30186582569185,23.797321007467836,24.103572845458984,209130400
2014-11-04,24.094771973073573,24.123413653402306,23.73343866007962,23.927324295043945,166297600
2014-11-05,24.037481464627827,24.081547517744443,23.823765729619375,23.984603881835938,149743600
2014-11-06,24.031070140834306,24.073113990378662,23.85404669352975,24.053197860717773,139874000
2014-11-07,24.0642622328041,24.19039209146036,24.02000679364768,24.121795654296875,134766000
2014-11-10,24.124000920458297,24.192599027875794,24.046553078118876,24.081958770751953,108782000
2014-11-11,24.053200222664803,24.285545524848807,23.986817056495784,24.27448081970215,109769200
2014-11-12,24.203665030333397,24.657290815868482,24.201453440447906,24.617460250854492,187769600
2014-11-13,24.739165044926544,25.10427658530236,24.694907923988854,24.96487045288086,238091600
2014-11-14,25.037897016214714,25.268029013285762,24.60861216704018,25.26581573486328,176254400
2014-11-17,25.28573033928554,25.951785336864077,25.07108960154861,25.223772048950195,186986800
2014-11-18,25.212706740692894,25.59994770831445,25.201642037751906,25.551265716552734,176896000
2014-11-19,25.54462976842207,25.61101292707092,25.181729765450644,25.374242782592773,167476800
2014-11-20,25.427343577817123,25.85883988621902,25.414065599548874,25.73713493347168,173582000
2014-11-21,26.002678750273688,26.01595504347046,25.675182782781015,25.772546768188477,228717200
2014-11-24,25.856630179860787,26.281488401929344,25.8057366022178,26.25050926208496,189803200
2014-11-25,26.347875225701063,26.49834606839973,25.989400124150425,26.022592544555664,275361600
2014-11-26,26.09782538831453,26.354509916771867,26.073484395757834,26.332382202148438,163073200
2014-11-28,26.392129104043402,26.42089665454155,26.122168264987792,26.31689453125,99257600
2014-12-01,26.290346034310573,26.387710032948878,24.62189020364303,25.462757110595703,335256000
2014-12-02,25.115346233286697,25.613227546281365,24.949385795621804,25.365392684936523,237395600
2014-12-03,25.613224623016894,25.74599262034848,25.47160520076498,25.65305519104004,172253600
2014-12-04,25.617649050520285,25.93408031097091,25.511435329777456,25.55569076538086,168178000
2014-12-05,25.666329069702595,25.686245195958865,25.36760068175069,25.447261810302734,153275600
2014-12-08,25.24811309773659,25.36981808845165,24.699338220890194,24.871936798095703,230659600
2014-12-09,24.382907834871414,25.292371160609665,24.197031268382258,25.252540588378906,240832000
2014-12-10,25.31670375446836,25.414066030079344,24.681628088145388,24.77235221862793,178261200
2014-12-11,24.840952594053086,25.18172481042085,24.63737322483946,24.69933319091797,165606800
2014-12-12,24.442648428240222,24.75465480232243,24.24792215935203,24.28111457824707,224112400
2014-12-15,24.49576328204512,24.694916172191242,23.533192949282164,23.949201583862305,268872400
2014-12-16,23.53761428002616,24.376267823010064,23.513273282844924,23.621700286865234,243162800
2014-12-17,23.703571630097002,24.305453270050986,23.637186793985563,24.210304260253906,213647200
2014-12-18,24.754660850648925,24.92725944519043,24.486911532419544,24.92725944519043,236024800
2014-12-19,24.840960455719387,25.057814496796542,24.70819243429135,24.734745025634766,353719200
2014-12-22,24.81883169314774,25.113133593701413,24.77678784096711,24.991430282592773,180670000
2014-12-23,25.05559817156092,25.07772588957793,24.885211197532936,24.90291404724121,104113600
2014-12-24,24.911766758124006,24.940532624207442,24.78563690185547,24.78563690185547,57918400
2014-12-26,24.80555190094983,25.341050482547352,24.785637459729237,25.223772048950195,134884000
2014-12-29,25.179511860069766,25.3963658353387,25.159595734369123,25.206066131591797,110395600
2014-12-30,25.14632191829245,25.208280203040292,24.80776294217987,24.898487091064453,119526000
2014-12-31,24.964880646282708,25.033477101449044,24.387338066062856,24.424955368041992,165613600
2015-01-02,24.64844536553832,24.659510070593672,23.754471558295847,24.192607879638672,212818400
2015-01-05,23.962475227002493,24.042136374239757,23.325187737341313,23.511062622070312,257142000
2015-01-06,23.575233439406734,23.772173022582894,23.152586716885562,23.513275146484375,263188400
2015-01-07,23.721268759658745,23.94254925811913,23.61062851042855,23.842973709106445,160423600
2015-01-08,24.170481081024192,24.816620038545683,24.05320094296326,24.75908660888672,237458000
2015-01-09,24.931681198896364,25.060024333551862,24.387331204040734,24.78563690185547,214798000
2015-01-12,24.91618562711603,24.922823772441756,24.075320683875773,24.174896240234375,198603200
2015-01-13,24.65729087939062,24.960445829902344,24.099664655994744,24.389541625976562,268367600
2015-01-14,24.12843047207833,24.44928658228224,24.00893877695945,24.29660415649414,195826400
2015-01-15,24.340868021116325,24.35414431798287,23.60179156610171,23.637195587158203,240056000
2015-01-16,23.683663301109657,23.80536831130288,23.278719381634467,23.45353126525879,314053200
2015-01-20,23.862893043099756,24.11294113817059,23.566377924636292,24.057621002197266,199599600
2015-01-21,24.10851943514098,24.57542161180635,23.958048567472943,24.241289138793945,194303600
2015-01-22,24.398396505882765,24.88742637071064,24.27890479360892,24.871936798095703,215185600
2015-01-23,24.849809520070863,25.17066568204172,24.67942253004134,25.000280380249023,185859200
2015-01-26,25.168450094718995,25.30564464790185,24.960447519022203,25.026830673217773,222460000
2015-01-27,24.876358386921034,24.889636367580913,24.12621747674591,24.150558471679688,382274800
2015-01-28,26.029240139434922,26.137668864666733,25.515869140625,25.515869140625,585908400
2015-01-29,25.739349018717416,26.3744246942054,25.571175357345947,26.310253143310547,337745600
2015-01-30,26.1996193628405,26.553667930939003,25.85663381010451,25.92523193359375,334982000
2015-02-02,26.12216783483101,26.370000953586086,25.686244910716674,26.25050926208496,250956400
2015-02-03,26.22175141960428,26.352306164841792,26.02481181826284,26.25494384765625,207662800
2015-02-04,26.221745794516334,26.666520183230848,26.179701948787283,26.456302642822266,280598800
2015-02-05,26.66290499248517,26.70955879365363,26.491847269498656,26.64513397216797,168984800
2015-02-06,26.662904175232608,26.714000306189355,26.314122700569396,26.420757293701172,174826400
2015-02-09,26.336340464499866,26.62291744894482,26.309681391456404,26.59626007080078,155559200
2015-02-10,26.696235296315404,27.136100789446896,26.694014977515135,27.107219696044922,248034000
2015-02-11,27.27383176532612,27.75146295792522,27.213850962022807,27.742576599121094,294247200
2015-02-12,28.004710747247906,28.32017046811168,27.895855847141654,28.09357261657715,297898000
2015-02-13,28.27574380069617,28.27574380069617,27.913633609185215,28.231313705444336,217088800
2015-02-17,28.322404555790992,28.63120008319222,28.195776881275386,28.397937774658203,252609600
2015-02-18,28.353501091632044,28.608978410609364,28.313513322619073,28.59564971923828,179566800
2015-02-19,28.54232794957795,28.664513254672688,28.50900622536984,28.535663604736328,149449600
2015-02-20,28.57342633827766,28.768922805786133,28.44680040985868,28.768922805786133,195793600
2015-02-23,28.88444919649405,29.546466827392578,28.80447366197079,29.546466827392578,283896400
2015-02-24,29.533135230131812,29.679757593961313,29.139921941606865,29.362075805664062,276912400
2015-02-25,29.22656176210634,29.235449814940566,28.469016273438623,28.611194610595703,298846800
2015-02-26,28.61119665484146,29.07327713106697,28.126902824541162,28.973308563232422,365150000
2015-02-27,28.88000304082967,29.00663237357377,28.4890134507584,28.537887573242188,248059200
2015-03-02,28.713394256789744,28.94221252397708,28.50234871003829,28.67784881591797,192386800
2015-03-03,28.648965199633246,28.773370827213807,28.455689023399984,28.737825393676758,151265200
2015-03-04,28.680075023740677,28.78226393790186,28.506795221641184,28.555665969848633,126665200
2015-03-05,28.56454534427654,28.60231109584079,27.938071491371385,28.08247184753418,226068400
2015-03-06,28.52454971055372,28.740039191507673,28.04914235660361,28.12467384338379,291368400
2015-03-09,28.42681027882651,28.784479856085543,27.78256368790519,28.244644165039062,354114000
2015-03-10,28.08247211064381,28.26241620675902,27.502650362161962,27.66037940979004,275426400
2015-03-11,27.713700388416324,27.718142720878983,27.127214199155254,27.15609359741211,275756000
2015-03-12,27.17164541892657,27.747024953203574,27.02058068549669,27.64705467224121,193450800
2015-03-13,27.6359451838697,27.85809908133666,27.231625158275826,27.45599937438965,207309200
2015-03-16,27.520416950669613,27.758121490478516,27.29604279372521,27.758121490478516,143497200
2015-03-17,27.969175876729444,28.284634002627094,27.91363740266719,28.222431182861328,204092400
2015-03-18,28.213539383994842,28.69339252092788,28.073583066505737,28.54010581970215,261083600
2015-03-19,28.602307787128524,28.713384710573685,28.302400432806465,28.324615478515625,183238000
2015-03-20,28.491230817057243,28.524552538116783,27.804776244841232,27.96916961669922,274780400
2015-03-23,28.240196024862197,28.402367374748902,28.106902368369962,28.260189056396484,150838800
2015-03-24,28.264641425158008,28.444583846778304,28.11579702412687,28.144678115844727,131369200
2015-03-25,28.11135075836797,28.17355357044147,27.409343719482422,27.409343719482422,206620800
2015-03-26,27.271615976170597,27.74258120671152,27.23607053505057,27.60040283203125,190291600
2015-03-27,27.673713378583198,27.70259277763518,27.30493875763532,27.380470275878906,158184800
2015-03-30,27.558186720925512,28.080247947451227,27.547078350082643,28.073583602905273,188398800
2015-03-31,28.011383219191703,28.10024511430692,27.627057938050438,27.642608642578125,168362400
2015-04-01,27.72924489692644,27.795891733269624,27.34713998434433,27.602617263793945,162485600
2015-04-02,27.77589766980492,27.893638947918962,27.58928923541274,27.840322494506836,128880400
2015-04-06,27.651491582989873,28.32683952951182,27.62039017777961,28.29129409790039,148776000
2015-04-07,28.355718657681365,28.46235156172454,27.986944130091178,27.993608474731445,140049200
2015-04-08,27.958057680622495,28.080242958588354,27.762562930776248,27.90251922607422,149316800
2015-04-09,27.958066080579393,28.12023916234062,27.693704110033863,28.115795135498047,129936000
2015-04-10,27.98027485633653,28.260189163168846,27.826989862630114,28.23575210571289,160752000
2015-04-13,28.51789087563862,28.562324360961306,28.1269012893116,28.180217742919922,145460400
2015-04-14,28.213538094478118,28.277962912412484,27.97139121887246,28.05803108215332,102098400
2015-04-15,28.082471283046583,28.242420644379937,27.99360939681727,28.1646671295166,115881600
2015-04-16,28.053588976527664,28.23575507267787,28.015823227363466,28.029151916503906,113476000
2015-04-17,27.891419301645175,28.022489272545602,27.649270699868765,27.713695526123047,207828000
2015-04-20,27.895860209527733,28.462351537154245,27.806998326302168,28.346832275390625,188217200
2015-04-21,28.457911847812642,28.48012520073409,28.140230053864958,28.19354820251465,129740400
2015-04-22,28.211318916915396,28.628967574063935,28.062476233744846,28.573429107666016,150618000
2015-04-23,28.50234617845278,28.97331136387317,28.46680074073816,28.80669593811035,183083600
2015-04-24,28.9888592325096,29.019960638198242,28.70894319151285,28.94220542907715,178103600
2015-04-27,29.39317653982719,29.575344331297668,29.135477249853828,29.468708038330078,387816800
2015-04-28,29.870809984413906,29.888579310474817,28.784477727247477,29.00440788269043,475696000
2015-04-29,28.91554998584197,29.23322840880269,28.502343631285193,28.5778751373291,253544400
2015-04-30,28.577879399958032,28.577879399958032,27.675935050268052,27.802562713623047,332781600
2015-05-01,28.013598058675683,28.908879431182097,27.8358760088577,28.64673614501953,234050400
2015-05-04,28.768929390811504,29.006635685468652,28.493457340795633,28.591205596923828,203953200
2015-05-05,28.46902006448425,28.535666910420105,27.942516422209852,27.94696044921875,197085600
2015-05-06,28.115791315351583,28.15800109012273,27.4048996580972,27.771453857421875,288564000
2015-05-07,27.833912656741475,28.12615094289495,27.666601323454554,27.94322395324707,175763600
2015-05-08,28.260004316794557,28.469701766967773,28.132847750663366,28.469701766967773,222201600
2015-05-11,28.418390682627546,28.456314180575312,28.02576623369674,28.1796932220459,168143200
2015-05-12,28.01907641863355,28.304620877619083,27.845072870312944,28.079309463500977,192640000
2015-05-13,28.141777436809814,28.373782779218352,28.079314787311276,28.110546112060547,138776800
2015-05-14,28.422853001376712,28.76639747619629,28.367082551285613,28.76639747619629,180814000
2015-05-15,28.79317492809337,28.88686889308668,28.601324408166477,28.72624969482422,152832000
2015-05-18,28.639254017784786,29.161264821435314,28.634791426893216,29.043031692504883,203531600
2015-05-19,29.154567899273147,29.196953995956324,28.92033127294328,29.016258239746094,178532800
2015-05-20,29.000636555253806,29.21925578540813,28.853401737330955,29.014020919799805,145819600
2015-05-21,29.016252320684828,29.36425939557472,28.962711461487057,29.310718536376953,158921600
2015-05-22,29.357562918550684,29.663183860690328,29.31294384043469,29.567256927490234,182384000
2015-05-26,29.580651230985488,29.649806051808497,28.804324032431605,28.915864944458008,282790400
2015-05-27,29.076491916576888,29.504808724983548,29.011799668019176,29.455730438232422,183332800
2015-05-28,29.41557683253209,29.435653384781556,29.246035829159915,29.397729873657227,122933200
2015-05-29,29.275027874530984,29.324106149911614,28.978328629351232,29.063100814819336,203538000
2015-06-01,29.063105134547904,29.310726141151616,29.01179725864526,29.121105194091797,128451200
2015-06-02,28.969403028342118,29.147869151254092,28.848940352652487,28.99171257019043,134670400
2015-06-03,29.147867041386856,29.210329669290964,28.978322705111765,29.027400970458984,123934000
2015-06-04,28.906942652613985,29.13002447267988,28.757478241644847,28.857864379882812,153800400
2015-06-05,28.889091400447338,28.931477484587052,28.634778299566968,28.69947052001953,142507200
2015-06-08,28.75524706027214,28.824405288183716,28.293469433641413,28.509859085083008,210699200
2015-06-09,28.264460195478733,28.572314134068442,28.02353317212102,28.425079345703125,224301600
2015-06-10,28.53661821179343,28.853393901198306,28.521002556737663,28.750778198242188,156349200
2015-06-11,28.817711758651104,29.040793608725043,28.661555144391127,28.686094284057617,141563600
2015-06-12,28.596860522294136,28.628091842543252,28.355931735818686,28.36931610107422,147544800
2015-06-15,28.130614405952066,28.384927519681423,28.043612640833025,28.313541412353516,175955600
2015-06-16,28.33808200774466,28.52100902357993,28.19084889840366,28.465238571166992,125976400
2015-06-17,28.492007468879212,28.52769967147499,28.273386558306026,28.398313522338867,131672400
2015-06-18,28.38269481816777,28.62362184027211,28.38046352387658,28.52769660949707,141628800
2015-06-19,28.489776005158664,28.514315138913368,28.197539396598714,28.242155075073242,218867600
2015-06-22,28.440697833356523,28.56785438961377,28.34923518158224,28.46746826171875,136157200
2015-06-23,28.438478763626065,28.467478795264796,28.304628274266573,28.338090896606445,121075600
2015-06-24,28.378237939977645,28.956020735183053,28.358161393253585,28.579011917114258,221123600
2015-06-25,28.746319685718866,28.82216667760684,28.442928314208984,28.442928314208984,127752400
2015-06-26,28.480850521823633,28.552236623539226,28.22207654134671,28.275615692138672,176267200
2015-06-29,27.98784642073102,28.213159547462322,27.769227178618095,27.780380249023438,196645600
2015-06-30,28.012377169713865,28.13507282128492,27.853989320763194,27.98114585876465,177482800
2015-07-01,28.309080294764073,28.318003770854787,28.106075043153183,28.242155075073242,120955200
2015-07-02,28.204246823172983,28.262248598124305,28.057011941061155,28.206478118896484,108844000
2015-07-06,27.871846394593984,28.159622180282202,27.851768143416965,28.108312606811523,112241600
2015-07-07,28.083769735230312,28.141771484058385,27.610835671669097,28.039154052734375,187787200
2015-07-08,27.769224820709265,27.804917025746732,27.33644555901804,27.343137741088867,243046400
2015-07-09,27.62868375107428,27.675530730197355,26.595815511598627,26.78543472290039,314380000
2015-07-10,27.202587630694552,27.628672864530515,27.03973721335731,27.501516342163086,245418000
2015-07-13,27.891920434075615,28.054770915935904,27.73353254184397,28.03246307373047,165762000
2015-07-14,28.117230326479085,28.190847729085604,27.894148526080468,28.021305084228516,127072400
2015-07-15,28.045847211213122,28.364854287903665,28.014615891982935,28.291236877441406,134596800
2015-07-16,28.49647305192128,28.68163308494207,28.40947127265685,28.668245315551758,144889600
2015-07-17,28.795402257211233,28.915864944458008,28.62362829958219,28.915864944458008,184658800
2015-07-20,29.217031913332566,29.663195640003035,29.156798857123505,29.46242332458496,235600800
2015-07-21,29.63642870153507,29.652042662855962,29.07203182541315,29.16795539855957,307025600
2015-07-22,27.213744604125466,27.996762092182,27.213744604125466,27.93429946899414,461802400
2015-07-23,28.15292684325403,28.351469539872234,27.898613687990725,27.920923233032227,203998000
2015-07-24,27.956614392080805,28.050308350612383,27.639838607343037,27.7736873626709,168649200
2015-07-27,27.45913673037337,27.57514021435014,27.242748823607876,27.38775062561035,177822000
2015-07-28,27.523832321166992,27.642067106761964,27.33867571764468,27.523832321166992,134472400
2015-07-29,27.472524426119968,27.550602716905665,27.276211349882686,27.436830520629883,148046800
2015-07-30,27.287371990556117,27.34314245339669,27.151291925066765,27.298526763916016,134513200
2015-07-31,27.34983124685656,27.3587547240426,26.972824122126944,27.059825897216797,171540000
2015-08-03,27.104447771371706,27.343145309180322,26.216581161347918,26.421817779541016,279904000
2015-08-04,26.194271607925184,26.256734256444705,25.264020659660453,25.57410430908203,496554400
2015-08-05,25.197091317507358,26.198729931797953,25.007472107672537,25.743642807006836,397250400
2015-08-06,25.987901363976874,26.10666963037693,25.573332274014806,25.799663543701172,211612000
2015-08-07,25.676413337974065,26.05064586175011,25.6584856014657,25.88705825805664,154681600
2015-08-10,26.11339430736292,26.888751051054925,26.11339430736292,26.8282470703125,219806400
2015-08-11,26.400235228019607,26.483149749258953,25.396305650916187,25.432159423828125,388331200
2015-08-12,25.217027981725828,25.864652581979026,24.567161986716236,25.824316024780273,404870000
2015-08-13,26.00358718267682,26.084260288357925,25.667449812233247,25.80414581298828,194143200
2015-08-14,25.618148602038033,26.06409035438125,25.548680761384396,25.985658645629883,171718000
2015-08-17,26.003584936240777,26.36437248612328,25.882575288173083,26.254568099975586,163538800
2015-08-18,26.0909821304365,26.317315099765885,25.996864079315262,26.10666847229004,138242800
2015-08-19,26.017036601221516,26.111154670795237,25.69882691284368,25.772777557373047,193146000
2015-08-20,25.564372364196007,25.624876349203426,25.015346870582803,25.243921279907227,274006400
2015-08-21,24.746435653712144,25.07585058188817,23.67527807072019,23.699928283691406,513102000
2015-08-24,21.25956678468572,24.381162265078455,20.616423395872122,23.108322143554688,648825200
2015-08-25,24.898812593986147,24.898812593986147,23.193475738649916,23.247257232666016,414406400
2015-08-26,23.99797442144897,24.62543173692082,23.540828951520318,24.58061408996582,387098400
2015-08-27,25.14980034129892,25.376131620216796,24.654556414147635,25.30442237854004,338464400
2015-08-28,25.13635542024998,25.391819718233755,24.99517832179051,25.387338638305664,212657600
2015-08-31,25.104984216810696,25.66521327354461,25.098261741679234,25.268571853637695,224917200
2015-09-01,24.683691397569483,25.071368928809964,24.058475595083692,24.139148712158203,307383600
2015-09-02,24.701618210100655,25.174449920654297,24.455116078463785,25.174449920654297,247555200
2015-09-03,25.208061414050434,25.273048177563375,24.659037725648208,24.732988357543945,212935600
2015-09-04,24.419265692422123,24.750920354159977,24.31618374568287,24.486492156982422,199985200
2015-09-08,25.0422357704758,25.223749415539015,24.721784720864484,25.167726516723633,219374400
2015-09-09,25.492653989018752,25.55091655826411,24.59852751625631,24.683683395385742,340043200
2015-09-10,24.710584558087923,25.38510087777283,24.627671744923198,25.225996017456055,251571200
2015-09-11,25.051198903061266,25.5935001373291,25.04447642895034,25.5935001373291,199662000
2015-09-14,26.124599351683436,26.194067201152144,25.73916152298625,25.840002059936523,233453600
2015-09-15,25.978935617750974,26.113390216982477,25.640556870433343,26.0573673248291,173364800
2015-09-16,26.050646601160878,26.115633365585964,25.869132965490092,26.086502075195312,148694000
2015-09-17,25.91842967064913,26.104424359060356,25.483691513581718,25.52850914001465,256450400
2015-09-18,25.145316081669108,25.61366837467434,25.069125764829042,25.423189163208008,297141200
2015-09-21,25.47248759346132,25.853444276933047,25.470247908799738,25.817588806152344,200888000
2015-09-22,25.407502608336912,25.58677655538758,25.21478371364652,25.411985397338867,201384800
2015-09-23,25.46352506975313,25.70778577571087,25.389576149309995,25.618148803710938,143026800
2015-09-24,25.378364815919294,25.88257073941438,25.181164892438073,25.770524978637695,200878000
2015-09-25,26.09322655456149,26.149249454783625,25.550923581051936,25.705547332763672,224607600
2015-09-28,25.512821824236045,25.67416800871761,25.196853637695312,25.196853637695312,208436000
2015-09-29,25.28426050349697,25.43664288920557,24.170524763643698,24.439434051513672,293461600
2015-09-30,24.688163607059273,24.995169620600915,24.36547296438771,24.717296600341797,265892000
2015-10-01,24.441674397092054,24.564925479388602,24.047272643426577,24.55596160888672,255716400
2015-10-02,24.204135375817142,24.876410208622598,24.101053439948966,24.735231399536133,232079200
2015-10-05,24.623186357849537,24.957084099471995,24.441672694460394,24.82486915588379,208258800
2015-10-06,24.791251685464392,25.039993484121485,24.598532783627668,24.943634033203125,192787200
2015-10-07,25.039996903892536,25.046719378879786,24.51786473357705,24.82486915588379,187062400
2015-10-08,24.69265437816253,24.69265437816253,24.248952250228,24.53803062438965,247918400
2015-10-09,24.650072132888642,25.1610006271847,24.53578495610675,25.125146865844727,211064400
2015-10-12,25.261845807869374,25.266326887429173,24.972767450292462,25.008621215820312,121868800
2015-10-13,24.83382795350022,25.1990966005633,24.80245527017863,25.051197052001953,132197200
2015-10-14,24.93915527238215,24.990695384826164,24.551476038080967,24.69713592529297,177849600
2015-10-15,24.858481642233333,25.120668407978943,24.75988078960425,25.06688690185547,150694000
2015-10-16,25.04895448944583,25.09825490656156,24.76884003736367,24.883127212524414,156930400
2015-10-19,24.829352595062925,25.0422389537494,24.67472882757867,25.037757873535156,119036800
2015-10-20,24.950347778047092,25.584527158501185,24.833820945689826,25.494890213012695,195871200
2015-10-21,25.546451583827,25.900516849435743,25.479223395785496,25.4926700592041,167180800
2015-10-22,25.620387377673246,25.8825740814209,25.56884556880044,25.8825740814209,166616400
2015-10-23,26.151486839811653,26.718439976330387,26.068574048972295,26.684825897216797,237467600
2015-10-26,26.460727987726326,26.471931538296044,25.75259793990561,25.833271026611328,265335200
2015-10-27,25.860166664731032,26.11563090930809,25.54419674083244,25.669689178466797,279537600
2015-10-28,26.203032001821295,26.734129732523552,26.008071685812876,26.727405548095703,342205600
2015-10-29,26.599671870270544,27.045615379108888,26.50331241520856,27.0097599029541,204909200
2015-10-30,27.112843855815207,27.164385679213495,26.76774256564477,26.778947830200195,197461200
2015-11-02,27.070264209002307,27.195754949768546,26.803594675190933,27.155418395996094,128813200
2015-11-03,27.06802472448119,27.67307136407972,27.04785559133018,27.466907501220703,182076000
2015-11-04,27.592397154535842,27.747020900378182,27.254020081010584,27.339174270629883,179544400
2015-11-05,27.42244163026454,27.611485208849075,27.046607179020967,27.213144302368164,158210800
2015-11-06,27.255905022265036,27.41343990989622,27.145630600923205,27.244651794433594,132169200
2015-11-09,27.22214237878253,27.413435200040848,27.01734706004752,27.13437271118164,135485600
2015-11-10,26.3084401383808,26.57174917506117,26.119396564378523,26.27918243408203,236511600
2015-11-11,26.189165169362212,26.42546750582627,25.92810538774302,26.130651473999023,180872000
2015-11-12,26.164410576337538,26.290438494586024,26.02712942953046,26.042882919311523,130102400
2015-11-13,25.925852951063824,26.009122369930957,25.266454000795722,25.282207489013672,183249600
2015-11-16,25.06616129863884,25.70980682190247,24.98064259975126,25.696304321289062,152426800
2015-11-17,25.862834824273246,25.892092524100093,25.502753925259924,25.586023330688477,110467600
2015-11-18,26.05188036967263,26.441217281405347,25.99336668252736,26.396207809448242,186698800
2015-11-19,26.474979060688888,26.94983644140062,26.276934951724414,26.731536865234375,173183200
2015-11-20,26.826057691815596,26.988094560769092,26.747290246352513,26.84856414794922,137148400
2015-11-23,26.84181331206017,26.945338210890085,26.407465116019043,26.499736785888672,129930000
2015-11-24,26.405210155455276,26.859812005289776,26.35794969460624,26.754037857055664,171212800
2015-11-25,26.828315696725994,26.832817675930652,26.537999850097144,26.562755584716797,85553200
2015-11-27,26.62126215040447,26.64826886737804,26.465976532559118,26.51323699951172,52185600
2015-11-30,26.553752956820105,26.87332651262188,26.499741226164268,26.623519897460938,156721200
2015-12-01,26.724785562251416,26.738288062358166,26.29943963887339,26.40746307373047,139409600
2015-12-02,26.407464317353075,26.580754422891076,26.12390149974809,26.16891098022461,133546400
2015-12-03,26.229675638987786,26.283687358901076,25.705306778699796,25.92585563659668,166278000
2015-12-04,25.946106522740475,26.837307470435537,25.905597310708824,26.787796020507812,231108000
2015-12-07,26.77654369346573,26.9745877701295,26.513232964797563,26.619007110595703,128336800
2015-12-08,26.447966193232194,26.69102144112433,26.299433575298877,26.60775375366211,137238000
2015-12-09,26.474976161829343,26.486229388709443,25.898846659196288,26.020374298095703,185445600
2015-12-10,26.114891890571336,26.31743792955996,25.995615255667236,26.144147872924805,116850800
2015-12-11,25.92360896284671,25.968618447785566,25.396989060652793,25.471256256103516,187544800
2015-12-14,25.246200955895596,25.35872636544817,24.70832963559441,25.313716888427734,257274800
2015-12-15,25.192190440855068,25.38573429187087,24.83435872858108,24.86586570739746,213292400
2015-12-16,24.99639645318205,25.203442811607765,24.4855318075227,25.057159423828125,224954000
2015-12-17,25.210186223835937,25.26194865584956,24.526033401489258,24.526033401489258,179091200
2015-12-18,24.51028426520113,24.647563678113645,23.812625388457732,23.862136840820312,385813200
2015-12-21,24.14344991328859,24.163705378434678,23.7586132455266,24.15470314025879,190362400
2015-12-22,24.170458468498886,24.24247466238895,23.956659158792924,24.132200241088867,131157600
2015-12-23,24.141206660296216,24.49678745567982,24.12545316769071,24.44277572631836,130629600
2015-12-24,24.530542102280638,24.530542102280638,24.29423802825616,24.31224250793457,54281600
2015-12-28,24.213218732665815,24.235725189970832,23.895897945284286,24.03993034362793,106816800
2015-12-29,24.07143099304826,24.627306689063776,24.048926258663258,24.472021102905273,123724800
2015-12-30,24.43602082511842,24.46302582726484,24.12094930306407,24.152456283569336,100855200
2015-12-31,24.08269128701408,24.087191548411436,23.58982938942201,23.688852310180664,163649200
2016-01-04,23.092467603803655,23.713608423784326,22.955186449441953,23.7091064453125,270597600
2016-01-05,23.799121980805065,23.821626717292084,23.04745313673035,23.114967346191406,223164000
2016-01-06,22.6311135619092,23.038456779406197,22.475829638610904,22.662620544433594,273829600
2016-01-07,22.20801411942277,22.534337108884632,21.70164979418796,21.70615005493164,324377600
2016-01-08,22.178760291115495,22.30478820822411,21.77591909378435,21.8209285736084,283192000
2016-01-11,22.273280189837518,22.29353393971297,21.9064462500791,22.174257278442383,198957600
2016-01-12,22.628859360355968,22.660366336017216,22.244020968919553,22.496078491210938,196616800
2016-01-13,22.577098802915323,22.772893639718973,21.897446063656986,21.917699813842773,249758400
2016-01-14,22.045974099182413,22.61310302363857,21.54636109520953,22.397052764892578,252680400
2016-01-15,21.649886945952915,21.989714145273158,21.46084509223923,21.85918426513672,319335600
2016-01-19,22.14724922463988,22.20126093386138,21.492350596949187,21.75341033935547,212350800
2016-01-20,21.40233825439116,22.09774636350111,21.024252708904672,21.78267478942871,289337600
2016-01-21,21.843435023850198,22.02797665278087,21.36632831915232,21.67239761352539,208646000
2016-01-22,22.19675792537983,22.833652048076623,22.138245958525182,22.824649810791016,263202000
2016-01-25,22.847161390631662,22.849412379877773,22.327294479891755,22.379056930541992,207178000
2016-01-26,22.489326099710837,22.703123668984357,22.07073148203734,22.50282859802246,300308000
2016-01-27,21.6138779941135,21.74665713553977,21.006239833260953,21.02424430847168,533478800
2016-01-28,21.107517443534352,21.271803587071275,20.792445939749225,21.175031661987305,222715200
2016-01-29,21.332562311853426,21.90644073486328,21.23353942538852,21.90644073486328,257666000
2016-02-01,21.710650950198147,21.76466266143647,21.46984666288399,21.701648712158203,163774000
2016-02-02,21.474348726217194,21.613880852048318,21.217790930044938,21.262802124023438,149428800
2016-02-03,21.37982887826044,21.793921581847044,21.172782526467135,21.68364715576172,183857200
2016-02-04,21.69043691265648,22.023057072641603,21.53883506702146,21.857877731323242,185886800
2016-02-05,21.839769736993652,21.930278870059077,21.199421375297714,21.274089813232422,185672400
2016-02-08,21.072711612963058,21.65423060804116,21.052347960750858,21.498104095458984,216085600
2016-02-09,21.335188239128584,21.70853740455084,21.253730176624874,21.49357795715332,177324800
2016-02-10,21.70401287881343,21.801309921553056,21.292197849935643,21.330663681030273,169374400
2016-02-11,21.222052237920717,21.43248527838415,20.950524787406167,21.20168685913086,200298800
2016-02-12,21.312562722572782,21.382706498346476,21.045561662323756,21.26730728149414,161405600
2016-02-16,21.50036492754937,21.91444310662527,21.40759430416859,21.866926193237305,196231600
2016-02-17,21.87371913604531,22.222178307800206,21.756058427060474,22.201814651489258,179452800
2016-02-18,22.364717481779145,22.3760317691853,21.742469653434018,21.78093719482422,156084000
2016-02-19,21.722113844324287,21.89408106229437,21.67686013100935,21.731164932250977,141496800
2016-02-22,21.79225345157322,21.925754815070707,21.70400751905716,21.921228408813477,137123200
2016-02-23,21.812614492089565,21.835241339924366,21.394011765033337,21.425689697265625,127770400
2016-02-24,21.265040251819542,21.808091592422585,21.115699924731025,21.744735717773438,145022800
2016-02-25,21.733424402142486,21.89407730102539,21.55240612734355,21.89407730102539,110330800
2016-02-26,21.99363975157595,22.179182739750832,21.853352203394042,21.928022384643555,115964400
2016-02-29,21.916700679524943,22.22669386492408,21.869183778344276,21.87823486328125,140865200
2016-03-01,22.09546098447838,22.80142851449741,22.043417665277012,22.74712371826172,201628400
2016-03-02,22.742600717332223,22.828583461581438,22.545743442752926,22.796905517578125,132678400
2016-03-03,22.758442001492117,23.014128783015103,22.729025531701545,22.966611862182617,147822800
2016-03-04,23.163461305615133,23.47571599081362,22.93718934425789,23.30827522277832,184220400
2016-03-07,23.16799180560761,23.267552046038453,22.844422750525865,23.050331115722656,143315600
2016-03-08,22.80369010682502,23.02543740912557,22.717707374999783,22.860258102416992,126247600
2016-03-09,22.923615276300346,22.98470968172931,22.688292194185372,22.880624771118164,108806800
2016-03-10,22.94624760120367,23.13405207582251,22.661144357421886,22.89194107055664,134054400
2016-03-11,23.134044379648405,23.143095465078485,22.966603614987008,23.13857078552246,109632800
2016-03-14,23.059380528585958,23.285652530351765,23.029964063512647,23.197404861450195,100304400
2016-03-15,23.523239167461966,23.799291310131537,23.498349106970874,23.663528442382812,160270800
2016-03-16,23.670312563859795,24.054974249049753,23.665786157407254,23.978042602539062,153214000
2016-03-17,23.87621759339676,24.09117700139507,23.74950584220155,23.9395751953125,137682800
2016-03-18,24.061767774463203,24.0979721292998,23.801556310929445,23.966733932495117,176820800
2016-03-21,23.968994590382625,24.35818273194511,23.790239491580394,23.96446990966797,142010800
2016-03-22,23.81512317625874,24.27671816992111,23.80607209093383,24.147743225097656,129777600
2016-03-23,24.09343873823675,24.226938364219116,23.962200588875145,24.01424217224121,102814000
2016-03-24,23.864910166034907,24.04140206498335,23.733671980446086,23.91016387939453,104532000
2016-03-28,23.984829661205282,24.02782188943492,23.772133449523714,23.801549911499023,77645600
2016-03-29,23.733670160565346,24.389859311874833,23.731406957175352,24.36496925354004,124760400
2016-03-30,24.584450985496314,24.984951630731874,24.573136695962944,24.79035758972168,182404400
2016-03-31,24.826563900665512,24.867292929364638,24.63649452463016,24.66138458251953,103553600
2016-04-01,24.613875794090944,24.889927999018354,24.48263757759776,24.887664794921875,103496000
2016-04-04,24.9849591317675,25.385461623560946,24.951017979295706,25.14335060119629,149424800
2016-04-05,24.779043274678404,25.055095347121583,24.758677900221766,24.846923828125,106314800
2016-04-06,24.94195821325985,25.111662178516678,24.708896650866684,25.107135772705078,105616400
2016-04-07,24.87860530017105,24.98495341463235,24.464528858985368,24.55956268310547,127207600
2016-04-08,24.64328943195672,24.8378818038836,24.475846874468086,24.586721420288086,94326800
2016-04-11,24.65686027202324,25.027946216262748,24.62518232992853,24.66817283630371,117630000
2016-04-12,24.740578495515074,25.003054831885287,24.58671519996902,24.989479064941406,108929200
2016-04-13,25.070941795129475,25.41939920467928,25.070941795129475,25.351518630981445,133029200
2016-04-14,25.256476031037195,25.430704675375598,25.190856957468238,25.36508560180664,101895600
2016-04-15,25.367349304938738,25.41034152930501,24.82882266731892,24.855974197387695,187756000
2016-04-18,24.638752327446053,24.65232809193066,24.197522718516673,24.31970977783203,243286000
2016-04-19,24.410226826675235,24.43738009269739,24.03687934520283,24.190744400024414,129539600
2016-04-20,24.129643875461802,24.457737556836925,23.99840571238447,24.240516662597656,122444000
2016-04-21,24.195263501668265,24.195263501668265,23.876219173175897,23.978042602539062,126210000
2016-04-22,23.76082605832255,24.09344621449906,23.67258010582493,23.91242790222168,134732400
2016-04-25,23.758558745828626,23.905635883328365,23.647685955050544,23.776660919189453,112126400
2016-04-26,23.511920316512022,23.826438204469056,23.511920316512022,23.611478805541992,224064800
2016-04-27,21.722111431433373,22.33530832822501,21.649704462381326,22.133926391601562,458408400
2016-04-28,22.086414394750825,22.147507087166236,21.326140187366278,21.457378387451172,328970800
2016-04-29,21.267305229545045,21.43248455248749,20.932423629466527,21.210737228393555,274126000
2016-05-02,21.262774785111365,21.287664836976287,20.907527903233213,21.1881046295166,192640400
2016-05-03,21.314822269926196,21.663281366246807,21.197161586412495,21.536569595336914,227325200
2016-05-04,21.54109452081471,21.699485962571515,21.228839770528293,21.31256103515625,164102000
2016-05-05,21.39906746114708,21.41500286744286,21.098569987548814,21.22605323791504,143562000
2016-05-06,21.25565009103631,21.273860744455853,20.90962162362799,21.107677459716797,174799600
2016-05-09,21.171417668769827,21.346707136876383,21.07808047762743,21.123611450195312,131745600
2016-05-10,21.246537363787375,21.301172780906928,20.96880457678436,21.267024993896484,134747200
2016-05-11,21.280692133636997,21.30117977046872,21.048488495235805,21.059871673583984,114876400
2016-05-12,21.107671736591666,21.12133015716027,20.367810517428897,20.56586456298828,305258800
2016-05-13,20.488466903791494,20.86864137283403,20.488466903791494,20.606843948364258,177571200
2016-05-16,21.032554241214502,21.487853610846734,20.864093960762773,21.37175178527832,245039200
2016-05-17,21.52426872289968,21.558414770816327,21.173688157384767,21.282958984375,187667600
2016-05-18,21.435489923385195,21.674520991995124,21.3740235508649,21.526548385620117,168249600
2016-05-19,21.544761734036086,21.544761734036086,21.30117668934936,21.444595336914062,121768400
2016-05-20,21.544764457138047,21.724607903415812,21.517445871698555,21.676801681518555,128104000
2016-05-23,21.824773900390678,22.125271387224746,21.779242925519394,21.95225715637207,152074400
2016-05-24,22.13209963980563,22.33015372721535,22.045591659714926,22.286901473999023,140560800
2016-05-25,22.46218339734215,22.705768375818476,22.334700189714447,22.678451538085938,152675200
2016-05-26,22.692114268003046,22.93114706454491,22.455358453980953,22.858299255371094,225324800
2016-05-27,22.637478575183707,22.871957403887855,22.59422459196804,22.84463882446289,145364800
2016-05-31,22.673907673583287,22.856028111455124,22.496341201914312,22.733097076416016,169228800
2016-06-01,22.541868093041938,22.660246886366746,22.38479101200226,22.414384841918945,116693200
2016-06-02,22.218609222824103,22.2732446616845,21.997788747358832,22.245927810668945,160766400
2016-06-03,22.26185477016167,22.37112560641008,22.1844530023928,22.29144859313965,114019600
2016-06-06,22.307387409815206,23.195221340147576,22.20722275072929,22.453083038330078,93170000
2016-06-07,22.594230698856553,22.735374125458055,22.528212083357264,22.544147491455078,89638000
2016-06-08,22.541871314818184,22.66480235461189,22.464471254668045,22.52366065979004,83392400
2016-06-09,22.42349380709844,22.762691348934236,22.414387611346097,22.685291290283203,106405600
2016-06-10,22.430319675347505,22.61699231836452,22.418938234975986,22.498615264892578,126851600
2016-06-13,22.46674268329849,22.56463209429389,22.104778866146614,22.159414291381836,152082000
2016-06-14,22.15486624507442,22.418940701079542,22.025106000128226,22.186737060546875,127727600
2016-06-15,22.268687704111798,22.403001894795192,22.0888442801829,22.1138858795166,117780800
2016-06-16,21.956802232030938,22.25274739337501,21.870296013202434,22.207218170166016,125307200
2016-06-17,21.99550960862422,22.0023388201696,21.695012142824737,21.701841354370117,244032800
2016-06-20,21.854361996083895,21.9841222009625,21.633541602189215,21.649477005004883,137647600
2016-06-21,21.613060913354236,21.934046055117438,21.553871510958555,21.833881378173828,142185600
2016-06-22,21.911278573299274,22.056974208762426,21.70639354317016,21.751924514770508,116876400
2016-06-23,21.840707468421712,21.920384496701352,21.683628657792593,21.87713050842285,128960800
2016-06-24,21.150926236743015,21.549313056841648,21.091736851444896,21.262474060058594,301245600
2016-06-27,21.171418604830443,21.182801782682954,20.829944111204142,20.9528751373291,181958400
2016-06-28,21.148648055677793,21.321662236912484,20.9756338744431,21.30572509765625,161779600
2016-06-29,21.392238143336794,21.52427535874932,21.314836358263275,21.490127563476562,146124000
2016-06-30,21.499232979627187,21.802005686783623,21.467362168347563,21.7633056640625,143345600
2016-07-01,21.73826451524654,21.96136193566166,21.701841474526535,21.82932472229004,104106000
2016-07-05,21.715499444645676,21.71777642740223,21.503785205838827,21.624439239501953,110820800
2016-07-06,21.535655532195683,21.776965330917307,21.483297087776542,21.74736976623535,123796400
2016-07-07,21.786066807754406,21.96818718902703,21.767856159090083,21.8407039642334,100558400
2016-07-08,21.965910827619155,22.05697102082978,21.86574617823332,22.009164810180664,115648400
2016-07-11,22.02510106508641,22.229986073522742,22.020548836822844,22.07746124267578,95179600
2016-07-12,22.120709445982424,22.241363446440136,22.109328008989863,22.177621841430664,96670000
2016-07-13,22.17535833955846,22.23454601165221,22.045596341862936,22.052427291870117,103568800
2016-07-14,22.17079971876806,22.53503881870016,22.154864312421935,22.48950958251953,155676000
2016-07-15,22.51910111033757,22.605609081798118,22.423488682034822,22.48723030090332,120548000
2016-07-18,22.46901408052357,22.794553067206586,22.446249468643835,22.726259231567383,145975600
2016-07-19,22.66479806510259,22.764964464531793,22.614714865387988,22.735370635986328,95119600
2016-07-20,22.764965569647345,22.869684202848237,22.70577617285413,22.755859375,105104000
2016-07-21,22.726260690682196,22.992610314115744,22.56690492363568,22.63520050048828,130808000
2016-07-22,22.59650460290621,22.6056107972683,22.380236394671762,22.459915161132812,113254800
2016-07-25,22.366576289676537,22.500888738552472,22.063801863012984,22.159414291381836,161531600
2016-07-26,22.041035224862693,22.302832624371444,21.9499750332733,22.006887435913086,224959200
2016-07-27,23.737024675584205,23.755237061687346,23.39099802376814,23.436527252197266,369379200
2016-07-28,23.40921805289365,23.77800943933329,23.406941069680148,23.752967834472656,159479200
2016-07-29,23.718817369635584,23.800771381822965,23.602715562898634,23.723369598388672,110934800
2016-08-01,23.768895323111177,24.16500513669012,23.768895323111177,24.142240524291992,152671600
2016-08-02,24.14223794669481,24.14679017395697,23.67555562663082,23.784828186035156,135266400
2016-08-03,23.859959975674617,24.0944388443081,23.850853780982273,24.083057403564453,120810400
2016-08-04,24.165446745151172,24.26157710325582,24.09678120579802,24.231822967529297,109634800
2016-08-05,24.323389987218597,24.63924957138378,24.30279136020172,24.600339889526367,162213600
2016-08-08,24.60948715124124,24.804039001464844,24.52709091876358,24.804039001464844,112148800
2016-08-09,24.771992464217153,24.93449908368157,24.7216379561109,24.904743194580078,105260800
2016-08-10,24.88185744859045,24.925345754190385,24.664419413066312,24.719350814819336,96034000
2016-08-11,24.83836914609631,24.932211964247323,24.685018036971154,24.70332908630371,109938000
2016-08-12,24.66899034493799,24.820053846075524,24.66899034493799,24.760543823242188,74641600
2016-08-15,24.751390111833377,25.07182643622555,24.73765770026603,25.058094024658203,103472800
2016-08-16,25.092426554334043,25.22975766317112,24.996296175138156,25.035205841064453,135177600
2016-08-17,24.97112198762436,25.032921343436463,24.797170508980045,24.99858856201172,101424000
2016-08-18,25.000875976442813,25.085561518440528,24.952809038364844,24.966543197631836,87938800
2016-08-19,24.895590211138185,25.106163788909825,24.801749137922414,25.03063201904297,101472400
2016-08-22,24.916187292378225,24.971118687655874,24.68501512398833,24.836078643798828,103280800
2016-08-23,24.854384631065013,25.02146985831504,24.840652220635842,24.913894653320312,85030800
2016-08-24,24.849816151643186,24.89101514310888,24.646110512239996,24.726219177246094,94700400
2016-08-25,24.579726924154368,24.691879021680453,24.417220324732412,24.620925903320312,100344800
2016-08-26,24.584313218873458,24.70790844864497,24.332540630944195,24.47673797607422,111065200
2016-08-29,24.403492465114848,24.591176350488606,24.327960698184036,24.449268341064453,99881200
2016-08-30,24.215809358174603,24.37602667538625,24.147143795805157,24.261585235595703,99455600
2016-08-31,24.18376233972216,24.392044821479804,24.179183704910436,24.284469604492188,118649600
2016-09-01,24.29362907409736,24.44469261514723,24.174610743222345,24.42867088317871,106806000
2016-09-02,24.65067904562256,24.719344590201388,24.449262792421916,24.657546997070312,107210000
2016-09-06,24.696463889241397,24.788017393410165,24.607199702892252,24.650686264038086,107521600
2016-09-07,24.68044063237792,24.893301774270007,24.506489159826664,24.801748275756836,169457200
2016-09-08,24.547690125175723,24.552267014663258,24.087635024092958,24.151721954345703,212008000
2016-09-09,23.95030225080275,24.197496157875143,23.60468864440918,23.60468864440918,186228000
2016-09-12,23.49482982009149,24.19750024683711,23.467363243696187,24.133413314819336,181171200
2016-09-13,24.607203240271087,24.900173098736403,24.545403873922186,24.707910537719727,248704800
2016-09-14,24.886434865548,25.87063014465147,24.85667897528379,25.582237243652344,443554800
2016-09-15,26.06060067510993,26.48861222068165,25.97591339445229,26.451990127563477,359934400
2016-09-16,26.348994552349193,26.580164975590975,26.101800653078442,26.3032169342041,319547600
2016-09-19,26.365018747291153,26.5916123030239,25.920985414072987,25.996517181396484,188092000
2016-09-20,25.875210034920507,26.120114644327742,25.75161307135455,25.99422836303711,138057200
2016-09-21,26.058314539943815,26.090358002216576,25.735590599557394,25.98965072631836,144012800
2016-09-22,26.17275113438084,26.30779291146968,26.092642493516646,26.23455047607422,124296000
2016-09-23,26.188781447637243,26.273468750733986,25.53188863097393,25.797391891479492,209924800
2016-09-26,25.552478057081945,25.95302299477781,25.531879441337228,25.836292266845703,119477600
2016-09-27,25.86376074247659,25.90495972324331,25.712697230919463,25.88435935974121,98429600
2016-09-28,26.021698975216374,26.23913704438409,25.962188928804075,26.081207275390625,118564400
2016-09-29,25.900390535124735,26.046875455570937,25.589109642617057,25.676084518432617,143548000
2016-09-30,25.74016610618626,25.9484503460104,25.58910432733329,25.875207901000977,145516400
2016-10-03,25.797388833340097,25.875209919491997,25.698969126471315,25.7539005279541,86807200
2016-10-04,25.877501947426165,26.163605592683354,25.779082223608167,25.86376953125,118947200
2016-10-05,25.955316552380403,26.01482658464982,25.79280993208567,25.875207901000977,85812400
2016-10-06,26.023974628730365,26.17045948647575,25.893511497730966,26.067462921142578,115117200
2016-10-07,26.163603093580928,26.220823817166742,25.98049782584907,26.106382369995117,97433600
2016-10-10,26.326108295770283,26.72207644962108,26.257444478974328,26.561859130859375,144944000
2016-10-11,26.93950843329308,27.166103692627097,26.596184187773265,26.61907386779785,256164000
2016-10-12,26.85940220197684,27.003599515625737,26.722072840694022,26.857112884521484,150347200
2016-10-13,26.731230933637267,26.880005150259226,26.486326329501203,26.77471923828125,140769600
2016-10-14,26.98071123999576,27.047087479760652,26.809049092884454,26.923490524291992,142608800
2016-10-17,26.854827374308645,26.971556379926877,26.72894109816619,26.905181884765625,94499600
2016-10-18,27.049376049096928,27.05624225539342,26.882290795519253,26.886869430541992,98214000
2016-10-19,26.836514930670027,26.953245676457854,26.046869774062202,26.806760787963867,80138400
2016-10-20,26.747250098769054,26.866268412905413,26.625942467176934,26.793025970458984,96503200
2016-10-21,26.735805515536914,26.75869519784017,26.61449788277504,26.687740325927734,92770800
2016-10-24,26.80218189263496,26.948666779706272,26.779293956449614,26.928068161010742,94154800
2016-10-25,26.99672980593413,27.090572606881956,26.850244930602738,27.06539535522461,192516000
2016-10-26,26.16359988222903,26.48174692661736,25.93471701597914,26.45656967163086,264536800
2016-10-27,26.410795252814587,26.51837048528033,26.115536129527058,26.202512741088867,138248000
2016-10-28,26.062891508815476,26.36959369845516,25.966759381906105,26.0285587310791,151446800
2016-10-31,26.01253725478018,26.145289731996076,25.909538920566067,25.98736000061035,105677600
2016-11-01,25.96904791551526,26.040001040121055,25.29842109609378,25.51814842224121,175303200
2016-11-02,25.497555763718104,25.71499382324578,25.458646089274286,25.54104232788086,113326800
2016-11-03,25.531832315983266,25.64225915016258,25.202849374019138,25.26726531982422,107730400
2016-11-04,24.96819711570307,25.363897198636803,24.871573166671375,25.039514541625977,123348000
2016-11-07,25.324783872490706,25.423708878055244,25.18214728731297,25.40070343017578,130240000
2016-11-08,25.377696072141084,25.70207867743133,25.237360559169108,25.55023956298828,97016800
2016-11-09,25.27877679890741,25.61006093811463,24.85777191973571,25.508834838867188,236705600
2016-11-10,25.557141052136153,25.557141052136153,24.34703729863719,24.797950744628906,228538000
2016-11-11,24.643818762813076,25.04642034728978,24.51268574550595,24.945194244384766,136575600
2016-11-14,24.779545367845188,24.80255081531767,23.94443551369246,24.319429397583008,204702000
2016-11-15,24.517278491798816,24.772642986196743,24.422955634114782,24.641510009765625,129058000
2016-11-16,24.547188021355673,25.359294239810122,24.524182572280637,25.304079055786133,235362000
2016-11-17,25.262670024350157,25.38690156287228,25.037214152931146,25.294878005981445,110528000
2016-11-18,25.24196202169871,25.43060949640045,25.228159104467863,25.320180892944336,113715600
2016-11-21,25.333986530501825,25.764193849148143,25.308680011145785,25.70438003540039,117058400
2016-11-22,25.754989164063183,25.86311669131896,25.62845833307263,25.720481872558594,103862000
2016-11-23,25.61925474248842,25.653763787766714,25.38229532288865,25.58934783935547,109705600
2016-11-25,25.566346294075945,25.736590487051203,25.524935781622954,25.718185424804688,45903600
2016-11-28,25.635360230695518,25.8746207353781,25.626157701068912,25.66756820678711,108776000
2016-11-29,25.48582580442763,25.77339831396523,25.32248482963467,25.64226531982422,114115200
2016-11-30,25.674475126343566,25.812509589697417,25.368497533186847,25.42601203918457,144649200
2016-12-01,25.39149899840638,25.522631972222214,25.083220403258522,25.18904685974121,148347600
2016-12-02,25.115433567203517,25.327086523891644,25.041815071172717,25.283376693725586,106112000
2016-12-05,25.306380742795778,25.31328220216583,24.90377923097857,25.10162925720215,137298000
2016-12-06,25.19135260148136,25.389202634475474,25.12003517861256,25.294878005981445,104782000
2016-12-07,25.136146283532955,25.580158447633718,25.113140826600016,25.54334831237793,119994800
2016-12-08,25.504231936550035,25.865422953478195,25.444416360599178,25.794105529785156,108273200
2016-12-09,25.83781952475354,26.387658134284187,25.83781952475354,26.21511459350586,137610400
2016-12-12,26.063269759954103,26.45666871015022,25.879222666845706,26.065570831298828,105497600
2016-12-13,26.189801766875863,26.668322826103353,26.169097389460877,26.500381469726562,174935200
2016-12-14,26.46587241883168,26.732738784998737,26.452069500555023,26.500381469726562,136127200
2016-12-15,26.544090997537463,26.85467069689595,26.509583702233826,26.64531707763672,186098000
2016-12-16,26.794857652865684,26.80175911257715,26.606210148204177,26.679828643798828,177404400
2016-12-19,26.640719315305457,27.00420965154858,26.629215712268476,26.833967208862305,111117600
2016-12-20,26.856969099908948,27.031813662716168,26.84316618225683,26.90528106689453,85700000
2016-12-21,26.87077395485473,27.00880839792081,26.866171812137395,26.930587768554688,95132800
2016-12-22,26.767249498113298,26.804059622741242,26.60390851928433,26.753446578979492,104343600
2016-12-23,26.592404319614282,26.806358337402344,26.592404319614282,26.806358337402344,56998000
2016-12-27,26.806358364372283,27.100834089471928,26.799456904953356,26.97660255432129,73187600
2016-12-28,27.036420839178867,27.151449862372658,26.732744288155406,26.8615779876709,83623600
2016-12-29,26.790253763022857,26.942092887589716,26.778751915988057,26.854671478271484,60158000
2016-12-30,26.836265635931866,26.962796480852713,26.555594599440823,26.64531707763672,122345200
2017-01-03,26.640713430059037,26.762643872420238,26.401452932413115,26.721233367919922,115127600
2017-01-04,26.652224324113234,26.804063477233335,26.629218870514205,26.691333770751953,84472400
2017-01-05,26.66831444630242,26.88456945910167,26.64300793394495,26.827054977416992,88774400
2017-01-06,26.866168254629233,27.183649362365156,26.794850848782673,27.126134872436523,127007600
2017-01-09,27.13534082970417,27.47582744741152,27.133041513413918,27.374601364135742,134247600
2017-01-10,27.323987696089937,27.464323215522036,27.21586191121894,27.40220832824707,97848400
2017-01-11,27.317088920650892,27.59085852729163,27.284880938128854,27.549448013305664,110354400
2017-01-12,27.3538977720558,27.445921327204168,27.195157183304946,27.434417724609375,108344800
2017-01-13,27.402206665093118,27.519536728605953,27.333188567684832,27.3861026763916,104447600
2017-01-17,27.22506128906631,27.66217181460391,27.19745545400704,27.606958389282227,137759200
2017-01-18,27.606959198221134,27.72198819488039,27.540242169534384,27.604658126831055,94852000
2017-01-19,27.468923584095,27.627662399190104,27.462022125421704,27.556344985961914,102389200
2017-01-20,27.710483781160775,27.710483781160775,27.544843505195725,27.606958389282227,130391600
2017-01-23,27.606957336766985,27.793303737125175,27.55404322958216,27.625362396240234,88200800
2017-01-24,27.503435567135732,27.629966418453563,27.49193196465079,27.600059509277344,92844000
2017-01-25,27.703582407104573,28.090079895944434,27.671374429301515,28.039466857910156,129510400
2017-01-26,27.991157509373394,28.168303159062784,27.97505351896557,28.053274154663086,105350400
2017-01-27,28.099284091604925,28.14759606117314,27.975052560485274,28.055572509765625,82251600
2017-01-30,27.82091277645912,27.981952667236328,27.7587978915031,27.981952667236328,121510000
2017-01-31,27.87153250433377,27.926745943679823,27.749602021309595,27.917543411254883,196804000
2017-02-01,29.224272124995522,30.020274476660866,29.21967173655047,29.619972229003906,447940000
2017-02-02,29.442826060933836,29.767206955205634,29.396813403985195,29.56935691833496,134841600
2017-02-03,29.51874097170494,29.721193131971837,29.484233676389646,29.695886611938477,98029200
2017-02-06,29.70739189237126,30.0225702420806,29.65447602268937,29.97425651550293,107383600
2017-02-07,30.03177231808843,30.388362950360797,30.011067938833033,30.259531021118164,152735200
2017-02-08,30.218114989032692,30.41826429447201,30.188206330369457,30.37685203552246,92016400
2017-02-09,30.41845127554744,30.60329635703919,30.295992158254823,30.596364974975586,113399600
2017-02-10,30.605607739377785,30.716513372844734,30.510874154762057,30.52704620361328,80262000
2017-02-13,30.74885315818081,30.91983542397936,30.672604452850063,30.797372817993164,92141600
2017-02-14,30.838968783082613,31.21327745462507,30.788136306005725,31.197105407714844,132904800
2017-02-15,31.312630803712807,31.485922364828532,31.104678814998433,31.310317993164062,142492400
2017-02-16,31.347289480262962,31.400431241504915,31.15551305202995,31.273353576660156,90338400
2017-02-17,31.215585815851153,31.384255269949772,31.215585815851153,31.35883903503418,88792800
2017-02-21,31.476688823011568,31.596838666542546,31.418924949763774,31.585285186767578,98028800
2017-02-22,31.52289601137999,31.682324849434227,31.44896009446634,31.680015563964844,83347600
2017-02-23,31.74239806487526,31.765501493928575,31.492857761966008,31.54599952697754,83152800
2017-02-24,31.402758155932176,31.5760498046875,31.257192042776865,31.5760498046875,87106400
2017-02-27,31.686943299266535,31.756260637263946,31.488235477341306,31.63842010498047,81029600
2017-02-28,31.673078764740332,31.75625886055819,31.58527657314757,31.652284622192383,93931600
2017-03-01,31.86023616336788,32.38242021612314,31.793231633504373,32.29924011230469,145658400
2017-03-02,32.34776761708699,32.41246287027101,32.06125754896711,32.10747146606445,104844000
2017-03-03,32.065880545692764,32.30848951475482,32.02197943859438,32.29693603515625,84432400
2017-03-06,32.20219428981536,32.29461857758971,32.02428414639865,32.19526290893555,87000000
2017-03-07,32.13055989999812,32.3431304220329,32.06817396154083,32.236846923828125,69785200
2017-03-08,32.105157184096726,32.30155574588277,32.0751223701116,32.1167106628418,74828800
2017-03-09,32.05663667525155,32.06818662806942,31.66615237296343,32.04277038574219,88623600
2017-03-10,32.17448317486557,32.19989942468231,32.03353915781412,32.14906692504883,78451200
2017-03-13,32.08204699319808,32.21605603640242,32.07511561253668,32.16291427612305,69686800
2017-03-14,32.18602176003566,32.26688904429549,32.07973471209646,32.11439514160156,61236400
2017-03-15,32.21143545714722,32.52104885946369,32.123633273411656,32.454044342041016,102767200
2017-03-16,32.51412971657805,32.58344707058321,32.40784263701985,32.507198333740234,76928000
2017-03-17,32.57881991544937,32.57881991544937,32.3223482133878,32.345455169677734,175540000
2017-03-20,32.44017885400737,32.69434122074406,32.40089985653458,32.68510055541992,86168000
2017-03-21,32.8352917141338,32.99472054637454,32.28537858857916,32.310794830322266,158119600
2017-03-22,32.313102362646134,32.717449353469824,32.2923046950709,32.67585754394531,103440800
2017-03-23,32.638883610183065,32.712823028388804,32.488699014687725,32.560325622558594,81385200
2017-03-24,32.69435147596562,32.74980606218235,32.428639075634344,32.495643615722656,89582400
2017-03-27,32.20681260478574,32.6296444169478,32.0288989566286,32.55108642578125,94300400
2017-03-28,32.55802277949188,33.281223906665865,32.491014727782115,33.225772857666016,133499200
2017-03-29,33.19804436103866,33.3852022314122,33.0848294503589,33.29970932006836,116760000
2017-03-30,33.315886458343975,33.38751308494501,33.15645763106996,33.25580978393555,84829200
2017-03-31,33.207294619261525,33.33437584126324,33.0432436734726,33.19343185424805,78646800
2017-04-03,33.20498004721343,33.29971010159959,33.052482605089835,33.202667236328125,79942800
2017-04-04,33.09868495318175,33.47761565559979,33.080200098719224,33.44989013671875,79565600
2017-04-05,33.322814079164985,33.609324078860624,33.22808050761731,33.27660369873047,110871600
2017-04-06,33.338994412516456,33.39213971257066,33.14490865107397,33.19343185424805,84596000
2017-04-07,33.209599248029676,33.31357349667773,33.10331571407883,33.11948776245117,66688800
2017-04-10,33.179574978408624,33.244270243705806,33.01783328953814,33.08021926879883,75733600
2017-04-11,33.02706253139465,33.12179610041175,32.36162178890998,32.72438049316406,121517600
2017-04-12,32.71745385970046,32.84453153953262,32.58112846168498,32.76366424560547,81400000
2017-04-13,32.789074157625386,32.89767048263503,32.59036636352539,32.59036636352539,71291600
2017-04-17,32.68972853645613,32.7821528444351,32.54878455171169,32.770599365234375,66328400
2017-04-18,32.673553715856414,32.81911625943817,32.60423637215595,32.625030517578125,58790000
2017-04-19,32.78216374711606,32.80988928591727,32.45175246534679,32.5048942565918,69313600
2017-04-20,32.629660599922346,33.02245427619031,32.61579783291473,32.91154861450195,93278400
2017-04-21,32.91153241369759,32.96698345443212,32.775210571057656,32.87225341796875,69283600
2017-04-24,33.156453193579374,33.26042742878248,33.082513765934344,33.18880081176758,68537200
2017-04-25,33.25118266618911,33.47992525032688,33.241938476059495,33.39443588256836,75486000
2017-04-26,33.380583430294884,33.4106217690531,33.12873381869219,33.19804763793945,80164800
2017-04-27,33.25350330556007,33.30895788839654,33.112559325774114,33.22346496582031,56985200
2017-04-28,33.29277364954495,33.34129683760354,33.103310044002505,33.19110870361328,83441600
2017-05-01,33.5261457777764,34.01136008674115,33.49379815717875,33.868106842041016,134411600
2017-05-02,34.08992393605431,34.217005155060875,33.928185805330884,34.08299255371094,181408800
2017-05-03,33.639355989291474,34.07836337966752,33.33436468419537,33.979007720947266,182788000
2017-05-04,33.85423139562067,33.99748458664836,33.69018054329469,33.85654067993164,93487600
2017-05-05,33.90968981713678,34.42263309599607,33.90968981713678,34.41801452636719,109310800
2017-05-08,34.43419436903658,35.51322292684159,34.43419436903658,35.35379409790039,195009600
2017-05-09,35.55250547264491,35.78587376314534,35.45546259441152,35.58023452758789,156521600
2017-05-10,35.4970453320954,35.56867194825436,35.145840106230295,35.41155242919922,103222800
2017-05-11,35.369801601438134,35.745658910310475,35.337320455257014,35.71781539916992,109020400
2017-05-12,35.89182166148487,36.29087775902097,35.88486166886803,36.216636657714844,130108000
2017-05-15,36.19573970097141,36.344225388633426,35.973012939567404,36.123817443847656,104038800
2017-05-16,36.179509678419514,36.20734964530216,35.896458214516294,36.070465087890625,80194000
2017-05-17,35.63659927380828,35.86164838463973,34.73408401394015,34.85936737060547,203070800
2017-05-18,35.09602929903596,35.57628645594224,35.063548155767805,35.39067840576172,134272800
2017-05-19,35.585562830464724,35.72476618959249,35.411555976421134,35.51131820678711,107843200
2017-05-22,35.72941537506011,35.86398113051497,35.476526206788755,35.72709655761719,91865600
2017-05-23,35.93821421541674,35.93821421541674,35.5693205340456,35.683006286621094,79675600
2017-05-24,35.69227176862205,35.76883518072898,35.42082160215776,35.57626724243164,76712000
2017-05-25,35.666764314693346,35.8106123896768,35.50435862375579,35.69924545288086,76942400
2017-05-26,35.72940706676329,35.78509053405886,35.569320195944684,35.63892364501953,87710400
2017-05-30,35.59484499988018,35.82917297765768,35.57396502506591,35.65284729003906,80507600
2017-05-31,35.722451704755954,35.76885283009231,35.35355797909039,35.44171905517578,97804800
2017-06-01,35.536839050528435,35.57396136205059,35.31643107865565,35.53915786743164,65616400
2017-06-02,35.631962843537316,36.065818786621094,35.471875976360536,36.065818786621094,111082800
2017-06-05,35.808305179843835,35.83382633779964,35.60413945637743,35.71318054199219,101326800
2017-06-06,35.70621077347326,36.14934914931527,35.67837080520811,35.83381652832031,106499600
2017-06-07,35.96605540041843,36.188782177000014,35.8407684909353,36.04725646972656,84278400
2017-06-08,36.01941991941855,36.08670101408541,35.822210729231124,35.95909881591797,85003200
2017-06-09,36.00549844870563,36.00549844870563,33.87797509248136,34.564720153808594,259530800
2017-06-12,33.81301415713416,33.89421523399402,33.06362206785271,33.73876953125,289229200
2017-06-13,34.14247031488895,34.20975141652605,33.67612961736451,34.010223388671875,136661600
2017-06-14,34.221356015522005,34.221356015522005,33.372201518307364,33.6784553527832,126124800
2017-06-15,33.251551226267416,33.52067913475004,32.99402094249624,33.47659683227539,128661600
2017-06-16,33.35828244614716,33.525329353127965,32.991707485838134,33.00794982910156,201444400
2017-06-19,33.330423064225315,34.04501140788911,33.330423064225315,33.952205657958984,130165600
2017-06-20,34.075179545849174,34.075179545849174,33.62740362744633,33.64364242553711,99600400
2017-06-21,33.76196529026394,33.8895710035528,33.55083615920216,33.84316635131836,85063200
2017-06-22,33.81997198142515,34.03573877374179,33.66916392232728,33.78749084472656,76425200
2017-06-23,33.67148438772323,34.142462613482856,33.66684321411892,33.93829345703125,141757600
2017-06-26,34.14478369189126,34.40231397122722,33.7294889013404,33.831573486328125,102769600
2017-06-27,33.643639619696934,33.91045221913847,33.32114709981254,33.3466682434082,99047600
2017-06-28,33.52300142879953,33.89885509731291,33.21442885223566,33.833892822265625,88329600
2017-06-29,33.5740403930402,33.67148379594912,33.01025640599368,33.33506774902344,125997600
2017-06-30,33.51372174056437,33.63204867536002,33.35827603149477,33.41395950317383,92096400
2017-07-03,33.61347426930669,33.710917651203445,33.20049841928731,33.29330062866211,57111200
2017-07-05,33.337404030679075,33.592612038178764,33.11235481322904,33.430206298828125,86278400
2017-07-06,33.18193533334005,33.29329868612767,33.040409671185664,33.11465072631836,96515200
2017-07-07,33.154101307185634,33.58331958846352,33.154101307185634,33.451072692871094,76806800
2017-07-10,33.434838750141466,33.861734736524554,33.26315070466669,33.65524673461914,84362400
2017-07-11,33.57867804222174,33.838530656946226,33.49747697651507,33.764286041259766,79127200
2017-07-12,33.84315849407883,33.9150807320952,33.599551827294874,33.8129997253418,99538000
2017-07-13,33.75733476658762,34.45104347027611,33.74341478259706,34.28399658203125,100797600
2017-07-14,34.33040341206484,34.6459360822605,34.18191765786568,34.578651428222656,80528400
2017-07-17,34.52759911588152,35.010174972615246,34.46959683558217,34.699283599853516,95174000
2017-07-18,34.61576186081721,34.83153219493407,34.49279730380701,34.81993103027344,71475200
2017-07-19,34.912730369299176,35.13081950217448,34.78976582249554,35.03801727294922,83692000
2017-07-20,35.14938813106929,35.2050716045532,34.845456694516386,34.88025665283203,68974800
2017-07-21,34.799055204945354,34.90345861897583,34.54152489557479,34.864017486572266,105010400
2017-07-24,34.93593005219546,35.36746711176589,34.77816202624112,35.28626251220703,85972800
2017-07-25,35.21898362396672,35.69228065092934,35.21898362396672,35.43707275390625,75415600
2017-07-26,35.57859720434331,35.71315936813375,35.51131258227014,35.60411834716797,63124000
2017-07-27,35.671399271315785,35.727082730008235,34.17494127821325,34.93128967285156,129905200
2017-07-28,34.77585865952967,34.85474093746274,34.61345292843822,34.68537521362305,68854800
2017-07-31,34.77817947932454,34.87794528142556,34.36752572281791,34.50672912597656,79383600
2017-08-01,34.59256504206811,34.85241415241093,34.43247816509669,34.81297302246094,141474400
2017-08-02,36.95442341298408,37.063468015241696,36.23055587474565,36.457923889160156,279747200
2017-08-03,36.43703478509722,36.47415709575455,35.96605653168981,36.09366226196289,108389200
2017-08-04,36.20966776094429,36.5182367982239,36.12150315590527,36.28390884399414,82239600
2017-08-07,36.4393590208106,36.870896210885,36.348875587739144,36.845375061035156,87481200
2017-08-08,36.796642194841226,37.54603054605949,36.72007877218262,37.1400146484375,144823600
2017-08-09,36.949776311581175,37.416116973301776,36.914976354816375,37.367393493652344,104526000
2017-08-10,37.2439491201272,37.267242568364914,36.01646187697015,36.17717742919922,163217200
2017-08-11,36.47530758815783,36.93416070229305,36.351860156850435,36.680274963378906,105028400
2017-08-14,37.108859972480495,37.31615887536622,36.97609370957996,37.23230743408203,88490800
2017-08-15,37.42096985308881,37.77966548996639,37.299850322653825,37.639915466308594,117862000
2017-08-16,37.719094761600296,37.85185741693669,37.30216564642129,37.488502502441406,110686400
2017-08-17,37.38836380228439,37.43261922350006,36.76413561275204,36.768795013427734,111762400
2017-08-18,36.768791772499455,37.150780850365045,36.50326282269144,36.684940338134766,109712400
2017-08-21,36.68493880130041,36.775777555216585,36.128259554669306,36.617393493652344,105474000
2017-08-22,36.854964926847224,37.26723470592403,36.806053671580756,37.21599197387695,86418400
2017-08-23,37.050626143637956,37.376713074383446,37.006370727162285,37.26258087158203,77596400
2017-08-24,37.367387039585466,37.439595289060286,36.9294994679438,37.09720230102539,79275600
2017-08-25,37.18571576937024,37.39767404573715,37.09720849286256,37.2346305847168,101920400
2017-08-28,37.29985002932449,37.73308185201082,37.25093521127621,37.60963439941406,103864000
2017-08-29,37.290540021937794,37.99395674203041,37.26724657119816,37.945045471191406,118067600
2017-08-30,38.15233307291767,38.17329503991752,37.87515744009567,38.04751968383789,109078400
2017-08-31,38.11506215835603,38.32003307581607,38.07779407262144,38.19891357421875,107140400
2017-09-01,38.385249996452664,38.41785868256609,38.112733786630436,38.2105598449707,66364400
2017-09-05,38.14068146407364,38.25714156014715,37.39766548247185,37.751705169677734,117874000
2017-09-06,37.89845697450694,37.96367436281888,37.38836103771766,37.712120056152344,86606800
2017-09-07,37.75403893758368,37.78897910426357,37.35108793792291,37.56071472167969,87714000
2017-09-08,37.467546467779975,37.535091767309375,36.92484193250823,36.94813537597656,114446000
2017-09-11,37.38371403224697,37.74474126487017,37.241632484727475,37.616634368896484,126323200
2017-09-12,37.87515106079712,38.18959472915535,36.98073841197719,37.4675407409668,286856000
2017-09-13,37.236957458568185,37.257922981172236,36.78043578057349,37.18571472167969,179629600
2017-09-14,37.03199022957224,37.127484826851486,36.822359881166186,36.866615295410156,95042800
2017-09-15,36.91086238345394,37.493162851983115,36.80138961104405,37.239280700683594,196458400
2017-09-18,37.292864250657885,37.38370301301224,36.801402343027625,36.95745849609375,113077600
2017-09-19,37.15310158306575,37.21366311254684,36.90387880537779,36.9714241027832,83242400
2017-09-20,36.77810863561706,36.86196007366764,35.83012499967972,36.35186767578125,211805600
2017-09-21,36.28896917031502,36.28896917031502,35.57856182405946,35.727630615234375,150046800
2017-09-22,35.29673804565591,35.46677241081668,35.068477163952586,35.37826156616211,186581600
2017-09-25,34.935715870439076,35.36428835466453,34.74239160162309,35.0661506652832,177549200
2017-09-26,35.35263898998724,35.8510882354049,35.33167701825542,35.669410705566406,146640000
2017-09-27,35.82312483591887,36.03741097766786,35.762563313762016,35.92327880859375,102016800
2017-09-28,35.84410024480155,35.93493900803122,35.56692455456503,35.70201873779297,88022000
2017-09-29,35.68571220984077,35.899998408208205,35.40387715030918,35.897666931152344,105199200
2017-10-02,35.93027574081998,35.97453115605567,35.571580127050126,35.825462341308594,74795200
2017-10-03,35.87204119119061,36.12359545099182,35.84875130203596,35.98151397705078,64921200
2017-10-04,35.78354017706002,35.837110840962715,35.51102390318841,35.748600006103516,80655200
2017-10-05,35.91164634833667,36.20512816989654,35.881369129315786,36.1934814453125,85135200
2017-10-06,36.09564033966873,36.21675982760827,36.00014221352256,36.17250442504883,69630400
2017-10-09,36.29130292963798,36.50558912928541,36.21677029910365,36.29829025268555,65051600
2017-10-10,36.349531579630025,36.801397407591345,36.12593014262862,36.31226348876953,62468000
2017-10-11,36.32857464073067,36.56382283295449,36.277331897223505,36.46366882324219,67622400
2017-10-12,36.41707953274286,36.65465560938733,36.27266657277076,36.33555603027344,64500400
2017-10-13,36.50558531838799,36.6336921510215,36.431052695634285,36.56614685058594,65576800
2017-10-16,36.77809617067088,37.26722998586739,36.71986612381796,37.239280700683594,96486000
2017-10-17,37.21599345963665,37.469875653227085,37.08788662440458,37.376708984375,75989200
2017-10-18,37.36505860103378,37.43260745030128,37.17406588237725,37.21133041381836,65496800
2017-10-19,36.510240199006,36.587104289072464,36.10728926085157,36.33089065551758,170336800
2017-10-20,36.477638812329246,36.74316774291992,36.32624207844399,36.3937873840332,95896400
2017-10-23,36.542851608738154,36.729188487574625,36.21909265896591,36.37514877319336,87937200
2017-10-24,36.403101797207604,36.666302798854936,36.38213982913323,36.59177017211914,71028800
2017-10-25,36.54750944696201,36.69657823284768,36.16552046099998,36.43104934692383,84828400
2017-10-26,36.62205108219874,36.76180465829536,36.51723767716681,36.663978576660156,68002000
2017-10-27,37.10185976956351,38.1057488893798,36.96443769463346,37.97764205932617,177816800
2017-10-30,38.17330511154797,39.146913744468144,38.13370908985219,38.83246994018555,178803200
2017-10-31,39.107304337739436,39.514914731300486,38.883702912128214,39.372833251953125,144187200
2017-11-01,39.566160191268466,39.582466314093104,38.57392124433074,38.8720588684082,134551200
2017-11-02,38.80451121930693,39.247058228740606,38.49705481387086,39.156219482421875,165573600
2017-11-03,40.52812566342561,40.5886836521891,39.85731417031122,40.17874526977539,237594400
2017-11-06,40.148458323966565,40.758711734467276,39.9970615983004,40.58634948730469,140105200
2017-11-07,40.50715484742848,40.81926707795538,40.43495015049409,40.71678161621094,97446000
2017-11-08,40.681847524405,41.049861907958984,40.6049834233386,41.049861907958984,97638000
2017-11-09,40.78666527374036,41.0172576015806,40.327812095180505,40.96601486206055,117930400
2017-11-10,40.93328296542886,40.99639849993857,40.736927487906414,40.83042907714844,100582000
2017-11-13,40.556938922656,40.79069649569724,40.533561738608874,40.666805267333984,67928400
2017-11-14,40.449408180641015,40.55226208172439,40.01461895951602,40.05202102661133,99130000
2017-11-15,39.73177533088447,39.8135919089244,39.36010164246712,39.52373123168945,116632400
2017-11-16,40.014623372072364,40.175916683207014,39.8089191140793,39.99592590332031,94550000
2017-11-17,39.98189358391045,40.06371016093212,39.65463440953874,39.77384948730469,87598000
2017-11-20,39.806568420472395,39.86968395261924,39.63592642140843,39.73410415649414,65049600
2017-11-21,39.921117936072704,40.60368961957662,39.921117936072704,40.47278594970703,100525200
2017-11-22,40.52421413758926,40.907576425416,40.4517498586186,40.89822769165039,102355600
2017-11-24,40.930955729386724,41.02445733931441,40.825761959645845,40.90056610107422,56106800
2017-11-27,40.91926357421964,40.92627601601087,40.51953655783263,40.694854736328125,82867200
2017-11-28,40.743949369889336,40.87718934377625,40.17358026951966,40.45642852783203,105715200
2017-11-29,40.35356790075893,40.421356022358474,39.07491378830195,39.61722946166992,166665600
2017-11-30,39.83930285607974,40.239029889391794,39.37412755223093,40.171241760253906,166108800
2017-12-01,39.72709530718462,40.12915858256177,39.38814756965987,39.984230041503906,159037200
2017-12-04,40.318508118765585,40.351234038686634,39.65230112747466,39.692039489746094,130169600
2017-12-05,39.519056556395874,40.094101782104794,39.36477569500352,39.65463638305664,109400800
2017-12-06,39.15440109002704,39.785545946464794,38.9112947362588,39.50737380981445,114240000
2017-12-07,39.51204229074438,39.84164132481947,39.48399252337033,39.579833984375,102693200
2017-12-08,39.85332546546157,39.97254053034316,39.46295079005944,39.591514587402344,93420800
2017-12-11,39.55178354518181,40.41434962364538,39.455942077161914,40.36292266845703,141095200
2017-12-12,40.24135578991373,40.29745887898939,40.08006609667753,40.136165618896484,77636800
2017-12-13,40.323187690009654,40.56629403478115,40.20630888511107,40.26942443847656,95273600
2017-12-14,40.29979940805167,40.470444984363944,40.12448124896759,40.25772476196289,81906000
2017-12-15,40.58732854854576,40.71355606857073,40.3138326161104,40.666805267333984,160677200
2017-12-18,40.87952071700584,41.421836368046534,40.874844567373735,41.239505767822266,117684400
2017-12-19,40.91458750768088,40.99874037620498,40.69485481948698,40.800045013427734,109745600
2017-12-20,40.87717802562036,41.00574538016436,40.4984919693788,40.7556266784668,93902400
2017-12-21,40.713552805108094,41.146005707313414,40.69719163107256,40.909908294677734,83799600
2017-12-22,40.83276787373455,41.00574974798811,40.79069322605128,40.909908294677734,65397600
2017-12-26,39.92578013088755,40.08239722165717,39.66396931580225,39.87201690673828,132742000
2017-12-27,39.76215718498556,39.921110592915475,39.670991891177096,39.87903594970703,85992800
2017-12-28,39.97253279752164,40.17122810074311,39.850977897897096,39.991233825683594,65920800
2017-12-29,39.8603452172818,39.87670639380417,39.55645963712553,39.55879592895508,103999600
2018-01-02,39.77617832995853,40.27641925330551,39.56579443310673,40.267066955566406,102223600
2018-01-03,40.33019115208112,40.80238241744237,40.19695119893329,40.26006317138672,118071600
2018-01-04,40.332517173152446,40.54991350126068,40.22499072141163,40.447059631347656,89738400
2018-01-05,40.54290869011677,40.9940590344742,40.451743391332485,40.907569885253906,94640000
2018-01-08,40.7556266784668,41.050159881448366,40.65744537728277,40.7556266784668,82271200
2018-01-09,40.80238443961448,40.921599515903196,40.53590095325459,40.75095748901367,86336000
2018-01-10,40.47746023211193,40.74394370972359,40.44005816620148,40.74160385131836,95839600
2018-01-11,40.81173298285246,41.02211693438228,40.78835936614299,40.973026275634766,74670800
2018-01-12,41.18339417073276,41.45922987236905,41.05950298248666,41.396114349365234,101672400
2018-01-16,41.58544941248679,41.93374930111048,41.17403757976425,41.185726165771484,118263600
2018-01-17,41.17638686955348,41.90103662850465,40.923931879747094,41.86597442626953,137547200
2018-01-18,41.929094823419305,42.09974042023661,41.6672874824555,41.90338134765625,124773600
2018-01-19,41.75144328474837,41.97818843235449,41.4709348901725,41.71638107299805,129700400
2018-01-22,41.44521953992409,41.55742217931307,41.28158994771982,41.375091552734375,108434400
2018-01-23,41.44522063076343,41.9454617211586,41.33301798842127,41.38444137573242,130756400
2018-01-24,41.43351997804808,41.44520856729474,40.48680131877495,40.72523498535156,204420400
2018-01-25,40.79301929804146,40.895873166865385,39.86266546370412,39.99824523925781,166116000
2018-01-26,40.206293567865494,40.206293567865494,39.75280340692622,40.09175109863281,156572000
2018-01-29,39.7761868421077,39.7761868421077,39.05387684544463,39.26192092895508,202561600
2018-01-30,38.6938757157211,39.12398862661799,38.49985657761024,39.030487060546875,184192800
2018-01-31,39.007123526143936,39.374124613366014,38.92063436894064,39.13802719116211,129915600
2018-02-01,39.07725255770871,39.41620032091382,38.98141109794126,39.219844818115234,188923200
2018-02-02,38.803763796607285,38.990770600564964,37.42459530527834,37.518096923828125,346375200
2018-02-05,37.19083407744985,38.30819507475602,36.46618412011472,36.580726623535156,290954000
2018-02-06,36.19267842788692,38.270782705665994,35.99865925194776,38.10948944091797,272975200
2018-02-07,38.123518306819236,38.19598257725575,37.183815515739305,37.293678283691406,206434400
2018-02-08,37.46899643189285,37.634965863191155,36.23943299272922,36.26748275756836,217562000
2018-02-09,36.86599613070262,37.0584569628266,35.262922282513344,36.71108627319336,282690400
2018-02-12,37.20164380833702,38.46673426525093,36.969278939409655,38.18977737426758,243278000
2018-02-13,38.01138368785197,38.66857413140311,37.94096978650724,38.57234191894531,130196800
2018-02-14,38.26721478410091,39.32341248785229,38.22966380983118,39.283512115478516,162579600
2018-02-15,39.85150062365004,40.6260461144055,39.666080874666676,40.602577209472656,204588800
2018-02-16,40.45472919022899,41.03211898521176,40.316250761428385,40.47115707397461,160704400
2018-02-20,40.381967200086905,40.900675720101226,40.234098347646515,40.335025787353516,135722000
2018-02-21,40.56504027258118,40.86781542185468,40.13786518942926,40.15195083618164,149886400
2018-02-22,40.32329023698601,40.82791670005755,40.30216713810029,40.487586975097656,123967600
2018-02-23,40.762183036434294,41.22690894826849,40.73166951720412,41.19170379638672,135249600
2018-02-26,41.391216287340875,42.10473494491624,41.35835694616437,42.00615692138672,152648800
2018-02-27,42.03667557380085,42.36057381022389,41.81604700695905,41.87002944946289,155712400
2018-02-28,42.07422201715211,42.39342858513631,41.790224188970356,41.8066520690918,151128400
2018-03-01,41.9052339409774,42.19627640895745,40.52513788389774,41.07435989379883,195208000
2018-03-02,40.55799246886187,41.37947957033199,40.47584232615504,41.35835647583008,153816000
2018-03-05,41.12364926720145,41.71746684872899,40.961698366530335,41.50153350830078,113605600
2018-03-06,41.757370145425206,41.83717090219632,41.339585499505745,41.46632766723633,95154000
2018-03-07,41.06026728930069,41.273854765458225,40.9030116386987,41.081390380859375,126814000
2018-03-08,41.18701833932262,41.57194361047891,41.09078970758341,41.52969741821289,95096400
2018-03-09,41.76909703854284,42.24790505333158,41.6353102868023,42.24320983886719,128740800
2018-03-12,42.31598844013934,42.80888231839001,42.2972147366982,42.65162658691406,128828400
2018-03-13,42.855812120337546,43.069399648429766,42.069533676140765,42.24087142944336,126774000
2018-03-14,42.323020568345115,42.36996197589975,41.73389462212503,41.88176345825195,117473600
2018-03-15,41.8958365647404,42.30423424408691,41.79491273914619,41.9310417175293,90975200
2018-03-16,41.93105312956666,42.04136741352731,41.689301464223135,41.78318786621094,157618800
2018-03-19,41.618891880252036,41.65409704324905,40.75985008912387,41.144775390625,133787200
2018-03-20,41.13068771362305,41.49683568443578,41.06027381583607,41.13068771362305,78597600
2018-03-21,41.08374718435731,41.09548343216158,40.196541287634304,40.198890686035156,148219600
2018-03-22,39.900805674877645,40.529828421739076,39.57221223717389,39.630889892578125,165963200
2018-03-23,39.52291999681884,39.88202694835137,38.71316909790039,38.71316909790039,164115200
2018-03-26,39.44781005466082,40.62840402011539,39.06523065201155,40.55094909667969,150164800
2018-03-27,40.76455034381911,41.10957533975339,39.177907391154584,39.51119613647461,163690400
2018-03-28,39.25535128853273,39.90550071027378,38.77184798320467,39.074623107910156,166674000
2018-03-29,39.38679033049858,40.31155078767656,39.17320279721128,39.3797492980957,153594000
2018-04-02,39.11217229534909,39.65200736477822,38.60285074845011,39.121559143066406,150347200
2018-04-03,39.34688954482369,39.60741848522696,38.69908950068041,39.52292251586914,121112000
2018-04-04,38.69908517590817,40.37256933160999,38.6732668664508,40.2786865234375,138422000
2018-04-05,40.506350601221754,40.89362160917028,40.38899531621928,40.557987213134766,107732800
2018-04-06,40.12847614077942,40.482887897857516,39.478326701909054,39.52057647705078,140021200
2018-04-09,39.872643872253846,40.62606300601005,39.8656028397066,39.91254425048828,116070800
2018-04-10,40.60493090520861,40.83964148847571,40.25990606129403,40.66360855102539,113634400
2018-04-11,40.42420468274402,40.820866160421915,40.29980835418697,40.47349548339844,89726400
2018-04-12,40.70117504412537,41.074364121464306,40.61432966748776,40.87251281738281,91557200
2018-04-13,41.02271494402695,41.27150758615567,40.80443582338923,41.01097869873047,100497200
2018-04-16,41.081384229836075,41.353649307157035,41.03444283960107,41.266807556152344,86313600
2018-04-17,41.42408378679558,41.9991241613357,41.40530650508239,41.8348274230957,106421600
2018-04-18,41.733899061182015,41.97095910385769,41.51561988120563,41.74094009399414,83018000
2018-04-19,40.78330735475603,41.165886729911804,40.525127876590034,40.557987213134766,139235200
2018-04-20,40.041640869366155,40.18716033557367,38.828183580053235,38.8962516784668,261964400
2018-04-23,39.15677362538438,39.17789672189711,38.513665229708735,38.78358459472656,146062000
2018-04-24,38.88449892224397,39.039408754872795,37.840037622972055,38.24374008178711,134768000
2018-04-25,38.16863352002018,38.82582386282192,38.11934630361461,38.41038513183594,113528400
2018-04-26,38.52070932702644,38.89859360300027,38.3446763459467,38.54418182373047,111852000
2018-04-27,38.49254441988215,38.56999935976334,37.70157072022894,38.09823226928711,142623200
2018-04-30,38.053631107612816,39.25769406239759,37.98556302734298,38.788272857666016,169709600
2018-05-01,39.05819542045914,39.71303647925035,38.79062545495093,39.68956756591797,214277600
2018-05-02,41.128337096986456,41.71980880691432,40.79270266081835,41.44285202026367,266157600
2018-05-03,41.28090316830111,41.66113320985868,40.94291931740563,41.51795959472656,136272800
2018-05-04,41.8371649912268,43.245428609444815,41.81838771321594,43.1468505859375,224805200
2018-05-07,43.46371797122614,44.048148799513136,43.362794107261145,43.45902633666992,169805600
2018-05-08,43.41911884558,43.70781190513855,43.109299108375836,43.667911529541016,113611200
2018-05-09,43.7852611249509,43.98476297690126,43.473095611593955,43.97537612915039,92844800
2018-05-10,44.064569122468185,44.68185556216297,44.04344244670562,44.604400634765625,111957200
2018-05-11,44.646809654593504,44.78110870210072,44.16615172774492,44.43475341796875,104848800
2018-05-14,44.53371864959899,44.65623981059255,44.26276205405801,44.33108901977539,83115200
2018-05-15,44.00830061465196,44.076631181678145,43.61246796024898,43.928192138671875,94780800
2018-05-16,43.841012012369504,44.404133352868826,43.82451718880194,44.338157653808594,76732400
2018-05-17,44.29575178319089,44.51016293392808,43.90934217740125,44.05778121948242,69176000
2018-05-18,44.10490308433846,44.25098366663279,43.85515101968935,43.897560119628906,73190800
2018-05-21,44.29574904119214,44.594981969565396,44.0389288058782,44.20857238769531,73603200
2018-05-22,44.385294663248395,44.50310253434082,44.008308037668286,44.097843170166016,60962800
2018-05-23,43.90697568932282,44.4135478742075,43.767959730195656,44.38056182861328,80233600
2018-05-24,44.47717318699425,44.49366441518397,43.873997617810524,44.33108901977539,92936000
2018-05-25,44.34993283409535,44.68450662598143,44.21327532554309,44.43239974975586,69844000
2018-05-29,44.201500640550265,44.472457219965484,44.02949861480413,44.27218246459961,90056400
2018-05-30,44.22977610630169,44.29574820963541,44.00829679001992,44.177940368652344,74762000
2018-05-31,44.11196979829037,44.349940351070494,43.8575044214986,44.029502868652344,109931200
2018-06-01,44.293385470252254,44.82823038465097,44.23683642236109,44.82352066040039,93770000
2018-06-04,45.15337546413105,45.57277096331319,45.085048518960235,45.198143005371094,105064800
2018-06-05,45.49032190729074,45.69530640222667,45.32303318949462,45.54686737060547,86264000
2018-06-06,45.622267652366574,45.72829399486384,45.219363236624766,45.70473098754883,83734400
2018-06-07,45.74241599141798,45.75655235328206,45.31830715945041,45.58219909667969,85388800
2018-06-08,45.04265782757154,45.238219311227645,44.71279724984477,45.16753387451172,106627200
2018-06-11,45.08505809281272,45.23113865191412,44.816456383543546,45.05678176879883,73234000
2018-06-12,45.09449753368609,45.38194903174522,45.037948460306744,45.304195404052734,67644400
2018-06-13,45.33716689476205,45.445551685104874,44.87064887374254,44.931907653808594,86553600
2018-06-14,45.13217513383571,45.136888453145275,44.8188059111202,44.95546340942383,86440400
2018-06-15,44.7740470200036,44.8046782086226,44.357006263123864,44.4936637878418,246876800
2018-06-18,44.26747459129005,44.5831987359482,44.107254061254174,44.4701042175293,73939600
2018-06-19,43.62189074792149,43.902274007400344,43.22369963791943,43.75148010253906,134314000
2018-06-20,43.90698467710195,44.10725585377342,43.76090050653034,43.942325592041016,82514800
2018-06-21,44.119035175144084,44.37821385591246,43.57476354074038,43.69728469848633,102847600
2018-06-22,43.852795049886204,43.8598632336105,43.51822117116477,43.5700569152832,108801600
2018-06-25,43.21191397426476,43.570050812040066,42.58282054445238,42.9221076965332,126652400
2018-06-26,43.115317704014764,43.94939568980616,43.00928776415795,43.4546012878418,98276800
2018-06-27,43.64307897376259,44.12609169928207,43.36034095730524,43.39097213745117,101141200
2018-06-28,43.37685028509541,43.87399953844859,43.30616485853516,43.70671081542969,69460800
2018-06-29,43.892835671059316,44.104891902626136,43.096457258455715,43.614810943603516,90950800
2018-07-02,43.31087386848866,44.130815387435966,43.21662544405176,44.1025390625,70925200
2018-07-03,44.246258231018516,44.28395759522698,43.244891788690005,43.33442687988281,55819200
2018-07-05,43.65015756585503,43.92111774246245,43.41925521678168,43.683143615722656,66416800
2018-07-06,43.68785278271046,44.39705458505111,43.63601705281612,44.288673400878906,69940800
2018-07-09,44.649171565377365,44.92719634335544,44.6020491482026,44.90363693237305,79026400
2018-07-10,44.93426330823316,45.06856236255624,44.809383703042094,44.84944152832031,63756400
2018-07-11,44.41354804479918,44.71513577573598,44.20385026945704,44.2674674987793,75326000
2018-07-12,44.65623911158645,45.09919773617647,44.60440337487018,45.00966262817383,72164400
2018-07-13,45.021448857587984,45.200515497182295,44.979036161635726,45.080352783203125,50055600
2018-07-16,45.12512144726553,45.3913647528247,44.865942730126086,44.98139572143555,60172400
2018-07-17,44.70806620489402,45.20757019463458,44.57847688815683,45.108612060546875,62138000
2018-07-18,45.18637592497211,45.19108924534587,44.75048546825586,44.86122512817383,65573600
2018-07-19,44.69393159004951,45.36779246822645,44.69393159004951,45.209930419921875,81147200
2018-07-20,45.18636684654295,45.33951557342535,44.8070255248954,45.106258392333984,82704800
2018-07-23,44.92718829993629,45.22877962532212,44.66329993483419,45.14631271362305,63957600
2018-07-24,45.344241819647266,45.629338405290476,45.24999697549978,45.47383117675781,74791600
2018-07-25,45.487955463759825,45.909709478060186,45.339516458198204,45.90264129638672,66839600
2018-07-26,45.85316741037176,46.17125001494184,45.617551731493165,45.7589225769043,76304000
2018-07-27,45.94270404769693,45.9898264659988,44.79054348344733,44.99788284301758,96096000
2018-07-30,45.2146462036936,45.285331624624746,44.547857012990356,44.74577331542969,84118000
2018-07-31,44.837666532786,45.27119853960078,44.61147388845953,44.83530807495117,157492000
2018-08-01,46.918150683987434,47.53781746675014,46.48932842822588,47.476558685302734,271742800
2018-08-02,47.25978457536614,49.09758725034946,47.205593985888,48.86432647705078,249616000
2018-08-03,48.7795179485394,49.182422376318144,48.414312895506896,49.00571060180664,133789600
2018-08-06,49.00805569446865,49.30257525994022,48.78893486345839,49.26016616821289,101701600
2018-08-07,49.31908266786328,49.361491770413686,48.71590342386616,48.798370361328125,102349600
2018-08-08,48.548606536921845,48.96328879634437,48.188114871607986,48.83134460449219,90102000
2018-08-09,49.3685494382247,49.427453353804616,48.81956451359469,49.21540069580078,93970400
2018-08-10,49.028630047245635,49.440040566889785,48.86548443414847,49.068824768066406,98444800
2018-08-13,49.489685715714145,49.87745053972807,49.10901386469039,49.385650634765625,103563600
2018-08-14,49.690657765657285,49.785233134291715,49.24141574509612,49.59371566772461,82992000
2018-08-15,49.46839617036378,49.82778902521528,49.25796293194664,49.70956802368164,115230400
2018-08-16,50.066600893302926,50.55367090797726,50.00039741215219,50.43781661987305,114001600
2018-08-17,50.46618706310315,51.53253931119231,50.39998358384993,51.4450569152832,141708000
2018-08-20,51.56800483956419,51.82335904051192,50.86104191692848,50.94379806518555,121150800
2018-08-21,51.260634158592694,51.3528464083779,50.60568870827155,50.8444938659668,104639200
2018-08-22,50.622239772637556,51.15659745852468,50.560762536189785,50.846858978271484,76072400
2018-08-23,50.75227555879988,51.31973854252035,50.74045634465841,50.950889587402344,75532800
2018-08-24,51.21334139829706,51.28427111585805,50.861041500529375,51.10930633544922,73905600
2018-08-27,51.34337923890554,51.719324763645,51.1494986735286,51.53017044067383,82100400
2018-08-28,51.783170179590904,52.14492621424723,51.761891261745056,51.94631576538086,91107200
2018-08-29,52.05271233047196,52.84243146580002,51.87774753435485,52.72184371948242,109019200
2018-08-30,52.785672712873435,53.97024574907113,52.58469558416517,53.206539154052734,195175200
2018-08-31,53.55647159158061,54.11447480869955,53.43588748059386,53.8212890625,173360400
2018-09-04,54.00572312173843,54.18778088108534,53.58485661111945,53.993900299072266,109560400
2018-09-05,54.14285726319419,54.30363609852174,53.22309798700196,53.641597747802734,133332000
2018-09-06,53.49027078929188,53.75508827339755,52.32461350158914,52.75020980834961,137160000
2018-09-07,52.454655476291386,53.28692866048203,52.18511175944655,52.32461166381836,150479200
2018-09-10,52.24186387354506,52.45466385736109,51.18260462853595,51.62238693237305,158066000
2018-09-11,51.54672332040395,53.03394564193792,51.203883114038426,52.927547454833984,142996000
2018-09-12,53.185262513230725,53.19944845556792,51.97940690511045,52.270233154296875,197114800
2018-09-13,52.849519642275006,53.99153499554689,52.6249004519719,53.5328369140625,166825600
2018-09-14,53.37678363174455,53.63450455616086,52.613076951433094,52.92517852783203,127997200
2018-09-17,52.5255883134687,52.714742633075524,51.371753818722354,51.51598358154297,148780400
2018-09-18,51.49470675410538,52.45466440089387,51.33629103116489,51.60110855102539,126286800
2018-09-19,51.662586001449505,51.9273999330875,50.90597219118434,51.6318473815918,108495200
2018-09-20,52.073992180573526,52.55633231761007,51.81626763486653,52.02433776855469,106435200
2018-09-21,52.20166812140533,52.33880492393241,51.37648418489235,51.46397018432617,384986800
2018-09-24,51.26536138174706,52.31516093786843,51.2204368199305,52.20403289794922,110773600
2018-09-25,51.958130371548314,52.68400905547717,51.946307549786276,52.53504943847656,98217600
2018-09-26,52.25368725227918,52.90390281763559,51.960497843994546,52.11655044555664,95938800
2018-09-27,52.92045647589352,53.53993343518666,52.8542493888135,53.1876335144043,120724800
2018-09-28,53.14980496952614,53.398069834890045,52.967747195035955,53.374427795410156,91717600
2018-10-01,53.89695599056796,54.244526037328285,53.51865093552065,53.73381042480469,94403200
2018-10-02,53.73144499079402,54.38166049673322,53.58485210395696,54.211421966552734,99152800
2018-10-03,54.39348748822865,55.20211876466658,54.329647132562286,54.87110137939453,114619200
2018-10-04,54.56608177727491,54.93729743069975,53.60849100299046,53.906410217285156,128168000
2018-10-05,53.899327312763546,54.00572550581806,52.15438395852076,53.03158187866211,134322000
2018-10-08,52.53978898349141,53.15217302088543,52.0645381588214,52.90863800048828,118655600
2018-10-09,52.87789106435932,53.73617671665903,52.549236814198565,53.641597747802734,107564000
2018-10-10,53.30820512703323,53.5186383241125,51.083285449360716,51.15658187866211,167962400
2018-10-11,50.72155069197485,51.89903111668794,50.20137889209585,50.70499801635742,212497600
2018-10-12,52.11656372896072,52.69821284311534,51.27010063519483,52.516151428222656,161351600
2018-10-15,52.29151625611603,52.44993197126722,51.37175697346174,51.393035888671875,123164000
2018-10-16,51.76424921811775,52.72420684082225,51.25117047250022,52.52559280395508,116736000
2018-10-17,52.56105763845365,52.64144705306185,51.86118772679396,52.298606872558594,91541600
2018-10-18,51.51125481132157,51.955766930543895,50.36214653480621,51.076202392578125,130325200
2018-10-19,51.55853536728283,52.315148949225154,51.40957577177829,51.854087829589844,132314800
2018-10-22,51.96758107903151,52.811680677472054,51.76660756117778,52.170921325683594,115168400
2018-10-23,51.0312752497084,52.785674386526175,50.76409464590403,52.662723541259766,155071200
2018-10-24,52.63198967990546,53.01738767953561,50.726264164214655,50.85630798339844,163702000
2018-10-25,51.475784943669666,52.34352657548441,51.24879905591277,51.969947814941406,119423200
2018-10-26,51.04782749681985,52.06216571984942,50.28412082995475,51.14240646362305,189033600
2018-10-29,51.82572833174674,51.94394934491909,48.728336343503514,50.182456970214844,183742000
2018-10-30,49.92473008302534,50.87759111597405,49.480221547617695,50.433082580566406,146640000
2018-10-31,51.27954933650239,52.123645519315744,51.21807209884028,51.747703552246094,153435600
2018-11-01,51.79262026173322,52.57524269602282,51.26298888864335,52.54214096069336,233292800
2018-11-02,49.54642446027015,50.51583454720711,48.57228091507329,49.05698776245117,365314800
2018-11-05,48.30510036768756,48.326379281390906,46.85570978180658,47.66434097290039,264654800
2018-11-06,47.74237510519479,48.40441352241418,47.68799444752672,48.17979431152344,127531600
2018-11-07,48.69995691663436,49.66700378881958,48.26490452137793,49.640995025634766,133697600
2018-11-08,49.82131414178584,49.85453137063265,49.05494289170183,49.46778869628906,101450400
2018-11-09,48.7702258096886,48.879366587122874,47.98724409420614,48.51397705078125,137463200
2018-11-12,47.21613325998762,47.41781165926097,45.97997059020177,46.070133209228516,204542000
2018-11-13,45.46747474101187,46.784303647550004,45.42476479992899,45.609832763671875,187531600
2018-11-14,46.006073457133304,46.14368876236647,44.115055029309836,44.32147979736328,243204000
2018-11-15,44.698732002376936,45.54814833515879,44.34520285307609,45.415279388427734,185915200
2018-11-16,45.19937035516797,46.25995429565413,44.9526142307228,45.91828918457031,147713200
2018-11-19,45.08073505230195,45.24682124683419,43.892028552427426,44.09844970703125,167701200
2018-11-20,42.32131712569472,43.05684633458593,41.64273330485172,41.99151611328125,271300800
2018-11-21,42.643994348703465,42.77212054847709,41.889487071573676,41.94405746459961,124496800
2018-11-23,41.50747889046618,41.90134287812778,40.833641652562406,40.878719329833984,94496000
2018-11-26,41.341405328689035,41.50986287918792,40.39708001756018,41.43156433105469,179994000
2018-11-27,40.693666190363125,41.46715900960743,40.54419042635813,41.341407775878906,165549600
2018-11-28,41.932199377386205,43.01413640794062,41.505118017849625,42.931095123291016,184250000
2018-11-29,43.3391999516029,43.372417193579416,42.162353797963114,42.60129928588867,167080000
2018-11-30,42.77686790323383,42.78636061112032,42.00337874921922,42.37114334106445,158126000
2018-12-03,43.76627592803061,43.88016308346337,42.995158116098935,43.85169219970703,163210000
2018-12-04,42.93346662237809,43.2751317110597,41.82305870457027,41.92271041870117,165377200
2018-12-06,40.752964814142715,41.46951192517132,40.435028010721574,41.45527648925781,172393600
2018-12-07,41.16345448474832,41.40072149253783,39.93203813505562,39.97711944580078,169126400
2018-12-10,39.149049033793,40.35673701084698,38.75281363862703,40.240478515625,248104000
2018-12-11,40.729256594178395,40.76009884419869,39.62359143727057,40.010337829589844,189126800
2018-12-12,40.43029709170368,40.79094396093765,40.10287107949015,40.12185287475586,142510800
2018-12-13,40.45165403262589,40.94516985024621,40.22862246288901,40.560794830322266,127594400
2018-12-14,40.09812804123451,40.1171098380698,39.21549440063509,39.26294708251953,162814800
2018-12-17,39.25582820608512,39.943904744588174,38.61046161430654,38.89755630493164,177151600
2018-12-18,39.23921640915953,39.74933899527448,39.00432078305257,39.402931213378906,135366000
2018-12-19,39.386319792315824,39.73035619895045,37.746804045316345,38.173885345458984,196189200
2018-12-20,38.05762791222595,38.4633561025011,36.84756830306149,37.21058654785156,259092000
2018-12-21,37.21770403005254,37.52615187290748,35.50226452935719,35.76325607299805,382978400
2018-12-24,35.15111176377815,35.95782190038735,34.7809757476291,34.837921142578125,148676800
2018-12-26,35.186695107435334,37.30548757627083,34.81181283127579,37.29125213623047,234330000
2018-12-27,36.97568411541755,37.196344282393845,35.60665629115876,37.04923629760742,212468400
2018-12-28,37.3695636838857,37.61157711002897,36.66962654849139,37.068233489990234,169165600
2018-12-31,37.61394158656188,37.81087365387044,37.12754345601977,37.4265022277832,140014000
2019-01-02,36.750281492025124,37.68986030291286,36.593684420142715,37.469200134277344,148158800
2019-01-03,34.16170203892372,34.574547927015324,33.69191438723821,33.736995697021484,365248800
2019-01-04,34.29220295413125,35.24601741169735,34.11899903898665,35.177207946777344,234428400
2019-01-07,35.281596415192155,35.312442278685964,34.61724819958452,35.098899841308594,219111200
2019-01-08,35.485645667649806,36.0218713099174,35.23888962424999,35.76799392700195,164101200
2019-01-09,35.89612775325254,36.66487424188444,35.502267230819925,36.37540817260742,180396400
2019-01-10,36.18321328363876,36.531996022628334,35.79409559379819,36.491661071777344,143122800
2019-01-11,36.27337496621485,36.46793199596804,35.94831676050969,36.133384704589844,108092800
2019-01-14,35.7917243040485,35.89137599820077,35.40497797975705,35.59004592895508,129756800
2019-01-15,35.65411777539392,36.39438975385984,35.601918738921825,36.31846618652344,114843600
2019-01-16,36.320844349664725,36.985192885103864,36.301862549176946,36.76216125488281,122278800
2019-01-17,36.58656655845522,37.407511879044904,36.363535024290115,36.980430603027344,119284800
2019-01-18,37.369553633249645,37.45971625451414,37.00890676859886,37.208213806152344,135004000
2019-01-22,37.11093601889627,37.18685958381331,36.21169197229735,36.3730354309082,121576000
2019-01-23,36.574715826308925,36.809611518898286,35.99341225378036,36.520145416259766,92522400
2019-01-24,36.565218274806185,36.65300590810053,36.00289663164888,36.23067092895508,101766000
2019-01-25,36.8902641000177,37.51902368512095,36.61503719155783,37.43123245239258,134142000
2019-01-28,36.963834162658024,37.09196040414421,36.45845778019692,37.084842681884766,104768400
2019-01-29,37.07297716838964,37.51904038821024,36.565225817907695,36.70046615600586,166348800
2019-01-30,38.73383245886544,39.42190521671021,38.01728520303353,39.20836639404297,244439200
2019-01-31,39.412427913785926,40.09812951029959,39.04466327999454,39.490726470947266,162958400
2019-02-01,39.61409500678469,40.09337168073329,39.369706696277575,39.50969696044922,130672400
2019-02-04,39.720853949702565,40.729238309020545,39.69000809312302,40.6319580078125,125982000
2019-02-05,41.01397692943241,41.54070999970741,40.89297205344229,41.32716751098633,144406400
2019-02-06,41.43868450470518,41.65697335385666,41.011606755653766,41.341407775878906,112958400
2019-02-07,40.904829885716296,41.27022309791329,40.41606043860214,40.55842208862305,126966800
2019-02-08,40.26771919259328,40.665654071185585,40.13189521411374,40.606082916259766,95280000
2019-02-11,40.75857057003458,40.79669696838124,40.32965767846831,40.3725471496582,83973600
2019-02-12,40.53221193539128,40.7466666211287,40.436895913781186,40.720455169677734,89134000
2019-02-13,40.8395916413653,41.099320945808756,40.48931303829851,40.551265716552734,89960800
2019-02-14,40.43926823856838,40.80860634266763,40.36063390919888,40.698997497558594,87342800
2019-02-15,40.80623611906368,40.91346345759115,40.44880923334926,40.60845947265625,98507200
2019-02-19,40.439291783552655,40.85152323274589,40.386868866784106,40.72999572753906,75891200
2019-02-20,40.79194536512053,41.29949277774976,40.74428916750655,40.992103576660156,104457600
2019-02-21,40.93728769197398,41.07310799901791,40.579860855843705,40.760955810546875,68998800
2019-02-22,40.884875678488214,41.223239403756004,40.83721948150898,41.21609115600586,75652800
2019-02-25,41.499645058988676,41.90710967168657,41.44960369528727,41.51632308959961,87493600
2019-02-26,41.39241821936573,41.77128984933254,41.263742503117236,41.54015350341797,68280800
2019-02-27,41.273273603636405,41.69980140101289,41.158894387635335,41.6688232421875,111341600
2019-02-28,41.53776063575114,41.67834763454405,41.20416011523574,41.25896453857422,112861600
2019-03-01,41.52824431177665,41.73555077281449,41.19702882720667,41.69266128540039,103544800
2019-03-04,41.86422496802693,42.35509069759693,41.45437513566205,41.90235137939453,109744800
2019-03-05,41.9237931397582,41.938089634020294,41.59019251792692,41.82609558105469,78949600
2019-03-06,41.62116756354591,41.81656266632499,41.447220836488704,41.585426330566406,83241600
2019-03-07,41.430551903030796,41.56637590196308,40.989727471760084,41.104103088378906,99185600
2019-03-08,40.58462987503848,41.239912445241174,40.389234781584264,41.201786041259766,95997600
2019-03-11,41.81655706066394,42.681527506223055,41.78319736904366,42.62910461425781,128044000
2019-03-12,42.891215320225385,43.52743457783006,42.74109490310592,43.108055114746094,129870400
2019-03-13,43.42736668986569,43.677566237487994,43.11044774766869,43.2986946105957,124130000
2019-03-14,43.82053724326323,43.86819707283481,43.50123674636694,43.780029296875,94318000
2019-03-15,44.04690286026948,44.63784755758058,43.782406850290364,44.34952163696289,156171600
2019-03-18,44.27328067856524,44.89043693766361,44.2708955054987,44.80227279663086,104879200
2019-03-19,44.88090335634377,45.03340534638429,44.30186992001534,44.44722366333008,126585600
2019-03-20,44.375741144089886,45.15255128641642,44.018314235196435,44.83563232421875,124140800
2019-03-21,45.27883009897217,46.78240499086003,45.228788744888206,46.48693084716797,204136800
2019-03-22,46.54652003926414,47.10649038962943,45.45994267815405,45.5242805480957,169630800
2019-03-25,45.63388069031745,45.74587473890536,44.46390611241121,44.97383499145508,175381200
2019-03-26,45.66961879021226,45.96032623886354,43.982563700573884,44.50917053222656,199202000
2019-03-27,44.97621952108113,45.21688566494624,44.45199411345279,44.90950012207031,119393600
2019-03-28,45.0238672363422,45.16922096451442,44.68550359481245,44.96906280517578,83121600
2019-03-29,45.23357207727188,45.29314323520392,44.926182866218966,45.26216506958008,94256000
2019-04-01,45.66485048096369,45.6743802630411,44.888044166010914,45.56953811645508,111448000
2019-04-02,45.53379232623605,46.33681370641152,45.524262544352574,46.23196792602539,91062800
2019-04-03,46.048497688881305,46.822922617672326,46.024667775160154,46.54889678955078,93087200
2019-04-04,46.41545880854789,46.79194893860823,46.02229064603285,46.62991714477539,76457200
2019-04-05,46.81100893546065,46.96589610699699,46.687099925418465,46.94206619262695,74106400
2019-04-08,46.803855058079535,47.71171869297622,46.7847918560636,47.68074417114258,103526800
2019-04-09,47.73317206117505,48.33603179875124,47.473439087978925,47.537776947021484,143072800
2019-04-10,47.342384260292086,47.833253607870596,47.22324195607037,47.804656982421875,86781200
2019-04-11,47.85946211752939,47.89520335222447,47.28519537386603,47.40671920776367,83603200
2019-04-12,47.46629151971839,47.690279625122976,46.753822893813584,47.387657165527344,111042800
2019-04-15,47.31855473245824,47.62117718246721,47.18273076972158,47.47343826293945,70146400
2019-04-16,47.528248000421726,47.98336882392176,47.313789678479274,47.478206634521484,102785600
2019-04-17,47.54729995142792,48.46231543377523,47.32569705378426,48.40274429321289,115627200
2019-04-18,48.40036639173176,48.64579923684503,48.25739781446443,48.576698303222656,96783200
2019-04-22,48.331256554226314,48.834037108916725,48.21449581375746,48.7363395690918,77758000
2019-04-23,48.712520316675125,49.50362695477499,48.58622976622122,49.43928909301758,93292000
2019-04-24,49.410689482360645,49.67756704213216,49.33682184606203,49.363033294677734,70162400
2019-04-25,49.28440380449955,49.50600673522847,48.8769355424073,48.915061950683594,74172800
2019-04-26,48.82451383821142,48.848343752952516,48.162082930875414,48.68154525756836,74596400
2019-04-29,48.705379310244844,49.07948794297143,48.57670720353527,48.75542068481445,88818800
2019-04-30,48.386062610715946,48.467078489226644,47.44483931736575,47.81656265258789,186139600
2019-05-01,50.01117521030859,51.30505889994742,49.8562880319381,50.16367721557617,259309200
2019-05-02,50.00164766466942,50.671226917030545,49.594182969003235,49.83723068237305,127985200
2019-05-03,50.251831720650216,50.47820133000278,50.09456303527242,50.456756591796875,83569600
2019-05-06,48.679161066436805,49.7633567622048,48.490917825549325,49.677574157714844,129772400
2019-05-07,49.05802986425357,49.42498651293276,47.85469202351123,48.338409423828125,155054800
2019-05-08,48.10965016805922,48.929349618462254,48.07390893920655,48.34793472290039,105358000
2019-05-09,47.752234575494825,48.05723858660724,46.86105245762417,47.828487396240234,139634400
2019-05-10,47.22328812601003,47.565349099280354,46.11099958586957,47.16587829589844,164834800
2019-05-13,44.90064286413654,45.32402809525781,43.73812012203512,44.42462921142578,229722400
2019-05-14,44.589690316645736,45.37666407819567,44.35048807727735,45.12789535522461,146118800
2019-05-15,44.556206125860285,45.86703349261073,44.49640556068087,45.668495178222656,106178800
2019-05-16,45.4268958737944,46.039252991844464,45.17094773855048,45.467559814453125,132125600
2019-05-17,44.7140705245547,45.66370365738736,44.673406583972145,45.20922088623047,131516400
2019-05-20,43.89839872325471,44.09693703228056,43.12338210548431,43.79553985595703,154449200
2019-05-21,44.30503163302324,44.970013454882476,44.180645467442574,44.6351318359375,113459200
2019-05-22,44.17109505129822,44.42225818182763,43.6663780813545,43.72139358520508,118994400
2019-05-23,43.00855911757338,43.185566421251686,42.53254539430105,42.97507095336914,146118800
2019-05-24,43.10425351108962,43.56830655472272,42.72631344101665,42.810035705566406,94858800
2019-05-28,42.79806481034798,43.197532117519515,42.55647185928589,42.63301467895508,111792800
2019-05-29,42.200059369611644,42.900923841188686,42.099594865311815,42.42969512939453,113924800
2019-05-30,42.5660389538605,42.87221753680418,42.259860370916826,42.64976119995117,84873600
2019-05-31,42.154600363851024,42.57559854863849,41.857991988135176,41.87712860107422,108174400
2019-06-03,42.0039165147465,42.558863836181885,40.72896808562691,41.45375061035156,161584400
2019-06-04,41.96563498785348,43.01573251076257,41.74556939956014,42.97028350830078,123872000
2019-06-05,44.080184117507756,44.250019297013125,43.32908930449805,43.663970947265625,119093600
2019-06-06,43.793134501142,44.36482755162113,43.57067458111561,44.30502700805664,90105200
2019-06-07,44.61361029225214,45.90769533953983,44.43660296337536,45.48430633544922,122737600
2019-06-10,45.88136887468619,46.73292803874346,45.83591987717714,46.065555572509766,104883600
2019-06-11,46.61094460560243,46.8836349896468,46.309551123217446,46.59898376464844,107731600
2019-06-12,46.39326993216043,46.87645943951271,46.25931727268128,46.450679779052734,73012800
2019-06-13,46.57267447769808,47.072606273434246,46.30955420885947,46.44111251831055,86698400
2019-06-14,45.819196214236236,46.30716724615414,45.52019337239175,46.10384750366211,75046000
2019-06-17,46.142094799698384,46.63485431092616,45.96747824641038,46.37890625,58676400
2019-06-18,46.89560067509566,47.90981585388891,46.69467166608227,47.46968460083008,106204000
2019-06-19,47.76389951339883,47.811742879326864,47.1969913965281,47.3309440612793,84496800
2019-06-20,47.9289405928447,47.986350431164496,47.36920835648545,47.71126937866211,86056000
2019-06-21,47.55339956808391,48.04376482331306,47.39791594328948,47.548614501953125,191202400
2019-06-24,47.491215693151446,47.87872584119384,47.40271202381546,47.50078582763672,72881600
2019-06-25,47.46490339125709,47.66344170794164,46.71380842991327,46.78078842163086,84281200
2019-06-26,47.30702611814578,48.07725759186515,47.20656161939147,47.792606353759766,104270000
2019-06-27,47.90981377120324,48.215995988213024,47.73759152091885,47.778255462646484,83598800
2019-06-28,47.52468785247962,47.72083539403826,47.134790777081065,47.3428955078125,124442400
2019-07-01,48.59871477331292,48.91446345681218,47.99592415477376,48.21120834350586,109012000
2019-07-02,48.17771659878482,48.589144680081205,48.16575575864351,48.49346160888672,67740800
2019-07-03,48.625032628500364,48.902508111863035,48.483904178318824,48.89533233642578,45448000
2019-07-05,48.641772747995475,49.05559156534589,48.534128829376186,48.85226821899414,69062000
2019-07-08,48.0341982544595,48.17532669133114,47.46011437400138,47.84523010253906,101354400
2019-07-09,47.649087439105884,48.201644052257606,47.55579870766386,48.137062072753906,82312000
2019-07-10,48.28297103527144,48.73266874059022,48.21360034539757,48.613067626953125,71588400
2019-07-11,48.63220334558516,48.890542184265826,48.24948197897164,48.25904846191406,80767200
2019-07-12,48.426486993480296,48.797251151333036,48.36668644059876,48.62981033325195,70380800
2019-07-15,48.81876864633832,49.24454820514331,48.797241327619446,49.08667755126953,67789600
2019-07-16,48.93838218259591,49.30197058543267,48.67765263415199,48.91685485839844,67467200
2019-07-17,48.80921404901501,49.057982753514956,48.62263660815599,48.64177322387695,56430000
2019-07-18,48.797255539973115,49.246956906066245,48.725494140074105,49.194332122802734,74162400
2019-07-19,49.22541480969587,49.39524996275497,48.40495308770733,48.45996856689453,83717200
2019-07-22,48.71352835732806,49.569872702739694,48.70396187494887,49.567481994628906,89111600
2019-07-23,49.864099833734244,49.971740110187,49.58423000504602,49.954994201660156,73420800
2019-07-24,49.67512729577653,50.029145578681785,49.5555261792605,49.914329528808594,59966400
2019-07-25,49.96695653329002,50.050678778547585,49.450278810987754,49.519649505615234,55638400
2019-07-26,49.62967672847252,50.1678817358878,49.54834884778114,49.691871643066406,70475600
2019-07-29,49.864094780283324,50.385553851109734,49.859309714055385,50.15591812133789,86693600
2019-07-30,49.93585061510733,50.27073588947548,49.58900815053056,49.940635681152344,135742800
2019-07-31,51.768149068134655,52.95219944273716,50.54343475015479,50.95964431762695,277125600
2019-08-01,51.1653626359901,52.15326915093734,49.45267720551432,49.85692596435547,216071600
2019-08-02,49.163230311330075,49.3785108420285,48.230343145055464,48.80203628540039,163448400
2019-08-05,47.35965283602837,47.517523540558116,46.065567840975476,46.24736022949219,209572000
2019-08-06,46.95779455449021,47.37879286336873,46.41480440834536,47.12284469604492,143299200
2019-08-07,46.742507730135785,47.735195505332065,46.36217706782614,47.610809326171875,133457600
2019-08-08,47.88827805859261,48.68482179511622,47.6945248672639,48.6609001159668,108038000
2019-08-09,48.33435586806552,48.68491595492223,47.851730305039446,48.25992202758789,98478800
2019-08-12,47.93097076329877,48.51444257030938,47.81811826695935,48.13746643066406,89927600
2019-08-13,48.267116866849314,50.93715015941955,48.13745486807871,50.17599868774414,188874000
2019-08-14,48.78096824288931,49.568532297848215,48.64410316767906,48.68252182006836,146189600
2019-08-15,48.852993722567405,49.25637851041577,47.94297083087483,48.44000244140625,108909600
2019-08-16,49.04989224511873,49.74141334366734,48.94424278130665,49.58293914794922,110481600
2019-08-19,50.57218971325113,51.078824190677665,50.43052506876509,50.507362365722656,97654400
2019-08-20,50.634616760971866,51.227691316707656,50.50015516617898,50.50975799560547,107537200
2019-08-21,51.141253161466004,51.29972366781528,50.80749895306689,51.057212829589844,86141600
2019-08-22,51.18928765116433,51.48942653587371,50.60341596200284,51.014007568359375,89014800
2019-08-23,50.28645752648354,50.91555099493653,48.262323049739784,48.656105041503906,187272000
2019-08-26,49.42926854605089,49.748616731609175,49.237178943574676,49.58053970336914,104174400
2019-08-27,49.90948253160488,50.07515974076012,48.86980125519638,49.02107238769531,103493200
2019-08-28,49.00666433648422,49.39564304574739,48.819378019890564,49.35002136230469,63755200
2019-08-29,50.06315259687426,50.26004541127674,49.621349155907794,50.18560791015625,83962000
2019-08-30,50.46173050840228,50.53136108890802,49.751000310003654,50.12077331542969,84573600
2019-09-03,49.56612247903739,49.69818428979416,49.03547910827453,49.39084243774414,80092000
2019-09-04,50.036742667870506,50.29846283883695,49.77982574387522,50.22883224487305,76752400
2019-09-05,50.90354224548307,51.376561303793046,50.78588651283309,51.21088409423828,95654800
2019-09-06,51.395778829958495,51.484618759601176,51.02600570478871,51.20608901977539,77449200
2019-09-09,51.585461226459756,51.96964040269282,50.680245133535024,51.42458724975586,109237600
2019-09-10,51.350144279794115,52.05126803759896,50.83390703828068,52.03205871582031,127111600
2019-09-11,52.36102145030546,53.71524770381324,52.27938090410862,53.686431884765625,177158400
2019-09-12,53.976971102844466,54.365949877044244,53.51115502500784,53.56637954711914,128906800
2019-09-13,52.824446149553566,53.014132321380075,52.10891604121136,52.52430725097656,159053200
2019-09-16,52.27937831072937,52.855647033642335,52.23855987155783,52.800418853759766,84632400
2019-09-17,52.81483570644543,53.02133138546332,52.61313961117362,52.992515563964844,73274800
2019-09-18,53.07894480353371,53.508745607854166,52.68996609930479,53.48953628540039,101360000
2019-09-19,53.30706444018717,53.72725886871977,52.91328237942879,53.05495071411133,88242400
2019-09-20,53.155788377866706,53.43911767399923,52.2169532408371,52.279380798339844,221652400
2019-09-23,52.5723029039895,52.786001548196495,52.26015787012007,52.5170783996582,76662000
2019-09-24,53.07174174905982,53.42230547207564,52.14971625438767,52.26736831665039,124763200
2019-09-25,52.4762724285388,53.18459931647141,52.13771495764018,53.071746826171875,87613600
2019-09-26,52.82443558822323,53.050140581036125,52.54350607497872,52.79802322387695,75334000
2019-09-27,52.95408332189153,53.05493317554915,52.17132270704049,52.54109573364258,101408000
2019-09-30,53.04052537419581,53.924135874983264,53.01411301418795,53.77766799926758,103909600
2019-10-01,54.041803963537824,54.798152420020195,53.832904827025864,53.92654800415039,139223200
2019-10-02,53.5591677213098,53.68402648733403,52.32739692001443,52.57471466064453,138449200
2019-10-03,52.447459000713295,53.05494337549281,51.65509540469614,53.02132797241211,114426000
2019-10-04,54.17865175845741,54.62285862206544,53.75845746297006,54.50760269165039,138478800
2019-10-07,54.329940457591334,55.20874431260177,54.2266907778266,54.51962661743164,122306000
2019-10-08,54.221881339577685,54.75972776925968,53.8641145411307,53.88092041015625,111820000
2019-10-09,54.51241683959961,54.6948999368784,54.17866259327657,54.51241683959961,74770400
2019-10-10,54.728513454537506,55.33119457436902,54.57724597451074,55.247154235839844,113013600
2019-10-11,55.93387599775765,57.05999756214249,55.780205051339095,56.71664047241211,166795600
2019-10-14,56.40207888768913,57.17764014436274,56.346854377235516,56.634986877441406,96427600
2019-10-15,56.75985041805286,57.06238901917909,56.397284055002885,56.502933502197266,87360000
2019-10-16,56.03472639321673,56.48373664287502,55.993907945757734,56.274837493896484,73903200
2019-10-17,56.447710219951496,56.70222736637808,56.070737747547255,56.49333190917969,67585200
2019-10-18,56.32764839764216,57.04558173135252,56.25561435236558,56.764652252197266,97433600
2019-10-21,57.03118520017032,57.864370947488375,56.983163716549996,57.749114990234375,87247200
2019-10-22,57.905178869368726,58.15489273709962,57.535405818697356,57.61704635620117,82293600
2019-10-23,58.130884866797174,58.40461130875165,57.91958597693626,58.390201568603516,75828800
2019-10-24,58.70956101444865,58.77919528194411,58.06126180732885,58.48625946044922,69275200
2019-10-25,58.385401792575365,59.242596306464485,58.318170993988126,59.206581115722656,73477200
2019-10-28,59.408273742307344,59.84767739008357,59.24019674518622,59.79965591430664,96572800
2019-10-29,59.78045498091568,59.96774132739238,58.24374555756727,58.416622161865234,142839600
2019-10-30,58.76958279527963,58.89924482176762,57.91719144782321,58.40941619873047,124522000
2019-10-31,59.36507144431984,59.82848412244298,56.96875995728241,59.730037689208984,139162000
2019-11-01,59.91731576023175,61.45162537567779,59.826076043549875,61.42521667480469,151125200
2019-11-04,61.78777973024419,61.91264217896342,61.31956753037255,61.8286018371582,103272000
2019-11-05,61.720540736224365,61.99427084278033,61.54526436432109,61.73975372314453,79897600
2019-11-06,61.65331419578515,61.826194451970366,61.31716017753835,61.76616668701172,75864400
2019-11-07,62.31285597676723,62.70059923548496,62.161130673338896,62.47903060913086,94940400
2019-11-08,62.30082274800635,62.722278694428965,61.85769280629216,62.65003204345703,69986400
2019-11-11,62.2068905553272,63.2111630337341,62.20207656212333,63.146141052246094,81821200
2019-11-12,62.98957972605956,63.28821627609812,62.837861804605424,63.088321685791016,87388800
2019-11-13,62.888436196787694,63.76747117547861,62.87398687053245,63.692813873291016,102734400
2019-11-14,63.51944096794074,63.79158230802526,63.12206963180727,63.25212097167969,89182800
2019-11-15,63.50256731633181,64.00831588526924,63.341214024330995,64.00350189208984,100206400
2019-11-18,64.01310891844747,64.40566604746566,63.6350084634497,64.3261947631836,86703200
2019-11-19,64.51886222106107,64.54294688011666,63.91437917152046,64.1311264038086,76167200
2019-11-20,63.95052001576698,64.0805639810246,62.71264022711498,63.38456344604492,106234400
2019-11-21,63.50495664972178,63.58202461234437,62.90046630165933,63.10036087036133,121395200
2019-11-22,63.240052360746795,63.38214231017823,62.81859650494602,63.044979095458984,65325200
2019-11-25,63.26896005744073,64.1672658843364,63.22320139858819,64.15040588378906,84020400
2019-11-26,64.28767826489613,64.34066158536174,63.21838386975903,63.64947509765625,105207600
2019-11-27,63.960142519969104,64.53814504778033,63.89512054291369,64.50442504882812,65235600
2019-11-29,64.20580352668654,64.54296680875088,64.0372182108502,64.36234283447266,46617600
2019-12-02,64.36714398387619,64.60316190902952,63.4471716441627,63.618160247802734,94487200
2019-12-03,62.20930043557878,62.503115708653056,61.722822542288654,62.48385238647461,114430400
2019-12-04,62.873997512530956,63.413458716319425,62.78006952636724,63.03535079956055,67181600
2019-12-05,63.5290677356678,64.03481634506913,63.273786434184856,63.96015167236328,74424400
2019-12-06,64.4177276122505,65.26545336433453,64.3743722789269,65.19561004638672,106075600
2019-12-09,65.02464203987111,65.21730470607133,63.79880800336891,64.28288269042969,128042400
2019-12-10,64.68744509771174,65.04146825890689,64.02756074204926,64.6585464477539,90420400
2019-12-11,64.73803916107421,65.28954641231785,64.66338184077233,65.21006774902344,78756800
2019-12-12,64.48999124414951,65.64116788478415,64.3792105844826,65.37625122070312,137310400
2019-12-13,65.37623737672222,66.30103115854632,65.2485967405498,66.26490783691406,133587600
2019-12-16,66.71045505717711,67.62321027270899,66.70564106368182,67.39923095703125,128186000
2019-12-17,67.32937932220554,67.85920511821561,67.14393404643634,67.53167724609375,114158400
2019-12-18,67.38478014032236,67.89052873128885,67.22101616979477,67.37033081054688,116028400
2019-12-19,67.31250658669452,67.71710235790785,67.18005200015853,67.43773651123047,98369200
2019-12-20,67.97000364021376,68.07114894305518,67.08614715319112,67.29808044433594,275978000
2019-12-23,67.5605836287108,68.45647873677,67.52204963647512,68.39627075195312,98572000
2019-12-24,68.56244109414793,68.61061041883474,68.13617123413715,68.46128845214844,48478800
2019-12-26,68.59376152611499,69.83645533824492,68.5648628664668,69.81959533691406,93121200
2019-12-27,70.11098306970483,70.7973554694835,69.38848735406549,69.79308319091797,146266000
2019-12-30,69.71122313309827,70.4891130772608,68.69009788596185,70.20733642578125,144114400
2019-12-31,69.82440364292783,70.72752343141342,69.72566166410049,70.72029876708984,100805600
2020-01-02,71.34405442839761,72.39408555090253,71.0911838210517,72.33387756347656,135480400
2020-01-03,71.56320547713457,72.38925722098051,71.40666619485818,71.6306381225586,146322800
2020-01-06,70.75403593983464,72.23996527669502,70.50356859981315,72.20143127441406,118387200
2020-01-07,72.21107183045073,72.46635318310075,71.64271179235746,71.86186981201172,108872000
2020-01-08,71.56561372170107,73.31886979288494,71.56561372170107,73.01782989501953,132079200
2020-01-09,73.99318724898775,74.76144156312063,73.74272737606113,74.56877899169922,170108400
2020-01-10,74.8024026801614,75.30092656417412,74.23644614635045,74.73737335205078,140644800
2020-01-13,75.05285582286368,76.36057125816924,74.9348431957367,76.33407592773438,121532000
2020-01-14,76.27149402827726,76.48101668324267,75.18052540962947,75.3033447265625,161954400
2020-01-15,75.10344798902688,75.98248317068368,74.54953007278792,74.98062133789062,121923600
2020-01-16,75.52247441714353,76.03063354644571,75.16122656820497,75.91984558105469,108829200
2020-01-17,76.16790890123319,76.7627640392473,75.86205500785368,76.76036071777344,137816400
2020-01-21,76.38946504217743,76.83018415127219,76.10287451536945,76.24015045166016,110843200
2020-01-22,76.72423978617735,77.06381371935198,76.41838585398544,76.51231384277344,101832400
2020-01-23,76.56528622859716,76.96024675038308,76.01859307367198,76.88077545166016,104472000
2020-01-24,77.1264324079885,77.86819158420508,76.46895853504518,76.65921783447266,146537600
2020-01-27,74.67235687385795,75.08417746726008,73.42484908589569,74.40503692626953,161940000
2020-01-28,75.28406170066347,76.68088393464757,75.18531972883665,76.50989532470703,162234000
2020-01-29,78.13792264122904,78.95674973344263,77.39856685210137,78.1114273071289,216229200
2020-01-30,77.19626294921763,78.05121329496869,76.76517176985938,77.99822998046875,126743200
2020-01-31,77.29021440201876,77.71167041513803,74.24610164905711,74.5399169921875,199588400
2020-02-03,73.28516622775322,75.49841264105945,72.7842389592195,74.33519744873047,173788400
2020-02-04,75.93669870128832,76.97950484657014,75.53210291102174,76.78924560546875,136616400
2020-02-05,77.91395235806485,78.21258898353346,76.81335589638837,77.41543579101562,118826800
2020-02-06,77.68518356993593,78.32338692930988,77.12886221236752,78.32097625732422,105425600
2020-02-07,77.82126159942887,78.0699069624119,76.76632925971391,77.25637817382812,117684000
2020-02-10,75.84417079645658,77.6233139038086,75.76451086097089,77.6233139038086,109348800
2020-02-11,78.11819639978289,78.1906145236601,76.93772941121844,77.15499114990234,94323200
2020-02-12,77.60399867366895,78.99206907115294,77.60399867366895,78.98724365234375,113730400
2020-02-13,78.2606215155159,78.75067045270428,78.05784340706401,78.42477416992188,94747600
2020-02-14,78.39335362136931,78.69269890753361,77.93710493391231,78.44405364990234,80113600
2020-02-18,76.12899353565957,77.18875828805763,75.94794093607852,77.00770568847656,152531200
2020-02-19,77.24911404532844,78.3523297233802,77.24911404532844,78.12299346923828,93984000
2020-02-20,77.88399976313329,78.37163210197758,76.81699322453267,77.32152557373047,100566000
2020-02-21,76.91598466630131,77.35775721221363,74.95578935685651,75.57136535644531,129554000
2020-02-24,71.75960237227564,73.43011036441114,69.82113268068633,71.981689453125,222195200
2020-02-25,72.65041922660684,73.03183368811729,69.07281596568656,69.54354858398438,230673600
2020-02-26,69.1693328941365,71.90926363042658,69.16209108503992,70.64672088623047,198054800
2020-02-27,67.85851360418104,69.0413890764873,65.89348591735909,66.02867126464844,320605600
2020-02-28,62.10346116385855,67.20914325476264,61.88860853206062,65.99005126953125,426510000
2020-03-02,68.14336733709636,72.76865844299596,67.04256816593558,72.1337661743164,341397200
2020-03-03,73.30698279429184,73.38664268465233,68.99309731394933,69.84284210205078,319475600
2020-03-04,71.56166493954149,73.2418314905751,70.76261982320094,73.08250427246094,219178400
2020-03-05,71.33957264179317,72.31242862903635,70.3474076125405,70.71192932128906,187572800
2020-03-06,68.07578380592835,70.20496434412061,67.88990577178768,69.7728500366211,226176800
2020-03-09,63.670171942415024,67.13189718407227,63.489119320777824,64.2543716430664,286744800
2020-03-10,66.9025682079639,69.14761776690831,65.02685833500999,68.88207244873047,285290000
2020-03-11,66.96293286366341,67.8875051992336,65.62796418784407,66.48977661132812,255598800
2020-03-12,61.78481034349421,65.17894285229022,59.86806602728879,59.923587799072266,418474000
2020-03-13,63.94538830639056,67.5736832780311,61.06302571813862,67.10294342041016,370732000
2020-03-16,58.40758108532822,62.542820889319664,57.93684495675963,58.4703483581543,322423600
2020-03-17,59.749772593000145,62.187945473114404,57.550586794967394,61.041282653808594,324056000
2020-03-18,57.88132191691277,60.350878847985236,57.24160039100893,59.54700469970703,300233600
2020-03-19,59.72080725380135,61.03645549375763,58.56689890473273,59.09074401855469,271857200
2020-03-20,59.670124174823826,60.792652825729554,55.04000612907548,55.33934783935547,401693200
2020-03-23,55.05930867623348,55.160697700443244,51.32479637531141,54.163700103759766,336752800
2020-03-24,57.05812501538411,59.79322680600636,56.56083445045727,59.59769058227539,287531200
2020-03-25,60.53192941719469,62.34245572079971,58.974877532799404,59.26939010620117,303602000
2020-03-26,59.51080620940923,62.44627067816228,59.472180756044146,62.388336181640625,252087200
2020-03-27,61.01473181958192,61.767909526223264,59.638732669554486,59.805301666259766,204216800
2020-03-30,60.529521124828726,61.68342967850782,60.20603760216864,61.51203155517578,167976400
2020-03-31,61.70273919270683,63.366005560924876,60.833685075362965,61.386497497558594,197002000
2020-04-01,59.50596168562525,60.041877740721404,57.726819101176545,58.156517028808594,176218400
2020-04-02,58.018923255417455,59.18007364013517,57.1884945265853,59.1269645690918,165934000
2020-04-03,58.61276473473643,59.3128333420279,57.688188979235456,58.27721405029297,129880000
2020-04-06,60.568146275466354,63.515681414819454,60.20121554945302,63.36118698120117,201820400
2020-04-07,65.3720644929947,65.58933353543772,62.52350615550967,62.6273078918457,202887200
2020-04-08,63.42633937506472,64.54403851459621,63.06182517929843,64.23021697998047,168895200
2020-04-09,64.86512738575412,65.19584902236409,63.89951332637289,64.6937255859375,161834800
2020-04-13,64.77098966919036,66.07215841536981,64.17230617831575,65.9635238647461,131022800
2020-04-14,67.59298426311395,69.58456326372355,67.12224446160415,69.29487609863281,194994800
2020-04-15,68.17235045630129,69.12106449233013,67.7450688913163,68.66239929199219,131154400
2020-04-16,69.3745233735621,69.5724759670409,68.16026433690568,69.20795440673828,157125200
2020-04-17,68.72516946310567,69.27074378183441,66.83497575491855,68.26891326904297,215250000
2020-04-20,67.09811161151838,67.99854202997274,66.83256626499734,66.85187530517578,130015200
2020-04-21,66.69495629705587,66.92911797835283,64.07572694243713,64.78545379638672,180991600
2020-04-22,66.0504275035955,67.08605088562258,65.7100549516025,66.65152740478516,116862400
2020-04-23,66.59598944224571,68.0154433517939,66.35458591659604,66.3932113647461,124814400
2020-04-24,66.91705617630512,68.31960998543786,66.86877252729914,68.30995178222656,126161200
2020-04-27,68.02750161594408,68.68895219864656,67.58091104598891,68.35823059082031,117087600
2020-04-28,68.81930583953189,69.00035846269303,67.15845596472252,67.25018310546875,112004800
2020-04-29,68.73484986697673,69.92738424358258,68.53207172647193,69.45906066894531,137280800
2020-04-30,69.99735081766806,71.10056648651737,69.60869475205328,70.9243392944336,183064000
2020-05-01,69.10174923798432,72.17964374552773,69.0051893150792,69.78250885009766,240616800
2020-05-04,69.80666159250394,70.89780288941466,69.11866006272429,70.76985931396484,133568000
2020-05-05,71.2285224464027,72.66245995311394,71.0836788601292,71.83203125,147751200
2020-05-06,72.53208591439893,73.2031872790944,72.14825527383692,72.57312774658203,142333600
2020-05-07,73.19836352852457,73.66910326152602,72.89660917840814,73.32389068603516,115215200
2020-05-08,73.98229650289032,75.1223827731926,73.65551811313698,75.06912994384766,133838400
2020-05-11,74.57775917368724,76.74416477518758,74.36958632362644,76.25037384033203,145946400
2020-05-12,76.93296900656856,77.38319884408511,75.25793879153254,75.37896728515625,162301200
2020-05-13,75.55809815483286,76.47791927324582,73.39410778103768,74.46884155273438,200622400
2020-05-14,73.70877656980059,74.98683718466037,72.98744407851115,74.92632293701172,158929200
2020-05-15,72.70181680027588,74.52934407916516,72.66792527667609,74.48335266113281,166348400
2020-05-18,75.80498930633232,76.61103581678174,75.11512542110488,76.23826599121094,135178400
2020-05-19,76.25519801175672,77.09997437404789,75.76624564907384,75.79771423339844,101729600
2020-05-20,76.65459330065981,77.3420341535439,76.61586330214624,77.27184295654297,111504800
2020-05-21,77.1338698714014,77.67365953830173,76.45852890117943,76.69574737548828,102688800
2020-05-22,76.43433589476804,77.27185842972254,76.33267609193112,77.18955993652344,81803200
2020-05-26,78.3054252019707,78.48454498542678,76.6110265113562,76.66670227050781,125522000
2020-05-27,76.52391007078806,77.14599099987917,75.78563172544763,77.0007553100586,112945200
2020-05-28,76.67638285095582,78.29090607267398,76.4004417495467,77.03462982177734,133560800
2020-05-29,77.2767040924692,77.736610955793,76.60378586836536,76.95960998535156,153532400
2020-06-01,76.91360133395523,78.02706486056282,76.78288850329889,77.90603637695312,80791200
2020-06-02,77.6397816394303,78.29091555107586,77.1992361328535,78.26670837402344,87642800
2020-06-03,78.58622664893751,78.9589964979716,78.0149682866651,78.69757080078125,104491200
2020-06-04,78.52085794063949,78.81858326292213,77.64702850562604,78.0197982788086,87560400
2020-06-05,78.26912701737099,80.30240419943048,78.2400813612976,80.24188995361328,137250400
2020-06-08,79.93933051935436,80.75022301034842,79.23010522661079,80.7163314819336,95654400
2020-06-09,80.39679094356325,83.65729064511632,80.36532236126617,83.2651596069336,147712400
2020-06-10,84.2116321903992,85.8745626649843,83.77350959383725,85.40739440917969,166651600
2020-06-11,84.55293109627195,84.97653085136815,81.20528599627451,81.30694580078125,201662400
2020-06-12,83.44188410385023,84.18741636682982,80.90028576320306,82.00890350341797,200146000
2020-06-15,80.66550679987964,83.67427396780367,80.50332533638101,83.02313995361328,138808800
2020-06-16,85.07334504214955,85.49452921505798,83.44188334314991,85.22341918945312,165428800
2020-06-17,85.96655029229349,86.02706454807957,84.98379936928724,85.10482788085938,114406400
2020-06-18,85.06124238777585,85.55504068464955,84.53113702208627,85.13870239257812,96820400
2020-06-19,85.84310735238266,86.3078527061597,83.54598114965047,84.65218353271484,264476000
2020-06-22,85.0443003318489,87.00980187063504,84.99830891368086,86.86698913574219,135445200
2020-06-23,88.10872660527849,90.13716495464834,87.68996543764521,88.72113037109375,212155600
2020-06-24,88.35080675031271,89.26820486684538,86.78227469992099,87.15504455566406,192623200
2020-06-25,87.30994555491553,88.35078749388231,86.55230611311778,88.31205749511719,137522400
2020-06-26,88.2079995637923,88.4282723384794,85.45096655963653,85.59862518310547,205256800
2020-06-29,85.50661981464565,87.66577111516035,85.02976731524565,87.57136535644531,130646000
2020-06-30,87.15988924218063,88.58803158175118,87.14052793069565,88.30239868164062,140223200
2020-07-01,88.37983297329643,88.9220381809634,88.08694613026117,88.1353530883789,110737200
2020-07-02,89.0406511103845,89.67483914156468,88.02159341265586,88.1353530883789,114041600
2020-07-06,89.56109054157537,90.96017971455592,89.52962194946613,90.49301147460938,118655600
2020-07-07,90.87061453958542,91.6476154008952,90.10087509241899,90.21221923828125,112424400
2020-07-08,91.1876920007991,92.344723894615,91.1005476599512,92.3132553100586,117092000
2020-07-09,93.20403412942578,93.2572869587544,91.66455533300416,92.71024322509766,125642800
2020-07-10,92.30600881208682,92.93051996359854,91.69602787555728,92.87242126464844,90257200
2020-07-13,94.17468319640058,96.77921853086478,92.23096604261153,92.44397735595703,191649200
2020-07-14,91.82673375082925,94.16500509879575,90.89482027358295,93.97378540039062,170989200
2020-07-15,95.84487140313816,96.09418977539168,93.42430181349536,94.62006378173828,153198000
2020-07-16,93.49451003316076,94.31024088700049,92.85789898357274,93.45578002929688,110577600
2020-07-17,93.90600170117715,94.06091431617955,92.79495374103925,93.2669677734375,92186800
2020-07-20,93.35414058744878,95.37047245273277,93.01041634508266,95.23249816894531,90318000
2020-07-21,96.02158957813295,96.09662665534265,93.66879530005893,93.9181137084961,103433200
2020-07-22,93.62037185613211,94.86212529718233,93.53323489247579,94.18194580078125,89001600
2020-07-23,93.91565752803918,93.99311751160637,89.08662663756304,89.89509582519531,197004400
2020-07-24,88.09660096576566,90.01611017578966,86.3126356252615,89.6723861694336,185438800
2020-07-27,90.73265713883738,91.88968945823548,90.50996880574512,91.7977066040039,121214000
2020-07-28,91.36929119440049,91.54599553161728,90.28487275839187,90.28971862792969,103625600
2020-07-29,90.77137079362801,92.20435141750036,90.73506372270917,92.0203857421875,90329200
2020-07-30,91.19495629734762,93.23791755492837,90.78830239250956,93.13383483886719,158130000
2020-07-31,99.61611941491957,103.03396237192649,97.62156512089064,102.8838882446289,374336800
2020-08-03,104.76226254133908,108.09054616095987,104.4645371706777,105.47633361816406,308151200
2020-08-04,105.66514250286653,107.26998160372126,104.9438099795325,106.18072509765625,173071600
2020-08-05,105.9023409518437,106.88509160009556,105.43758834706337,106.5655746459961,121776800
2020-08-06,106.89720218347466,110.77737527223312,106.30900549573542,110.28357696533203,202428800
2020-08-07,109.80587577731004,110.26176460572711,106.98082882286342,107.77620697021484,198045600
2020-08-10,109.21902314455248,110.35874505613272,106.69709332777636,109.34269714355469,212403600
2020-08-11,108.60793322925056,109.10504168444446,105.8313811445449,106.09085083007812,187902400
2020-08-12,107.17966637873178,109.87377217439806,106.98567459916234,109.61672973632812,165598000
2020-08-13,110.9940770606822,112.55816241863091,110.5066629686095,111.5566635131836,210082000
2020-08-14,111.38208013380518,111.54697388434195,109.65067355223327,111.4572525024414,165565200
2020-08-17,112.57756555807367,112.60181637912858,110.54062239475888,111.16625213623047,119561600
2020-08-18,110.91892299463439,112.51695384329368,110.58428087027461,112.09259033203125,105633600
2020-08-19,112.49995954797271,113.64452867430332,112.13864675565405,112.23321533203125,145538000
2020-08-20,112.27444044495672,114.8375973733061,112.2574641314498,114.72362518310547,126907200
2020-08-21,115.6814669811538,121.11817195845913,115.66934527196243,120.63561248779297,338054800
2020-08-24,124.83317459173283,124.91805616382935,120.21610549023623,122.07845306396484,345937600
2020-08-25,120.95330633788029,121.42131690614454,119.35769534098384,121.07697296142578,211495600
2020-08-26,122.39128067814039,123.17938430241111,121.32673099966804,122.72349548339844,163022400
2020-08-27,123.32487721481381,123.65709200762272,120.11425938434616,121.25640869140625,155552400
2020-08-28,122.22883337453398,122.64592244843683,120.83692319316314,121.06002044677734,187630000
2020-08-31,123.7492518971319,127.06656032182518,122.2166916072517,125.1654052734375,225702700
2020-09-01,128.7737011544299,130.75245576113278,126.61066398001222,130.15106201171875,151948100
2020-09-02,133.45870787847127,133.83699711461642,123.18668763492242,127.4545669555664,200119000
2020-09-03,123.09934328509381,124.97138507910603,116.88180945410002,117.25039672851562,257599600
2020-09-04,116.46472703859587,119.98572845730746,107.56036930998823,117.3280029296875,332607200
2020-09-08,110.52848630276392,115.41715402612338,109.29662311428591,109.43241882324219,231366600
2020-09-09,113.73909857280785,115.56264615107492,111.79915150644727,113.79729461669922,176940500
2020-09-10,116.74604363595516,116.88183937183103,109.12204920606632,110.08232116699219,182274400
2020-09-11,111.12988655734183,111.77007275174712,106.6971070425851,108.63705444335938,180860300
2020-09-14,111.27538896641066,112.4490563072492,109.41304115616997,111.89617156982422,140150100
2020-09-15,114.77697452888815,115.26196131479541,110.19869808587379,112.07074737548828,184642000
2020-09-16,111.77005407703663,112.51693044540818,108.67583612168845,108.76313018798828,154679000
2020-09-17,106.42551466292394,108.83104527474275,105.4458391619844,107.02689361572266,178011000
2020-09-18,107.08508422800398,107.55066740012516,102.90449308489,103.63197326660156,287104900
2020-09-21,101.40103443810513,106.88138640178967,100.00427017683465,106.77468872070312,195713800
2020-09-22,109.29663089711133,109.47122644967507,105.8823269140235,108.45275115966797,183055400
2020-09-23,108.26844522282775,108.74373016788621,103.56406780634413,103.903564453125,150718700
2020-09-24,102.01212791770884,106.93959588038079,101.84723417179123,104.97055053710938,167743300
2020-09-25,105.17423363698332,109.06382969318265,104.43705165768294,108.90863037109375,149981400
2020-09-28,111.55665745924858,111.85734688464554,109.39361323699265,111.5081558227539,137672400
2020-09-29,111.1104781178147,111.84765272079834,110.15990073985728,110.6642837524414,99382200
2020-09-30,110.3733131547286,113.7391232285353,110.20841939441779,112.33265686035156,142675200
2020-10-01,114.10767141443411,114.18527106334523,112.3520219096015,113.28319549560547,116120400
2020-10-02,109.50030991529614,111.90584749739754,108.85042943395283,109.62640380859375,144712000
2020-10-05,110.4896945754234,113.14742012517607,110.1405034929378,113.00192260742188,106243800
2020-10-06,112.2259566607193,112.63335124814374,108.87955028037823,109.7622299194336,161498200
2020-10-07,111.17840094740609,112.08047688818796,110.70310845150664,111.62458801269531,96849000
2020-10-08,112.75942537460811,112.90492288741173,111.14926572678705,111.51786041259766,83477200
2020-10-09,111.81855926916633,113.48691510258755,111.46936816913343,113.45781707763672,100506900
2020-10-12,116.45502194691551,121.42128918284882,115.69844376260184,120.66471099853516,240226800
2020-10-13,121.50859444916024,121.62499394990238,116.05734733652297,117.46380615234375,262330500
2020-10-14,117.36681956932418,119.33586502763562,116.028258506117,117.55111694335938,150712000
2020-10-15,115.15527240046332,117.56080289760202,114.60238771843201,117.08551788330078,112559200
2020-10-16,117.63840880188037,117.90030584427576,115.24257258596,115.4462661743164,115393800
2020-10-19,116.358026294525,116.80421323996534,112.18714446524658,112.4975357055664,120639300
2020-10-20,112.71094256212962,115.4074757022461,112.15805784138063,113.98161315917969,124423700
2020-10-21,113.16682541230045,115.14557257156684,112.9534300225298,113.36082458496094,89946000
2020-10-22,113.92339674553574,114.49568501963495,111.14927164811971,112.27444458007812,101988000
2020-10-23,112.89525575834826,113.0504551264283,110.84861034375005,111.5857925415039,82572600
2020-10-26,110.58670073335905,113.05043475532885,109.490625744662,111.59547424316406,111850700
2020-10-27,112.02223630461869,113.75848974001332,111.10076444910626,113.09890747070312,92276800
2020-10-28,111.59548115439539,111.96406850952522,107.76408046155812,107.86107635498047,143937800
2020-10-29,108.99594153712782,113.41901900582575,108.83104039265947,111.85736083984375,146129200
2020-10-30,107.72529388943157,108.62736986993451,104.48558476825079,105.59135437011719,190272600
2020-11-02,105.83380024244883,107.35665821287549,104.0975469359875,105.5040054321289,122866900
2020-11-03,106.36730031348367,108.14234624016166,105.46522463913784,107.1238784790039,107624400
2020-11-04,110.71279021468385,112.11924902667879,108.97653651830575,111.49846649169922,138235500
2020-11-05,114.40838224963099,116.02824377297978,113.3608163942021,115.4559555053711,126387100
2020-11-06,114.96526366548072,115.82031028925553,112.83735453132164,115.32477569580078,114457900
2020-11-09,117.08348090470506,118.53123307425452,112.75965407719045,113.0219955444336,154515300
2020-11-10,112.27381767890381,114.25597110360664,110.89407325748324,112.6819076538086,138023400
2020-11-11,113.86732041488949,116.23813418126791,113.13858512576901,116.10210418701172,112295000
2020-11-12,116.22843412444456,117.11262917137141,115.2082016572188,115.8300552368164,103162300
2020-11-13,116.0535360017511,116.27701069114,114.52805029862242,115.8786392211914,81581900
2020-11-16,115.54825966136949,117.55956865833653,114.80009473182567,116.8891372680664,91183000
2020-11-17,116.16041093814378,117.24865091924097,115.5871353083196,116.00494384765625,74271000
2020-11-18,115.24706694247119,116.42275908285534,114.65436159878705,114.68350982666016,76322100
2020-11-19,114.25599727436983,115.68431992677777,113.49811360078527,115.27622985839844,74113000
2020-11-20,115.27619022842907,115.40250165957605,113.96446836639701,114.01304626464844,73604300
2020-11-23,113.85760341347095,114.2851304944073,110.5248536828197,110.62201690673828,127959300
2020-11-24,110.68032441615657,112.56531474410036,109.39774313111327,111.90459442138672,113874200
2020-11-25,112.27380983588145,113.43978322932423,111.90457924459807,112.74019622802734,76499200
2020-11-27,113.26488733889717,114.15880077486167,112.92481238098438,113.28431701660156,46691300
2020-11-30,113.65355580646789,117.54014397849063,113.49808872130923,115.6745834350586,169410200
2020-12-01,117.57902381222483,119.9692749139944,116.60737666127397,119.24053955078125,127728200
2020-12-02,118.56037345602128,119.87210294466338,117.4624149241799,119.59032440185547,89004200
2020-12-03,120.01784962535093,120.27047995352808,118.74499426371094,119.45429992675781,78967600
2020-12-04,119.12394191020984,119.37657225081612,118.07456118438024,118.78386688232422,78260400
2020-12-07,118.84215122001115,121.03807568238211,118.78385476777048,120.24132537841797,86712000
2020-12-08,120.84375108576852,121.43645640289948,119.6000365852931,120.85346221923828,82225500
2020-12-09,120.99919279323889,122.37892967507065,117.56928026579213,118.32716369628906,115089200
2020-12-10,117.08347009062476,120.35792333365181,116.7433951040976,119.74578094482422,81312200
2020-12-11,118.95876073591047,119.27940607418536,117.13206676469383,118.9393310546875,86939800
2020-12-14,119.12391389412917,119.85264910238821,118.09397050530798,118.32716369628906,79184500
2020-12-15,120.81458769248664,124.27365614702585,120.610542706532,124.25421905517578,157243700
2020-12-16,123.79754252066066,124.73031529802184,122.97163667560737,124.18619537353516,98208600
2020-12-17,125.24531371153455,125.90604149372504,124.40969655609783,125.05098724365234,94359800
2020-12-18,125.30360051877908,125.43963050234059,122.54411925279229,123.06880950927734,192541500
2020-12-21,121.47532055765235,124.672040495101,119.94983486476208,124.59430694580078,121251600
2020-12-22,127.87848972538272,130.5991048748753,125.97405467288996,128.14083862304688,168904800
2020-12-23,128.41289134338277,128.67522539994948,127.07201352740594,127.24691772460938,88223700
2020-12-24,127.59669160383469,129.67601559807733,127.38292807699283,128.22825622558594,54930100
2020-12-28,130.19096387713518,133.44597185664287,129.72456272466368,132.8144073486328,124486200
2020-12-29,134.1359124001807,134.85492191166836,130.5310944025397,131.0460662841797,121047300
2020-12-30,131.7359140805847,132.13429294527648,129.61771571736733,129.92864990234375,96452100
2020-12-31,130.27846074381847,130.91975146585497,127.9853727167279,128.92787170410156,99116600
2021-01-04,129.73429883825594,129.8217435013824,123.16596368827079,125.74082946777344,143301900
2021-01-05,125.23561427002338,128.0048148809108,124.78865000861988,127.29550170898438,97664900
2021-01-06,124.09877604874403,127.33436285992687,122.79676500387103,123.01052856445312,155088000
2021-01-07,124.720639051932,127.89792964576662,124.23481543686934,127.20805358886719,109578200
2021-01-08,128.67520026141898,128.86954151504634,126.53757990692247,128.3059844970703,105158200
2021-01-11,125.5270809622862,126.47929089114106,124.85664214589357,125.32302856445312,100384500
2021-01-12,124.85666571536174,126.01292826031991,123.26316489383075,125.14816284179688,91951100
2021-01-13,125.1093109035219,127.72304471938705,124.84697678661405,127.17892456054688,88636800
2021-01-14,127.09144014639318,127.28576659581172,125.10927181431389,125.2550277709961,90221800
2021-01-15,125.12871800814145,126.52789226757409,123.39918727805356,123.53521728515625,111598500
2021-01-19,124.15705738304294,125.06069683837403,123.340877429049,124.20564270019531,90757300
2021-01-20,125.0121142129877,128.73352422939956,124.90523244341398,128.28656005859375,104319500
2021-01-21,130.00637029637122,135.70993338633443,129.80231790485385,132.98931884765625,120150900
2021-01-22,132.41607964346215,135.88486727485233,131.19180950505606,135.12698364257812,114459400
2021-01-25,139.01355380816258,140.97627022018892,132.6686847833474,138.8677978515625,157611700
2021-01-26,139.52849439587914,140.20864422957436,137.3617112330404,139.10096740722656,98390600
2021-01-27,139.3633171255217,140.208660067174,136.42895396495652,138.03216552734375,140843800
2021-01-28,135.564189064389,137.96415826033868,132.8241374993332,133.2030792236328,142621100
2021-01-29,131.9788209864335,132.86302336292994,126.51816929301403,128.2185516357422,177523800
2021-02-01,129.95777399701672,131.54156320206033,127.2177225988055,130.3367156982422,106239800
2021-02-02,131.8816374338767,132.44519444855226,130.7933975854858,131.16262817382812,83305400
2021-02-03,131.91083115954507,131.9205571212181,129.82179541007085,130.14244079589844,89880900
2021-02-04,132.43552171463995,133.50432478243863,130.7739984115147,133.49461364746094,84183100
2021-02-05,133.65514858435046,133.72325779067754,132.20522578325316,133.0810089111328,75693800
2021-02-08,132.37067302189544,133.27566293088242,131.29053239728702,133.2270050048828,71297200
2021-02-09,132.9448026300194,134.1709170758531,132.1955269668042,132.35121154785156,76774200
2021-02-10,132.80853804149436,133.3048279995829,130.7844904817518,131.74786376953125,73046600
2021-02-11,132.24417927998556,132.72100324758284,130.17148801909838,131.49490356445312,64280000
2021-02-12,130.73587365349886,131.88412349618312,130.09362466607496,131.72842407226562,60145100
2021-02-16,131.84517076789257,132.35117148769072,129.21779194968602,129.60704040527344,80576300
2021-02-17,127.71924852152779,128.6631557746567,125.98713342468182,127.32027435302734,97918500
2021-02-18,125.7243978338029,126.50288006540657,123.98255701846796,126.22068786621094,96856700
2021-02-19,126.73642239782728,127.19378012757379,125.33515742569439,126.3763656616211,87668800
2021-02-22,124.56640502266376,126.23041094448011,122.22124015432108,122.61048126220703,103916400
2021-02-23,120.43075171253977,123.30139120748287,115.2052066551197,122.47425842285156,158273000
2021-02-24,121.57899194807914,122.18230857916163,118.94189453786483,121.97795867919922,111039900
2021-02-25,121.32599812486836,123.05811336412599,117.29736837706596,117.73526000976562,148199500
2021-02-26,119.29220185674814,121.49140765726709,117.93959485190196,117.99798583984375,164560400
2021-03-01,120.42099709481208,124.4885510714253,119.48682297794498,124.3523178100586,116307900
2021-03-02,124.95566267357219,125.25732102772348,121.64712415132996,121.75416564941406,102260900
2021-03-03,121.45248872789318,122.32827934815643,118.56238339310273,118.7764663696289,112966300
2021-03-04,118.47480719948628,120.27503892466773,115.42900990064756,116.89838409423828,178155000
2021-03-05,117.72552038212189,118.65969453198089,114.40724922583529,118.15367889404297,153766600
2021-03-08,117.67687524164398,117.74499188213018,113.08384627126932,113.22981262207031,154376600
2021-03-09,115.8279835568737,118.77647261328785,115.59444185391254,117.83256530761719,129525800
2021-03-10,118.41642461584055,118.88350799775948,116.23667741969722,116.75242614746094,111943300
2021-03-11,119.24355264557505,119.89552719538874,117.99798711036199,118.67915344238281,103026500
2021-03-12,117.16112781873039,117.91041082516712,115.9544870681418,117.77417755126953,88105100
2021-03-15,118.14395127784391,120.66427408423421,117.18057793774676,120.654541015625,92403800
2021-03-16,122.31854732264155,123.79766203262986,121.36491441345117,122.19204711914062,115227900
2021-03-17,120.71292450730932,122.47423118424491,119.04891881379946,121.40382385253906,111932600
2021-03-18,119.57440947336566,119.86634216018179,117.08327826271949,117.28762817382812,121229700
2021-03-19,116.67457065039011,118.16341092060107,116.4604876842397,116.76214599609375,185549500
2021-03-22,117.09302062360135,120.53779245026008,117.02490398115997,120.0707015991211,111912300
2021-03-23,120.0123099463268,120.89782623844285,118.8543196786337,119.24356079101562,95467100
2021-03-24,119.51599913278277,119.59384882171544,116.83997732500056,116.85943603515625,88530500
2021-03-25,116.32425877519718,118.38723138862223,115.79878440882977,117.34600830078125,98844700
2021-03-26,117.11247500179746,118.21208173439534,115.72094299418823,117.9493408203125,94071200
2021-03-29,118.37748900748083,119.28247132989765,117.48223975334861,118.12448120117188,80819200
2021-03-30,116.87891806940085,117.16111766205535,115.66254435493632,116.67456817626953,85671900
2021-03-31,118.37748709188328,120.19717735139929,117.89093762370798,118.8640365600586,118323800
2021-04-01,120.33343394406754,120.8394421912494,119.19490239563412,119.6911849975586,75089100
2021-04-05,120.53777850848313,122.7661761594041,119.75929632134557,122.51316833496094,88651200
2021-04-06,123.09701892635115,123.71006860087718,122.26988629191437,122.8148193359375,80171300
2021-04-07,122.4450511751175,124.47882455845117,121.7736104771957,124.45936584472656,83466700
2021-04-08,125.4811068462127,126.88237171232534,125.06268142419076,126.85317993164062,88844600
2021-04-09,126.3082511367721,129.4610823431084,125.987126690143,129.4221649169922,106686700
2021-04-12,128.95509937555343,129.2762238665418,127.11594263503031,127.70953369140625,91420000
2021-04-13,128.87724772998885,131.03752892907758,128.380957683949,130.81370544433594,91266500
2021-04-14,131.3099622056929,131.36834576141277,128.11819914098413,128.47824096679688,87222800
2021-04-15,130.22012045971883,131.36837019796266,130.04495491166549,130.88182067871094,89347100
2021-04-16,130.68718234573052,131.0472241792983,129.6946173321828,130.5509490966797,84922400
2021-04-19,129.91846854593953,131.82574950678435,129.75304346412022,131.2126922607422,94264200
2021-04-20,131.38784340823202,131.88411859918818,128.2641887932471,129.5292205810547,94812300
2021-04-21,128.79940473993418,130.15201197134868,127.76792201144299,129.9087371826172,68847100
2021-04-22,129.46110142550572,130.54124205126504,127.87495994409139,128.3907012939453,84566500
2021-04-23,128.60478264515086,131.48514771146148,128.60478264515086,130.70668029785156,78657500
2021-04-26,131.20292770440926,131.42673629598994,129.96708793224363,131.09588623046875,66905100
2021-04-27,131.3780816016613,131.7673300838562,130.5022985012677,130.77476501464844,66015800
2021-04-28,130.6969917799402,131.3878989598433,129.50008354962472,129.98663330078125,107760100
2021-04-29,132.79882309453924,133.38268843991688,128.886960916459,129.88925170898438,151101000
2021-04-30,128.23499849351802,129.96711370748065,127.54410644604702,127.92361450195312,109839500
2021-05-03,128.48795318556526,130.46335732032915,128.28361076189535,128.97450256347656,75135100
2021-05-04,127.66086791309522,127.95280060042849,123.29164779323206,124.41071319580078,137564700
2021-05-05,125.72439941828402,126.94077328039651,124.52749169549318,124.65399932861328,84000900
2021-05-06,124.44962368045476,126.25958831497178,123.71006640231249,126.24986267089844,78128300
2021-05-07,127.54628780481441,127.94592476658238,126.21086763240989,126.92244720458984,78973300
2021-05-10,126.14264776926625,126.26935540308767,123.60828686336556,123.64727783203125,88071200
2021-05-11,120.38186984814409,123.08192956770212,119.67029762868589,122.73102569580078,126142800
2021-05-12,120.28438654552215,121.4930768252382,119.16342036759427,119.6702880859375,112172300
2021-05-13,121.43460561674969,122.96496595514449,121.1226852750631,121.81475830078125,105861300
2021-05-14,123.06242504546209,124.66101753625983,122.67252280548946,124.23212432861328,81918000
2021-05-17,123.61804098125864,123.72526428981506,122.00969878967952,123.08192443847656,74244600
2021-05-18,123.36460169987382,123.78374532662899,121.62954445690447,121.6977767944336,63342900
2021-05-19,120.050447495282,121.76600548369002,119.75801895076617,121.54181671142578,92612000
2021-05-20,122.06818662946591,124.49531683623646,121.94146411990351,124.09566497802734,76857100
2021-05-21,124.59278661639331,124.76824225453443,122.04868358173061,122.26313018798828,79295400
2021-05-24,122.82848472896345,124.70975612799803,122.76025239580743,123.89096069335938,63092900
2021-05-25,124.59279202902988,125.08017543327662,123.1306641265909,123.6960220336914,72009500
2021-05-26,123.75450113667013,124.17364475386753,123.22813421483384,123.64727783203125,56575900
2021-05-27,123.24763627844212,124.41733561849655,121.92197306010468,122.1169204711914,94625600
2021-05-28,122.3995899273286,122.6237861257757,121.40534630909178,121.46382904052734,71311100
2021-06-01,121.92195528308666,122.18513499335711,120.81073884102746,121.14215087890625,67637100
2021-06-02,121.14214539210477,122.07790617267895,120.91795665587394,121.90245056152344,59278900
2021-06-03,121.53206155124437,121.69776758173275,120.02119320163122,120.42084503173828,76229200
2021-06-04,120.93747667465416,122.97471215998662,120.72303005127523,122.7115249633789,75169300
2021-06-07,122.98443979955707,123.13065406520676,121.67827588309044,122.72126007080078,71057600
2021-06-08,123.40359727053726,125.21664395698274,123.02344459916287,123.5400619506836,74403800
2021-06-09,123.99819373222839,124.52456067367201,123.32561251203367,123.92021179199219,56877900
2021-06-10,123.81298472926724,124.95345011953233,122.76025831506651,122.92596435546875,71186400
2021-06-11,123.33536251537065,124.22239035571975,122.91621888119515,124.13465881347656,53522400
2021-06-14,124.592772046137,127.24409063710856,123.86170821216966,127.18560791015625,96906500
2021-06-15,126.65927274152149,127.30261260822043,126.12315618593904,126.3668441772461,62746300
2021-06-16,127.07839160028391,127.58526671760069,125.21662690472674,126.86394500732422,91815000
2021-06-17,126.52276295506476,129.20332990380118,126.37654128828882,128.46250915527344,96721700
2021-06-18,127.40982566701065,128.18961527761795,126.95169109033546,127.1661376953125,108953300
2021-06-21,127.01021243070467,129.0669401319559,125.94773612079095,128.959716796875,79663300
2021-06-22,128.79396232556323,130.6947253937975,128.29682937988724,130.5972442626953,74783600
2021-06-23,130.39256533356104,130.92868185123652,129.8661909803765,130.32432556152344,60214200
2021-06-24,131.05539194095186,131.240597184488,129.5737648661965,130.04165649414062,68711000
2021-06-25,130.09039090512184,130.50952706925113,129.45679326652197,129.7492218017578,70783700
2021-06-28,130.04163948891443,131.83517920756188,129.9831567614525,131.37704467773438,62111300
2021-06-29,131.3965550234282,133.0438880631515,130.9579196567259,132.88792419433594,64556100
2021-06-30,132.73196707347742,133.9406648079474,132.43953852296474,133.5020294189453,63261400
2021-07-01,133.15111722207564,133.86268195374564,132.3323143115352,133.80419921875,52485800
2021-07-02,134.41829838230024,136.4652835854969,134.27209152787285,136.42630004882812,78852600
2021-07-06,136.53351700878477,139.53574001915328,136.53351700878477,138.4342803955078,108181800
2021-07-07,139.91588320227135,141.23180423568894,139.0581116318865,140.91989135742188,104911600
2021-07-08,138.0053823208354,140.42276298269945,137.11835448019005,139.62347412109375,105575500
2021-07-09,139.14579827567587,141.97257211610253,139.0483171610971,141.4462127685547,99890800
2021-07-12,142.51848639937432,142.62570970674338,140.364278087154,140.85165405273438,76299700
2021-07-13,140.39352411006757,143.7369310790402,140.00362927408963,141.96287536621094,100827100
2021-07-14,144.3607540301203,145.79364043052715,143.95134516697595,145.3842315673828,127050800
2021-07-15,145.47199168239987,146.21279783696795,143.3762659892824,144.73117065429688,106820300
2021-07-16,144.71166743629377,145.97883295333372,142.19680585690423,142.6939239501953,93251400
2021-07-19,140.12058929133983,140.43251704679776,138.0931035014654,138.85340881347656,121434600
2021-07-20,139.83792120496685,143.38601770583355,139.35054523026795,142.45999145507812,96350000
2021-07-21,141.8556806702285,142.44053791570667,140.97840967554887,141.7289581298828,74993500
2021-07-22,142.25529492286392,144.4582288663732,142.12857241610413,143.0935821533203,77338200
2021-07-23,143.8246641352954,144.96512221870486,143.21056560056124,144.8091583251953,71447400
2021-07-26,144.52644902049065,146.04705940106285,143.97083337261068,145.228271484375,72434100
2021-07-27,145.35498894389306,145.44272791296905,141.87513262554674,143.0643310546875,104818600
2021-07-28,141.15382825419624,143.25929604709813,138.94113715127986,141.3195343017578,118931200
2021-07-29,141.03686397561236,142.84990322262558,140.92964066468824,141.96287536621094,56699500
2021-07-30,140.73469364228038,142.63545700170118,140.47150644681145,142.1773223876953,70440600
2021-08-02,142.6646895204393,143.2397895751834,141.582714310116,141.8459014892578,62880000
2021-08-03,142.12858155366985,144.30227426975748,141.51448305654833,143.6394500732422,64786600
2021-08-04,143.5517196242508,144.058579914417,142.58670986762564,143.2397918701172,56368300
2021-08-05,143.26903344221475,144.107320690727,142.47948676454712,143.34701538085938,46397700
2021-08-06,142.86869219057516,143.61060825982952,142.16581806356817,142.66368103027344,54126800
2021-08-09,142.72225212556916,143.21035833317768,142.05843483321482,142.6148681640625,48908700
2021-08-10,142.95650446957146,144.1962980261516,141.8436232545715,142.13648986816406,69023100
2021-08-11,142.57580253562702,143.22986295766566,142.0681679932176,142.39031982421875,48493500
2021-08-12,142.71249604702388,145.50446416374155,142.37081574173467,145.3482666015625,72282600
2021-08-13,145.42634081402107,145.88516176552068,144.74299521470792,145.55325317382812,59375000
2021-08-16,145.00657783567002,147.59354953492934,142.98582599022765,147.52520751953125,103296000
2021-08-17,146.65636676617194,148.07187159409528,145.5434853619502,146.61732482910156,92229700
2021-08-18,146.2366215497856,147.13473517673972,142.67343732669485,142.87844848632812,86326000
2021-08-19,141.5800847276963,144.4794367790495,141.06269334170713,143.21035766601562,86960300
2021-08-20,143.93278806010758,144.96757103229274,143.2884841694112,144.66494750976562,60549600
2021-08-23,144.7820819349536,146.61736630864482,144.37207444854158,146.14878845214844,60131800
2021-08-24,145.8949130199866,147.27137582254224,145.6020463753851,146.0608673095703,48606400
2021-08-25,146.24633035248027,146.74420805011133,144.28414942034036,144.83082580566406,58991300
2021-08-26,144.82110951404735,145.57278230599707,144.00107981111,144.03036499023438,48597200
2021-08-27,143.97177197062845,145.21156564308194,143.33723999505236,145.0651397705078,55802400
2021-08-30,145.45562564226032,149.83882401907485,145.07490345956626,149.4776153564453,90956700
2021-08-31,149.02856544896787,149.16523456794167,147.69114453920625,148.2183074951172,86453100
2021-09-01,149.19453621732464,151.29338682527435,148.71618680019012,148.88214111328125,80313700
2021-09-02,150.20982411045497,151.03961075732303,148.77479043390352,149.99505615234375,71115500
2021-09-03,150.10242979976638,150.95174481050074,149.4483692072004,150.6295928955078,57808700
2021-09-07,151.28363626481305,153.51915609845358,150.71743128739138,152.9627227783203,82278300
2021-09-08,153.24581573453693,153.3043860941943,150.31717858511598,151.42030334472656,74420200
2021-09-09,151.79127971049815,152.3965266648195,150.28790419091163,150.40505981445312,57305700
2021-09-10,151.3128888573864,151.7814665359228,145.16274910531013,145.42633056640625,140893200
2021-09-13,147.04686479158386,147.81806596111582,145.21158088499752,145.9925537109375,102404300
2021-09-14,146.7735681841506,147.47644243735672,143.41539450679298,144.5966033935547,109296300
2021-09-15,145.02610332343372,145.8851749521173,142.88819590848047,145.48492431640625,83281300
2021-09-16,144.9089297875281,145.42632102057476,143.71794980690362,145.25059509277344,68034100
2021-09-17,145.27991132028194,145.27991132028194,142.29268938190515,142.58555603027344,129868800
2021-09-20,140.37933813407227,141.3945924183066,137.90952209387459,139.539794921875,123478900
2021-09-21,140.5062336067531,141.16030897663776,139.38359538478255,140.01812744140625,75834000
2021-09-22,141.0138481925674,142.94674416241062,140.28168904837355,142.38055419921875,76404300
2021-09-23,143.1615238009879,143.5813028239796,142.17555476827644,143.33724975585938,64838200
2021-09-24,142.19510285111807,143.96204492535793,142.09747565204063,143.4251251220703,53477900
2021-09-27,142.00962976919416,142.48797924389808,140.39888514559524,141.91200256347656,74150700
2021-09-28,139.8424381686271,141.3067568929059,138.31954907870838,138.53431701660156,108972300
2021-09-29,139.08096654322168,141.0138627120859,138.6514307510702,139.43240356445312,74602000
2021-09-30,140.2426707272125,140.9455448156453,137.9192805517919,138.13404846191406,89056700
2021-10-01,138.52452409983053,139.5202648503588,135.80089824481317,139.25668334960938,94639600
2021-10-04,138.38785651091933,138.82716398233575,134.98088496397907,135.83018493652344,98322000
2021-10-05,136.17185207930245,138.8564357660988,136.04493972017434,137.75331115722656,80861100
2021-10-06,136.15231569207103,138.76855721821823,135.0784763218966,138.62213134765625,83221100
2021-10-07,139.65692980871162,140.7893396562003,139.32502120039112,139.88145446777344,61732700
2021-10-08,140.60382633425183,140.75025218963773,139.16879336821262,139.50070190429688,58773200
2021-10-11,138.88573944232053,141.36531233280488,138.43667519346084,139.4128875732422,64452200
2021-10-12,139.82285430694407,139.8423827196876,137.68494743386773,138.14376831054688,73035900
2021-10-13,137.88022678873125,138.0364094315763,135.88874541033104,137.55807495117188,78762700
2021-10-14,138.72951162040368,140.45741132647578,138.14377836199483,140.3402557373047,69907100
2021-10-15,140.3500225311004,141.45313211222725,140.09619784320086,141.39456176757812,67940300
2021-10-18,140.03763996851194,143.34699879821167,139.75454497889402,143.06390380859375,85589200
2021-10-19,143.51297237963328,145.62159463310732,143.06392303976392,145.22134399414062,76378900
2021-10-20,145.16278083703227,146.18780683574556,144.59657585778285,145.70945739746094,58418800
2021-10-21,145.27017952577518,146.0804376870695,144.35253739380764,145.9242401123047,61421000
2021-10-22,146.12922747617256,146.6075619891813,145.1042015405824,145.15301513671875,58883400
2021-10-25,145.14322894722775,145.8168177773373,144.10844635434742,145.10418701171875,50720600
2021-10-26,145.77782316934065,147.25189877039264,145.46542800058126,145.76806640625,60893400
2021-10-27,145.80709762491546,146.1682914783705,144.95779752805828,145.30923461914062,56094900
2021-10-28,146.25615073002083,149.5264533730465,146.15852353048365,148.94073486328125,100077900
2021-10-29,143.7179583128391,146.3732566337639,142.927228830471,146.23658752441406,124953200
2021-11-01,145.44586537540286,146.13896771640327,144.28417043944881,145.4165802001953,74588300
2021-11-02,145.12373606469237,147.96451766703325,145.11396440756303,146.45138549804688,69122000
2021-11-03,146.81254373991754,148.35496071493105,146.256110563663,147.88638305664062,54511500
2021-11-04,147.9742807485948,148.80405236999567,147.05663868837075,147.36903381347656,60394600
2021-11-05,148.49330137784227,148.79636649786093,146.70422366033108,147.89694213867188,65463900
2021-11-08,148.02402320404659,148.18044870579655,146.80197694204415,147.07571411132812,55020900
2021-11-09,146.84111017051336,148.04359979638906,146.7042415538898,147.43746948242188,56787900
2021-11-10,146.66511965093986,146.7726603269792,144.54364896685252,144.61207580566406,65187100
2021-11-11,145.62882237351127,146.0882980655143,144.37743321812488,144.5631866455078,41000000
2021-11-12,145.11064651980587,147.03659252052734,144.18189439318962,146.63577270507812,63804000
2021-11-15,147.00732040338218,148.4835623175651,146.08833892721682,146.64559936523438,59222800
2021-11-16,146.58689139053743,148.1022316953491,146.00030323462437,147.62318420410156,59256200
2021-11-17,147.62321886773208,151.53376771191043,147.61344786594324,150.0575408935547,88807000
2021-11-18,150.27259510761894,155.12166644396783,149.62735108476016,154.3395538330078,137827700
2021-11-19,154.12445397592487,157.41910052968012,153.02950540265965,156.95960998535156,117305600
2021-11-22,158.06437288139423,161.99447854129045,157.3995867561447,157.4191436767578,117467900
2021-11-23,157.51689191338718,158.18169292863084,155.502961782972,157.8004150390625,96041900
2021-11-24,157.15516717862224,158.51408217991857,156.06998937776268,158.3185577392578,69463600
2021-11-26,156.00157185337474,156.8618824271744,152.8633499442556,153.30328369140625,76959800
2021-11-29,155.80598568259293,157.5852919747901,155.23895449884512,156.6565399169922,88748200
2021-11-30,156.41215841772612,161.8184901598309,156.34371666317804,161.60340881347656,174048100
2021-12-01,163.7346542506034,166.49159798116264,160.85062784337472,161.08526611328125,152052500
2021-12-02,155.19009727061072,160.52798674829987,154.27111613625055,160.0978240966797,136739200
2021-12-03,160.35202051883033,161.27100166043388,156.14817855062066,158.22076416015625,118023100
2021-12-06,160.61599065605895,164.12571914002814,160.6062196554979,161.6229705810547,107497000
2021-12-07,165.2988392553825,167.74293136363414,164.57538262102042,167.35186767578125,120405400
2021-12-08,168.28069194116756,172.02504411674911,166.882663021836,171.1647186279297,116998900
2021-12-09,170.9985205283445,172.7973693361273,170.03065436230736,170.65634155273438,108923700
2021-12-10,171.29180928871014,175.61296364291238,170.78343380069845,175.43698120117188,115402700
2021-12-13,177.06961358561998,178.0570365302883,171.6046261840087,171.8099365234375,153237000
2021-12-14,171.33089709564845,173.76521877848376,168.35888695654498,170.4314727783203,139380400
2021-12-15,171.19402728468987,175.48585340924998,168.4566405154073,175.2903289794922,131063300
2021-12-16,175.27076132354634,177.08916675225177,166.9315188519041,168.40774536132812,150185800
2021-12-17,166.12985777423478,169.59070130648584,165.89523442801953,167.31280517578125,195432700
2021-12-20,164.51677542044033,166.76534380811088,163.71512072913166,165.9539031982422,107499100
2021-12-21,167.72341591348743,169.3267401361631,165.3379790393109,169.12144470214844,91185900
2021-12-22,169.1703261593658,171.92727008747283,168.30022969109157,171.71218872070312,92135300
2021-12-23,171.91751377429944,172.8951510094844,171.35048238778492,172.337890625,68356600
2021-12-27,173.12975263201184,176.3852860059842,173.1102106304085,176.29730224609375,74919600
2021-12-28,176.1311025117923,177.2749361221624,174.5375492742612,175.28054809570312,79144300
2021-12-29,175.31964543980357,176.59057652650236,174.1562550200767,175.3685302734375,62348900
2021-12-30,175.45652327947462,176.53193000592643,174.10737937130014,174.2149200439453,59773000
2021-12-31,174.1073900997929,175.2218958133562,173.29594950484335,173.59902954101562,64062300
2022-01-03,173.8532266687499,178.79029755777358,173.73591497728762,177.9397430419922,104487900
2022-01-04,178.54585013474667,178.84891521802436,175.11433471652768,175.68136596679688,99310400
2022-01-05,175.59339039534856,176.14086475419518,170.73453308424857,171.00827026367188,94537600
2022-01-06,168.83792269234627,171.3797850968752,167.80162976232634,168.15357971191406,96904000
2022-01-07,169.02367835082143,170.24572473108867,167.2052727402814,168.3197784423828,86709100
2022-01-10,165.2988731483881,168.64239004792708,164.40921985835627,168.33932495117188,106765600
2022-01-11,168.46644539148625,171.26247339503044,166.99998962694013,171.1647186279297,76138300
2022-01-12,172.18146241376857,173.2177554801649,170.91054596180936,171.6046600341797,74805200
2022-01-13,171.8490383580425,172.6702498945838,167.94826118313497,168.33932495117188,84505800
2022-01-14,167.50832321300913,169.89375992557677,167.26391395832079,169.19964599609375,80440800
2022-01-18,167.67455895666092,168.68152412823068,165.62152968734614,166.0028076171875,90956700
2022-01-19,166.19829964047344,167.25414945182573,162.22909557704548,162.51260375976562,94815000
2022-01-20,163.24585020445963,165.88546757565922,160.50846314939517,160.83108520507812,91420500
2022-01-21,160.74312175844747,162.61041256635795,158.67053547305395,158.778076171875,122848900
2022-01-24,156.44149634340394,158.67050778679211,151.24045969712583,158.00570678710938,162294600
2022-01-25,155.42475069595457,159.1202179477596,153.50859022634555,156.2068634033203,115798400
2022-01-26,159.84364519078215,160.713741500623,154.2906743409117,156.1188507080078,108275300
2022-01-27,158.817126094803,160.17604091465265,154.7403816352541,155.65936279296875,121954600
2022-01-28,162.00422657695262,166.5404614570555,159.15929945417386,166.52090454101562,179935700
2022-01-31,166.3547503312831,171.08651082179728,165.71927719769477,170.87142944335938,115541600
2022-02-01,170.1186272242385,170.93006781127377,168.45664712970438,170.70521545410156,86213900
2022-02-02,170.8421090824681,171.94684394629172,169.45386598046034,171.90773010253906,84914300
2022-02-03,170.57810026310062,172.2987509371964,168.27087633720052,169.03343200683594,89418100
2022-02-04,168.05460511567154,170.4235148216532,167.07572223889366,168.74961853027344,82465400
2022-02-07,169.20964451994723,170.27662295458384,167.3399751947351,168.0349884033203,77251200
2022-02-08,168.10351922686326,171.64708470161528,167.8098514342005,171.1380615234375,74829200
2022-02-09,172.33232573026677,172.91964646810396,171.2066015104205,172.55746459960938,71285000
2022-02-10,170.462637822063,171.7743370940817,167.92733513885554,168.48529052734375,90865900
2022-02-11,168.690860750742,169.4250227899619,164.4914455219278,165.0787811279297,98670700
2022-02-14,163.83558309476697,165.99892030677,163.04269054419584,165.31370544433594,86185500
2022-02-15,167.35956986279012,169.29775335068365,166.65477315145358,169.14112854003906,62527400
2022-02-16,168.2209893560315,169.67951494494773,166.45899759893967,168.9062042236328,61177400
2022-02-17,167.4182971510757,168.27971865617212,164.91235997613748,165.31370544433594,69589300
2022-02-18,166.23387859788448,166.93866044821442,162.68052937533312,163.76708984375,82772700
2022-02-22,161.49605730830203,163.16995323151656,158.72581758393332,160.85000610351562,91162800
2022-02-23,162.0442012768804,162.64132019491717,156.37647821597528,156.68972778320312,90009200
2022-02-24,149.3579234730035,159.4110529381091,148.7901697172211,159.30337524414062,141147500
2022-02-25,160.3801542624622,161.63312305071847,157.472871153436,161.36883544921875,91974200
2022-02-28,159.6166064975814,161.9267702066246,158.99990563300975,161.6331024169922,95056600
2022-03-01,161.22197083806662,163.0818568508139,158.5496253630897,159.75364685058594,83474400
2022-03-02,160.91855062373517,163.82583387430233,159.50895693417934,163.042724609375,79724800
2022-03-03,164.91235266773373,165.3430634011942,162.05401727070716,162.7196502685547,76678400
2022-03-04,161.0163751319354,162.0539881104368,158.67684673849317,159.7242431640625,83737200
2022-03-07,159.91028134097652,161.5352302369313,155.68150083148916,155.93601989746094,96418800
2022-03-08,155.46614292973925,159.44040392728598,152.50991327214726,154.1152801513672,131148300
2022-03-09,158.0699374448171,159.9591883833685,156.04365849416726,159.50889587402344,91454900
2022-03-10,156.81700107101284,157.0029911685478,152.6861150001443,155.1724853515625,105342000
2022-03-11,155.57379764949783,155.91641251914996,151.23735509056115,151.46249389648438,96970100
2022-03-14,148.25174424641173,150.86535859871933,146.93026189923282,147.43927001953125,108732100
2022-03-15,147.7133603864597,152.2847547162285,147.204352250739,151.81488037109375,92964300
2022-03-16,153.73352378158447,156.6212246232631,151.19822129277074,156.21987915039062,102300200
2022-03-17,155.26058530967927,157.60011436017203,154.30128444798586,157.22813415527344,75615400
2022-03-18,157.1204572234023,161.00662274780382,156.38629519642316,160.51718139648438,123511700
2022-03-21,160.05708320205216,162.83712104497158,159.56764191840216,161.88760375976562,95811400
2022-03-22,162.01487524148183,165.84231029999864,161.42755456550663,165.25498962402344,81532000
2022-03-23,164.4424952526729,168.9942934206818,164.1096638130363,166.61561584472656,98062700
2022-03-24,167.44765777264146,170.46261801995993,166.61561651162776,170.39410400390625,90131400
2022-03-25,170.20810721060892,171.578536843318,169.10196511927478,171.03036499023438,80546200
2022-03-28,168.53420969754978,172.019029244763,168.36780145361686,171.89178466796875,90371900
2022-03-29,172.95877935054617,175.22977935165113,172.6161644453855,175.18084716796875,100589400
2022-03-30,174.77945726051533,175.81707022507396,172.9685188277259,174.01593017578125,92633200
2022-03-31,174.08448573079536,174.27047582290578,170.7171270473916,170.92269897460938,103049300
2022-04-01,170.35495761395958,171.18701389593227,168.30909632537671,170.62904357910156,78751300
2022-04-04,170.8835878567689,174.72080687147195,170.7563283054037,174.67185974121094,76468400
2022-04-05,173.75165021722813,174.53475923368862,170.7366902126206,171.36317443847656,73401800
2022-04-06,168.72020734548278,169.963392443072,166.5373033062765,168.20140075683594,89058800
2022-04-07,167.5455363451221,169.69907490999924,166.2632026288955,168.5048370361328,77594700
2022-04-08,168.15243700693318,168.15243700693318,165.6269183292227,166.4981231689453,76575500
2022-04-11,165.1472853633742,165.46052001953282,162.0050657338506,162.24978637695312,72246700
2022-04-12,164.4718441031093,166.28276779117587,163.12098145475815,164.11944580078125,79265200
2022-04-13,163.8551587010773,167.42807423573976,163.24825626550125,166.8015899658203,70618900
2022-04-14,167.01694559853848,167.65322825491936,161.55477886000992,161.79949951171875,75329400
2022-04-18,160.45842830966066,163.0818413516457,160.11582837374732,161.5841522216797,69023900
2022-04-19,161.5352440651779,164.27611889634176,160.44868355818875,163.86497497558594,67723800
2022-04-20,165.19622127922986,165.31369734743882,162.59240492951264,163.6985321044922,67929800
2022-04-21,165.34307817395856,167.90774603308134,162.4064301142371,162.90565490722656,87227800
2022-04-22,162.94480808191494,164.32502122927878,158.08954369720692,158.3734130859375,84882400
2022-04-25,157.71758646013552,159.72429911751857,155.11376965466397,159.4404296875,96046400
2022-04-26,158.82372320771267,158.91181906878418,153.4105028966986,153.4888153076172,95623200
2022-04-27,152.61760570667977,156.41566043489684,152.09879906936447,153.263671875,88063200
2022-04-28,155.88707729102597,161.04579354437072,155.57382764277364,160.1843719482422,130216800
2022-04-29,158.42238298865084,162.6903124384376,153.9293146853147,154.32086181640625,131747600
2022-05-02,153.40069487713816,154.88858563658798,150.0333364297974,154.62429809570312,123055300
2022-05-03,154.8102670522691,157.31621889046943,153.01892515604405,156.1121826171875,88966500
2022-05-04,156.29820309411934,162.96439206944154,155.89685759161674,162.5141143798828,108256500
2022-05-05,160.38991736716943,160.61505617925764,151.6778534074066,153.4594268798828,130525300
2022-05-06,152.93987884779835,156.302387766656,151.14588956385867,154.1848907470703,116124600
2022-05-09,151.8811126841976,152.76341048572758,148.50882129057032,149.06759643554688,131577900
2022-05-10,152.4594939260044,153.65548649022554,149.92045170349726,151.4693603515625,115366700
2022-05-11,150.4792663261752,152.3908891933398,142.94059580220576,143.6170196533203,142689800
2022-05-12,139.9604210928437,143.32291464808353,136.06854586723028,139.75454711914062,182602000
2022-05-13,141.74459868206603,145.18553469561974,140.2937279042498,144.2150115966797,113990900
2022-05-16,142.68570084334092,144.61693408926746,141.34265112461745,142.67588806152344,86643800
2022-05-17,145.9305738468132,146.8226694807634,143.7934664467187,146.3031005859375,78336300
2022-05-18,143.9601792294905,144.46013767388038,137.14693468480803,138.04884338378906,109742900
2022-05-19,137.12729010884627,138.87226008655338,133.91183880440775,134.64707946777344,136095600
2022-05-20,136.3528361484188,137.93115346240322,130.00036063657,134.88235473632812,137426100
2022-05-23,135.07841705772444,140.44077384848245,134.94117272312687,140.29373168945312,117726300
2022-05-24,138.03901137531423,139.176187438702,134.6274981436638,137.59786987304688,104132700
2022-05-25,135.70578755446192,138.99966571047085,135.61756228135172,137.75466918945312,92482700
2022-05-26,134.68631051667606,141.4995389264538,134.44123025043575,140.9505615234375,90601500
2022-05-27,142.5288422380691,146.73441193920726,142.4013957458045,146.69520568847656,90978500
2022-05-31,146.13644955191023,147.69515625482543,143.95032308788612,145.9109649658203,103718400
2022-06-01,146.95010821381516,148.75391017683245,144.773794451972,145.78353881835938,74286600
2022-06-02,144.92080997395743,148.2931155543275,143.96989770419586,148.2342987060547,72348100
2022-06-03,144.00911981753086,145.05807025566116,141.61714962601158,142.51904296875,88570300
2022-06-06,144.13656879270374,145.6462712304333,142.0484806619193,143.2640838623047,71598400
2022-06-07,141.50933876771822,146.06782531945106,141.26425852389363,145.78353881835938,67808200
2022-06-08,145.65608826850138,146.92069570984725,144.5581335933167,145.0482940673828,53950200
2022-06-09,144.18565183238255,145.038526536632,139.72518713500918,139.83302307128906,69473000
2022-06-10,137.51941663931075,137.9899664897166,134.36278209908923,134.43141174316406,91437900
2022-06-13,130.25523715092532,132.53938671229503,128.85338540144875,129.28472900390625,122207100
2022-06-14,130.5101288143863,131.25516732822615,128.89259032192393,130.14739990234375,84784300
2022-06-15,131.64728162043858,134.63726323315953,129.5592083618082,132.7648468017578,91533000
2022-06-16,129.4807554755027,129.78465248887207,126.50057227144765,127.50050354003906,108123900
2022-06-17,127.51032472551074,130.46108474224513,127.25543176187765,128.9709930419922,134520300
2022-06-21,130.7943992837295,134.36276639582726,130.6963761788774,133.19618225097656,81000500
2022-06-22,132.13745484401576,135.04900927487205,131.2747825760473,132.6864471435547,73409200
2022-06-23,134.1275183400123,135.86267563561398,132.96093402675356,135.54898071289062,72433800
2022-06-24,137.14690930909833,139.1173641987572,137.01947774401722,138.87228393554688,89116800
2022-06-27,139.8918112487565,140.666273257268,138.1958600157244,138.87228393554688,70207900
2022-06-28,139.33302894232776,140.59763645444562,134.61768731128618,134.73532104492188,67083400
2022-06-29,134.7548943447595,137.90171551636791,133.98043259004706,136.49005126953125,66242400
2022-06-30,134.5490488814723,135.64700354645933,131.13753620204082,134.02947998046875,98964500
2022-07-01,133.36284196732555,136.3038045198631,132.9903302157903,136.1959686279297,71051600
2022-07-05,135.05880629688934,138.82323473193733,134.2353254229341,138.7742156982422,73353800
2022-07-06,138.5683715462856,141.28384979355582,138.30368070277723,140.1074676513672,74064300
2022-07-07,140.47019110271424,143.66604717243726,140.4603932776671,143.46998596191406,66253700
2022-07-08,142.4013924960781,144.646335480772,142.14651447587394,144.1463623046875,64547800
2022-07-11,142.80334848304327,143.7542609845207,140.95054251842944,142.0190887451172,63141600
2022-07-12,142.89155544175705,145.5286208059207,142.19553604555907,142.98959350585938,77588800
2022-07-13,140.1760748610569,143.5679764107693,139.32318560371215,142.6268768310547,71185600
2022-07-14,141.24462523992875,146.0187828364424,140.43095716603992,145.54823303222656,78140700
2022-07-15,146.83244295612025,147.89119117713278,145.28353435270415,147.2147674560547,76259900
2022-07-18,147.77357228115997,148.58724039251226,143.81306761767442,144.17579650878906,81420900
2022-07-19,145.0090674390563,148.25392726287154,144.01894870347078,148.02845764160156,82982400
2022-07-20,148.14610577429508,150.69494637561027,147.41086501912858,150.0283203125,64823400
2022-07-21,151.45956799212024,152.50851845862235,148.94994906470606,152.2928466796875,65086600
2022-07-22,152.3320371239143,153.20452197233897,150.39100627342597,151.0576171875,66675400
2022-07-25,150.9791857674136,151.98891489270602,149.2832351431614,149.94004821777344,53623900
2022-07-26,149.2636538636445,150.07732200029463,147.83239373585778,148.6166534423828,55138700
2022-07-27,149.57734107239523,154.2338646113094,149.1656081545016,153.70448303222656,78620700
2022-07-28,153.89081103917914,154.5378265928496,151.3713934440884,154.2535400390625,81378700
2022-07-29,158.0669235799792,160.40988958103017,156.36116008489938,159.31192016601562,101786900
2022-08-01,157.84144361325252,160.37067302404677,157.72380990621818,158.33160400390625,67829400
2022-08-02,156.94938527079637,159.21392420256825,156.48863324172908,156.86114501953125,59907000
2022-08-03,157.67482654904526,163.31167231688755,157.58660124880873,162.86073303222656,82507500
2022-08-04,162.7430888021846,163.89987539598906,161.19417977979222,162.54702758789062,55474100
2022-08-05,160.22039768650808,162.8120387299593,160.0142377831412,162.32119750976562,56697000
2022-08-08,163.32254540690658,164.7361708864107,161.19229575323052,161.8500213623047,60276900
2022-08-09,161.0155852740051,162.78261696114208,160.25968547297944,161.8990936279297,63135500
2022-08-10,164.60851631297595,166.23811287684435,163.8428051524665,166.13995361328125,70170500
2022-08-11,166.94495103045548,167.85792369494868,165.10920924668594,165.40371704101562,57149200
2022-08-12,166.70935086886797,169.01629605421468,166.29703098384923,168.9475860595703,68039400
2022-08-15,168.37818541775778,170.21392688656005,168.21130119143814,170.01759338378906,54091700
2022-08-16,169.6150835508577,170.52805597034822,168.51560405832123,169.86050415039062,56377100
2022-08-17,169.60531301748716,172.92339013736907,169.4089794863745,171.3527069091797,79542000
2022-08-18,170.56737014082248,171.69629926083016,169.9489052427666,170.9600372314453,62290100
2022-08-19,169.8605242913159,170.5575254675204,168.1720291679761,168.37818908691406,70346300
2022-08-22,166.58172694573366,166.74861119438174,164.07843325743647,164.5005645751953,69026800
2022-08-23,164.0195474098714,165.61969500518398,163.597416059393,164.1667938232422,54147100
2022-08-24,164.25514348994625,165.03066617037743,163.2047358944321,164.46128845214844,53841500
2022-08-25,165.68840868200775,167.0234977835924,165.26629230145085,166.91551208496094,51218200
2022-08-26,167.44561591056575,167.91681938586046,160.56401098389765,160.62290954589844,78961000
2022-08-29,158.19815240165843,159.91609703205498,156.89252766433086,158.4239501953125,73314000
2022-08-30,159.16019500251252,159.58231130465205,154.8309714061125,155.99917602539062,77906200
2022-08-31,157.37356030730842,157.63861884578063,154.26162776653078,154.3401641845703,87991100
2022-09-01,153.77079140207798,155.5181855673853,151.8368751102563,155.06661987304688,74229900
2022-09-02,156.8237793213389,157.42260624530542,152.1313381712874,152.95594787597656,76957800
2022-09-06,153.60386838160778,154.21250676362826,150.8747921160952,151.69940185546875,73714800
2022-09-07,151.9841232844313,153.80022729759784,150.79628062278962,153.10324096679688,87449600
2022-09-08,151.80738719524012,153.49588236025656,149.88328282837716,151.6306915283203,84923800
2022-09-09,152.62222024249937,154.92918072545984,151.91540745534934,154.48741149902344,68028800
2022-09-12,156.6667134786447,161.2511691580026,156.38203213199495,160.43637084960938,104956000
2022-09-13,156.97102730327344,157.5993035102858,150.5606417135221,151.02203369140625,122656600
2022-09-14,151.95463927472932,154.22233860679495,150.79626102566698,152.46511840820312,87965400
2022-09-15,151.8172302065752,152.3964344091801,148.6071384221947,149.57899475097656,90481100
2022-09-16,148.44025825358446,148.577693242223,145.65226780231728,147.93959045410156,162278800
2022-09-19,146.57500265714634,151.72883546494634,146.36885773323408,151.65029907226562,81474200
2022-09-20,150.5900968013731,155.1843789131033,150.2759661753886,154.02598571777344,107689800
2022-09-21,154.4579373320565,155.83230196535132,150.78645397951445,150.9042510986328,101696800
2022-09-22,149.58879338602387,151.6405063427645,148.14571882351763,149.94219970703125,86652500
2022-09-23,148.42061851178616,148.69548848555903,145.83878806603744,147.67453002929688,96029900
2022-09-26,146.9186627081055,150.95337992464147,146.89902485639834,148.00833129882812,93339400
2022-09-27,149.9421927062511,151.88591989139582,147.20329010150107,148.98013305664062,84442700
2022-09-28,144.93562286555536,147.8806707549768,142.1869085062377,147.09532165527344,146691400
2022-09-29,143.42384928540386,144.0324877695267,138.10311583907216,139.87014770507812,128138200
2022-09-30,138.69210195416497,140.4787712884576,135.47218456289696,135.66851806640625,124925300
2022-10-03,135.67834355315813,140.44932105441077,135.16786446408517,139.84066772460938,114311700
2022-10-04,142.37346603599343,143.54167105288877,141.6175660287155,143.4238739013672,87830100
2022-10-05,141.43100052371705,144.6803670999918,140.39040452379436,143.7183074951172,79471000
2022-10-06,143.13914221609966,144.83744897574383,142.55995305808347,142.76609802246094,68402200
2022-10-07,139.9289988222873,140.47875353363153,136.89560388548796,137.5238800048828,85925600
2022-10-10,137.84786987304688,139.29094450363405,136.03176603772727,137.84786987304688,74899000
2022-10-11,137.337365394685,138.76081689569904,135.68814610919395,136.43421936035156,77033700
2022-10-12,136.58146085403507,137.78892586816346,135.62922784099507,135.80592346191406,70433700
2022-10-13,132.51735724415704,140.95981974279604,131.90870376504793,140.37081909179688,113224000
2022-10-14,141.66663200393148,141.8727919675868,135.65873850521228,135.8452606201172,88598000
2022-10-17,138.48598615048115,140.282452315822,137.7006369919499,139.8014373779297,85250900
2022-10-18,142.825015544548,144.0128431743189,138.03439937209953,141.11688232421875,99136600
2022-10-19,139.09464924630257,142.2949300329497,138.9081271029758,141.2248992919922,61758300
2022-10-20,140.40024050696854,143.21766459219867,140.0370077826972,140.76345825195312,64522000
2022-10-21,140.25297565616944,145.14176534962488,140.03700430524796,144.5723876953125,86548600
2022-10-24,144.49385104011358,147.47815927955588,143.32564645655586,146.7124481201172,75981900
2022-10-25,147.3407290522299,149.69677613929844,146.62410499116672,149.5495147705078,74732300
2022-10-26,148.19482861119383,149.2059606049606,145.32830191392304,146.61431884765625,88194300
2022-10-27,145.35773474859954,146.3197794029668,141.48990330767347,142.1476287841797,109180200
2022-10-28,145.48537216958695,154.6150242142885,145.11234293200243,152.88726806640625,164762400
2022-10-31,150.35449330723716,151.4147121907347,149.1372016307876,150.53118896484375,97943200
2022-11-01,152.23934967138234,152.60256746450293,146.39834080336652,147.89048767089844,80379300
2022-11-02,146.2215910525945,149.38260959122607,142.34394855337672,142.37339782714844,93604600
2022-11-03,139.4578493069626,140.18429993575015,136.20848179558848,136.3361053466797,97918500
2022-11-04,139.71866273149064,140.28898493787645,132.1373429796548,136.07058715820312,140814800
2022-11-07,134.82178704829124,136.8277351131925,133.40581664759068,136.60157775878906,83374600
2022-11-08,138.06672226567503,139.069688836373,135.19545550623369,137.17190551757812,89908500
2022-11-09,136.18859544917657,136.23776400792798,132.34384521853534,132.61917114257812,74917800
2022-11-10,138.88285345399055,144.41888427734375,137.17188688278108,144.41888427734375,118854000
2022-11-11,143.38645323831483,147.5065147597333,141.96063992686575,147.20169067382812,93979700
2022-11-14,146.48384590068005,147.77198095425382,144.96953850636208,145.80535888671875,73374100
2022-11-15,149.6795905900005,151.0267217594032,146.0806689942232,147.5359649658203,89868300
2022-11-16,146.6411761367448,147.36881668355312,144.83187247009243,146.3068389892578,64218300
2022-11-17,143.98623783804743,148.95196191687904,143.71091192910288,148.20465087890625,80389400
2022-11-18,149.7681336507777,150.1516244369956,147.46718893347042,148.76515197753906,74829600
2022-11-21,147.65398361312236,147.86047052115927,145.25470236836378,145.53985595703125,58724100
2022-11-22,145.65789948864827,147.9096756373434,144.47791399161687,147.67367553710938,51804100
2022-11-23,146.95585380028717,149.29613922514196,146.84768896962234,148.548828125,58301400
2022-11-25,145.83487333926465,146.3953678932279,144.66473067745702,145.63821411132812,35195900
2022-11-28,142.7177853624681,144.19275214587688,140.98716307142482,141.81314086914062,69246000
2022-11-29,141.8819517027843,142.39327767480953,138.007718580844,138.81402587890625,83763800
2022-11-30,139.04018245155586,146.23802684928043,138.2043770255708,145.55953979492188,111380900
2022-12-01,145.73654727553216,146.64119170281938,144.16324348642758,145.83486938476562,71250400
2022-12-02,143.52411441944975,145.53006273642814,143.21927533321448,145.34323120117188,65447400
2022-12-05,145.30386574755366,148.40128929094377,143.3372438141924,144.18289184570312,68826400
2022-12-06,144.61558740538712,144.84174478338647,139.55152565219004,140.52500915527344,64727200
2022-12-07,139.81699890501977,140.97729872796708,137.6635453309665,138.58786010742188,69721100
2022-12-08,139.9841640195035,141.12480845757423,138.7451974772698,140.26931762695312,62128300
2022-12-09,139.96449489513216,143.14060047218985,138.54852454565471,139.78750610351562,76097000
2022-12-12,140.31847817047847,142.0884409898644,138.7058487137347,142.07861328125,70462700
2022-12-13,147.00500937638787,147.4671667934874,141.83279839446703,143.04226684570312,93886200
2022-12-14,142.9242927483946,144.2124280542218,138.80421630941913,140.82000732421875,82291200
2022-12-15,138.7550029778536,139.43348990576752,133.7597817593244,134.22193908691406,98931900
2022-12-16,134.4088086870883,135.35277902524194,131.4982009688156,132.2651824951172,160156900
2022-12-19,132.8551821275431,132.94367653807714,129.12843913282236,130.16090393066406,79592600
2022-12-20,129.19725476241064,131.02621414919912,127.72228799900502,130.09207153320312,77432800
2022-12-21,130.76068907847488,134.52677190815584,130.53453175568677,133.18946838378906,85928000
2022-12-22,132.10786913644063,132.31435609146064,128.12545567267372,130.0232391357422,77852100
2022-12-23,128.7350936895975,130.21006041152802,127.47645662054781,129.65940856933594,63814900
2022-12-27,129.1874232542848,129.2169213883547,126.57181200307966,127.85994720458984,69007800
2022-12-28,127.50595548300566,128.8432592520272,123.76937760067855,123.93653869628906,85438400
2022-12-29,125.8539785961876,128.30242099857716,125.59832312588058,127.44694519042969,75703700
2022-12-30,126.2669671564067,127.78125947114631,125.30331909041402,127.76158905029297,77034200
2023-01-03,128.10576142344397,128.71540946850325,122.09773035328112,122.98271179199219,112117500
2023-01-04,124.77233620258212,126.51280092971427,122.9925456360047,124.25118255615234,89113600
2023-01-05,125.00834271164995,125.63766124201173,122.67790010774006,122.93355560302734,80962700
2023-01-06,123.907033324828,128.115596113896,122.80572219640975,127.45677947998047,87754700
2023-01-09,128.2925949020793,131.18353181246084,127.72227268810083,127.9779281616211,70790800
2023-01-10,128.0860756971166,129.06938662217883,125.9817909176488,128.54823303222656,63896200
2023-01-11,129.05959971999454,131.2818777117784,128.2827904454057,131.26222229003906,69458900
2023-01-12,131.64572074057682,132.0193688291939,129.24643878440378,131.18356323242188,71379600
2023-01-13,129.8265664212103,132.6683349676498,129.46274610687883,132.51100158691406,57809700
2023-01-17,132.57984966159466,134.99878678874634,131.89153482883353,133.67132568359375,63646600
2023-01-18,134.53663801277594,136.2967583598761,132.77650266153844,132.95350646972656,69672800
2023-01-19,131.84236946093412,133.9761529962307,131.5375453850544,133.01251220703125,58280400
2023-01-20,133.02230476612493,135.71658218378784,131.97999755468973,135.56907653808594,80223600
2023-01-23,135.81494462926892,140.92817511679004,135.59861495460586,138.7550506591797,81760300
2023-01-24,137.96838472187488,140.77082749424633,137.95855701188813,140.15133666992188,66435100
2023-01-25,138.53869500355867,140.0529874380773,136.49340619294276,139.4925079345703,65799300
2023-01-26,140.78065564701856,141.8426334902846,139.53184628445516,141.55747985839844,54105100
2023-01-27,140.77080718806803,144.77287517943125,140.69214050710963,143.49456787109375,70555800
2023-01-30,142.54079133466578,143.12094131391822,140.46600420175812,140.61349487304688,64015300
2023-01-31,140.31848180314623,141.93111130163894,139.9054929686203,141.88194274902344,65874500
2023-02-01,141.56728874190614,144.16322923439725,138.96152054070433,143.00291442871094,77663600
2023-02-02,146.41502317640206,148.65697138188685,145.6972102432423,148.30299377441406,118339000
2023-02-03,145.5595309829737,154.75349514117664,145.36287177724367,151.9215545654297,154357300
2023-02-06,150.02377712562708,150.54493079230497,148.26364190831887,149.19778442382812,69858300
2023-02-07,148.12597415973434,152.63936822302708,148.12597415973434,152.0690460205078,83322600
2023-02-08,151.31190929849808,152.0002240332312,148.64712974900903,149.38461303710938,64120100
2023-02-09,151.21356571138807,151.75438976697808,147.9096401221254,148.3521270751953,56007100
2023-02-10,147.19009004770194,149.04152741969745,146.95372962642622,148.71653747558594,57450700
2023-02-13,148.65743217523777,151.91715888947925,148.62788900472555,151.51339721679688,62199000
2023-02-14,149.80967642706798,151.4346261088162,148.568818055862,150.87327575683594,61707600
2023-02-15,150.78458682640226,153.13828723164625,150.55808424256992,152.9708709716797,65573800
2023-02-16,151.17852906062296,153.95570692832584,151.02097051495025,151.37550354003906,68167900
2023-02-17,150.03619479649413,150.6763169294936,148.55897600306773,150.233154296875,59144100
2023-02-21,147.91880821074704,149.0021077790729,146.15600076088242,146.2249298095703,58867200
2023-02-22,146.60903658364012,147.67263591965713,144.9250155718982,146.6484375,51011300
2023-02-23,147.81048914517564,148.05669224456878,145.00378282832062,147.13096618652344,48394200
2023-02-24,144.87577631301392,144.9545631210652,143.5068874555982,144.4818572998047,55469600
2023-02-27,145.46667494315656,146.90449291595675,145.2106140512802,145.67347717285156,44998500
2023-02-28,144.8166705381309,146.8158385647427,144.6000106018143,145.17120361328125,50547000
2023-03-01,144.59997660749858,144.9938954752606,142.80761119698582,143.10305786132812,55479000
2023-03-02,142.18719297500317,144.4818072483105,141.71447229045577,143.69395446777344,52238100
2023-03-03,145.79162671403117,148.81500811176437,145.09241829817535,148.73622131347656,70732300
2023-03-06,151.4542972077173,153.92618602775224,151.1293223291666,151.4936981201172,87558000
2023-03-07,151.36567408118486,151.69066400049135,148.83471383986452,149.29757690429688,56182000
2023-03-08,150.48919246419973,151.13917230662574,149.52408044265695,150.54827880859375,47204800
2023-03-09,151.22781194000862,152.19292402611515,147.94838436334126,148.30291748046875,53833600
2023-03-10,147.92869544727571,148.64760438030467,145.3681768808884,146.24465942382812,68572400
2023-03-13,145.56513330123872,150.81418573238946,145.45680332509693,148.1847381591797,84457100
2023-03-14,148.98243524821328,151.07023295988367,147.82036369988242,150.2725372314453,73695900
2023-03-15,148.89377768233683,150.92248866561948,147.64306182318006,150.66644287109375,77167900
2023-03-16,149.84908663995225,154.0837837636838,149.33697988783769,153.48304748535156,76161100
2023-03-17,153.70953434482817,154.35951419092353,151.93686886777078,152.64593505859375,98944600
2023-03-20,152.71486085947325,155.4230948668754,151.80882025865256,155.00946044921875,73641400
2023-03-21,154.93067719913012,156.97907354545168,154.1625097854557,156.86090087890625,73938300
2023-03-22,156.88062840402722,159.67749219321786,155.41325242402124,155.43295288085938,75701800
2023-03-23,156.41776312286146,159.0964541870748,155.28521978995877,156.5162353515625,67622100
2023-03-24,156.44731907052963,157.9048374069247,155.4526638252611,157.8162078857422,59196500
2023-03-27,157.5109061704178,158.32830230982592,155.47233717929535,155.87611389160156,52390300
2023-03-28,155.57082346557496,156.0829301456233,153.6110412861723,155.25567626953125,45992200
2023-03-29,156.94956160428092,158.60405440029712,156.92987617396892,158.32830810546875,51305700
2023-03-30,159.07676882534926,160.0024950198449,158.8207229739758,159.8941650390625,49501700
2023-03-31,159.97295363930863,162.49407137264149,159.4510041879724,162.3955841064453,68749800
2023-04-03,161.7751332479675,163.76444342844442,161.725889623748,163.64627075195312,56976200
2023-04-04,164.06977129650792,164.3061166832112,162.60239523685718,163.114501953125,46278300
2023-04-05,162.23803059475318,162.54332009164784,159.34267919173706,161.2729034423828,51511700
2023-04-06,159.96306777674639,162.45465692468338,159.5396056660462,162.15921020507812,45390100
2023-04-10,158.96843186504725,159.5691680908203,157.6487867222166,159.5691680908203,47716900
2023-04-11,159.88431146406083,159.89415417908276,158.07224508795338,158.35784912109375,47644200
2023-04-12,158.77145737665472,159.59869619161648,157.35332510698044,157.66847229003906,50133100
2023-04-13,159.1752417539843,163.28190788405584,158.96842452673738,163.04554748535156,68445600
2023-04-14,162.09027277975596,163.794009087704,161.33197803499354,162.70086669921875,49386500
2023-04-17,162.5826774005875,162.8781241294329,161.53877864877254,162.72055053710938,41516200
2023-04-18,163.57733566867122,164.86743742961687,163.13415809407996,163.94171142578125,49923000
2023-04-19,163.28189796071484,165.60605581206516,163.0258371209191,165.0841064453125,47720200
2023-04-20,163.56749547193866,165.32046042282218,163.04554607797024,164.11898803710938,52456400
2023-04-21,162.5432913390932,163.9220227028112,161.991798793606,162.5137481689453,58337300
2023-04-24,162.49405610505224,163.0849495926161,161.40091367199096,162.8190460205078,41949600
2023-04-25,162.68117729099055,163.78416246885476,161.24334444666383,161.28274536132812,48714100
2023-04-26,160.58353763858076,162.76982277852977,160.327491776325,161.2729034423828,45498800
2023-04-27,162.68118215487013,165.99999552987848,162.68118215487013,165.85227966308594,64902300
2023-04-28,165.93108244036668,167.2704281940491,165.33034614583897,167.10299682617188,55275900
2023-05-01,166.7090081075067,167.86123657890911,166.0787289002342,167.01429748535156,52472900
2023-05-02,167.50674796522142,167.76280882251325,164.9954731830596,165.98028564453125,48425700
2023-05-03,166.92572910723644,168.32416114075937,164.6212713207429,164.9068603515625,65136000
2023-05-04,162.38573893481126,164.50307988258416,161.81454585901537,163.27206420898438,81235400
2023-05-05,168.3832383689214,171.65282310766082,168.1665784150509,170.9339141845703,113453200
2023-05-08,169.8604771504957,171.20968066353447,169.49610128833427,170.864990234375,55962800
2023-05-09,170.42181373691182,170.90436226614003,168.9938385535857,169.1612548828125,45326900
2023-05-10,170.39224965147537,171.38690478906514,169.28924951921832,170.92404174804688,53724500
2023-05-11,171.20964753246403,171.93839911576495,169.5551548305296,171.1111602783203,49514700
2023-05-12,171.2196142676148,171.6535334613317,168.63584185680983,170.18414306640625,45533100
2023-05-15,170.76601261404946,170.815324358024,169.09937498339835,169.6910858154297,37266700
2023-05-16,169.61219003463674,170.74628490689332,169.42481443623242,169.6910858154297,42110300
2023-05-17,169.3360433616003,170.53916250241704,168.06386972955488,170.302490234375,57951600
2023-05-18,170.60822168470452,172.8172584115987,170.1940301198803,172.6298828125,65496700
2023-05-19,173.95134816577144,173.95134816577144,172.5213979143073,172.7383575439453,55809500
2023-05-22,171.57466634347682,172.2945846931845,171.0519949677244,171.7916259765625,43570900
2023-05-23,170.7364116817252,170.9829553293692,168.9119826700276,169.1881103515625,50747300
2023-05-24,168.7245872835419,170.03620114077688,168.16247565777167,169.46421813964844,45143500
2023-05-25,170.02639025907388,171.49578098867764,169.3163432435991,170.59837341308594,56058300
2023-05-26,170.92380920574092,173.33993425328168,170.71670589408566,173.00462341308594,54835000
2023-05-30,174.5135048279025,176.51543853230316,174.1288972454766,174.8488006591797,55964400
2023-05-31,174.87831898039528,176.8703956050701,174.31619231465004,174.79942321777344,99625300
2023-06-01,175.24323239604442,177.62977324467488,174.4838737017158,177.60018920898438,68901800
2023-06-02,178.52719900186148,179.26683000310032,176.7816656255451,178.44830322265625,61996900
2023-06-05,180.1050954524954,182.39301299737724,175.57854201305094,177.09725952148438,121946500
2023-06-06,177.4818481362361,177.62976831057978,174.97695616659206,176.73236083984375,64848400
2023-06-07,175.97299569419778,178.70470351330488,174.8684849721747,175.361572265625,61944600
2023-06-08,175.44046308150416,178.33981894141047,175.0065588784877,178.0735626220703,50214900
2023-06-09,178.99070336218668,179.71060666093933,178.13273621096323,178.4581756591797,48900000
2023-06-12,178.7638742754878,181.34764691680866,178.468018885392,181.2490234375,54274900
2023-06-13,180.27273686584886,181.60406367252176,179.91771337450308,180.7756805419922,54929100
2023-06-14,180.83483150172444,181.84073380664427,179.50350482104812,181.4068145751953,57462900
2023-06-15,181.4166932611595,183.94129793003785,181.23917400121888,183.43833923339844,65433200
2023-06-16,184.1483615118621,184.40477651433866,181.72238065098958,182.36338806152344,101256200
2023-06-20,181.86046794433722,183.52710548415504,181.86046794433722,182.45216369628906,49799100
2023-06-21,182.3436478270068,182.84660642171352,180.06558727963176,181.41665649414062,49515700
2023-06-22,181.19973368511316,184.46396933431626,181.13069423738702,184.41465759277344,51245300
2023-06-23,182.98470820219737,184.96691381940127,182.45216546765664,184.0990753173828,53117000
2023-06-26,184.24700235631448,185.4501365723536,182.6691169769034,182.7085723876953,48088700
2023-06-27,183.31997931240525,185.78541559077308,183.10301971608257,185.45997619628906,50730800
2023-06-28,185.33180236622022,187.2745677103686,185.00637796044083,186.63356018066406,51216800
2023-06-29,186.4658979165552,187.4422162021352,186.32783407243755,186.96884155273438,46347300
2023-06-30,188.98065447297634,191.79124321876165,188.61575961709715,191.28829956054688,85213200
2023-07-03,191.10093714903454,191.19956064074086,189.10885998965753,189.7991943359375,31458200
2023-07-05,188.92148652956726,190.31198136153697,187.98460856583768,188.68479919433594,46920300
2023-07-06,187.21540718494302,189.36527592182694,186.58425595947688,189.15817260742188,45094300
2023-07-07,188.7636804868427,190.0062550438309,187.60985803081866,188.04376220703125,46815000
2023-07-10,186.6433878022031,187.36330604998784,184.45407912216882,186.00238037109375,59922200
2023-07-11,186.5447914459214,186.68285528837708,184.02018687082855,185.47972106933594,46638100
2023-07-12,187.05759515232103,189.04967210294507,185.86433228601203,187.1463623046875,60750200
2023-07-13,187.86624506525828,188.5467078881079,187.15619821079162,187.9056854248047,41342300
2023-07-14,187.59997248992855,188.53683526319492,187.00827681367923,188.05361938476562,41616200
2023-07-17,189.24689758888442,191.63345333608896,189.15814548736353,191.30801391601562,50520200
2023-07-18,190.6768691009351,191.64331601668746,189.75971887799713,191.05160522460938,48288200
2023-07-19,190.4303150490968,195.48938034906212,189.9865244553515,192.4026641845703,80507300
2023-07-20,192.39282446393295,193.75375040663724,189.8386355247165,190.45993041992188,59581200
2023-07-21,191.41650251566858,192.2744696321092,188.5861710830146,189.28636169433594,71951700
2023-07-24,190.73603816687742,192.21530010696893,189.59207198839397,190.0851593017578,45377800
2023-07-25,190.65713123041024,191.75178560391285,190.2527960456413,190.943115234375,37283200
2023-07-26,190.9924473358141,192.93521264770516,190.64729522856234,191.81097412109375,47471900
2023-07-27,193.30993672945922,194.47361545879667,189.88790988625553,190.54864501953125,47460200
2023-07-28,191.97860770429688,193.91151654263126,191.4559363697747,193.12257385253906,48291400
2023-07-31,193.34940127389015,193.77346420221568,192.56045853696887,193.7340087890625,38824100
2023-08-01,193.52690392813534,194.0101198390568,192.58016971551623,192.90560913085938,35175100
2023-08-02,192.3434921357412,192.48155598125388,189.19760772385698,189.91751098632812,50389300
2023-08-03,188.92151753100373,189.71044534890663,188.05367887391031,188.52703857421875,61235200
2023-08-04,182.95510234495143,184.78938756590674,179.4048680308995,179.47390747070312,115956800
2023-08-07,179.6119861039443,180.59816071157974,174.89807268327345,176.37733459472656,97576100
2023-08-08,177.205713919119,177.77769698523286,175.12488493894773,177.31419372558594,67823000
2023-08-09,178.3693964131728,178.42856448196,174.56276182695083,175.72645568847656,60378500
2023-08-10,176.9986245515979,178.25107058876787,175.14462641506705,175.50950622558594,54686900
2023-08-11,175.10461152163393,176.38835756307438,174.34422750725284,175.5687255859375,52036700
2023-08-14,175.74653589173266,177.44504830503124,175.0947779746906,177.21792602539062,43675600
2023-08-15,176.64514364841483,177.23763842738072,174.8380051896738,175.23300170898438,43622600
2023-08-16,174.9169842350172,176.30935657463468,174.29485048513217,174.36398315429688,46964900
2023-08-17,174.92688028330798,175.29225282363015,171.31260330101006,171.82611083984375,66062900
2023-08-18,170.14735612669347,172.9123770667114,169.8116075662743,172.30999755859375,61172200
2023-08-21,172.88274314562352,173.92949746098708,171.56935789788312,173.6431121826172,46311900
2023-08-22,174.8478727981476,175.46012191641384,174.04799506153495,175.0157470703125,42038900
2023-08-23,176.28962468028294,179.28176749229362,176.1019960768648,178.8571319580078,52722800
2023-08-24,178.41275636104422,178.83739189345877,173.81097351698816,174.17636108398438,54945800
2023-08-25,175.1638506244018,176.91172570988553,173.62334339807447,176.37847900390625,51449600
2023-08-28,177.8400250704037,178.33377827348758,176.31927183489213,177.93878173828125,43820700
2023-08-29,177.45488030453177,182.58991008586239,177.2573820568172,181.8196563720703,53003900
2023-08-30,182.62943856671393,185.5030858470339,182.43194029759772,185.30557250976562,60813900
2023-08-31,185.4931879048022,186.75719481874472,185.13768501849643,185.52281188964844,60794500
2023-09-01,187.1225500051064,187.54717042646476,185.92766090669275,187.09292602539062,45766500
2023-09-05,185.92768366781115,187.6064413525269,185.26605625958229,187.32994079589844,45280000
2023-09-06,186.0462022000218,186.49059214043663,179.20278998997966,180.6248016357422,81755800
2023-09-07,172.99135904079122,175.98351721110967,171.3718491931888,175.3416290283203,112488800
2023-09-08,176.12176201867752,177.98814840122637,175.56874581023814,175.95387268066406,65551300
2023-09-11,177.82026144859472,178.0473836718388,175.1243584797436,177.11912536621094,58953100
2023-09-12,177.24751388848827,177.87951732730735,172.6358612060169,174.0973663330078,90370200
2023-09-13,174.30474566083996,175.0848841389881,171.80635572558617,172.0334930419922,84267900
2023-09-14,171.82610607332606,173.89987544974738,171.41135521167203,173.54437255859375,60895800
2023-09-15,174.2750911398521,174.29484548306786,171.64833608181547,172.82345581054688,109259500
2023-09-18,174.2751007250675,177.13887792290447,173.9689761950564,175.74649047851562,67257600
2023-09-19,175.30212586469654,177.38576479928514,174.91699900323943,176.832763671875,51826900
2023-09-20,177.0203732393163,177.45487842056565,173.20859833310675,173.2974853515625,58436200
2023-09-21,172.36922214048295,174.0973581099587,171.6878404044714,171.7569580078125,63149100
2023-09-22,172.4877052502978,174.86759879629756,171.87545623128412,172.606201171875,56725400
2023-09-25,172.02356483056997,174.7589610297227,171.97418651044094,173.8800811767578,46172700
2023-09-26,172.63585300181884,173.01109513731117,169.51532957863083,169.81158447265625,64588900
2023-09-27,170.4633463371719,170.87809720821267,166.93795639924983,168.3007049560547,66921800
2023-09-28,167.22430983558627,169.88070413963854,165.52579782856736,168.5574493408203,56294400
2023-09-29,169.87084635964763,170.90773103963988,168.21182785802986,169.0709686279297,51861100
2023-10-02,169.0808037676989,172.12232450994816,168.79441854678254,171.57919311523438,52164500
2023-10-03,170.1078434596355,171.46073744550782,168.6858469308082,170.24609375,49594600
2023-10-04,168.95244285882518,172.03347264460572,168.83394692911625,171.49034118652344,53020300
2023-10-05,171.61874445939648,173.25800883188634,170.52261166431626,172.72476196289062,48527900
2023-10-06,171.62862082907643,175.76627518846593,171.01635659512883,175.27252197265625,57266700
2023-10-09,174.6010122921434,176.81303215553828,173.6036362062995,176.7537841796875,42390800
2023-10-10,175.87486944103904,177.4746247468579,175.72673446240606,176.16123962402344,43698000
2023-10-11,175.9736185461729,177.60301297187604,175.3811238107674,177.5536346435547,47551100
2023-10-12,177.82026707710477,180.06189553412176,176.80312172309905,178.4522705078125,56743100
2023-10-13,179.15340788479125,179.65703072033497,175.91438812346496,176.6155242919922,51427100
2023-10-16,174.5417330268598,176.84262444155877,174.3047260977915,176.48712158203125,52517000
2023-10-17,174.44298390478113,176.19087429527403,172.61610626933813,174.93673706054688,57549400
2023-10-18,173.3863659573123,175.36137864838344,172.9222367694585,173.6431121826172,54764400
2023-10-19,173.84060845589931,175.61812287122567,173.00123711265553,173.2678680419922,59302900
2023-10-20,173.11974130623128,173.2283676109075,170.48310107616433,170.72010803222656,64244000
2023-10-23,168.77470794688867,171.8359684831129,167.80694090892598,170.83859252929688,55980100
2023-10-24,170.8879597127696,171.50020876645127,169.3079436842464,171.27308654785156,43816600
2023-10-25,169.73259505065448,170.89784530264086,168.51795139973865,168.96234130859375,57157000
2023-10-26,168.24146504420852,169.23885617849143,163.6001878537521,164.80494689941406,70625300
2023-10-27,164.82465548430088,166.8490461099926,164.74565318394508,166.1182861328125,58499100
2023-10-30,166.90833803254793,169.03147079181505,166.76020302980592,168.16246032714844,51131000
2023-10-31,167.23417191335412,168.76479438569402,165.8022759466135,168.6364288330078,44846000
2023-11-01,168.86356825336904,172.0532092124064,167.99455793411695,171.7964630126953,56934900
2023-11-02,173.32711052996643,175.5588693503195,173.26786256268767,175.35150146484375,77334800
2023-11-03,172.06309922812656,174.61086723243213,171.1842192438163,174.44297790527344,79829200
2023-11-06,174.17636920813592,177.18825142381783,174.00849494223715,176.99075317382812,63841300
2023-11-07,176.94138484513783,180.1606652677133,176.7340169447808,179.5484161376953,70530000
2023-11-08,180.07177947416378,181.15802736111343,179.32126504404005,180.6050262451172,49340300
2023-11-09,180.67414339377055,181.81963914926845,179.5385022077218,180.13101196289062,53763500
2023-11-10,181.9108804268445,184.48178544542026,181.475802800193,184.3136749267578,66133400
2023-11-13,183.74018560328048,183.94782669363863,182.1482051958573,182.73159790039062,43627500
2023-11-14,185.59914075952597,186.0045554032819,184.21481647353394,185.34205627441406,60108400
2023-11-15,185.7474572062222,187.3789832148446,185.67823345303117,185.90565490722656,53790500
2023-11-16,187.44820698590362,188.82264852852316,186.5384909930313,187.58663940429688,54412900
2023-11-17,188.1206090057824,188.24915879673333,186.45941980581802,187.56687927246094,50922700
2023-11-20,187.76462241033667,189.7620174322178,187.75473976876387,189.30715942382812,46505100
2023-11-21,189.2676114417462,189.37638084971888,187.61630503925363,188.5062255859375,38134500
2023-11-22,189.34672485819107,190.77059476808083,188.69410838615653,189.16873168945312,39617700
2023-11-24,188.73367065803237,188.76333367409984,187.13180743837248,187.84375,24048300
2023-11-27,187.79429075090235,188.5358962659671,186.7857030257735,187.66574096679688,40552600
2023-11-28,187.65584993609482,188.9413024556769,187.2800983304318,188.26890563964844,38415400
2023-11-29,188.76331653900834,189.93999969621768,186.85492560121705,187.2504425048828,43014200
2023-11-30,187.71515943504943,188.18979776505014,186.08363355367433,187.8239288330078,48794400
2023-12-01,188.19971472368132,189.4159436040849,187.11202054575708,189.0995330810547,45704800
2023-12-04,187.85361573572166,187.9228394923183,185.35193435249073,187.3097686767578,43389500
2023-12-05,188.08104861869373,192.22413865175915,188.05137051787239,191.25511169433594,66628400
2023-12-06,192.2735994925461,192.5801273781731,189.95979375458376,190.16744995117188,41089700
2023-12-07,191.4627754603769,192.817436726138,191.42321471638212,192.09561157226562,47477700
2023-12-08,192.0263919187675,193.79636559429088,191.50232520965804,193.51950073242188,53406400
2023-12-11,190.9485830810774,191.3243346926335,189.27749628821252,191.01779174804688,60943700
2023-12-12,190.91893974997748,192.54058332617893,189.5741610462004,192.53070068359375,52696900
2023-12-13,192.90642113434447,195.78385412672148,192.66911702808835,195.7443084716797,70404200
2023-12-14,195.80360435764135,197.38568681182426,193.96442237725344,195.89259338378906,66831600
2023-12-15,195.31908184148628,196.1793392633754,194.79501524102506,195.358642578125,128538400
2023-12-18,193.8952224343076,194.4291868327445,192.21425301938103,193.6974639892578,55751900
2023-12-19,193.96443406555753,194.74558515548247,193.69745188302565,194.73570251464844,40714100
2023-12-20,194.69616113684165,195.46742966263125,192.6493377685547,192.6493377685547,52242800
2023-12-21,193.90511142023345,194.87413831888384,191.33420648650613,192.50099182128906,46482500
2023-12-22,192.9953923922105,193.22282892375426,190.81013681243016,191.43309020996094,37149600
2023-12-26,191.4429660781885,191.71983089218512,190.67169765519787,190.8892364501953,28919300
2023-12-27,190.3355425015734,191.33423254727063,188.95120308408815,190.98814392089844,48087700
2023-12-28,191.96707508718282,192.48125917871982,191.0079306668944,191.41334533691406,34049900
2023-12-29,191.7297067892047,192.22411038080966,189.5839970121992,190.3750457763672,42672100
2024-01-02,185.05528848269014,186.33085840634024,181.83178197139316,183.56219482421875,82488700
2024-01-03,182.15808112880916,183.79950485996184,181.37691491631995,182.187744140625,58414500
2024-01-04,180.11123597031312,181.04071720671112,178.85546161628733,179.87393188476562,71983600
2024-01-05,179.95304619735901,180.7144169560074,178.15340966673114,179.152099609375,62379700
2024-01-08,180.05193047893468,183.52265400582175,179.46853775144191,183.48309326171875,59144500
2024-01-09,181.86141829199212,183.0776469225398,180.68473531069785,183.06776428222656,42841800
2024-01-10,182.28666173303466,184.31370496059992,181.86146667843008,184.10606384277344,46792900
2024-01-11,184.45212033242825,184.9564217479187,181.56480461990643,183.51275634765625,49128400
2024-01-12,183.97749798089004,184.64989484239166,183.11724039185432,183.8390655517578,40477800
2024-01-16,180.12114381484557,182.1976301200088,178.90489995610474,181.57469177246094,65603000
2024-01-17,179.24110807963172,180.8825167727283,178.281963767062,180.63531494140625,47317400
2024-01-18,184.0071435872404,187.02300881659582,183.75005912545993,186.5187225341797,78005800
2024-01-19,187.21088801676132,189.80155831594578,186.70660172518024,189.41592407226562,68903000
2024-01-22,190.14764863184953,193.14373357255337,190.10808789018887,191.7198486328125,60133900
2024-01-23,192.8371789062756,193.55900391718882,191.6604959575266,192.99537658691406,42355600
2024-01-24,193.23271418014866,194.18197579456825,192.16480052192722,192.32301330566406,53631300
2024-01-25,193.03497008475262,194.07322080915367,190.94858599423335,191.99671936035156,54822100
2024-01-26,192.09559590318426,192.58010181757646,189.7916731135176,190.26629638671875,44594000
2024-01-29,189.86087972294905,190.04875551955823,187.4580852833725,189.58401489257812,47145600
2024-01-30,188.80285272092348,189.65322753238257,185.37169046557113,185.935302734375,55859400
2024-01-31,184.94652570867123,185.00586682539145,182.28664653050623,182.33607482910156,55467800
2024-02-01,181.93068222666935,184.85754373397813,181.7625867762094,184.7685546875,64885400
2024-02-02,177.84687547061628,185.2332669548565,177.24370243482153,183.76983642578125,102551700
2024-02-05,186.04407104136263,187.13176501057416,183.75992879401906,185.57933044433594,69668800
2024-02-06,184.76852130142626,187.19109601961685,184.67953227102765,187.18121337890625,43490800
2024-02-07,188.50622203381667,188.91163664571195,186.49894443287428,187.2899932861328,53439000
2024-02-08,187.27023532431497,187.41855040104747,185.25307484073457,186.21221923828125,40962000
2024-02-09,186.77655292696195,188.10325716765925,186.1330139747395,186.97457885742188,45155200
2024-02-12,186.54881961012742,186.79633688725167,184.93500212895557,185.2914276123047,41781900
2024-02-13,183.92513863049606,184.36077144619387,181.68757282391297,183.20237731933594,56529500
2024-02-14,183.47959151637605,183.68749754312392,180.6281880058035,182.32119750976562,54630500
2024-02-15,181.72721485910492,182.6578823763882,179.54906551856882,182.0341339111328,65434500
2024-02-16,181.59845842120637,183.0142649801448,179.86583763061847,180.49948120117188,49752500
2024-02-20,179.98465441119404,180.6182980286837,178.2124373755958,179.75694274902344,53665600
2024-02-21,180.13315310757224,181.0737156195715,178.8658660184515,180.50938415527344,41371400
2024-02-22,181.65785591778803,183.12316891523534,180.6479964148563,182.5390167236328,52292200
2024-02-23,183.1726595934398,183.20236045475278,180.4202689919066,180.7073974609375,45119700
2024-02-26,180.43019254491847,180.9450175834942,178.85597124394113,179.3609161376953,40867400
2024-02-27,179.30152539649055,182.09351248592515,177.77681047698752,180.8163299560547,54318900
2024-02-28,180.69750358801915,181.30144633523983,178.34114943443706,179.6183319091797,48953900
2024-02-29,179.46981142225187,180.75690414056305,177.74708592784262,178.95497131347656,136682600
2024-03-01,177.76688526684862,178.73714862022334,175.6184374307493,177.87579345703125,73563100
2024-03-04,174.40064432483445,175.14319605787904,172.06408093389737,173.361083984375,81510100
2024-03-05,169.0641855800497,170.33147275577412,167.93550746706842,168.4305419921875,95132400
2024-03-06,169.3612273012443,169.53944760498507,167.00485787713032,167.44049072265625,68587700
2024-03-07,167.47017484778516,169.0344857697736,166.81674075207243,167.32167053222656,71765100
2024-03-08,167.32166963491963,171.9749911536114,167.26226790901475,169.03448486328125,76267000
2024-03-11,171.2225546353428,172.6482565736913,170.34139373001014,171.03443908691406,60139500
2024-03-12,171.43043622416553,172.30170175265368,169.3116892312768,171.5096435546875,59825400
2024-03-13,171.05425482761498,171.4700820663792,169.06420612614593,169.4305419921875,52488700
2024-03-14,171.19284931228447,172.57893998999515,170.34138929390355,171.28195190429688,72913500
2024-03-15,169.47011882986195,170.9057159423828,168.59885322457814,170.9057159423828,121752700
2024-03-18,173.82641511894556,175.94516209588443,171.79677072295308,171.99478149414062,75604200
2024-03-19,172.6086493883763,174.8561105550952,171.31166123855039,174.3313751220703,55215200
2024-03-20,173.97495931074826,176.89566040039062,173.35121088659923,176.89566040039062,53423100
2024-03-21,175.29173693263047,175.72736975318543,169.14340118299,169.6681365966797,106181300
2024-03-22,170.05425166968308,171.33144918231721,168.37113733503185,170.569091796875,71160100
2024-03-25,168.87608692531137,170.2324767040703,167.76719930445816,169.15330505371094,54288300
2024-03-26,168.3117563520967,169.71765273934344,167.89592911986227,168.02464294433594,57388400
2024-03-27,168.71767294274684,171.87599567632833,168.42064920188324,171.5888671875,60273300
2024-03-28,170.04434616825796,170.51957504542207,168.8166552027259,169.7770233154297,65672700
2024-04-01,169.48991432845702,169.54931605122675,167.79688969325008,168.3414306640625,46240500
2024-04-02,167.40087579338118,167.65828830624176,166.55931106297376,167.1632537841797,49329500
2024-04-03,167.11373478373662,168.98496453257434,166.90582876011774,167.96519470214844,47691700
2024-04-04,168.59885072968464,170.21266810452119,167.14346313476562,167.14346313476562,53704400
2024-04-05,167.90578453281648,168.6978426903414,167.27214102824712,167.89588928222656,42104800
2024-04-08,167.35135668326646,167.51966659518817,166.5692088446593,166.77711486816406,37425500
2024-04-09,167.02464767080627,168.39094781013864,166.67813256359855,167.98501586914062,42373800
2024-04-10,167.12364410431726,167.41075745661644,165.4504251384005,166.11376953125,49709300
2024-04-11,166.66822184170525,173.7175238179071,166.49001666248702,173.3016815185547,91070300
2024-04-12,172.5294554564089,176.58874526879183,172.47996408161129,174.79672241210938,101670900
2024-04-15,173.6185038309996,174.8758957155582,170.78690583147454,170.9750213623047,73531800
2024-04-16,170.0443499195711,172.03438316124112,166.59891404642835,167.69789123535156,73711200
2024-04-17,167.92563121825307,168.95529649982927,166.3316192626953,166.3316192626953,50901200
2024-04-18,166.36129252101995,166.96523521407434,164.8959946340493,165.38111877441406,43122900
2024-04-19,164.559379327856,164.74747975255278,162.45052746983075,163.36138916015625,68149400
2024-04-22,163.87623994630854,165.59895049362888,163.1336881290828,164.19305419921875,48116400
2024-04-23,163.70794332424896,165.39105789202225,163.2822057253187,165.24253845214844,49537800
2024-04-24,164.88609429896647,167.6186945681344,164.55938480415762,167.3414764404297,48251800
2024-04-25,167.84640961058278,168.9156860278579,166.4801094484109,168.2028350830078,50558300
2024-04-26,168.19292468782604,169.63841695172266,167.49986430971396,167.61868286132812,44838400
2024-04-29,171.64826373021612,174.28185098854456,171.38095596804143,171.7769775390625,68169400
2024-04-30,171.6086653165762,173.25218351807536,168.31173366197407,168.63845825195312,65934800
2024-05-01,167.8959009696714,170.9948217396029,167.43056733625505,167.61868286132812,50383100
2024-05-02,170.79682058773386,171.69778712393833,169.19291342760516,171.31166076660156,94214900
2024-05-03,184.7963833456082,185.14291355827163,180.84601747897057,181.55886840820312,163224100
2024-05-06,180.5390848280799,182.37070337959045,178.62824383792136,179.9054412841797,78569700
2024-05-07,181.62815272879564,183.0637497391675,179.5193160584302,180.5885772705078,77305800
2024-05-08,181.03414013837894,181.25195654794928,179.6480343404535,180.92523193359375,45057100
2024-05-09,180.74701199258516,182.82616313989396,180.30148392023486,182.737060546875,48983000
2024-05-10,183.31206939842306,183.50044009541958,180.56586910059414,181.47796630859375,50759500
2024-05-13,183.84742393900163,185.4931713127623,183.03445892506747,184.68020629882812,72044800
2024-05-14,185.89964252722956,186.68286641073877,184.69011878206607,185.82032775878906,52393600
2024-05-15,186.2962297111884,189.01268886802714,185.76085876781028,188.09068298339844,70400000
2024-05-16,188.83421956137332,189.45881387860598,188.03117836935675,188.20962524414062,52845200
2024-05-17,187.88248620977504,189.17132485957902,187.55531842828847,188.23939514160156,41282900
2024-05-20,187.7040166341828,190.27176982167657,187.38675756521698,189.39932250976562,44361300
2024-05-21,189.44893121149715,191.07484642166347,189.28039297280435,190.6981201171875,42309400
2024-05-22,190.6187885434668,191.16406816634918,188.63596455316463,189.2605438232422,34648500
2024-05-23,189.3398501117122,189.35968258649532,185.02721720275102,185.2750701904297,51005900
2024-05-24,187.19840810516956,188.94328765804346,186.42509288132968,188.3484344482422,36327000
2024-05-28,189.86530324069457,191.3425125399711,187.4760118609873,188.35836791992188,52280100
2024-05-29,187.98162409974876,190.59895109353056,187.8824768517226,188.65577697753906,53068000
2024-05-30,189.12173915319045,190.52954231443272,188.99286588586446,189.64718627929688,49889100
2024-05-31,189.7959119633218,190.9162123421418,188.27905284340878,190.5989532470703,75158300
2024-06-03,191.24334718637152,193.31540952983562,190.86662095571478,192.3636474609375,50080500
2024-06-04,192.96842627855952,193.64259428823095,191.3722523931234,192.68092346191406,47471400
2024-06-05,193.7218709101011,195.20898869639487,193.19642383583022,194.18783569335938,54156800
2024-06-06,194.0094143560484,194.8124556459051,192.5024638984892,192.80979919433594,41181800
2024-06-07,192.978343568532,195.2486855650071,192.47272888451312,195.19911193847656,53103900
2024-06-10,195.20900753042525,195.60558138834554,190.49980075281104,191.4614715576172,97010200
2024-06-11,191.98692512163242,205.38091074009856,191.96710777388114,205.37098693847656,172373300
2024-06-12,205.58908283581826,218.30889945026047,205.1231180281253,211.24014282226562,198134300
2024-06-13,212.8957913864929,214.88852380834695,209.782758705521,212.40008544921875,97862700
2024-06-14,212.01348218469204,213.3221382813042,209.4853783214494,210.6651611328125,70122700
2024-06-17,211.5375569916551,217.06963733267014,210.8931452933454,214.80921936035156,93728300
2024-06-18,215.7213082393038,216.7523850703462,211.17073132176122,212.44964599609375,79943300
2024-06-20,212.0927425591543,212.4000929584359,207.05638337080816,207.87924194335938,86172500
2024-06-21,208.58314195009936,210.0702597495804,205.3313122387871,205.7080535888672,241805100
2024-06-24,205.93610206103614,210.87332959032133,204.8158016590104,206.3524932861328,80727000
2024-06-25,207.35382052419757,209.56468024841507,206.8184646829133,207.27452087402344,55549700
2024-06-26,209.68363861405976,213.0147835489249,208.83102368645302,211.41860961914062,66213200
2024-06-27,212.8462361886446,213.88722177256454,210.5263358320774,212.2613067626953,49772700
2024-06-28,213.91695291908772,214.21437951883613,208.4939285392998,208.81117248535156,82542700
2024-07-01,210.26855134899324,215.64200216221636,210.10001313722785,214.88853454589844,60402900
2024-07-02,214.2936836981781,218.4873670751859,213.25271326862932,218.37831115722656,58046200
2024-07-03,218.11063203893852,219.64732360839844,217.1489612238199,219.64732360839844,37369800
2024-07-05,219.7464397478406,224.5052198536283,219.7464397478406,224.3961639404297,60412400
2024-07-08,225.13976841246964,225.89325128438546,221.3327496086511,225.86351013183594,59085900
2024-07-09,225.97252074204383,227.42989753320916,224.4259205051531,226.71607971191406,48076100
2024-07-10,227.3307677065015,231.0783037422216,227.28119408246098,230.97915649414062,62627700
2024-07-11,229.40280147827102,230.39421338925845,223.83107137940016,225.61561584472656,64710600
2024-07-12,226.95403700304678,230.64209091466597,226.71609267309665,228.56011962890625,53046500
2024-07-15,234.44911702590872,235.19267606238645,231.08823078613918,232.38697814941406,62631300
2024-07-16,232.98180687397965,234.24090427881208,230.33473879844306,232.80335998535156,43234300
2024-07-17,227.47946461019197,229.47221227385296,224.69359950369105,226.91436767578125,57345900
2024-07-18,228.3023336745397,228.46096321097224,220.36112971273346,222.2547149658203,66034600
2024-07-19,222.88925101284036,224.85224251867803,221.36246807560826,222.3836212158203,49151500
2024-07-22,225.06041535891617,225.82380677595344,221.174082433242,222.03662109375,48201800
2024-07-23,222.44310313331528,224.9910392063895,220.7676144514488,223.07760620117188,39960300
2024-07-24,222.07629380801336,222.86942645430565,215.2652980307627,216.66317749023438,61777600
2024-07-25,217.0497975364767,218.95332167523742,212.77681471652627,215.62217712402344,51391200
2024-07-26,216.8217851678197,217.6050090608147,214.15488466672127,216.08815002441406,41601300
2024-07-29,215.09674706599597,217.41664743865044,213.8971319294418,216.36575317382812,36311800
2024-07-30,217.3075789949067,218.43778796730905,214.2639371695869,216.92092895507812,41643800
2024-07-31,219.53827220377053,221.89783756706774,218.73523091700034,220.1727752685547,50036300
2024-08-01,222.44309097566543,222.55214689360594,215.15622233135366,216.48471069335938,62501000
2024-08-02,217.26793834308685,223.66255798049997,215.8403177402066,217.9718475341797,105568600
2024-08-05,197.3802115476467,211.6664621054212,194.3167520967801,207.47279357910156,119548600
2024-08-06,203.53686913101606,208.18659343179937,199.34320096724198,205.45028686523438,69660500
2024-08-07,205.12313014700663,211.80525225793107,204.61751548926864,208.01806640625,63516400
2024-08-08,211.27980900719393,212.36044444161047,207.0365669160157,211.47808837890625,47161100
2024-08-09,210.27850449568905,214.91830568661297,210.149616086692,214.38294982910156,42201600
2024-08-12,214.46232494953352,217.8767166928247,213.99582080224636,215.9114532470703,38028100
2024-08-13,217.38044783379533,220.23902400333975,217.38044783379533,219.62364196777344,44155300
2024-08-14,218.9288446755302,221.37053243582614,218.06530765715263,220.07028198242188,41960600
2024-08-15,222.92884083716766,223.67326036559285,221.10252008370475,223.04794311523438,46414000
2024-08-16,222.25393109506462,225.1422830006272,221.98593577772976,224.3680877685547,44340200
2024-08-19,224.0405257400108,224.30852103873067,221.38045847347976,224.20925903320312,40687800
2024-08-20,224.09017687092657,225.4797542015927,223.7725505409132,224.8246612548828,30299000
2024-08-21,224.8346020684513,226.28373058529078,223.37553826276908,224.71548461914062,34765500
2024-08-22,226.09511339685906,226.64102413052154,222.2340576918725,222.859375,43695300
2024-08-23,223.98096305377334,226.52191275369313,222.66085720360698,225.1521759033203,38677300
2024-08-26,225.07279660900764,225.58893181224732,222.22415556593285,225.4896697998047,30602200
2024-08-27,224.31844891527626,227.14724957253156,223.21670725505913,226.33334350585938,35934600
2024-08-28,226.22414704916858,228.14971479709,224.0008084384826,224.80479431152344,38052200
2024-08-29,228.3879521456165,231.18696212304621,227.1770283167567,228.0802459716797,51906300
2024-08-30,228.47729089511273,228.6857199244299,225.787447784096,227.296142578125,52990800
2024-09-03,226.84946493362216,227.29611365629745,219.52437135882835,221.1124725341797,50190600
2024-09-04,220.01072730838987,220.1298295937355,215.86182100754215,219.20675659179688,43840200
2024-09-05,219.9809679444758,223.80231295165626,219.87178579311316,220.7253875732422,36615400
2024-09-06,222.2837029728863,223.56411324365834,218.13481142105056,219.177001953125,48423000
2024-09-09,219.17701543505086,219.6236642204836,215.09759492361837,219.26634216308594,67180000
2024-09-10,217.29111136152258,219.83206111139577,215.1174037589381,218.47225952148438,51591000
2024-09-11,219.81224273641337,221.4301044903715,216.26879790334314,221.00331115722656,44587100
2024-09-12,220.8444772424724,221.88666769221828,218.18442519080247,221.1124725341797,37455600
2024-09-13,221.91643313573508,222.3730019797634,220.25886075018875,220.84446716308594,36766600
2024-09-16,214.9288136198369,215.6037619118882,212.32831274384958,214.71046447753906,59357400
2024-09-17,214.14471619981742,215.28615358843467,212.904016801209,215.17697143554688,45519300
2024-09-18,215.9313221513165,221.05293280374121,215.92138686335736,219.04795837402344,59894900
2024-09-19,223.31597824995185,228.11004268622213,222.95865620671253,227.16709899902344,66781300
2024-09-20,228.25887899921625,231.35565937992675,225.92635842704388,226.50204467773438,318679900
2024-09-23,225.64849514744006,227.74279650292337,224.1298801756485,224.78497314453125,54146000
2024-09-24,226.94872814757065,227.64353192764617,224.05045616714196,225.67825317382812,43556100
2024-09-25,223.2564112941643,225.59885242729763,222.3531936181764,224.68569946289062,42308700
2024-09-26,225.608784129346,226.79985253593196,223.73284722402752,225.8271484375,36636700
2024-09-27,226.76013618443497,227.81224676693589,225.60876359989413,226.09510803222656,34026000
2024-09-30,228.32838978012126,231.26637268066406,227.94129216556473,231.26637268066406,54541900
2024-10-01,227.81225543239978,227.9412778656533,222.07526286618742,224.52688598632812,63285000
2024-10-02,224.20925878310885,225.67824256269316,221.360617941662,225.09263610839844,32880600
2024-10-03,223.46483520314058,225.12240767637772,221.65838486968212,223.9908905029297,34044200
2024-10-04,226.20430944090455,226.30357145139808,222.46237094034984,225.1125030517578,37245100
2024-10-07,222.8296172342201,224.01076551273388,219.68320530273118,220.04052734375,39505400
2024-10-08,222.63110049734397,224.298593199742,221.58890998571715,224.0901641845703,31855700
2024-10-09,223.554178398676,228.04055170887608,223.1571606453159,227.8321075439453,33591100
2024-10-10,226.0851959438118,227.7923994519787,225.47973405841245,227.3358154296875,28183500
2024-10-11,227.5939128444124,227.70309500312143,225.64848941975737,225.85693359375,31759200
2024-10-14,226.99836439928595,230.00581860221664,226.89911753216435,229.5790252685547,39882100
2024-10-15,231.87181141001133,235.72294688412148,230.64103225198252,232.1100311279297,64751400
2024-10-16,229.87678174389526,230.3929017691756,228.12986736523644,230.05543518066406,34082200
2024-10-17,231.6931740173152,232.11006236609234,228.80483716826546,230.42269897460938,32993800
2024-10-18,234.4226930307779,234.4226930307779,232.26884075534687,233.25148010253906,46431500
2024-10-21,232.7055644739604,235.08771628667242,232.7055644739604,234.720458984375,36254500
2024-10-22,232.14972869721714,234.46239402859047,230.8693336731526,234.10507202148438,38846600
2024-10-23,232.33831918874512,233.3904297884605,226.06533615950997,229.0430145263672,52287000
2024-10-24,228.26884002769643,229.10260155629064,226.710529416834,228.85446166992188,31109500
2024-10-25,228.03061417648678,231.48471683213373,227.86188088691335,229.6881866455078,38802300
2024-10-28,231.5839844241638,232.98348177622344,230.81970938626554,231.6633758544922,36087100
2024-10-29,231.36563017470797,232.5864741436605,230.59143496071306,231.93138122558594,35417200
2024-10-30,230.8792736886572,231.73287549326048,227.8420439394486,228.38795471191406,47070900
2024-10-31,227.63359787833264,228.11995749798112,223.69313535160188,224.2291259765625,64370100
2024-11-01,219.32588166379162,223.67329727363756,218.63109301833273,221.25144958496094,65276700
2024-11-04,219.34573920720757,221.13233427123137,218.07526420177624,220.35813903808594,44944500
2024-11-05,220.14971259990074,222.28370958768312,219.49461965793014,221.7874298095703,28111300
2024-11-06,220.95365355112233,224.38791581537038,219.54422098922427,221.06283569335938,54561100
2024-11-07,222.95864433437472,226.18446269494834,222.89909318788202,225.7874298095703,42137700
2024-11-08,225.72782337627459,227.20836966100222,224.97265364792685,225.5191650390625,38328800
2024-11-11,223.5715733715174,224.26712634517858,220.0937933412938,222.80645751953125,42005600
2024-11-12,223.1244332571579,224.15782408060912,221.94198562097503,222.80645751953125,40398300
2024-11-13,222.58787261698694,225.2111120360391,221.34580821096,223.69082641601562,48566200
2024-11-14,223.59146688403666,227.41701609796436,223.57158960851197,226.77114868164062,44923900
2024-11-15,224.96268496170848,225.4793879673537,222.84621765747355,223.5715789794922,47923700
2024-11-18,223.8199993254601,228.28149999782985,223.74050538640262,226.57241821289062,44633700
2024-11-19,225.53901477922054,228.6988344551977,225.22105418122663,226.8307647705078,36211800
2024-11-20,226.61215353970658,228.47027695087482,224.45593165289552,227.5461883544922,35169600
2024-11-21,227.42695953023323,228.69883223369175,224.2770861035494,227.06924438476562,42108300
2024-11-22,226.61216818417898,229.25528492407807,226.61216818417898,228.41067504882812,38168300
2024-11-25,229.99057974831032,231.7692092379923,228.28149797848934,231.39161682128906,90152800
2024-11-26,231.8487208075284,234.07450576495518,231.8487208075284,233.56773376464844,45986200
2024-11-27,232.9814664022851,234.1937224347506,232.32565277909848,233.43853759765625,33498400
2024-11-29,233.31931239062584,236.3002669685808,232.48464874765904,235.8233184814453,28481400
2024-12-02,235.76367580720535,239.26131787624368,235.65437354492806,238.06893920898438,48137100
2024-12-03,238.28756099978403,241.21882985808793,237.3833345065081,241.10952758789062,38861000
2024-12-04,241.32814402991647,242.56027739454964,239.7184333911867,241.46725463867188,44383900
2024-12-05,242.4410361127995,242.98753231090083,240.59284370740727,241.49705505371094,40033900
2024-12-06,241.36787220390693,243.07695387436263,240.5431396985891,241.29830932617188,36870600
2024-12-09,240.29475369946152,245.67041216886827,240.21525975684386,245.1835174560547,44649200
2024-12-10,245.32261857013248,246.63424582967986,243.7824557106041,246.19703674316406,36914800
2024-12-11,246.3858398593606,249.20780656351602,244.69662013013263,244.9251708984375,45205800
2024-12-12,245.32260415969785,247.1608653940442,244.1202792424049,246.3858184814453,32777500
2024-12-13,246.24673423955153,247.7073880681415,244.676762972136,246.5547637939453,33155300
2024-12-16,246.4156487620838,249.7841268474892,246.07779571830554,249.44627380371094,51694800
2024-12-17,248.49236434269267,252.21855739876366,248.19426586582333,251.8707733154297,51356400
2024-12-18,250.559158393614,252.66569465886903,246.16722071424974,246.47525024414062,56774100
2024-12-19,245.92873792847348,250.400169527173,245.5213371883983,248.20419311523438,60882300
2024-12-20,246.46529524609687,253.3811159043778,244.13022347118752,252.87435913085938,147495300
2024-12-23,253.15260355822258,254.02700659111463,251.84097626600598,253.64942932128906,40858800
2024-12-24,253.86798918256417,256.57070690893096,253.66924678278625,256.560791015625,23234700
2024-12-26,256.5508929178466,258.44877099351584,255.99445048269988,257.3756103515625,27237100
2024-12-27,256.19316170058187,257.05766400729357,251.45345479939442,253.96739196777344,42355300
2024-12-30,250.6287005424076,251.8906421270002,249.15810064436016,250.59889221191406,35557500
2024-12-31,250.83739579916153,251.6720594492945,247.84649497663966,248.83021545410156,39480700
2025-01-02,247.34966196417784,247.51859606258614,240.28481431614935,242.3019256591797,55740700
2025-01-03,241.81504821777344,242.629834626151,240.35437918764114,241.81504821777344,40244100
2025-01-06,242.75900387005615,245.7598357483754,241.6560500607284,243.4446258544922,45045600
2025-01-07,241.43743349025635,243.99112508347835,239.81779188041267,240.67233276367188,40856000
2025-01-08,240.38417847646193,242.1628232218062,238.52605495049286,241.1592254638672,37628900
2025-01-10,238.48630187104285,238.63535869995312,231.5208099984783,235.34637451171875,61710900
2025-01-13,232.04743903723335,233.18020116738663,228.26162915914,232.9119110107422,49630700
2025-01-14,233.25969544364762,234.62099318079112,230.99417118008773,231.7990264892578,39435300
2025-01-15,233.1503884256181,237.4429702030776,232.94171493841435,236.35987854003906,39832000
2025-01-16,235.84318609247865,236.49898454969573,226.58234697208553,226.81088256835938,71759100
2025-01-17,230.6463874145182,230.8153063545454,227.02949646555186,228.5199737548828,68488300
2025-01-21,222.5779137526142,222.9952455214703,217.98724913328002,221.22654724121094,98070400
2025-01-22,218.39466636780546,222.6971793763667,218.39466636780546,222.40902709960938,64126500
2025-01-23,223.3132578125695,225.58871322146769,220.88874557201237,222.2401123046875,60234800
2025-01-24,223.35297985225768,224.19758968028435,220.00437919561992,221.3656768798828,54697900
2025-01-27,222.59782027357136,230.67619691244207,222.55806572164707,228.40074157714844,94863400
2025-01-28,229.3844597561093,238.66516132615985,229.3447052045828,236.74740600585938,75707600
2025-01-29,232.63366934231402,238.33723404319062,232.52436707787834,237.8404083251953,45486100
2025-01-30,237.15477986216186,239.26131599650066,235.70405729633438,236.08163452148438,55658300
2025-01-31,245.62070152543137,245.62070152543137,231.9579942451269,234.50173950195312,100959800
2025-02-03,228.52991033796462,230.35822543026035,224.2671369795404,226.56246948242188,73063300
2025-02-04,225.80729852188347,231.64997406812495,225.21110156992967,231.3220672607422,45067300
2025-02-05,227.0791817096477,231.19289841511937,226.82083777153602,230.99417114257812,39620300
2025-02-06,229.8216550685821,232.31573010563136,228.96711414866223,231.73941040039062,29925300
2025-02-07,231.1233398047693,232.51444580894437,225.81722939017394,226.1848907470703,39707200
2025-02-10,228.36338248973718,229.378010419489,226.00582893863492,226.45346069335938,33115600
2025-02-11,227.00058728303875,233.99363668198936,226.93096309298542,231.39735412597656,53718400
2025-02-12,229.98480349517558,235.71453849328682,229.4675323792709,235.625,45243300
2025-02-13,235.66478598858163,241.06623819438488,234.33183277718044,240.260498046875,53614100
2025-02-14,239.98200861865794,244.2594111862318,239.72338062288463,243.3144073486328,40896200
2025-02-18,242.86674847770814,243.8913336127375,240.56889220053384,243.18507385253906,48822500
2025-02-19,243.37405904734027,244.7169542759842,241.88194311867716,243.58294677734375,32204200
2025-02-20,243.6525813389452,245.4829065325138,243.00598867544505,244.53790283203125,32316900
2025-02-21,244.6572756706751,247.38287960480025,243.93111682470231,244.25938415527344,53197400
2025-02-24,243.64264638435856,247.55199828948733,243.1353323966777,245.80125427246094,51326400
2025-02-25,246.69652285022872,248.68601093773057,243.62276739789988,245.74156188964844,48013300
2025-02-26,243.04579925662603,243.6923767743236,237.87313357927937,239.09666442871094,44433600
2025-02-27,238.15166004001364,241.1856322165831,235.81400561415145,236.05274963378906,41153600
2025-02-28,235.70458076540925,240.8175641664438,228.9900589647863,240.56887817382812,56833400
2025-03-03,240.51914741730602,242.74737946323825,234.8690087281554,236.77891540527344,47184000
2025-03-04,236.46059966619734,238.80819608105105,233.44651142335266,234.68994140625,53798100
2025-03-05,234.18262069274581,235.30668622205877,228.02515316620742,234.50094604492188,47227600
2025-03-06,233.207802772317,236.60982567864426,231.93453157387603,234.09312438964844,45170400
2025-03-07,233.87426828677374,240.10136041796665,233.5261018066448,237.81346130371094,46273600
2025-03-10,234.3019970725287,234.91874867921032,223.04150278970278,226.28436279296875,72071200
2025-03-11,222.63366659789358,224.65299583409444,216.3070937419303,219.6792755126953,76137400
2025-03-12,218.98296406915986,220.58450266635003,213.78045671174684,215.83956909179688,62547500
2025-03-13,214.81496040955514,215.70028194858565,207.3245394208188,208.57791137695312,61368300
2025-03-14,210.13967261110687,212.8254784087618,208.4784519318959,212.36790466308594,60107600
2025-03-17,212.18885305172668,214.08881784956162,208.86641153353526,212.87522888183594,48073400
2025-03-18,213.0343879953175,214.019174884069,210.3784232206469,211.57211303710938,42432400
2025-03-19,213.0940604852241,217.6101915579757,212.6265295918345,214.10870361328125,54385400
2025-03-20,212.86527847830126,216.3468825511506,211.10457731145533,212.97470092773438,48862900
2025-03-21,210.44804823896536,217.68978368973626,210.16952111998106,217.12278747558594,94127800
2025-03-24,219.8384246082871,220.3158974796034,217.4311459430569,219.56983947753906,44299500
2025-03-25,219.6096416779903,222.92214108802088,218.92326587520165,222.573974609375,34493600
2025-03-26,222.3352199198642,223.83729303324841,219.31120492080973,220.36563110351562,34466100
2025-03-27,220.2263848697343,223.80746952519274,219.40074548587612,222.6734619140625,37094800
2025-03-28,220.50488863250547,222.63364006926244,216.5358548246797,216.75469970703125,39818600
2025-03-31,215.86937928840504,224.4341253115235,215.09348022110552,220.9624786376953,65299300
2025-04-01,218.65468232589998,222.50433685640354,217.749461617725,222.0169219970703,36412700
2025-04-02,220.15675729790527,224.00641185945875,219.8583310514353,222.71324157714844,35905900
2025-04-03,204.4596791341039,206.39944211542388,200.19223396809613,202.12203979492188,103419000
2025-04-04,192.87091122900438,198.82943318150367,186.3553350717911,187.38987731933594,125910900
2025-04-07,176.26863687444822,193.12954493623218,173.70219548773406,180.50625610351562,160466300
2025-04-08,185.71872345097177,189.3395914266431,168.32065857366717,171.51377868652344,120859500
2025-04-09,171.04623198001363,199.55559936553783,170.98654976711688,197.8048553466797,184395900
2025-04-10,188.0762635840202,193.7562435722064,182.0381599544528,189.41915893554688,121880000
2025-04-11,185.12188160037283,198.49122944739574,185.0820833366806,197.10853576660156,87435900
2025-04-14,210.32868138530173,211.8207974391945,200.10271391024364,201.45556640625,101352900
2025-04-15,200.7990180691496,202.44033954558066,198.74984792281177,201.07754516601562,51343900
2025-04-16,197.31741584829123,199.64511311117855,191.35889396287376,193.24891662597656,59732400
2025-04-17,196.16351652823,197.78495412822454,193.39812938355274,195.94467163085938,52164700
2025-04-21,192.25415204712533,192.78136508405416,188.81233157759124,192.1447296142578,46742500
2025-04-22,195.0892017003565,200.53045296496776,194.93999616163734,198.690185546875,52976400
2025-04-23,204.91724784553512,206.90673568869565,201.7340703321958,203.5246124267578,52929200
2025-04-24,203.81312078521486,207.7324150205437,201.8733727998236,207.2748260498047,47311000
2025-04-25,205.28531450927932,208.6475540878433,205.1162098506388,208.18002319335938,38222300
2025-04-28,208.89624364686077,210.38835967290976,206.3696005213303,209.03550720214844,38743100
2025-04-29,207.59312493762445,211.12446912484504,207.27479957627347,210.09988403320312,36827600
2025-04-30,208.19992461631293,212.4574277707069,205.5837430092506,211.3831024169922,52286500
2025-05-01,207.98107159612528,213.43226431553572,207.8020097882055,212.19879150390625,57365700
2025-05-02,205.0067917796952,205.9020705063368,201.09745506032002,204.27069091796875,101010600
2025-05-05,202.03251395918386,203.02725796650907,197.1682163705072,197.84463500976562,69018500
2025-05-06,197.1682179665783,199.59538061408486,195.98447015970467,197.4666290283203,51216500
2025-05-07,198.12317194216024,198.3917570874617,192.23428894820486,195.21852111816406,68536700
2025-05-08,196.68078271707188,198.99853803284546,193.65675249053749,196.45199584960938,50478900
2025-05-09,197.95405738682032,199.48595647897335,196.50172445806652,197.4865264892578,36453900
2025-05-12,210.13634313336473,210.435160708662,205.93301745006437,209.95704650878906,63775800
2025-05-13,209.59847136477597,212.55673652410627,208.17412935394688,212.08859252929688,51909300
2025-05-14,211.59057778761635,213.09462076548897,209.74789716231066,211.49098205566406,49325800
2025-05-15,210.11643191755599,212.11849916658366,208.71199985896817,210.6144561767578,45029500
2025-05-16,211.52086084946143,211.73003772257164,208.94109887256835,210.42520141601562,54737900
2025-05-19,207.0884445111699,208.65223273202483,203.45285841572866,207.9550018310547,46140500
2025-05-20,206.84938410987283,207.64622592622177,204.2198167548668,206.04258728027344,42496600
2025-05-21,204.35927415345975,206.2218800326306,199.91690624087693,201.29144287109375,59211800
2025-05-22,199.91689038506837,201.94882252859867,198.91087172706415,200.56431579589844,46742400
2025-05-23,192.9046989896,196.91877297523902,192.6955373289648,194.49838256835938,78432900
2025-05-27,197.51641281084125,199.94677348688452,196.64984031499387,199.4188690185547,56288500
2025-05-28,199.79736291846774,201.9289060786693,199.11008702875665,199.62803649902344,45339700
2025-05-29,202.775557811137,203.00464471322186,197.72558456215265,199.15989685058594,51396800
2025-05-30,198.58218796001185,201.16196516975768,196.00242594876025,200.0563507080078,70819900
2025-06-02,199.4885975362889,201.3312933884623,199.3292261245183,200.90298461914062,35423300
2025-06-03,200.55437033168948,202.96480586317466,200.16591202699755,202.46678161621094,46381600
2025-06-04,202.10818013514051,205.42502305946414,201.30138338029005,202.01853942871094,43604000
2025-06-05,202.69585814733983,203.94091870107042,199.35908978394463,199.8372039794922,55126100
2025-06-06,202.19783403313102,204.8871617909174,201.2515910514923,203.11419677734375,46607700
2025-06-09,203.58234611432158,205.18598475848052,199.22961916524454,200.65396118164062,72862600
2025-06-10,199.8073282051838,203.54250994980842,199.77744796710627,201.869140625,54672600
2025-06-11,202.69585666840098,203.69190510411792,197.62597377823997,197.9945068359375,60989900
2025-06-12,198.29333609984755,198.890956077424,196.58013147350607,198.41285705566406,43904600
2025-06-13,198.94075911963023,199.57822954037988,194.92668495173118,195.67372131347656,51447300
2025-06-16,196.52037110088898,197.90487790098294,195.78328974313985,197.6359405517578,43020700
2025-06-17,196.42074594971083,197.60604600468164,194.43861931524052,194.86691284179688,38856200
2025-06-18,195.16573699325735,196.7893008408277,194.2991796996429,195.80320739746094,45394700
2025-06-20,197.45666110928434,200.90298042554332,196.08210930882012,200.20574951171875,96813500
2025-06-23,200.83325703321927,201.50060768152076,198.17380945321412,200.70376586914062,55814300
2025-06-24,201.78945874554142,202.63610603642124,199.4089034764897,199.50851440429688,54064000
2025-06-25,200.65395335177794,202.8651820841085,199.82723133036671,200.76351928710938,39525700
2025-06-26,200.63404307360597,201.8392684520338,198.67184150130464,200.20574951171875,50799100
2025-06-27,201.09224306842364,202.41698947637084,199.20971189891864,200.2854461669922,73188600
2025-06-30,201.21175129212304,206.570497066428,198.47261792694385,204.35926818847656,91912800
2025-07-01,205.85332972802502,209.35942450018746,205.3254252695324,206.99879455566406,78788900
2025-07-02,208.08449026524102,212.49697770796604,207.31752868499885,211.6005401611328,67941800
2025-07-03,211.31166931275297,213.8017903991559,210.97301649264048,212.70614624023438,34955800
2025-07-07,211.8395692407974,215.37554414763466,207.97491173225177,209.120361328125,50229000
2025-07-08,209.26980118177752,210.59453234535175,207.62631199643187,209.18014526367188,42848900
2025-07-09,208.7020406311003,210.49493096772343,206.40117103180637,210.30567932128906,48749400
2025-07-10,209.67816220166208,212.63642743345136,209.2000631819418,211.57066345214844,44443600
2025-07-11,209.73792710960444,211.29176024279,209.03072603053,210.32559204101562,39765800
2025-07-14,209.10044482334126,210.07658325197187,206.71988962428105,207.79562377929688,38840100
2025-07-15,208.39327261019983,211.05272033528996,208.09445501444372,208.28370666503906,42296300
2025-07-16,209.4689902412225,211.5606828488181,207.8155461810567,209.3295440673828,47490500
2025-07-17,209.7379236663323,210.96305897069354,208.761785269157,209.19009399414062,48068100
2025-07-18,210.0367321724359,210.95309492429405,208.87135730762196,210.3455047607422,48974600
2025-07-21,211.26189276464606,214.92734394651046,210.79374875413163,211.640380859375,51377400
2025-07-22,212.29776458434165,214.1006098348481,211.39135685335447,213.5527801513672,46404100
2025-07-23,214.15043456376964,214.29983576430007,211.5706725113145,213.3037872314453,46989300
2025-07-24,213.05475989741393,214.83769515517375,212.68622683006964,212.91531372070312,46022600
2025-07-25,213.85160291428238,214.38947759784276,212.5567368669443,213.03485107421875,40268800
2025-07-28,213.18426788884761,214.00103498726418,212.21809958876685,213.20419311523438,37858000
2025-07-29,213.33365491441555,213.96117031669576,209.9869466315705,210.43516540527344,51411700
2025-07-30,211.06265157316113,211.55072076453234,206.89917652304968,208.2239227294922,45512500
2025-07-31,207.66614913739534,209.01080544085684,206.3414028602417,206.74978637695312,80698400
2025-08-01,210.03673342752194,212.73603143542957,200.7037642416869,201.58029174804688,104434500
2025-08-04,203.70186769022786,207.0585613783641,200.88304868853191,202.5464630126953,75109300
2025-08-05,202.59624780213056,204.52858421879685,201.36115745633876,202.11814880371094,44155100
2025-08-06,204.81744899810374,214.52892145014,204.77759854868273,212.40733337402344,108483100
2025-08-07,218.01508808955717,219.97730473834642,215.7241736307253,219.16053771972656,90224800
2025-08-08,219.95737356583322,230.08718413442585,218.3836152444713,228.44371032714844,113854000
2025-08-11,227.27701087414155,228.91238364576833,224.12592192869855,226.53909301757812,61806100
2025-08-12,227.36674823663387,230.14888579943394,226.429412881848,229.0021209716797,55626200
2025-08-13,230.4181341091737,234.33703985510917,229.77992501054072,232.6717529296875,69878500
2025-08-14,233.39967872378062,234.4566858681212,230.1987431425788,232.123291015625,51916300
2025-08-15,233.33985018068216,233.6190590405621,228.69299310222902,230.9366455078125,56038700
2025-08-18,231.04634466466607,232.46233685580373,229.46083388892833,230.23863220214844,37476200
2025-08-19,230.62753117126795,232.2130419457167,228.70298322789472,229.90956115722656,39402600
2025-08-20,229.33119207499826,229.81981519856654,225.13307755654054,225.3723907470703,42263900
2025-08-21,225.6316789169631,225.88097364743615,223.14869792378403,224.26553344726562,30621200
2025-08-22,225.53195134940427,228.44371192910324,224.77410085849388,227.11746215820312,42477800
2025-08-25,225.84106025439092,228.6531118971015,225.59176554347297,226.51914978027344,30983100
2025-08-26,226.22996704217394,228.84258604761433,224.05612439304167,228.6630859375,54575100
2025-08-27,227.96506627689797,230.24859923631865,227.6160475796746,229.8397674560547,31259500
2025-08-28,230.16884905542523,232.75153884501827,228.69301327644948,231.9039306640625,38074700
2025-08-29,231.85405874294378,232.7216147258446,230.71727541448905,231.485107421875,39418400
2025-09-02,228.6032698757151,230.19876225122124,226.32970313085187,229.0719451904297,44075600
2025-09-03,236.5408165177042,238.17618932549604,233.69885053091846,237.79725646972656,66427800
2025-09-04,237.77729643117493,239.2232027368954,236.0721290991865,239.10354614257812,47549400
2025-09-05,239.32291694518142,240.63920029193574,237.81718240373485,239.0137939453125,54870400
2025-09-08,238.62490021245955,239.47249309970456,235.67324414176576,237.2089080810547,48999500
2025-09-09,236.33139119913957,238.1063683630383,232.70166073618753,233.68887329101562,66313900
2025-09-10,231.53496736029473,231.76431424305812,225.31256565050364,226.1501922607422,83440800
2025-09-11,226.23995033725743,229.7998710451417,226.010588238333,229.3810577392578,50208600
2025-09-12,228.5733443098202,233.84841389514688,228.3739115767776,233.40966796875,55824200
2025-09-15,236.33138325533858,237.5180285002954,234.3669397384463,236.0322265625,42699500
2025-09-16,236.51088466190768,240.53949594661788,235.65332541334,237.4781494140625,63421100
2025-09-17,238.2958480596019,239.42266510979977,237.05934071942244,238.3157958984375,46508000
2025-09-18,239.2930082114909,240.51953392817583,235.98236714862816,237.2089080810547,44249600
2025-09-19,240.5494606794321,245.60516498271895,239.53234916144805,244.8074188232422,163741300
2025-09-22,247.5995237986898,255.9160073848096,247.42002368458668,255.35755920410156,105517400
2025-09-23,255.15814081026073,256.6140134777918,252.86462630601793,253.71221923828125,60275200
2025-09-24,254.49999981420794,255.01853710208397,250.33178410429736,251.59820556640625,42303700
2025-09-25,252.49566170312627,256.4444966190252,250.99989343760635,256.14532470703125,55202100
2025-09-26,253.38315498635407,256.87328100426123,253.06405044687503,254.73931884765625,46076300
2025-09-29,253.84185736381545,254.28061851263055,252.29622703166862,253.71221923828125,40127700
2025-09-30,254.1410137555297,255.1980209495745,252.39595068950493,253.9116668701172,37704300
2025-10-01,254.32049261064776,258.0599285933123,254.21080232618834,254.72933959960938,48713900
2025-10-02,255.85613542550084,257.45162766856953,253.43299812845933,256.40460205078125,42630200
2025-10-03,253.9515436206674,258.5086431914624,253.23357360959045,257.2920837402344,49155600
2025-10-06,257.2621558739689,258.33912604890287,254.3304629034206,255.96583557128906,44664100
2025-10-07,256.0855101139428,256.6738420114173,254.70939836699205,255.75645446777344,31955800
2025-10-08,255.79633660873378,257.7906945345413,255.38748958216482,257.3320007324219,36496900
2025-10-09,257.08267167133846,257.27213808351553,252.42584836214985,253.32330322265625,38322000
2025-10-10,254.2207817432353,255.6567217403356,243.3116425485481,244.57806396484375,61999100
2025-10-13,248.67648318296307,248.98560621270488,244.86725241658198,246.96133422851562,38142900
2025-10-14,245.90431694508948,248.14796941642882,244.00966795095763,247.07101440429688,35478000
2025-10-15,248.78616738422895,251.10959602979932,246.77186176083558,248.63658142089844,33893600
2025-10-16,247.54966879270205,248.33743345063007,244.43847540742667,246.75192260742188,39777000
2025-10-17,247.3203043073955,252.66518358811555,246.57242016484557,251.5782470703125,49147000
2025-10-20,255.168106265739,263.63416054313814,254.90884523128253,261.50018310546875,90483000
2025-10-21,261.1411827196178,264.5415659974475,261.0913055219307,262.0286560058594,46695900
2025-10-22,261.9090191460537,262.1084670888602,254.70938662410154,257.72088623046875,45015300
2025-10-23,259.2066564378435,259.8847307097371,257.2821086816683,258.84765625,32754900
2025-10-24,260.4531761824355,263.3848847726989,258.4488367256365,262.0785827636719,38253700
2025-10-27,264.13276036080543,268.36078929414754,263.90339825112477,268.0516662597656,44888200
2025-10-28,268.23113785786586,269.12862319727753,267.39351124836816,268.2411193847656,41534800
2025-10-29,268.5203194424725,270.6443152614699,266.35642794866993,268.93914794921875,51086700
2025-10-30,271.2226702585742,273.36662916750566,267.72259312931254,270.63433837890625,69886500
2025-10-31,276.2085891024436,276.53767519933945,268.40069127196034,269.6072692871094,86167100
2025-11-03,269.65711516237894,270.08589475979994,265.49886601188945,268.29095458984375,50194600
2025-11-04,267.5730004152706,270.72408938596277,266.86501191822913,269.2781982421875,49274800
2025-11-05,267.8522167164328,270.9335263776032,266.17696342424256,269.3779296875,43683100
2025-11-06,267.1342708755924,272.6287059365568,267.1342708755924,269.0089416503906,51204000
2025-11-07,269.03885049148494,271.5218466038475,266.0173996929098,267.7126159667969,48227400
2025-11-10,268.46122924118225,273.22240319845355,266.96401085683,268.93035888671875,41312400
2025-11-11,269.3096487524697,275.3983427074405,269.2996575494418,274.73956298828125,46208300
2025-11-12,274.49002155435767,275.2186787593472,271.19615348009904,272.9628601074219,48398000
2025-11-13,273.6016697208788,276.1868935731559,271.5854266195937,272.44384765625,49602800
2025-11-14,270.54732197227213,275.44821996704485,269.10002929321837,271.9048156738281,47431300
2025-11-17,268.3214829895084,269.98836893107386,265.237217022597,266.9639892578125,45018300
2025-11-18,269.48932037088264,270.2079864201871,264.8279974843966,266.9440612792969,45677300
2025-11-19,265.0375710636542,271.7051756343288,265.00762791735707,268.06195068359375,40424500
2025-11-20,270.327749378444,274.91922505965954,265.42688147061517,265.7562561035156,45823600
2025-11-21,265.4568071090486,272.8230952896135,265.17732758833057,270.98651123046875,59030800
2025-11-24,270.397615191446,276.4863089537433,270.397615191446,275.4083251953125,65585800
2025-11-25,274.75953066216096,279.8600705608694,274.73957871594786,276.4563903808594,46914200
2025-11-26,276.44637611579356,279.01161742605893,276.1170014953278,277.0352783203125,33431400
2025-11-28,276.7458380127342,278.4826014787427,275.4781737009374,278.3328857421875,20135600
2025-12-01,277.4944549964911,282.89442609469603,275.62792768573877,282.57501220703125,46587700
2025-12-02,282.47518456741903,286.86701880065203,282.10587559562896,285.6592712402344,53669500
2025-12-03,285.6692634925469,288.0847586222564,282.77461708045536,283.623046875,43538700
2025-12-04,283.5731318378766,284.20196835267484,278.07334059490756,280.179443359375,43989100
2025-12-05,280.01974631085085,280.6186397013617,277.53434330937836,278.26300048828125,47265800
2025-12-08,277.6142094762677,279.15136205700173,275.6378704438954,277.3746643066406,38211800
2025-12-09,277.64414811825674,279.5106752769474,276.40645748061854,276.66595458984375,32193300
2025-12-10,277.23491184461454,279.2312028389952,275.92734368017386,278.26300048828125,33038300
2025-12-11,278.5824273392719,279.07150890817053,273.3022288840155,277.514404296875,33248000
2025-12-12,277.38464634485007,278.70220580092337,276.30666253778065,277.7639465332031,39532900
2025-12-15,279.63046152672615,279.63046152672615,272.33402020742307,273.6016540527344,50409100
2025-12-16,272.3140798989353,274.9891026980292,271.2859911871425,274.1007385253906,37648600
2025-12-17,274.50001118897205,275.6478724530811,271.13626563598973,271.33587646484375,50138700
2025-12-18,273.1025913325419,273.12257373871984,266.4549687260805,271.68524169921875,51630700
2025-12-19,271.6453053723066,274.09077415448866,269.399477884542,273.1625061035156,144632000
2025-12-22,272.3539780142796,273.37210596231955,270.00836035897595,270.4674987792969,36571800
2025-12-23,270.3377490962612,271.99467443806464,269.06012395403746,271.85491943359375,29642000
2025-12-24,271.8349404799371,274.9192064044749,271.69521595033444,273.3022155761719,17910600
2025-12-26,273.65157518449314,274.859322715931,272.35396775197984,272.8929748535156,21521800
2025-12-29,272.1843267483383,273.8512128461511,271.8449608988494,273.2523498535156,23715200
2025-12-30,272.304089543875,273.5717234473003,271.77507361210075,272.5735778808594,22139600
2025-12-31,272.553621806917,273.17246717497864,271.24605357156486,271.3558349609375,27293600
2026-01-02,271.75509761912826,277.32473598417806,268.5011336129586,270.5074157714844,37838100
2026-01-05,270.1381104139889,271.0064921177503,265.6464557026853,266.7643737792969,45647200
2026-01-06,266.504853430471,267.0538212812338,261.6338984265986,261.8734436035156,52352100
2026-01-07,262.71190159101934,263.1909919246956,259.32817380451803,259.8471984863281,48309800
2026-01-08,256.5433578451618,258.80916773471864,255.22581364132833,258.55963134765625,50419300
2026-01-09,258.5995368285105,259.7274461787287,255.74485516422806,258.8890075683594,39997000
2026-01-12,258.6794199598783,260.8154357257053,256.32378048041085,259.76739501953125,45263800
2026-01-13,258.24022168851656,261.3244878277737,257.9108470550362,260.5658874511719,45730800
2026-01-14,259.0087756526009,261.33447181199796,256.23393227813756,259.4779052734375,40019400
2026-01-15,260.1666175851947,260.5559089501236,256.5732877053955,257.73114013671875,39388600
2026-01-16,257.4217372195352,258.41988279267105,254.45724364888233,255.05613708496094,72142800
2026-01-20,252.26132447540706,254.31750190322293,242.9685916985444,246.2425079345703,80267500
2026-01-21,248.23880604127606,251.09350304772093,244.72532928784554,247.1907501220703,54641700
2026-01-22,248.737864640942,250.53452965267718,247.68980878155546,247.8894500732422,39708300
2026-01-23,246.86136630134166,248.94748685874615,244.22624741136653,247.58001708984375,41689000
2026-01-26,251.01363570547153,256.08421686766076,249.336758511775,254.9363555908203,55969200
2026-01-27,258.68937090303496,261.46421404872183,257.73112933459527,257.791015625,49648300
2026-01-28,257.17220993748055,258.3799575946877,254.03803333601454,255.96446228027344,41288000
2026-01-29,257.52154586161765,259.16847988830324,253.93820707645818,257.801025390625,67253000
2026-01-30,254.69678984095313,261.41430490835,251.7123292610244,258.9988098144531,92443400
2026-02-02,259.5478036352127,269.98839826257677,258.7293169184304,269.5093078613281,73913400
2026-02-03,268.70080609664296,271.3758289780004,267.11372779647115,268.98028564453125,64394700
2026-02-04,271.7850411492978,278.432693698261,271.7850411492978,275.97723388671875,90545700
2026-02-05,277.6142303156022,278.98168486317746,272.72332314901723,275.3983459472656,52977400
2026-02-06,276.6060720438839,280.3890519626743,276.4164219647768,277.6042175292969,50453400
2026-02-09,277.6541982366954,277.9439398399519,271.4499228389202,274.3672180175781,44623400
2026-02-10,274.6369782150198,275.11651686144285,272.68876099546605,273.4280700683594,34376900
2026-02-11,274.44714753122867,279.92208361183503,274.1973776592452,275.24639892578125,51931300
2026-02-12,275.3363333447182,275.46621856633783,259.94051360693726,261.4891052246094,81077200
2026-02-13,261.7688319830923,261.9886306947134,255.21485759663088,255.5445556640625,56290700
2026-02-17,257.8124646511843,266.0449008431299,255.30478047881587,263.6371154785156,58469100
2026-02-18,263.35737977838915,266.57441720150126,262.20844437502524,264.106689453125,34203300
2026-02-19,262.35827847824623,264.2365527856389,259.81060750150084,260.3401184082031,30845300
2026-02-20,258.73163460792017,264.5063132392292,257.9223826043077,264.3364562988281,42070500
2026-02-23,263.24744081710827,269.1819753311392,263.13755670993424,265.9349670410156,37308200
2026-02-24,267.61343657617186,274.6369951599546,267.46358073991865,271.8895263671875,47014600
2026-02-25,271.5298429675081,274.6869380517792,270.8005039088116,273.97760009765625,33714300
2026-02-26,274.6969199809464,275.8558253670768,270.55071567552415,272.6987609863281,32345100
2026-02-27,272.5588900215503,272.5588900215503,262.6480379442022,263.93682861328125,72366500
2026-03-02,262.16844722421786,266.2846497598317,259.960490133898,264.476318359375,41827900
2026-03-03,263.23749216234586,265.31556422164516,259.8905695547566,263.5072326660156,38568900
2026-03-04,264.4063951364299,265.9050144519466,261.179387723623,262.2783508300781,39803100
2026-03-05,260.54995479568396,261.3192350446657,257.01320478174756,260.0504150390625,49658600
2026-03-06,258.39192833924307,258.53178361058343,254.13584003818684,257.2229919433594,41120000
2026-03-09,255.45463216869055,260.9095975388004,253.44647267699952,259.6407775878906,38218500
2026-03-10,257.4128391437035,262.2384104290217,256.71350175461305,260.58990478515625,30590800
2026-03-11,260.8496568052655,261.888707997661,259.3110658747261,260.5699157714844,26218900
2026-03-12,258.4219063383753,258.71164792954545,253.94601921584928,255.52456665039062,40794000
2026-03-13,255.24483747003174,256.0940459350445,249.29033192864068,249.8897705078125,36930000
2026-03-16,251.87794235419486,253.6563027081548,249.6499992581203,252.58729553222656,32074200
2026-03-17,252.72716690012706,254.89516767044782,251.94787083452104,253.99598693847656,32361600
2026-03-18,252.3974721128864,254.70534343896443,248.7708084606242,249.70994567871094,35757900
2026-03-19,249.17043241392184,251.5982036354298,247.0723745163624,248.73085021972656,34864100
2026-03-20,247.7517334570195,248.97061168291066,245.77356028907465,247.76173400878906,88331100
2026-03-23,253.73622734962268,254.3656523266213,250.0496214753341,251.25851440429688,40546100
2026-03-24,250.1195650925759,254.5954370944537,249.32029842391177,251.4083709716797,45152300
2026-03-25,253.86611511385965,254.76528059453105,251.3684162845015,252.38746643066406,28476700
2026-03-26,251.88793104116345,256.76344411909713,250.53918279672283,252.6572265625,41796700
2026-03-27,253.666280215245,255.2548282141602,247.8416601166152,248.57098388671875,47900000
2026-03-30,249.83982057534305,250.63907198816298,245.28400520065438,246.40298461914062,39446200
2026-03-31,247.6818040942864,255.24482803058763,246.87255213324852,253.55638122558594,49598100
2026-04-01,253.8461228128272,255.94418062939917,253.096813183035,255.3946990966797,40059400
2026-04-02,253.96601496217014,255.89424639361263,250.4192795609811,255.68443298339844,31289400
2026-04-06,256.27389167390277,261.9186847371787,256.2239194053331,258.6217041015625,29329900
2026-04-07,255.92421782448065,255.96418954301222,245.47383916108728,253.26666259765625,62148000
2026-04-08,258.2121146377317,259.51090582044134,256.29386854025813,258.66168212890625,41032800
2026-04-09,258.7615948993736,260.879638597066,255.8342992320816,260.2502136230469,28121600
2026-04-10,259.7406946341393,261.94865175168746,258.78155637925676,260.240234375,31291500
2026-04-13,259.49093671136296,259.9405042051452,256.4237552437805,258.96142578125,36234700
2026-04-14,259.01136264890187,261.68888841493145,256.9532612999924,258.59173583984375,48370700
2026-04-15,257.92237663273806,266.3146386359468,257.57269269729437,266.18475341796875,49913500
2026-04-16,266.55439590858066,266.91408037974617,261.0294875448873,263.15753173828125,43323100
2026-04-17,266.7142527536172,272.0493335842862,266.47448343207725,269.98126220703125,61436200
2026-04-20,270.08114756253855,274.0275237795767,270.04120633500696,272.79864501953125,36590200
2026-04-21,271.250098918132,272.5488901425708,265.1557075406741,265.9250183105469,50209800
2026-04-22,267.5734973129919,273.48803128351057,266.62435952726383,272.9185791015625,43249200
2026-04-23,274.79681820267325,275.5161566987003,271.39995382845746,273.1783142089844,33399600
2026-04-24,272.50893317942314,272.80864483253174,269.4017800912603,270.81048583984375,38157100
2026-04-27,265.84505761361925,268.1129570778125,264.8260075108844,267.3636474609375,41466800
2026-04-28,272.0893199684016,272.97851539952296,268.4127145556596,270.4608154296875,40018900
2026-04-29,267.3037117460274,270.7905199823619,266.7942019267937,269.92132568359375,30047900
2026-04-30,270.25102650288807,275.7459641951834,267.893213328058,271.1002502441406,91848200
2026-05-01,278.6032901046287,286.95561044034525,278.1137509144006,279.88214111328125,79915400
2026-05-04,279.4025768563376,280.3716851917065,274.60697695873915,276.5751647949219,46668400
2026-05-05,276.6750995896243,284.30808218316156,276.2455026895375,283.9184265136719,49311700
2026-05-06,281.66051049385584,287.76487170009636,280.8112868075762,287.245361328125,58336100
2026-05-07,289.00371711581823,291.8611003514943,285.5169394038565,287.1754150390625,45224300
2026-05-08,289.7430674686918,294.4886952888782,289.7330669166447,293.0500183105469,52692800
2026-05-11,291.9800109863281,293.8800048828125,290.2300109863281,292.67999267578125,42247300
2026-05-12,292.55999755859375,295.2699890136719,292.55999755859375,294.79998779296875,45748100
2026-05-13,293.5,300.9200134277344,293.5,298.8699951171875,52684300
2026-05-14,299.82000732421875,300.45001220703125,295.3800048828125,298.2099914550781,35324900
2026-05-15,297.8999938964844,303.20001220703125,296.5199890136719,300.2300109863281,54721100
