Date,Open,High,Low,Close,Volume
2006-01-03,23.421990331813117,23.733655551845455,23.110322868552096,23.633686065673828,12838600
2006-01-04,23.59217061391598,23.80567478890726,23.378666438924697,23.49728012084961,13491500
2006-01-05,23.491349789961454,23.609963468529337,23.426112153630733,23.568449020385742,8109400
2006-01-06,23.67519673451983,23.86497996075133,23.45576291924605,23.73450469970703,7966900
2006-01-09,23.651467176868444,24.14964259074478,23.651467176868444,24.11998748779297,16575200
2006-01-10,24.019177493941488,24.167444021681867,23.76415888523862,24.155582427978516,16614800
2006-01-11,24.155585756451607,24.238614661448203,24.08441844679281,24.137794494628906,12332300
2006-01-12,23.87091255673228,23.971732716376955,23.663340309012174,23.6929931640625,12230000
2006-01-13,23.592168709383962,23.740435234228993,23.515071745369237,23.67519760131836,10961200
2006-01-17,23.414254219839243,23.61589682621669,23.372739765205775,23.5506591796875,9941100
2006-01-18,23.194809377037068,23.55064803764983,23.09991891671586,23.295629501342773,17813100
2006-01-19,23.331213142696747,23.408312344964425,23.01095700623125,23.1651554107666,12091800
2006-01-20,23.016899397841296,23.02282906423485,22.465347666154834,22.5661678314209,20902400
2006-01-23,22.61953888698936,22.951656690938815,22.518718743971238,22.696638107299805,13172300
2006-01-24,22.69663607490474,22.850832239350517,22.589884013993345,22.60174560546875,9781500
2006-01-25,22.631403179815162,22.9397978354859,22.57209747241867,22.821184158325195,14248700
2006-01-26,22.957578350877718,23.60995213876091,22.957578350877718,23.479476928710938,16187900
2006-01-27,23.27784401515745,23.74636676887661,23.230397642056353,23.574377059936523,12929400
2006-01-30,23.437969730547547,23.704849895991124,23.378661770244886,23.63368034362793,8701700
2006-01-31,23.740434841055176,23.835325324889777,23.568447394482682,23.574377059936523,15582100
2006-02-01,23.651470184326172,23.853112693258502,23.526924618245168,23.651470184326172,11429800
2006-02-02,23.651481028791206,23.81753884321588,23.479491285355344,23.716718673706055,10309100
2006-02-03,23.396462663230192,23.781954346037278,23.366809804917043,23.443906784057617,10440700
2006-02-06,23.36680870445582,23.485420132122407,23.313432657058673,23.39052963256836,6591800
2006-02-07,23.248194714045425,23.48541982868152,23.15923388207693,23.283777236938477,8590500
2006-02-08,23.295633551368404,23.49727609740309,23.2778422939548,23.485414505004883,10065200
2006-02-09,23.44390389873211,23.740436970104355,23.390527855390392,23.586240768432617,8496300
2006-02-10,23.497278223977844,23.710782381733512,23.30156758761357,23.67519760131836,8790500
2006-02-13,23.586240768432617,23.906497028482914,23.49135027608821,23.586240768432617,7791600
2006-02-14,23.52099795135739,23.9183533559286,23.515068286677504,23.781946182250977,12904100
2006-02-15,23.704853755932444,24.019178078433278,23.704853755932444,23.912425994873047,12685700
2006-02-16,23.98952196168436,24.208955764770508,23.864978635259853,24.208955764770508,11572000
2006-02-17,24.114055363119444,24.208945800725576,23.95985925039691,24.185222625732422,11518600
2006-02-21,24.09628004213061,24.286061042799393,24.04883366077942,24.137794494628906,7324500
2006-02-22,24.250468098231263,24.641891563220522,24.161509556677974,24.558862686157227,13151400
2006-02-23,24.469907582662515,24.65375889782291,24.315711383962125,24.380949020385742,8739500
2006-02-24,24.28011654838161,24.807947087092202,24.238602117368064,24.707124710083008,9294300
2006-02-27,24.64188971067232,24.87911699504774,24.64188971067232,24.659683227539062,8541700
2006-02-28,24.66562291354877,24.67155258000228,24.297922509495727,24.39874267578125,11716200
2006-03-01,24.410606363884916,24.873197307429923,24.39281510063108,24.689348220825195,10527700
2006-03-02,24.689333457467722,24.81387675050836,24.535135060245857,24.707124710083008,10939800
2006-03-03,24.612235244739107,24.962144221845737,24.570720812062635,24.665611267089844,12290600
2006-03-06,24.600392611946237,24.796105598836224,24.398749956833207,24.57073974609375,9777800
2006-03-07,24.327571984896615,24.70713393146445,24.327571984896615,24.60038185119629,9441300
2006-03-08,24.606309668192836,24.754576170197844,24.434319982898877,24.671545028686523,9147100
2006-03-09,24.612238036927945,24.75457486679992,24.291981866491366,24.34535789489746,9767500
2006-03-10,24.35128875656817,24.552931270353636,24.23860477799076,24.392803192138672,11175700
2006-03-13,24.58259859568425,24.600389860732307,24.303856710633262,24.351303100585938,10626100
2006-03-14,24.469910900540903,24.61224778679807,24.46398123386555,24.541080474853516,16221500
2006-03-15,24.410593665914046,24.517345714642804,24.30977354342966,24.446178436279297,14011200
2006-03-16,24.564795050251632,24.63003267864715,24.469904571412915,24.505489349365234,10045600
2006-03-17,24.523281440137115,24.612242256855904,24.46397573723629,24.552936553955078,13042300
2006-03-20,24.499566914503987,24.641901543583938,24.404676407661306,24.582595825195312,9418000
2006-03-21,24.47583297960519,24.73678119329872,24.33942807728581,24.43431854248047,13473600
2006-03-22,24.428387937679094,25.027385869806334,24.315706211152797,24.938425064086914,13516100
2006-03-23,24.938428597334777,25.02738941565806,24.80202366830864,24.932498931884766,12986800
2006-03-24,24.902847056001054,25.163795331013944,24.855400681070883,24.968082427978516,7212800
2006-03-27,24.82574585853443,25.02738841125629,24.77829948736811,24.97401237487793,7836200
2006-03-28,24.867264813671092,25.027392951857458,24.612246178304048,24.647830963134766,15562700
2006-03-29,24.748645082209187,24.956219549473662,24.499558436332645,24.718992233276367,7822900
2006-03-30,24.635963512939252,24.93249652894757,24.38687460306123,24.63003158569336,9323500
2006-03-31,24.778307080341243,24.87319758938428,24.612249255107972,24.69527816772461,10371300
2006-04-03,24.87912729666091,25.181590060230572,24.837612844060526,24.867265701293945,10872900
2006-04-04,24.873234271274587,25.387440940489267,24.81344375288956,25.27383804321289,14008500
2006-04-05,25.21404986968385,25.507028937588792,25.136322637696054,25.435279846191406,9494600
2006-04-06,25.345595286180878,25.393429540987704,25.124367559856342,25.285804748535156,6226600
2006-04-07,25.261870020367923,25.375472875089123,24.891163927349226,24.93301773071289,10753900
2006-04-10,25.070544670372723,25.267855186709685,24.927044246877056,25.0406494140625,7409300
2006-04-11,25.112405310982624,25.321674442895823,24.801489542952677,24.87921905517578,8828400
2006-04-12,25.010758482443737,25.10044426688227,24.933028977907213,25.0526123046875,5873900
2006-04-13,25.088485527681755,25.363525580716686,25.058590266414868,25.22600555419922,6554700
2006-04-17,25.279828765871656,25.339621594880942,25.010769018351095,25.11241340637207,7986200
2006-04-18,25.243939861632743,25.560833677939605,25.15425181357595,25.471145629882812,11079200
2006-04-19,25.351568916754246,25.704338468427448,25.291776114264263,25.483108520507812,9448100
2006-04-20,25.411355118419493,25.680416981728058,25.33960604849114,25.471145629882812,8435900
2006-04-21,25.638571726647033,25.638571726647033,25.351573070260926,25.41136360168457,13733100
2006-04-24,25.417337218578673,25.57877436172421,25.208068114980108,25.518983840942383,9475900
2006-04-25,25.42928846835123,25.6026841219768,25.178165616227176,25.24393653869629,11649000
2006-04-26,25.34559710151633,25.55486855999068,25.20807703039128,25.507034301757812,10647800
2006-04-27,25.507029231765674,26.34411033755185,25.42929971801892,26.278339385986328,17465000
2006-04-28,26.36803152603056,27.444279572695535,26.36803152603056,27.133363723754883,28234900
2006-05-01,27.133343190968464,27.258904607774802,26.744698103678736,26.774593353271484,16235100
2006-05-02,26.906141972803805,27.21107724491634,26.852329597623722,27.20509910583496,12964500
2006-05-03,27.258916182661697,27.324687128210698,27.037688504702395,27.18118667602539,15589600
2006-05-04,27.211070345288487,27.390446404314194,27.205092207722924,27.318695068359375,10550700
2006-05-05,27.45024077724737,27.982384049272014,27.318698923628094,27.892698287963867,17297800
2006-05-08,27.862803719376412,27.892701257190097,27.527973192137388,27.563846588134766,10283900
2006-05-09,27.46818557633575,27.713330378940025,27.414373191331773,27.516019821166992,7931000
2006-05-10,27.348605762215122,27.57581159284685,27.211083442540087,27.456228256225586,7213600
2006-05-11,27.456232221694545,27.480149348645607,26.88223486004568,26.995840072631836,10532900
2006-05-12,26.876259560190412,26.882237702128826,26.46369705968676,26.49957275390625,18204900
2006-05-15,26.505543958169767,26.756666887777502,26.457709715847027,26.631105422973633,11229400
2006-05-16,26.666988098537875,26.78657146507318,26.385969810172366,26.49957275390625,8263600
2006-05-17,26.188662492876706,26.338141162677218,25.764143618050497,25.85980987548828,13005200
2006-05-18,25.88370771897493,25.955456788362923,25.52495781031138,25.554855346679688,10905200
2006-05-19,25.65053059309905,25.740216391297412,25.411363902844883,25.560842514038086,13351300
2006-05-22,25.56083471553487,25.680418024177587,25.31568995920515,25.49506378173828,14742200
2006-05-23,25.55485781537874,25.64454359056228,25.184149312528337,25.21404457092285,13249400
2006-05-24,25.172199389572548,25.39940753687752,24.867263999946047,25.202096939086914,12944000
2006-05-25,25.501054908340823,25.650533536687806,25.30374202410863,25.620635986328125,9902400
2006-05-26,25.770115549313495,25.937533170120815,25.680429737570268,25.84784507751465,7918100
2006-05-30,25.650538372107402,25.704350779691087,25.375495910644528,25.37549591064453,8680900
2006-05-31,25.507022340688742,25.692376583128052,25.214043348557176,25.49506378173828,11348000
2006-06-01,25.560834188386867,26.116894623375106,25.554856049465872,26.057104110717773,9034900
2006-06-02,26.188658782704294,26.427825532847525,26.02722156848709,26.194639205932617,9637700
2006-06-05,26.104933242560502,26.26637034631714,25.65649760352371,25.692373275756836,7867200
2006-06-06,25.692390284356833,25.817951799003232,25.11839055294179,25.33962059020996,12679200
2006-06-07,25.333628044053828,25.57279467443211,25.190129890516484,25.261878967285156,9958000
2006-06-08,25.11240899897476,25.411366248962555,24.663973123993067,25.321678161621094,14402700
2006-06-09,25.321668279180408,25.465168706749406,25.124357757242695,25.172189712524414,8106100
2006-06-12,25.172194803639826,25.249924312663193,24.8672594695672,24.87323760986328,9059600
2006-06-13,24.723754724992972,25.04065084642142,24.11986230188032,24.23346519470215,16522300
2006-06-14,24.299237359887734,24.424798818440806,23.51597106817487,23.898635864257812,16879100
2006-06-15,23.97636289835372,24.40686193106507,23.91657237974918,24.275320053100586,18481200
2006-06-16,24.275324797356337,24.335117608508586,23.922555194576915,24.012243270874023,15754500
2006-06-19,24.01822021930769,24.191615941748157,23.76709726752142,23.886680603027344,9087100
2006-06-20,24.000285157933167,24.382950033021004,23.940494626524156,24.209556579589844,11176100
2006-06-21,23.99430454801661,24.78952948206461,23.976365565749855,24.640050888061523,15242300
2006-06-22,24.58624025071519,24.915092724726204,24.51449115913483,24.556344985961914,10466300
2006-06-23,24.412848918070495,24.69386716813531,23.826890729995544,24.436763763427734,9954700
2006-06-26,24.31717789841112,24.813447952270508,24.281304493653785,24.813447952270508,11183300
2006-06-27,24.329131372627362,24.855296580708117,24.329131372627362,24.418819427490234,14116000
2006-06-28,24.616133403257628,24.69984333059148,24.478613372502604,24.675926208496094,8540100
2006-06-29,24.921069509675434,25.626608603039404,24.879215688955718,25.518983840942383,17320000
2006-06-30,25.668474171410793,25.704349868816365,25.11241340637207,25.11241340637207,16247700
2006-07-03,25.34748504100687,25.84177589416504,25.317345803517014,25.84177589416504,6828300
2006-07-05,25.841785576679037,25.841785576679037,25.341467608352126,25.56450080871582,10451000
2006-07-06,25.5584914068174,25.721243921754702,25.480127466658757,25.58863067626953,10831500
2006-07-07,25.58861312753278,25.769450919705434,25.492166151742218,25.56450080871582,6736400
2006-07-10,25.642872232201302,25.733290005124985,25.576564485703823,25.66698455810547,5332100
2006-07-11,25.534351992606243,25.914112823512397,25.407765815463,25.84177589416504,8814500
2006-07-12,25.84782059808825,26.058797686319103,25.449976446368794,25.468059539794922,7025300
2006-07-13,25.287211500490244,25.29323842937372,24.841142880376196,24.94964599609375,11099000
2006-07-14,24.865262597923625,25.021988089801017,24.47947464916922,24.648256301879883,10439300
2006-07-17,24.600033954238747,24.678395550426604,24.35288840588864,24.551809310913086,10806600
2006-07-18,24.68442075239867,24.780867723833513,24.425219085515554,24.539749145507812,10760800
2006-07-19,25.257087989438304,25.956329448790687,25.16064097088895,25.950300216674805,27046400
2006-07-20,25.950293637024572,26.143187625215354,25.769455810530427,25.908098220825195,16362600
2006-07-21,26.02261675359548,26.20345679927374,25.793556681495957,26.010562896728516,15203300
2006-07-24,26.161266432641078,26.733919022488113,26.131124886247324,26.64350128173828,12629200
2006-07-25,26.61336142867469,27.04134470378337,26.528968319962317,26.90270233154297,12536000
2006-07-26,26.824338643437308,27.02928873853479,26.745974763097273,26.914758682250977,14170000
2006-07-27,26.932844353065505,27.107655218481717,26.643503420382114,26.944900512695312,13841100
2006-07-28,27.053405409658705,27.451249505412033,27.005180768002557,27.415081024169922,14184400
2006-07-31,27.186020279791627,27.55372514730329,27.149854095759412,27.499473571777344,14621600
2006-08-01,27.601931274085914,27.601931274085914,27.276422039311583,27.433147430419922,13402300
2006-08-02,27.668249918464248,27.674276847652692,27.246293591486687,27.421104431152344,11051900
2006-08-03,27.216147118940974,27.607961797493193,27.18600558257233,27.523571014404297,9045400
2006-08-04,27.704409916324792,27.788800703011425,26.59526893527945,27.198062896728516,14113100
2006-08-07,27.125743189728986,27.324666410202983,27.02929619481128,27.288497924804688,5925500
2006-08-08,27.41508263627997,27.55975427027818,27.089573184392208,27.119714736938477,11025900
2006-08-09,27.198072847087328,27.354800622109444,26.72186719092583,26.73392105102539,10452800
2006-08-10,26.673627388764768,26.733905852903774,26.324005858225693,26.553068161010742,10392300
2006-08-11,26.553089527362143,26.61337033948304,26.221553108869706,26.480754852294922,6868600
2006-08-14,26.703778102531267,26.824337382121595,26.34812949245215,26.456632614135742,6985600
2006-08-15,26.613362514971207,27.192044344328238,26.613362514971207,27.14984893798828,11078300
2006-08-16,27.390966506232488,27.51755503068711,27.19807255403543,27.4090518951416,8814800
2006-08-17,27.29451773037368,27.535636304459647,27.27643464213423,27.40302085876465,6163700
2006-08-18,27.535637385293917,27.553720474243164,27.28849187191951,27.553720474243164,9213600
2006-08-21,27.37288161187319,27.487411669851596,27.32465927674228,27.40302085876465,5649000
2006-08-22,27.28848764663917,27.48138156382139,27.19204068804806,27.33670997619629,6252400
2006-08-23,27.246284603719054,27.511513090582003,27.22217229596527,27.439178466796875,8730200
2006-08-24,27.54769878532027,27.710453515259008,27.505503370092935,27.535642623901367,8682800
2006-08-25,27.53562539833579,27.54165232553612,27.306563073627288,27.439178466796875,4450900
2006-08-28,27.366857384637584,27.752645301688208,27.312605815085004,27.740589141845703,7324900
2006-08-29,27.656188132443358,27.74057892076954,27.37890115718751,27.710439682006836,8050800
2006-08-30,27.66221805708004,27.77072116796124,27.547688017583997,27.565771102905273,8596400
2006-08-31,27.54768332370866,27.650157189037643,27.475348695271947,27.523571014404297,6245400
2006-09-01,27.638105743667154,27.668247285171645,27.318625639115147,27.565771102905273,6703300
2006-09-05,27.511537525645924,27.692375395462555,27.39097817927541,27.60798454284668,6134000
2006-09-06,27.51756180507693,27.75867815494365,27.415085574288234,27.656204223632812,7126400
2006-09-07,27.662221126484553,27.674277284528745,27.204098618190276,27.246294021606445,7278400
2006-09-08,27.12574139436377,27.390970037963395,26.932847417295392,27.282466888427734,7728200
2006-09-11,27.48138003667226,27.48138003667226,27.198066105533584,27.360820770263672,7173200
2006-09-12,27.360833899192787,27.74059496578901,27.30055538680259,27.73456573486328,11555700
2006-09-13,27.73456995976554,28.16858267341873,27.56578825977961,27.969661712646484,11745700
2006-09-14,27.97568044878254,28.066100504128695,27.78881340749,28.029932022094727,7622400
2006-09-15,28.24693023541915,28.54229803936973,28.186649449272284,28.30118179321289,15421000
2006-09-18,28.150501652787007,28.30120026730998,28.011859203363276,28.078166961669922,11125300
2006-09-19,28.168578049946873,28.240912723856965,27.86115396122063,28.210773468017578,6768700
2006-09-20,28.30118687151114,28.626696276682225,28.30118687151114,28.46394157409668,9084200
2006-09-21,28.379555419014398,28.54230784885387,28.132407560087238,28.216800689697266,7782700
2006-09-22,28.150476119731152,28.29514537074736,28.03594380491068,28.222810745239258,6046700
2006-09-25,28.397630278444552,28.512160329066294,28.180624035601674,28.277070999145508,15329800
2006-09-26,28.277085968645764,28.30119829716571,27.96363259632115,28.271059036254883,12381400
2006-09-27,28.204729765378087,28.45790212325947,28.10225359708577,28.2348690032959,8884200
2006-09-28,28.331330961182317,28.524224945470454,28.271052453396404,28.421751022338867,6165100
2006-09-29,28.42175285041303,28.60861761625502,28.234885785093212,28.307220458984375,10115300
2006-10-02,28.30721367972194,28.53024917831173,28.174600525927147,28.252962112426758,7382800
2006-10-03,28.301180078131626,28.885888721722576,28.295150850143884,28.783414840698242,11801200
2006-10-04,28.56486008749636,28.862348495891855,28.50414930176733,28.831993103027344,20650500
2006-10-05,28.71057096692895,28.81377977215758,28.534506435219708,28.783424377441406,12915100
2006-10-06,28.595211644888163,28.655924738441776,28.400934377452035,28.449504852294922,10748900
2006-10-09,28.44950287039205,28.661992893107527,28.346291776524854,28.601282119750977,7252800
2006-10-10,28.71057254413966,28.935205256541316,28.589148642636392,28.856279373168945,14164900
2006-10-11,28.716626292215963,28.959473956492047,28.637700453931192,28.923046112060547,10288100
2006-10-12,28.959484914665616,29.487676120969894,28.868416427110326,29.299468994140625,14979300
2006-10-13,29.153750656831274,29.420881230136967,28.98375868436101,29.238746643066406,7298000
2006-10-16,29.129478556747763,29.202331961218785,28.838062622895713,28.977699279785156,7330200
2006-10-17,28.564850530714402,29.269106063005218,28.534495148005718,29.135541915893555,8880100
2006-10-18,29.044479318173536,29.141617952041635,28.297725636068595,28.66199493408203,21532700
2006-10-19,28.662011205432005,28.662011205432005,28.152032509118975,28.455591201782227,11986700
2006-10-20,28.46163883268454,28.613418046550866,28.255219009187652,28.607345581054688,10979200
2006-10-23,28.431298064479044,28.819852681107587,28.425225595862113,28.771282196044922,8838300
2006-10-24,28.57700119558797,28.66199721749797,28.382723912374285,28.61949920654297,13431500
2006-10-25,28.71663997322647,28.838063863212557,28.48593481384971,28.698427200317383,9021700
2006-10-26,28.74700271358593,29.11127447664092,28.722719782157192,29.00199317932129,7644300
2006-10-27,28.88056719143859,28.965563235278,28.631649213350958,28.710575103759766,7112500
2006-10-30,28.740919775535673,28.94126718752646,28.583070369602552,28.807703018188477,10222600
2006-10-31,29.008047974441446,29.190184917518142,28.79555796214188,28.80162811279297,12564200
2006-11-01,28.98984797135002,29.032345992522693,28.358445491115415,28.49201202392578,11490200
2006-11-02,28.49200771031658,28.583076208166766,28.34629857694991,28.47379493713379,7059000
2006-11-03,28.625571772369717,28.686282555093864,28.23094473675904,28.46772003173828,7984100
2006-11-06,28.643779112329984,28.971622835194992,28.56485325698082,28.92912483215332,8633700
2006-11-07,28.838063255213036,29.141621815794224,28.819850482687933,28.831993103027344,8535500
2006-11-08,28.83197997493224,29.08089778863009,28.655915534130425,28.923046112060547,7511200
2006-11-09,28.929129932273366,28.98984071418818,28.64378416214441,28.680212020874023,6836700
2006-11-10,28.80770754572663,28.90484619140625,28.722711520252957,28.90484619140625,5849900
2006-11-13,28.77734841993647,29.074834470501713,28.753063182675067,28.935197830200195,7664600
2006-11-14,28.831984446702478,29.026261681868483,28.570923977704286,28.98983383178711,8276800
2006-11-15,28.880556412006253,28.94126718752646,28.528429745247315,28.807703018188477,11340700
2006-11-16,28.83805473552627,29.129470589674458,28.759128884621344,29.05054473876953,8192500
2006-11-17,29.135547563655223,29.135547563655223,28.89269982297659,28.935197830200195,12991600
2006-11-20,28.93519681183411,29.17197207688031,28.86841356969952,29.08090591430664,8614500
2006-11-21,29.008046598844132,29.105185216427135,28.77734382956408,28.98983383178711,7423800
2006-11-22,28.89875890022611,29.07482332895137,28.765194778405917,28.892688751220703,5916100
2006-11-24,28.66807180681288,28.85627663612165,28.643786565622047,28.698427200317383,2926400
2006-11-27,28.619504239109435,28.692357654133424,28.200594207761114,28.30987548828125,11109800
2006-11-28,28.206666142760998,28.28559203167162,27.793826238261747,28.048816680908203,13415600
2006-11-29,28.054875151403056,28.455572266441816,28.054875151403056,28.334148406982422,9414400
2006-11-30,28.364514626014763,28.376657247203593,27.95774492207761,28.097381591796875,13058500
2006-12-01,28.23095638136859,28.237026535757636,27.62990919422283,27.933467864990234,14731400
2006-12-04,28.09736875149262,28.613419494329417,28.024515373621316,28.437355041503906,13148100
2006-12-05,28.47379109557298,28.686281140597696,28.39486522914903,28.655925750732422,10747700
2006-12-06,28.57700795583846,28.686289242994008,28.388800779966473,28.43130111694336,14162400
2006-12-07,28.583078689581594,28.583078689581594,28.267377469853233,28.30987548828125,7394600
2006-12-08,28.328086969589872,28.619502932348137,28.13987981373907,28.388797760009766,9120100
2006-12-11,28.35235976323699,29.044472660392085,28.35235976323699,28.868408203125,11221600
2006-12-12,28.874490360710798,29.123408281235548,28.746994008467027,28.916988372802734,15958400
2006-12-13,29.0080563718022,29.080912096510403,28.838064312752614,28.898775100708008,11353700
2006-12-14,28.904833914511848,29.16589434813833,28.716626855209707,29.11125373840332,10052600
2006-12-15,29.263053998087358,29.536257243245867,29.14163007624261,29.32376480102539,16172100
2006-12-18,29.3237594616039,29.505894153222656,29.15983754435654,29.281261444091797,8538200
2006-12-19,29.159838566251125,29.43304177123768,29.111270394235923,29.3055477142334,9291400
2006-12-20,29.341977435306248,29.366260364864914,29.226623677036514,29.27519416809082,6036400
2006-12-21,29.396612081808396,29.730528376061887,29.34197376016858,29.536251068115234,10782200
2006-12-22,29.53018035481267,29.627319014560015,28.910920530435227,29.07484245300293,8342000
2006-12-26,29.129474716787445,29.366249987081606,29.111261947062562,29.329824447631836,4101200
2006-12-27,29.469445054871013,29.748718179911716,29.032320291526325,29.71836280822754,7716200
2006-12-28,29.62731900851285,29.74874291216433,29.530180348785333,29.700172424316406,6525200
2006-12-29,29.5969680461839,29.69410672046596,29.305552023337714,29.32376480102539,9601100
2007-01-03,29.348216710358056,29.57444189443212,29.09753411925255,29.391016006469727,14244700
2007-01-04,29.378779786610018,29.684490299129138,29.19535394557577,29.464378356933594,9471500
2007-01-05,29.45215647925299,29.50107129213269,29.12199082186163,29.219818115234375,10760500
2007-01-08,29.0852901874444,29.384887435751555,28.93243497210892,29.317630767822266,8239200
2007-01-09,29.287062809980263,29.41546064257044,28.95689495556064,29.195348739624023,9276700
2007-01-10,29.02416718145219,29.421589590379142,29.00582295812018,29.409360885620117,15597000
2007-01-11,29.34820699363251,29.605002685281544,29.31152089523153,29.537748336791992,8049200
2007-01-12,29.409350682997832,29.507177954745057,29.28706834260341,29.34209632873535,10646700
2007-01-16,29.446045231520607,29.629471127116435,29.409359119446716,29.586671829223633,8696500
2007-01-17,29.74563167892579,29.892371408329907,29.42157697275196,29.61111831665039,16291400
2007-01-18,29.378790253136906,29.702845097877937,29.299304838496244,29.43993377685547,12654200
2007-01-19,29.531652982659068,29.85570790880769,29.43382565252058,29.81290626525879,14649200
2007-01-22,29.88014741264756,30.485455305790488,29.77620694898915,30.363170623779297,18325500
2007-01-23,30.308148400340517,30.485461106375396,30.13083569430564,30.467119216918945,12845300
2007-01-24,30.375399779912065,30.815623708787598,30.27145698231141,30.791166305541992,13857500
2007-01-25,30.71780520714641,30.98682972257455,30.52826377640273,30.699460983276367,14855900
2007-01-26,30.57105057758891,30.723905830476856,30.26534007181302,30.387624740600586,13990300
2007-01-29,30.308150467960807,30.357065286363984,30.02689725930329,30.24700927734375,12085000
2007-01-30,30.38762665062601,30.72390776163935,30.185856584586283,30.681108474731445,12325700
2007-01-31,30.613847023961394,31.28029595806973,30.479333667525594,31.13966941833496,18460500
2007-02-01,31.158008271017128,31.329207707757973,31.09686711442901,31.310863494873047,13420400
2007-02-02,31.316982055021086,31.384238733238988,31.017384760882948,31.13966941833496,15443400
2007-02-05,31.06630444659909,31.274187697272215,30.901220482912827,31.158016204833984,8079900
2007-02-06,31.09076004417347,31.378128689440715,31.03573205534328,31.18247413635254,9849200
2007-02-07,31.084638416634263,31.316979009963227,31.06018102104477,31.310863494873047,7537400
2007-02-08,31.219154795536646,31.219154795536646,30.888986920131963,31.13966941833496,10312300
2007-02-09,31.194708256553344,31.298648735518793,30.619973198563248,30.82785415649414,9489000
2007-02-12,30.931779057447766,30.968465145927375,30.72389588750061,30.840065002441406,7889000
2007-02-13,30.785039696378746,31.19469288978829,30.772813331547574,31.151893615722656,8374100
2007-02-14,31.23750228107115,31.518755410990693,31.182474291966347,31.43927001953125,10745900
2007-02-15,31.21303624490068,31.469834233819142,31.115208994928324,31.310863494873047,13339600
2007-02-16,31.280308683559994,31.396477872587273,31.188594570063287,31.335336685180664,11291900
2007-02-20,31.274202212721914,31.641054080702677,31.25585798665177,31.567684173583984,9171500
2007-02-21,31.457633154790997,31.70220032825102,31.347577110398305,31.579917907714844,9337100
2007-02-22,31.671607326497313,31.763321409431377,31.414811626099567,31.573780059814453,9111600
2007-02-23,31.51876213144293,31.64104683690348,31.011283752503758,31.200822830200195,10042600
2007-02-26,31.2864109430512,31.439266190572194,30.833960716525215,31.066301345825195,13342800
2007-02-27,30.944025590949764,30.944025590949764,29.103646574766188,30.09415054321289,21228500
2007-02-28,30.002425547300053,30.503790534986557,29.89236959074586,30.19808006286621,19180400
2007-03-01,29.947414821584875,30.22866805819164,29.531648153389156,30.081928253173828,22648000
2007-03-02,29.929059642098878,29.959630226873564,29.41546588777131,29.464378356933594,16922400
2007-03-05,29.103639334520523,29.446035942032154,28.85907232834313,29.06695556640625,20199600
2007-03-06,29.329868033896062,29.763976412504622,28.99970011253765,29.666149139404297,17751900
2007-03-07,29.77007359111067,29.880129505726487,29.507162498682316,29.56830596923828,13664500
2007-03-08,29.831243126924726,30.173637531667975,29.727300302351274,29.80067253112793,11979500
2007-03-09,30.03301624114909,30.173642872615826,29.67227754916491,29.849590301513672,9452900
2007-03-12,29.739524081534746,29.947407363864002,29.715066675993288,29.86180877685547,10445700
2007-03-13,29.623360542853035,29.653931139405948,28.467774733489033,28.553373336791992,25294400
2007-03-14,28.565596373446308,29.0730747062063,28.070344410971718,28.92021942138672,25043400
2007-03-15,28.822398172466766,29.46439003676855,28.822398172466766,29.164794921875,15828300
2007-03-16,29.115875068585204,29.244275285162658,28.724565898258913,28.755136489868164,24746900
2007-03-19,28.859084207978523,29.22593603444957,28.834626797577243,29.0914249420166,14448200
2007-03-20,29.04860669353118,29.274834111773718,28.93855307444367,29.195348739624023,14507400
2007-03-21,29.23203929725203,30.357054047773392,29.23203929725203,29.99020004272461,20747600
2007-03-22,29.99631858811414,30.020773658344794,29.568323371862757,29.63558006286621,18906700
2007-03-23,29.708948425611553,29.892374271126393,29.611121152511227,29.666149139404297,11748200
2007-03-26,29.684502382913408,29.825128996031285,29.311535032633056,29.776216506958008,11851000
2007-03-27,29.708941191604655,29.849567716670247,29.562199151492177,29.696712493896484,11183500
2007-03-28,29.52552217171313,29.641691328042292,29.21981165595479,29.34209632873535,13176700
2007-03-29,29.494945090989724,29.73951205030412,29.360431747316152,29.653913497924805,10837100
2007-03-30,29.72118729160913,29.97186991044192,29.317649360503008,29.5805606842041,12674800
2007-04-02,29.58055364418534,29.647810338760777,29.1647871071612,29.49495506286621,13834500
2007-04-03,29.710470878251535,29.919829730729536,29.61194920349377,29.901357650756836,13572200
2007-04-04,29.901357650756836,29.993720399562356,29.722786381214007,29.901357650756836,9163600
2007-04-05,29.772037928097415,30.104549370613643,29.7658813527655,30.030658721923828,7991000
2007-04-09,30.03682072346493,30.252338482077533,29.962930061426626,30.17228889465332,7509000
2007-04-10,30.178445079336502,30.38164733348122,30.15997300130217,30.320072174072266,8200100
2007-04-11,30.233858514096735,30.38164216003178,30.159967865599892,30.2646484375,11971300
2007-04-12,30.492491678451557,30.492491678451557,30.006039818192942,30.295448303222656,9472400
2007-04-13,30.44938892540646,30.44938892540646,29.962937059740412,30.22771453857422,11266300
2007-04-16,30.461707864907677,30.942000857906077,30.369342743665243,30.769588470458984,15765000
2007-04-17,30.769570788605535,31.046661295216484,30.60947165031259,30.898880004882812,12238500
2007-04-18,31.754798750357743,32.43213499969112,31.668592574872633,32.062679290771484,39198500
2007-04-19,32.03805424559545,32.161206954466245,31.61933644480027,32.07500076293945,20708700
2007-04-20,32.4198192027264,32.45676336124192,32.08114875672135,32.35208511352539,21166800
2007-04-23,32.235089168419734,32.45060693953845,32.05036132813364,32.191986083984375,12675600
2007-04-24,32.05652404158954,32.19198988770326,31.80406208194854,32.118099212646484,10315700
2007-04-25,32.16734271240233,32.59837335957445,32.13039622167007,32.52448272705078,18088100
2007-04-26,32.493702817479395,32.63532754192042,32.364393592851684,32.59838104248047,14440500
2007-04-27,32.49370255342178,32.51217462852094,32.10577253374973,32.35823440551758,14428600
2007-04-30,32.30281288759462,32.672270798499625,32.01340689200138,32.081138610839844,29900000
2007-05-01,32.265876938553326,32.3274520982113,31.773266265522402,32.17966842651367,13859000
2007-05-02,32.01956638469847,32.49370255342178,32.01956638469847,32.35823440551758,12968600
2007-05-03,32.53065689276275,32.586073131416065,32.24740502897469,32.45060729980469,9700300
2007-05-04,32.51217946041059,32.666119706292214,32.382870217616045,32.407501220703125,11974600
2007-05-07,32.518336252209785,32.60454240841705,32.35823709158921,32.46907424926758,7375400
2007-05-08,32.31512963638634,32.419810203988696,32.16118942145561,32.29665756225586,9028200
2007-05-09,32.35823078274968,32.78926382868969,32.28434014168432,32.75847625732422,12561700
2007-05-10,32.506013365869876,32.653794643236324,31.988774197205203,32.019561767578125,13478400
2007-05-11,32.0934602359815,32.25355939928517,31.847157263967468,32.111934661865234,12419400
2007-05-14,32.01957234764837,32.11809401476038,31.74247942485151,31.914894104003906,9328300
2007-05-15,32.074990481330914,32.456761642405695,32.019571897550556,32.03804397583008,11105000
2007-05-16,32.24740555550067,32.67843876061928,32.14272730441263,32.62302017211914,12924700
2007-05-17,32.499880101468875,32.63534833679276,32.32746769210603,32.36441421508789,9049900
2007-05-18,32.40134477452672,32.59223153964394,32.29666652681019,32.35208511352539,11115100
2007-05-21,32.25357699508524,32.51835453743125,32.21047389274453,32.36441421508789,10408300
2007-05-22,32.36440259035615,32.4382932608367,32.07499413663939,32.19814682006836,9665800
2007-05-23,32.222775129909174,32.41365954175453,31.976469783663845,32.0134162902832,11246900
2007-05-24,32.01958620406124,32.1673699431533,31.680917973614545,31.76712417602539,13105800
2007-05-25,31.73016325372944,31.92720658379828,31.56390750355727,31.797897338867188,10761300
2007-05-29,31.804058932398206,31.97031234757635,31.6809062535379,31.908737182617188,9552300
2007-05-30,31.668596003457857,32.05652618408203,31.619333984166115,32.05652618408203,10243400
2007-05-31,32.17351259931976,32.21045910533995,31.816370087950062,31.914894104003906,10976300
2007-06-01,31.97029616457325,32.06882013694335,31.810199407353405,31.957983016967773,12104800
2007-06-04,31.74862896300763,31.89641024550931,31.7363134646423,31.754785537719727,11095500
2007-06-05,31.5516068884768,31.705547198073514,31.52081694740329,31.539291381835938,13615700
2007-06-06,31.545441894794937,31.545441894794937,30.94815285675106,31.132883071899414,13877400
2007-06-07,30.972784452187888,31.188302257630642,30.62795972178717,30.67721939086914,17409400
2007-06-08,30.68337758067741,31.08362089727173,30.504806293041568,31.040517807006836,13508100
2007-06-11,31.040519959413267,31.305297445939047,30.80653006107696,31.05283546447754,11252000
2007-06-12,30.923517785927785,31.034354952460568,30.38164745498326,30.38780403137207,15388300
2007-06-13,30.560226760245417,31.028204204202837,30.492492657409205,30.966629028320312,14507600
2007-06-14,30.7449533282406,31.29913928336514,30.7449533282406,30.98509979248047,12440700
2007-06-15,31.182142740047983,31.39766054140697,31.04667454199046,31.132883071899414,18351900
2007-06-18,31.299140867878116,31.311454023999975,30.9912602880986,31.05283546447754,9290300
2007-06-19,31.058992785448986,31.329929205458726,30.966630018671324,31.31145477294922,12251900
2007-06-20,31.348395621811733,31.39765763434146,30.430910604452908,30.455541610717773,14920700
2007-06-21,30.597160522886824,30.71415660580325,29.975243001738274,30.689525604248047,19429500
2007-06-22,30.517109524399444,30.634103243933286,29.91366415443211,29.99987030029297,25110400
2007-06-25,29.999861018260678,30.30158243542033,29.59345906427175,29.778186798095703,17240200
2007-06-26,29.83361878757271,30.203074421590912,29.741253704597344,29.925981521606445,18963800
2007-06-27,29.71662433694407,30.357016330140933,29.605789519796307,30.320072174072266,16354200
2007-06-28,30.32623823782176,30.46786302792224,29.901363867520306,30.147666931152344,14430900
2007-06-29,30.31389931970581,30.357002381274825,29.61808906318495,29.833606719970703,21764700
2007-07-02,30.11070821624912,30.326223586423808,29.9075059967061,30.2646484375,15717900
2007-07-03,30.52527578524586,30.767295620621866,30.432193418325664,30.61836051940918,7444000
2007-07-05,30.469435076040988,30.6245747706588,30.19018551952402,30.277063369750977,11613000
2007-07-06,30.1715796960225,30.50668214391815,30.066085796080277,30.388776779174805,10792400
2007-07-09,30.537696920431845,30.581135845545322,30.115716761691882,30.277063369750977,10577700
2007-07-10,29.97298812075856,30.14053927274575,29.45171865921303,29.482746124267578,21881800
2007-07-11,29.48896088331206,30.05987396739042,29.24073636234657,29.867502212524414,27232500
2007-07-12,30.215018389562804,30.798345394171584,29.867506846982092,30.73628807067871,19172800
2007-07-13,30.829353923251702,31.164456162410467,30.574924971425986,31.0589599609375,16393800
2007-07-16,30.972092589742378,31.313399489093335,30.860391805628364,30.922449111938477,12263900
2007-07-17,30.996907020927473,31.32580236891833,30.92244064099896,30.978288650512695,18302200
2007-07-18,30.28947352183009,30.58734143856843,29.6813262292505,30.33291244506836,35535600
2007-07-19,30.717638958118435,30.835544194841365,29.687512170576277,30.171546936035156,26199400
2007-07-20,30.289477220856796,30.289477220856796,29.40207790819991,29.513778686523438,30677800
2007-07-23,29.63167258490836,29.706138952660154,29.203488011281618,29.25933837890625,20520200
2007-07-24,28.9366564934214,29.13523511308735,27.999611412581565,28.13613510131836,35706200
2007-07-25,28.340923091465648,28.67602545691063,27.484553536098623,28.092700958251953,40175100
2007-07-26,27.490752196233437,27.645891883985595,26.99430566887529,27.354230880737305,51202000
2007-07-27,27.360443067466225,28.074086777319152,27.118425465744888,27.44732093811035,40020600
2007-07-30,27.770000457763672,28.01201796008914,27.062563953352782,27.770000457763672,32316300
2007-07-31,27.968578318367413,28.52708205330498,27.26734637722211,27.3107852935791,34080900
2007-08-01,27.11841750993102,27.577629653542193,26.808138138804225,27.54039764404297,44504500
2007-08-02,27.559024063576604,27.77621875854755,27.304594977791517,27.670724868774414,28297400
2007-08-03,27.676925676157587,27.89412270901694,26.926049983894945,27.0873966217041,36628500
2007-08-06,27.155656092648915,27.993412017822262,26.85778810833538,27.993412017822266,34200000
2007-08-07,27.91894047582244,28.576731265749444,27.39767100738835,28.13613510131836,30556500
2007-08-08,28.3905665756558,29.308993363323573,28.0926986202428,28.86219024658203,27447200
2007-08-09,27.94997946423425,28.508481174581966,27.410091400146488,27.410091400146484,39278200
2007-08-10,26.907433129741158,27.801037055241125,26.379956666997597,27.45973014831543,32549000
2007-08-13,28.067883590823882,28.191995865621024,27.10601760382436,27.1991024017334,21357600
2007-08-14,27.26735457494792,27.31700041842064,26.764703429629208,26.870197296142578,25217200
2007-08-15,26.764713411688803,27.565232814670008,26.566134698225014,26.684040069580078,27726700
2007-08-16,26.52888948309721,28.483650707696718,26.16275968559979,28.21681022644043,51414800
2007-08-17,29.836479984750156,29.966796815907955,28.638800839930628,29.1724796295166,57869900
2007-08-20,29.2717530569975,29.482743111952527,27.9685807199035,28.849775314331055,32691300
2007-08-21,28.62018636302285,29.215924925893685,28.39058014815062,28.669832229614258,23582300
2007-08-22,28.961488745155055,29.060780462343246,27.94377231642442,28.54571533203125,30844900
2007-08-23,28.824960852215654,28.905634170571282,28.018234770392244,28.340923309326172,21476600
2007-08-24,28.235427005748278,28.545706423393863,27.94376359564332,28.514678955078125,13248000
2007-08-27,28.39055876863508,28.48364351477388,27.856877940891955,27.86928939819336,13527200
2007-08-28,27.602442872127483,27.602442872127483,26.969472893379365,27.056350708007812,23516300
2007-08-29,27.230127519446256,27.447322206090284,26.777119767842606,27.38526725769043,21605200
2007-08-30,27.081188937451465,27.527992085154583,26.89502174832325,27.285974502563477,15581500
2007-08-31,27.925141450978185,28.005814744664765,27.472133884842656,27.627273559570312,16937800
2007-09-04,27.552818850341858,28.30989917399847,27.465938607205917,28.11132049560547,15416800
2007-09-05,27.819662635210936,27.90654052122648,27.348036443633912,27.410091400146484,15556800
2007-09-06,27.45351865503109,27.645890342078516,27.19908967599769,27.434900283813477,18994400
2007-09-07,26.851581783734414,27.298384914253674,26.808142853516614,27.00672149658203,21526200
2007-09-10,27.14944767864428,27.58383931495138,26.90122321011337,27.26114845275879,17181500
2007-09-11,27.27976891246815,27.82586141203301,27.09980626176863,27.639694213867188,15148000
2007-09-12,27.61486654049944,27.763801693765878,27.397671907865004,27.596250534057617,13896800
2007-09-13,27.565220074343916,28.4091804001188,27.54039952206646,28.2974796295166,20262100
2007-09-14,28.067866527462144,28.32229547086058,27.93134287145795,28.26024055480957,12482300
2007-09-17,28.167168928098032,28.316104110105172,27.85688946889053,28.105113983154297,17958300
2007-09-18,28.347127690411376,29.699946136188657,27.999613891605918,29.67512321472168,27267800
2007-09-19,29.768215463549243,29.82406586725597,29.27176637849178,29.519990921020508,31807800
2007-09-20,29.551013936187278,29.631687255417873,28.998716898039103,29.14144515991211,19553500
2007-09-21,29.47653904576884,29.501361962577434,28.936653625021926,29.246932983398438,20535000
2007-09-24,29.290367967749876,29.290367967749876,28.65119096566996,28.75668716430664,17346800
2007-09-25,28.700844241768074,28.700844241768074,28.328509912015683,28.607759475708008,16405200
2007-09-26,28.70704230430505,28.973882715014692,28.384353887266016,28.626371383666992,17485400
2007-09-27,28.669805587900257,28.71944904111476,28.34711485665545,28.676010131835938,12840300
2007-09-28,28.576743570436523,28.6760329230219,28.285082428792233,28.43401527404785,15587900
2007-10-01,28.216811865058936,29.191089077017406,28.18578202854583,29.04836082458496,17276200
2007-10-02,29.1600624633905,29.383461669028538,29.05456622408754,29.26555633544922,16003200
2007-10-03,29.221754724481215,29.690954392066875,29.184220278417033,29.403179168701172,12675700
2007-10-04,29.528317495834063,29.672205194928832,29.390684746058902,29.55959701538086,11132400
2007-10-05,29.684712156585714,29.953720272099943,29.578358945430026,29.766040802001953,13435600
2007-10-08,29.597106266921845,29.766018378707585,29.43444909862203,29.67843246459961,8305500
2007-10-09,29.772295073723118,29.84111143470601,29.396936142055928,29.759782791137695,12967500
2007-10-10,29.697210837529738,29.697210837529738,29.121658021506985,29.346874237060547,18858500
2007-10-11,29.40944012091824,29.791056310333,29.10915255870828,29.190481185913086,27920400
2007-10-12,29.19673032416501,29.465738325924047,29.115404099613063,29.290571212768555,12507000
2007-10-15,29.25929486996016,29.290574374046308,28.64620752127362,28.946495056152344,16575300
2007-10-16,28.777581757646054,29.027822553606125,27.90174135825889,28.22079849243164,22510200
2007-10-17,29.42821298188108,29.478259721202406,28.62118872698934,29.00905990600586,34659600
2007-10-18,28.840144884855924,28.85891449844275,28.433506516400737,28.71502685546875,19397900
2007-10-19,28.646197767010513,29.152931765489292,28.12694910739079,28.164485931396484,29500400
2007-10-22,28.08943450356224,28.733801591904836,27.93928948799576,28.383464813232422,18094100
2007-10-23,28.7275504274321,28.7713446223377,28.233328248499845,28.740062713623047,13519100
2007-10-24,28.608670684486334,29.05284584733987,27.98932838957184,28.946495056152344,27352800
2007-10-25,28.84013455290364,29.121654791117283,28.245816966807997,28.808855056762695,20076400
2007-10-26,29.378163909705886,29.68470883957554,28.73379692599813,29.60338020324707,18851700
2007-10-29,29.64715628640589,29.715972604799962,29.096628125725744,29.19672393798828,18861900
2007-10-30,29.027831906809563,29.334374474836522,28.808870543173587,29.127927780151367,13131400
2007-10-31,29.37189966815671,29.747258447636067,28.80260416694503,29.403179168701172,23899100
2007-11-01,28.55862844724708,28.97777911817089,27.651508367228303,27.726579666137695,31730100
2007-11-02,27.807904136345055,27.826671361644866,26.312721396805504,26.994625091552734,39570300
2007-11-05,26.706853567135685,27.0259107891875,26.068741509505813,26.75690269470215,28852800
2007-11-06,26.7068413468839,27.739081459119326,26.7068413468839,27.59519386291504,28756400
2007-11-07,26.857001782994047,27.40753031985404,26.36903466309203,26.425338745117188,28980700
2007-11-08,26.594236021700453,26.850731743682537,25.449390077502883,26.656797409057617,37342800
2007-11-09,25.899822616821584,27.082205397826964,25.755932618601904,26.469118118286133,43587300
2007-11-12,26.34400360970502,27.32619494259989,26.187603685531016,26.5191707611084,27691800
2007-11-13,27.088471723299527,28.40223277692171,26.669320989490654,28.183271408081055,35927500
2007-11-14,28.715022606691896,28.790093890511073,27.801645376587388,28.24582290649414,25367400
2007-11-15,27.901752491695447,28.27085650045728,26.950842815147915,27.23236083984375,23434200
2007-11-16,27.363734997711223,27.59520624446509,26.575477950859433,26.957094192504883,29021800
2007-11-19,26.71310644778015,26.800690019946003,25.768449607480758,25.881057739257812,29656500
2007-11-20,25.881062961540863,26.49415047688405,25.199159086617772,26.043720245361328,33277800
2007-11-21,25.530722849659664,26.275185582019837,25.117827171686855,25.44939422607422,26759300
2007-11-23,25.962389472672445,26.40030977239779,25.62456503690086,26.24390983581543,10808400
2007-11-26,26.193859261493653,26.58173280102083,25.230437519165093,25.311763763427734,27132300
2007-11-27,25.59954042784861,26.575476889482424,25.380581471620015,26.49414825439453,28501100
2007-11-28,26.731872659296748,27.607713120648118,26.62552186469709,27.501359939575195,32246500
2007-11-29,27.138514255962715,27.582689447323975,26.90704066062797,27.30742645263672,23553600
2007-11-30,28.389722860912833,28.83389819730001,28.15824919000054,28.539865493774414,40113500
2007-12-03,28.715024812268442,28.727534705138275,28.12070466907411,28.28335952758789,21417200
2007-12-04,27.726580532307214,28.208292622765352,27.526388804645862,27.620229721069336,19315200
2007-12-05,27.864209778390926,28.270848130603557,27.48259359917219,28.089426040649414,20627900
2007-12-06,28.076912165087847,28.933982993103495,27.85795086190476,28.908958435058594,19130200
2007-12-07,28.908957227242414,29.28431842281374,28.68374098719424,28.8276309967041,15286600
2007-12-10,29.278062502699992,29.947453922649533,29.121662593618826,29.66593360900879,23388400
2007-12-11,29.47201594370872,30.041311839786655,28.46479957684593,28.740062713623047,38455700
2007-12-12,29.421957449317592,29.89741462758583,28.264598788894784,28.871431350708008,44364000
2007-12-13,28.67123367082104,28.940239330074334,27.983072610356526,28.627439498901367,41261000
2007-12-14,28.302114618478345,28.6461937712157,27.951778136043345,28.277090072631836,27651800
2007-12-17,28.039380431755852,28.464788450059245,27.751605121278157,27.857955932617188,19965700
2007-12-18,28.008098191056654,28.120706325303594,26.982115089227555,27.46382713317871,25224900
2007-12-19,27.46382922364755,28.21454699380512,27.313684237731884,27.51387596130371,21293700
2007-12-20,27.732836578699473,27.86421194641437,26.9320673187559,27.107236862182617,27147500
2007-12-21,27.47632843257083,27.63898563626101,27.10722702478983,27.59519386291504,26363000
2007-12-24,27.613975544302512,28.220808130546757,27.613975544302512,28.04564094543457,7679700
2007-12-26,27.97682393564089,28.145736168717924,27.676536316773003,28.11445426940918,14578700
2007-12-27,27.901735737939006,27.96429711756367,27.219832212102176,27.30116081237793,16530000
2007-12-28,27.645244302636794,27.69529341403976,26.788173554881343,27.06343650817871,16852200
2007-12-31,26.944577499824415,27.613968953417675,26.76941035652101,27.30742645263672,16361200
2008-01-02,27.484132166045768,27.635595724406546,26.505937340903504,26.613222122192383,22122300
2008-01-03,26.720508839176926,26.9161487637241,26.35447331726897,26.430206298828125,17150700
2008-01-04,26.13359220819181,26.37971838660456,25.641339851366318,25.83066749572754,25873800
2008-01-07,25.937954836368277,26.24088198614149,25.344727516878766,26.089418411254883,25644100
2008-01-08,26.165140344529615,26.240873310650777,24.877708809642478,25.05441665649414,33646000
2008-01-09,24.9850014460331,25.458321754502457,24.322353495662316,25.407833099365234,33546300
2008-01-10,25.098586986997656,26.59427780083543,24.801972292855513,26.083093643188477,41863600
2008-01-11,25.79910401671137,26.569036481371025,25.48986712970483,25.786481857299805,37520500
2008-01-14,26.045250316192455,26.348175154829114,25.62241607381886,26.102048873901367,22817000
2008-01-15,25.704461151694417,25.704461151694417,24.518003627421663,24.719953536987305,45240000
2008-01-16,25.534048115173995,26.916144728534423,25.376274705059327,26.146209716796875,63183100
2008-01-17,26.234567988734295,26.303988689053174,25.11753172002647,25.26899528503418,39647200
2008-01-18,25.395214432274585,25.666582539266262,24.309732374581138,24.985002517700195,51919100
2008-01-22,23.766982092633164,26.505928091743936,23.766982092633164,25.786481857299805,57178600
2008-01-23,25.496195343653643,29.12498538545845,25.24375681255519,28.853614807128906,77137000
2008-01-24,28.923031019658527,29.03662569278839,27.932211504218465,28.373977661132812,52062600
2008-01-25,28.822045294491797,28.92933246482568,27.269555522655295,27.540925979614258,38410900
2008-01-28,27.635588227841158,28.784178341780255,27.389462118772915,28.758934020996094,29739100
2008-01-29,28.992443592097143,30.16627825445893,28.24144295886084,29.945396423339844,56112700
2008-01-30,29.72452023409614,31.106617346436114,29.232267787198094,29.882293701171875,68343800
2008-01-31,29.289070520748478,30.4124169966175,28.93565703727588,29.913854598999023,55500600
2008-02-01,29.82548403581864,30.7342604080796,29.598292350184554,30.450267791748047,48834500
2008-02-04,30.185220433802233,30.38085798935042,29.049249561571383,29.169158935546875,28310200
2008-02-05,28.430770447634576,28.702140928786733,27.673457532964168,27.698701858520508,39045100
2008-02-06,27.938526091234692,28.23514098239681,27.3074322172265,27.5914249420166,27274800
2008-02-07,27.383157356219293,28.76525420588734,27.294804616637727,28.468639373779297,36818000
2008-02-08,28.37398197489469,28.37398197489469,27.301121832830987,27.6545352935791,26058300
2008-02-11,27.698710977910032,27.768131692330005,27.023440695259307,27.357919692993164,25874000
2008-02-12,27.553550130739325,28.052114718586036,26.97925497493847,27.33266830444336,27193400
2008-02-13,27.484131006634943,27.875408438699598,27.143339820273074,27.83123207092285,26533400
2008-02-14,27.79968938300357,27.83124360056871,26.80256214483681,26.890914916992188,31180000
2008-02-15,26.7646847938324,27.294803619384766,26.512246340738322,27.294803619384766,29031400
2008-02-19,27.477819125031427,27.799675839282468,26.613219058889666,27.029743194580078,25811900
2008-02-20,26.739442305877425,27.35160403189775,26.411273257259918,27.23169708251953,30149700
2008-02-21,27.225384026825882,27.572485108311472,26.644778931603675,27.18120765686035,32878200
2008-02-22,27.174900397640503,27.780749879070203,26.449141551235122,27.72395133972168,30452700
2008-02-25,27.40840634090251,28.05843224178278,26.985572205792035,27.78706169128418,27917200
2008-02-26,27.59773482148657,28.108921726108754,27.395784974398513,27.5914249420166,24989300
2008-02-27,27.181210634497273,28.077365110751686,26.89721793401412,28.02687644958496,38566000
2008-02-28,27.768116194747673,27.780738354636988,26.752055194250925,26.78360939025879,36606500
2008-02-29,26.43021404374517,26.4870125928426,25.483573163742875,25.653968811035156,36856600
2008-03-03,25.59084599093424,25.6413346364591,24.884021805604082,25.13014793395996,31481900
2008-03-04,24.846162001689393,24.97869352810949,24.120405582873477,24.73256492614746,56449300
2008-03-05,24.83985928669232,24.978700731825043,24.050991816497223,24.44858169555664,36325600
2008-03-06,24.095155841332428,24.12671004246632,23.445130149735565,23.583969116210938,44356900
2008-03-07,23.28104815124592,24.663145010375494,23.104342670873105,23.703882217407227,43258700
2008-03-10,23.81116794229224,24.145646874074906,22.91501593357954,23.022300720214844,41281300
2008-03-11,24.284488364397294,24.776740742396626,23.45144476742994,24.511682510375977,58401200
2008-03-12,24.51799061278089,25.388900640131727,24.234000358311988,24.36652946472168,44572400
2008-03-13,23.88058025058277,24.58109448279224,23.116957625758207,24.050975799560547,45537900
2008-03-14,24.48644022231376,24.48644022231376,22.72568785165375,23.060169219970703,77776000
2008-03-17,23.350470733248002,25.931644486274582,23.350470733248002,25.43939208984375,125296300
2008-03-18,26.625850433813792,27.061306760001454,26.032623042075993,26.95401954650879,76994300
2008-03-19,27.301109596948017,28.329792896309254,26.783613008726547,26.802547454833984,70593300
2008-03-20,27.08022445966438,29.314296231297803,27.042357979534184,29.011371612548828,72777200
2008-03-24,28.664283647686375,30.393481984827847,28.411847533332338,29.37742042541504,66011200
2008-03-25,29.04293766118829,29.4405274388013,28.342423141204563,29.06818199157715,54485500
2008-03-26,28.56961599814529,28.63272441381022,27.749194557342495,27.837547302246094,41122700
2008-03-27,27.906959392216642,28.077354950848218,27.048671722412106,27.04867172241211,32154500
2008-03-28,27.263256612824197,27.66715631846969,26.916155453749614,26.95401954650879,29011900
2008-03-31,26.95400903045732,27.92589382263301,26.89090062885888,27.105472564697266,28920400
2008-04-01,28.48125728933395,29.661401748657223,28.18464250146938,29.661401748657227,54562600
2008-04-02,29.95407171658841,30.259465517626726,29.228758708686456,29.419631958007812,36597900
2008-04-03,28.866112946230157,29.92226776690941,28.834301536527857,29.44508934020996,30314400
2008-04-04,29.171502514222645,29.54688291787356,28.707049205816364,28.993356704711914,29875900
2008-04-07,29.54052111812189,29.737755708993284,28.929733415303787,28.97426986694336,24069200
2008-04-08,28.78339892568707,29.018806230359793,28.26804543778287,28.541627883911133,29187700
2008-04-09,28.74521928910974,28.74521928910974,28.045358794583038,28.18532943725586,28476400
2008-04-10,28.121712653025227,28.50981811878033,27.72724587685573,27.905391693115234,30230100
2008-04-11,27.561830812140713,27.930850028458277,26.995579363082427,27.059202194213867,41959900
2008-04-14,26.976482691160186,27.230976345496714,26.19390809035184,26.403867721557617,33774900
2008-04-15,26.836507351476687,27.167351258697657,26.26389242992995,26.79833221435547,37271800
2008-04-16,27.695436591204587,28.605257034301754,27.421854084424034,28.605257034301758,52568400
2008-04-17,28.210789339534205,28.834302207006655,28.102627631565337,28.707054138183594,30302500
2008-04-18,29.47688490733054,29.814090009875727,28.897906445143917,29.114227294921875,31398100
2008-04-21,28.81521944980229,28.936103795421793,28.376213678813137,28.77704429626465,23513400
2008-04-22,28.60524494445081,29.13968468216093,28.471635616786806,29.04425048828125,23703800
2008-04-23,28.89155408192488,29.292384515580103,28.433462157747485,28.726133346557617,23260300
2008-04-24,28.866104796435977,30.11949388668696,28.847018441414264,29.88408660888672,37769300
2008-04-25,30.087682907298344,30.456699529526706,29.610504608638923,30.40580177307129,24266600
2008-04-28,30.329450668095237,30.5966717701025,29.78228827265993,30.11949348449707,27175000
2008-04-29,30.11950711635178,30.37400328801271,29.66141497818426,29.954086303710938,20738700
2008-04-30,30.062224965539638,30.946594793128508,29.731381140280906,30.316720962524414,36280800
2008-05-01,30.335825327512282,31.481053139920597,30.335825327512282,31.334718704223633,31723700
2008-05-02,31.74827137092695,31.78008277970445,30.558504780798188,30.959335327148438,27942900
2008-05-05,30.743015107857897,30.94661104152146,30.443982518452987,30.539419174194336,19276100
2008-05-06,30.119489830679374,30.98477340527105,30.062228346270985,30.666654586791992,25441400
2008-05-07,30.67938619181724,30.812995541658953,29.515069902199347,29.629592895507812,27636400
2008-05-08,29.890455157934646,29.903180206716005,28.827939068767467,29.29875373840332,26106000
2008-05-09,29.10787811579347,29.85863888212474,28.961543719244762,29.629592895507812,21730400
2008-05-12,29.788665973243102,30.08769864009059,29.59143129959073,30.05588722229004,20295600
2008-05-13,29.92863597015183,30.055884055000224,28.770683009436613,28.93610382080078,27485300
2008-05-14,29.266943973804473,29.50235132184445,28.82157694966166,29.20968246459961,24138200
2008-05-15,29.29875348698123,29.92863004745146,28.99972333787747,29.915904998779297,27289500
2008-05-16,30.106771571664215,30.106771571664215,29.29874929938212,29.604143142700195,20871400
2008-05-19,29.616873639454436,30.043154292793908,29.18423167504496,29.260581970214844,19402200
2008-05-20,29.050630159856397,29.050630159856397,27.676356026649806,27.803604125976562,48996100
2008-05-21,27.867209249567534,28.02626866586307,26.931941532146542,26.989200592041016,40611900
2008-05-22,26.97648065470073,27.822675571395667,26.78560739453926,27.390033721923828,28883300
2008-05-23,27.180080896117385,27.29460389977387,26.798336741577536,26.92558479309082,21440900
2008-05-27,26.976490390203136,27.612728348207405,26.91286513816959,27.364593505859375,28457800
2008-05-28,27.606356934964285,27.631807028702628,26.65836400022898,27.26915168762207,31688700
2008-05-29,27.160988700938738,28.032636166790112,26.906495056916725,27.72087860107422,22789000
2008-05-30,27.96901841221518,27.988107200234122,27.27551898155172,27.358230590820312,21391600
2008-06-02,27.122820562066387,27.21189347384432,26.505669063240976,26.817426681518555,30620500
2008-06-03,27.05917866592177,27.1609765634508,26.206620363971176,26.651987075805664,28503100
2008-06-04,26.556566440295146,26.944669453729322,26.18754735686174,26.48657989501953,30800100
2008-06-05,26.658364581616866,26.925583290533623,26.34024568411334,26.78561019897461,27755300
2008-06-06,26.588381695488433,26.588381695488433,25.417703894460047,25.506776809692383,39887900
2008-06-09,25.653101142647635,25.659464878121465,23.171773405616563,23.865272521972656,74856700
2008-06-10,23.687132631572634,24.95960821163276,23.642596180434897,24.36154556274414,54412400
2008-06-11,24.495153495584844,24.654212933867864,23.585333314441623,23.62350845336914,50965800
2008-06-12,23.992522657203775,24.65421043591223,23.94162490417845,24.183393478393555,53247700
2008-06-13,24.425173963471455,25.188659971731145,24.049793484321988,25.18229866027832,40465600
2008-06-16,25.118671863592294,25.86307146459607,24.8769007833371,25.411340713500977,34860200
2008-06-17,25.678565720196758,25.926698148503895,24.781470249441167,24.83873176574707,32510200
2008-06-18,24.514249654563553,24.97234179666325,24.132507820850726,24.64786148071289,35513700
2008-06-19,24.67966624674491,24.83236196827022,23.426276932872238,24.590593338012695,59944400
2008-06-20,23.97980521550842,24.934162051111294,23.508990535761768,24.087966918945312,55374100
2008-06-23,24.17067013654342,24.17067013654342,23.229036249706947,23.45808219909668,37741100
2008-06-24,23.419915499664754,24.34245841560292,23.06362143954858,23.998891830444336,43526200
2008-06-25,24.138867856700475,25.016876940282476,23.858924021916547,24.119781494140625,42317900
2008-06-26,23.642599944719823,23.90982112114676,23.031812151536748,23.1081600189209,45708400
2008-06-27,23.190870543323623,23.470814328719182,21.759335354563582,22.30013656616211,69316700
2008-06-30,22.17924929214532,22.586441081052477,21.60663432208557,21.82931900024414,50792600
2008-07-01,21.674909309621736,22.093096448203916,20.799937258307565,21.88722038269043,74620100
2008-07-02,22.105968217799802,23.00024300780293,22.02233028331241,22.260374069213867,51750200
2008-07-03,22.59492056918985,23.218983815214216,22.1896034184862,22.717161178588867,33028500
2008-07-07,22.839399176231613,23.128913177763526,21.591275147027453,21.900089263916016,48883600
2008-07-08,22.067362390943707,23.193248252259576,21.501201956352965,23.013107299804688,62285100
2008-07-09,22.993807214226834,23.637170564376888,21.932256704784688,22.054494857788086,50971000
2008-07-10,21.874360269931575,23.03241414631582,21.58484618727623,22.20247459411621,47807900
2008-07-11,21.47547170739347,22.163870372397305,20.645532304234443,21.33393096923828,71316700
2008-07-14,21.996594753816613,22.099532804286355,20.381753626903112,20.388187408447266,50370200
2008-07-15,19.770560149319653,21.115189968530483,18.81194867726688,19.957136154174805,88717800
2008-07-16,20.780634511920365,23.12247657775879,20.26594435254427,23.12247657775879,79957800
2008-07-17,24.47997097138332,26.371460481620197,24.31913016019915,26.24921989440918,132114600
2008-07-18,26.506563304717282,26.583766198542545,25.219836954529413,25.747394561767578,65409900
2008-07-21,25.953276635778614,26.345728656813925,24.672982538813933,24.86599349975586,41354400
2008-07-22,24.55074858703903,26.4036359674486,24.19689918855554,26.287830352783203,50104200
2008-07-23,26.32000177735974,27.66463164624191,25.329221357291384,26.995532989501953,59345600
2008-07-24,27.059866361352594,27.201404645042313,25.116908536101473,25.181243896484375,47454600
2008-07-25,25.200545347807093,26.017617229954464,24.756625447497008,25.425724029541016,35188000
2008-07-28,25.354948867339544,26.152720480500445,24.06822220073163,24.229063034057617,41673200
2008-07-29,24.409215048747207,26.21706771850586,23.920259773616245,26.21706771850586,50527400
2008-07-30,26.641675612000178,27.066295315055353,25.715233292853345,26.744613647460938,47954900
2008-07-31,26.139869689941406,26.99554219600852,25.927558475704664,26.139869689941406,37394100
2008-08-01,26.448674183544718,26.860426435628526,25.586566985405362,26.223495483398438,30773300
2008-08-04,25.82461166381836,26.30713431061388,25.033274817582157,25.82461166381836,27748000
2008-08-05,26.551598836181107,27.021253664896008,25.869632979208856,26.950483322143555,35763100
2008-08-06,26.603077662912636,27.194973312828917,25.953281658591735,26.628812789916992,33009400
2008-08-07,26.172032257042986,26.73175791923734,25.399995422221927,25.612306594848633,42712200
2008-08-08,25.41928766624941,26.796087447795138,25.348519751547215,26.422935485839844,37174200
2008-08-11,26.24278480309059,27.568111388324596,25.972570990239028,26.950483322143555,34643900
2008-08-12,26.371465288404856,26.38433039591685,23.817311955893615,24.396337509155273,65248300
2008-08-13,24.2161988893405,24.222633897953752,23.257588761847813,23.746543884277344,48575900
2008-08-14,23.54066508028901,24.72445374274106,23.431292034559966,24.32556915283203,41142300
2008-08-15,24.47997225315562,24.90459191874549,24.04248502748895,24.492839813232422,36656900
2008-08-18,24.396333356988453,24.467103707441865,23.579264186033743,23.63716697692871,32193100
2008-08-19,23.167515053259596,23.418428841891895,22.51771909634351,22.890871047973633,41424300
2008-08-20,22.852265919508362,23.849478596418695,22.53058425248978,23.804443359375,39065000
2008-08-21,23.276889896561165,23.547101368447162,23.025978542885085,23.328357696533203,30564500
2008-08-22,23.94598874237517,24.608652320150227,23.71437750433116,24.23550033569336,36022700
2008-08-25,24.061788327268143,24.0939560013214,23.21254897023385,23.24471664428711,27081000
2008-08-26,23.27044832948415,23.881643927661802,23.09674240607591,23.553529739379883,28810800
2008-08-27,23.514925860535524,23.94598050624375,23.077438662310456,23.89451026916504,23812300
2008-08-28,24.229067143619048,25.01397132873535,23.952420667036638,25.01397132873535,34724300
2008-08-29,24.77591900000191,25.05256540860625,24.505707598613206,24.76305389404297,23327100
2008-09-02,25.451456621445008,25.747403192171483,24.769490543728864,25.084739685058594,33267600
2008-09-03,25.03327004705417,25.573695406647122,24.73088846066388,25.54796028137207,28787600
2008-09-04,25.284186577640728,25.593000781678693,24.338443844723567,24.389911651611328,41510300
2008-09-05,24.126129646537457,25.573697425329705,24.02962414625658,25.477191925048828,42100300
2008-09-08,27.272168093368474,28.08923972492041,25.734530300586215,26.73174285888672,85629900
2008-09-09,26.255659786682273,26.982658621459205,25.380685218354014,25.393552780151367,56435300
2008-09-10,25.728098995393356,26.0176105119241,24.956062558093628,25.348514556884766,46100400
2008-09-11,24.608654171648364,26.821823754802,24.396343036055278,26.796091079711914,57012300
2008-09-12,26.27495603039922,26.995522205213536,25.856768923436675,26.48726463317871,51417100
2008-09-15,24.69871800100884,26.924754547760696,23.804443359375,23.804443359375,92112900
2008-09-16,22.890881474168467,26.345743833363056,22.530596921001646,26.21063804626465,90368100
2008-09-17,25.142640869590092,26.172021246812893,22.839398900979013,23.013107299804688,104396300
2008-09-18,23.502066868632784,26.41007005928215,21.90009319623753,25.927547454833984,132982000
2008-09-19,30.238084543584232,30.881448044511558,27.37511647361024,30.270252227783203,88523900
2008-09-22,29.395265768493765,29.530373915107834,26.21705222301955,26.24921989440918,44934200
2008-09-23,26.08839073493534,27.13707397940967,25.773143978589662,26.094825744628906,32404400
2008-09-24,26.699576672212576,27.3429399655189,25.87607244213606,26.05621337890625,27186400
2008-09-25,27.182092934225523,28.951341586749077,26.570897454324804,27.960561752319336,36831300
2008-09-26,26.088378149790554,31.52479786414918,26.043342920609216,31.035842895507812,148081400
2008-09-29,29.967883257181867,30.55977670157828,26.377912521362305,26.377912521362305,79528000
2008-09-30,28.71331045693622,30.48899243699835,28.16001751660016,30.045072555541992,66987800
2008-10-01,30.180180564597844,32.16817380384494,29.787728451513033,31.930130004882812,59424300
2008-10-02,31.93012306588721,32.31911849975586,30.2898556064051,32.31911849975586,53944700
2008-10-03,32.61733946008805,32.82480394802876,29.323836385978698,29.758216857910156,68639000
2008-10-06,28.195761336987164,29.27198478400169,27.035254630633393,28.52640724182129,63065300
2008-10-07,29.45351851005015,29.65450092530511,25.48575490426345,25.492237091064453,62396200
2008-10-08,25.239388556756488,28.234660769948242,24.96060754733501,25.47926902770996,75686800
2008-10-09,26.60087238061363,27.67709576366498,23.780649185180668,23.780649185180664,88790300
2008-10-10,22.710903729294348,27.229745642871777,22.704421544718045,26.996347427368164,112976400
2008-10-13,28.46804794672448,28.57826485945946,25.712657279586736,27.2232608795166,81628900
2008-10-14,28.092033478147385,28.23466385510234,25.712670121752044,26.393413543701172,95288900
2008-10-15,25.498713756584365,27.093598312295196,24.63643726518032,24.954118728637695,84755700
2008-10-16,25.29773426589062,26.581422161289236,23.540767687327815,26.250776290893555,75112400
2008-10-17,25.69321599038393,26.834271145546367,25.32366956396825,25.49871826171875,60991200
2008-10-20,25.93958050208983,26.386928030866482,25.155104871601207,26.360994338989258,44732100
2008-10-21,25.88122491450542,26.756468263068133,25.67376037406961,25.764528274536133,41780700
2008-10-22,25.382016022378973,25.965509136937772,23.346266123612278,24.098325729370117,60825200
2008-10-23,24.221513144456672,25.122687875107715,23.223088310181225,24.53919219970703,63917000
2008-10-24,22.76926292989972,24.461398236041205,22.373782727538888,22.970245361328125,61968800
2008-10-27,22.756290001896986,23.27495388336769,21.608752718050656,22.04313087463379,62712700
2008-10-28,22.659039836136543,24.454906770283774,21.083604284925094,24.377105712890625,73082500
2008-10-29,24.059426957281886,24.882802940756175,23.02210177360697,23.15176773071289,61823300
2008-10-30,23.91679698636757,24.636440783921326,23.35923503607645,24.39007568359375,47372000
2008-10-31,24.176124372858215,26.743499755859375,24.169639715213666,26.743499755859375,86948900
2008-11-03,26.743523830150906,26.743523830150906,26.062780081836507,26.40639305114746,45059900
2008-11-04,26.743507653185837,27.502049592225895,26.503627186118422,27.339967727661133,48917100
2008-11-05,27.05469716281777,27.55390946640149,25.038398921451176,25.427396774291992,53524900
2008-11-06,25.258829889600097,25.77749121186834,24.545670880627792,24.80500030517578,56467100
2008-11-07,24.785560232814397,24.973575802927947,23.64450491159161,24.474363327026367,50210800
2008-11-10,24.81797590404257,24.94764189865347,23.112876360039287,23.60560417175293,41558500
2008-11-11,23.22308725138237,24.27986160501689,22.866507676305034,23.566699981689453,61577400
2008-11-12,22.963760922085488,23.534289865734497,22.244119410019163,22.412683486938477,56726100
2008-11-13,22.464547720851037,24.312280012534448,21.718970144530772,24.111297607421875,74523600
2008-11-14,23.553734372907357,23.9297629588024,22.146862703891657,22.34784507751465,55941000
2008-11-17,21.92643464224027,22.60717798504206,21.07064258731693,21.245691299438477,57560400
2008-11-18,21.239204419780673,21.459635833503434,19.683220152184198,20.837242126464844,67807700
2008-11-19,20.54549709333373,20.75944510087688,18.33470060319232,18.457881927490234,90226200
2008-11-20,17.984597480574546,18.61347445790161,14.470663791998284,15.157890319824219,160729900
2008-11-21,15.391293852536261,15.83215672606955,12.765568117021203,14.729999542236328,194075000
2008-11-24,15.507990823649903,18.373597863995634,14.587365903812506,17.880868911743164,137382200
2008-11-25,19.20994398390006,19.91013766006056,18.477334426187916,19.300710678100586,105430800
2008-11-26,18.645890917863454,19.93606193189495,18.263377760731107,19.85177993774414,55644900
2008-11-28,19.683216084306807,20.701089688531447,19.534099874133183,20.52604103088379,22787500
2008-12-01,19.88419985868478,19.9036501243409,16.869477930818498,16.934310913085938,70984500
2008-12-02,17.206610846031474,18.73666276309651,15.955338689350699,18.496782302856445,81316000
2008-12-03,17.790102739024054,19.929582488419193,17.53077204767105,19.611902236938477,64914200
2008-12-04,19.346083582496647,21.329965687976745,19.287734036065704,20.150009155273438,80719600
2008-12-05,19.715634078794764,22.04312930097128,19.27477129492154,21.621715545654297,73599200
2008-12-08,22.023685165740762,24.441946356043704,21.783802218777083,23.657470703125,84589300
2008-12-09,23.12583585251023,23.145287355158807,21.82269894099599,22.017196655273438,65827700
2008-12-10,22.302474112554055,22.665536045683183,21.446681737072634,21.731945037841797,47919600
2008-12-11,21.135474656265398,21.23920695314478,19.281258922106534,19.410924911499023,70746400
2008-12-12,18.43842964282274,20.24077883187479,18.15964869259451,20.059247970581055,59939000
2008-12-15,19.021920320054083,19.307184636894483,18.263377439686796,18.561607360839844,51629100
2008-12-16,18.807979892877583,21.232724461632397,18.697764174452978,20.973392486572266,75822100
2008-12-17,20.422313859300175,21.323488583098143,20.130566023818457,20.655712127685547,46719900
2008-12-18,20.850210864823985,21.128991868474245,19.52762349895431,19.58597183227539,57491500
2008-12-19,19.52113753596292,20.260230343174296,19.307189553002452,19.657285690307617,55696800
2008-12-22,19.864752466402667,20.221333302158744,19.1321429995939,19.3331241607666,36378400
2008-12-23,19.598938315162197,19.70915402999219,18.872812271118164,18.872812271118164,26931700
2008-12-24,18.57458184046201,19.372024334884337,18.57458184046201,19.352575302124023,12339700
2008-12-26,19.48223410131677,19.618383471967178,18.963572776425067,19.320152282714844,12630500
2008-12-29,19.44333041529525,19.462780674301126,18.671820786930976,19.30718231201172,22318000
2008-12-30,19.37850608082037,20.13056578493034,19.372022658265887,20.104633331298828,29842400
2008-12-31,19.903645671900765,20.707571257054756,19.73508045034793,20.441757202148438,25891700
2009-01-02,20.46801557202259,20.763321228512332,19.99552451896426,20.573013305664062,32494900
2009-01-05,20.1661393857269,20.192389436169382,19.08334983840053,19.194910049438477,44069400
2009-01-06,19.549284901401347,19.962713323790236,19.365538240521992,19.60834503173828,44216300
2009-01-07,19.129293735304508,19.29335286039575,18.374622010219152,18.433683395385742,42156500
2009-01-08,18.30899383064842,18.34180639900075,17.626508680649426,17.86275291442871,52075800
2009-01-09,18.079306918036554,18.079306918036554,16.93745607337152,17.04245376586914,42597500
2009-01-12,17.009648388881818,17.160582468030288,16.077792604203946,16.34684944152832,59360000
2009-01-13,16.54371603697429,17.449322805349038,15.926854834270102,17.291826248168945,73422800
2009-01-14,16.793088745394996,17.245892189463273,16.24841261040649,17.003084182739258,73907300
2009-01-15,17.416516194592017,17.751195686671505,15.592178390910508,15.972795486450195,136759300
2009-01-16,16.294349427443308,16.40590966322007,13.472533466038085,14.975314140319824,156843400
2009-01-20,13.780964787329049,13.958148920710187,11.61538510713171,11.871316909790039,142090400
2009-01-21,12.658803728534103,14.988442994762554,12.389745589833185,14.850632667541504,136421400
2009-01-22,14.673450327638802,15.638117649525388,13.918777259388486,15.159065246582031,110240800
2009-01-23,14.384701882700481,16.130290599848024,14.312515478443414,15.933420181274414,74369200
2009-01-26,16.405915240852202,16.898092698077768,15.57905696251261,16.077796936035156,74278400
2009-01-27,16.484660887024127,16.517472210273198,15.789049318763706,16.44528579711914,50766500
2009-01-28,17.843068135956283,18.223685199371698,17.285266943449656,18.151498794555664,91373900
2009-01-29,17.547756570821925,17.83650086135158,16.56996474217717,16.688087463378906,58624200
2009-01-30,16.93746147246524,17.705258125896382,16.143416013378072,16.740591049194336,74937200
2009-02-02,16.405913068198764,16.85215410392126,15.979359578759961,16.537160873413086,51532900
2009-02-03,16.42559068738723,16.70120991042451,15.552796689714366,15.782478332519531,66166300
2009-02-04,15.913727000740407,16.734022206964138,15.579046406400586,15.775918006896973,55330300
2009-02-05,15.579050330647126,16.6159036824227,14.7587549177971,16.104040145874023,79815500
2009-02-06,16.740588916917748,18.243369460708813,16.602778636843937,18.13180923461914,76845200
2009-02-09,17.4886967516116,18.35492844787583,17.259013801439384,17.90212631225586,54360000
2009-02-10,17.626509229846643,18.118686505423106,15.946543228008805,16.156539916992188,91948700
2009-02-11,16.569967655490583,17.46901199585068,16.49778125724862,17.121206283569336,64712000
2009-02-12,16.635602958288814,17.206528267447773,15.861243342029674,17.18684196472168,80536400
2009-02-13,16.56996852218183,16.989959403001247,16.1827889595496,16.202476501464844,58580600
2009-02-17,14.962195249687856,15.224690913312486,14.207523345947266,14.207523345947266,91424800
2009-02-18,14.5553199223496,14.634067569774809,13.78096096319775,14.115641593933105,82868300
2009-02-19,14.48313582618656,14.634069884013062,13.479095026872324,13.518468856811523,66502700
2009-02-20,12.934422478940643,13.780968273698974,12.304435958659798,13.059107780456543,135941600
2009-02-23,13.71534131415492,14.14845726342611,12.783485521428975,12.803173065185547,101615400
2009-02-24,13.21003624829809,13.846586264224355,12.44223972257951,13.794087409973145,186379900
2009-02-25,13.66940028451353,15.237804435089972,13.203473173479336,14.26001262664795,135790100
2009-02-26,15.303426697139106,15.867790182226589,14.962183601427089,15.126242637634277,125043400
2009-02-27,14.194390788866865,15.487177116474557,14.14189193430274,14.994999885559082,109872500
2009-03-02,14.240329774305906,14.719382025506357,13.826900158973917,13.885961532592773,94984900
2009-03-03,14.227204543756873,14.37157609295068,13.518469322100092,13.78752613067627,85590100
2009-03-04,14.266572047691755,14.266572047691755,12.337237646542958,12.665355682373047,145009700
2009-03-05,12.140376231403208,12.468494507927618,10.526034911705613,10.893527030944824,153808900
2009-03-06,11.280703986092385,11.595697155446857,9.81729649908463,10.453845977783203,155154800
2009-03-09,10.086352292693158,11.346326719159405,9.856669953248097,10.434157371520996,132882900
2009-03-10,11.385697617586676,12.796605110168455,11.241324861428064,12.796605110168457,149090800
2009-03-11,13.354408116745061,13.721900071200432,12.547237818832407,13.387219429016113,155421000
2009-03-12,13.223162979158687,15.309994895048359,13.124727771208935,15.224684715270996,151894700
2009-03-13,15.480614588032692,15.966229305193089,15.03437369883897,15.585612297058105,120464600
2009-03-16,15.953101164837529,16.583088547697216,15.06718207264141,15.152493476867676,125001900
2009-03-17,15.290308514095454,16.55028252589396,14.614385783611375,16.497783660888672,99884700
2009-03-18,16.287787340095726,17.934940863636836,15.867796442248995,17.790569305419922,142105800
2009-03-19,17.882445730772897,17.98744347713176,16.13685663296698,16.37310218811035,124920200
2009-03-20,16.18279073902305,16.26153966367177,15.191873550415039,15.191873550415039,108922700
2009-03-23,16.602779635042605,19.1424149338098,16.49121940224567,18.938982009887695,146776000
2009-03-24,18.407430056487424,19.22772553586158,17.19339374835093,17.32464027404785,133143000
2009-03-25,17.843066224454105,18.84054449820986,17.0162082956135,18.742109298706055,149452500
2009-03-26,19.063664940947177,19.42459567449356,18.14493432662529,19.096477508544922,133663400
2009-03-27,18.551799199582497,19.162099116023896,17.902125458372034,17.980873107910156,108610200
2009-03-30,16.84559564365411,17.30496182081346,16.261545398365563,16.30748176574707,104860500
2009-03-31,16.884963065660124,17.784007526675637,16.307475557237705,17.442764282226562,84307400
2009-04-01,16.59621555208419,18.558361811703044,16.59621555208419,18.466487884521484,106016900
2009-04-02,19.44601871311538,19.50518519911678,18.01945136355783,18.51250457763672,131840800
2009-04-03,18.394186608672634,19.24881362915039,18.078632595219396,19.24881362915039,80949500
2009-04-06,18.58482311636904,18.998987346178694,18.19695441113648,18.53880500793457,72188000
2009-04-07,17.933996803853354,18.440197360837765,17.756497272156384,17.914274215698242,73652600
2009-04-08,18.045752607431197,18.295565746069933,17.427792074936097,18.032604217529297,66538300
2009-04-09,20.01139463633761,21.753516424187804,19.853617696514537,21.529998779296875,147913000
2009-04-13,21.043518114322207,22.450365929277023,20.912037959334572,22.15453338623047,110196200
2009-04-14,21.72064018866167,21.858694499417915,20.149442949435457,20.182313919067383,109541400
2009-04-15,20.129723522225994,21.674624131617865,19.899631728674116,21.405088424682617,108069400
2009-04-16,22.35833024547098,22.35833024547098,21.2736141163463,21.852130889892578,132956000
2009-04-17,21.92443902716395,22.33860456350299,21.385367538887355,21.865272521972656,104962100
2009-04-20,20.892316647787155,21.313053896531546,19.48547008524678,19.518341064453125,109372200
2009-04-21,19.110747593230908,21.635180838654755,18.979267452596037,21.385366439819336,115629300
2009-04-22,20.80027564172959,22.443786707072306,20.589906425989632,20.971200942993164,124080300
2009-04-23,21.188145212826097,22.187400282018817,20.813424875353693,21.832401275634766,89366500
2009-04-24,22.12823482172045,22.680454688357642,21.201294599986493,21.944162368774414,117098100
2009-04-27,21.385365837870772,22.200548454799215,21.299905065458113,21.54971694946289,67832500
2009-04-28,21.26703579329319,22.167681815634666,21.221017676274197,21.55629539489746,65809900
2009-04-29,21.983598217643777,22.719892816766496,21.85869230726679,22.667299270629883,84731300
2009-04-30,23.015725207992187,23.14720657965429,21.52999247926654,21.69434356689453,94556900
2009-05-01,21.59573329906157,22.20054664445654,21.076385734707852,21.35906982421875,68254100
2009-05-04,21.73378799538149,23.653407430183773,21.628603403170388,23.528501510620117,100918400
2009-05-05,23.304981113650935,23.63368323793995,22.65414980412748,22.89081573486328,63488200
2009-05-06,23.548220888850363,24.554048625352554,23.377296881079396,24.46858787536621,102644800
2009-05-07,25.310072467337196,25.45470225536054,22.831657278041277,23.166934967041016,113228400
2009-05-08,24.192483839224924,25.599328994750977,23.798042162875216,25.599328994750977,110026400
2009-05-11,24.55405645635387,25.09970338141906,23.5548038482666,23.5548038482666,86808000
2009-05-12,23.824333688928654,23.837479568481843,22.391192068978505,23.245817184448242,94148900
2009-05-13,22.811936499116626,23.186656860988588,22.14138361266177,22.38462257385254,82160700
2009-05-14,22.430637359048568,23.41674395611329,22.233416541195375,23.364152908325195,68764300
2009-05-15,23.304988324796927,23.456191047819996,22.614714151761543,22.949989318847656,68301000
2009-05-18,23.475910098272713,24.554052893559135,23.140634963757535,24.49488639831543,71730900
2009-05-19,24.521181853213083,24.770996209413138,23.515353996116072,23.541650772094727,59860600
2009-05-20,24.067573641504698,24.166182789271293,22.52267191517563,22.713319778442383,77073900
2009-05-21,22.47665191854912,23.245816246909246,22.134801384588883,22.943410873413086,65068100
2009-05-22,23.180081110445315,23.206377891799658,22.621288299560547,22.621288299560547,39227200
2009-05-26,22.430631593790256,24.034699517719385,22.430631593790256,24.02155113220215,65462400
2009-05-27,23.995265141822323,24.13989493969345,22.785640716552734,22.785640716552734,76374100
2009-05-28,23.101201002477275,24.107029401680204,22.746201858829206,24.093883514404297,66107300
2009-05-29,23.896653802147753,24.369985869011956,23.456193968215224,24.258228302001953,61932300
2009-06-01,24.58693070535994,24.803872898677014,23.51536060706246,23.73887825012207,90184500
2009-06-02,23.055176540934635,23.3510090793836,22.64758643673786,22.680456161499023,159381700
2009-06-03,22.614717090511085,22.989437476218917,22.12166368744296,22.338605880737305,72136300
2009-06-04,22.614716001517174,23.298414781587866,22.50295593148115,23.239248275756836,70954200
2009-06-05,23.482484171574413,23.508778439633026,22.680450062520183,22.713319778442383,61583800
2009-06-08,22.713321285999445,23.489058670684702,22.713321285999445,23.265541076660156,61615100
2009-06-09,23.482486442474947,23.521929102276502,23.068320959966897,23.180078506469727,58992300
2009-06-10,23.38387370983605,23.44961314503667,22.594987948435097,22.903968811035156,60176100
2009-06-11,23.055178415977228,23.581101578326116,22.706754791133484,22.969715118408203,66560900
2009-06-12,22.91711835031547,23.298411607661663,22.877673182535315,23.09461784362793,41157300
2009-06-15,22.930269903125865,23.035454523919135,22.30573512000367,22.35175323486328,55388500
2009-06-16,22.529252064009256,22.60813990024304,21.944162471993753,22.02305030822754,56344000
2009-06-17,21.977027336373613,22.036193827418952,21.15527190952087,21.516843795776367,65456600
2009-06-18,21.59574044311605,22.555553079987536,21.589167500445505,22.46351432800293,63861500
2009-06-19,22.779066612097917,23.088045017507934,22.2136983486936,23.009157180786133,77009100
2009-06-22,22.8053567526356,23.009153010680574,21.602308056418174,21.6088809967041,70388300
2009-06-23,21.76666720238164,22.410923424100808,21.648334171065915,22.069072723388672,59046500
2009-06-24,22.207122929368225,22.30573460625281,21.740366342085974,21.996753692626953,50429500
2009-06-25,22.009903542768317,22.470087219077065,21.569443707823744,22.443790435791016,57205700
2009-06-26,22.272862685110894,22.838230893481423,22.009899911236598,22.6475830078125,46722500
2009-06-29,22.713321306646524,22.811932968846513,22.378046169204303,22.746191024780273,34914800
2009-06-30,22.74619525952831,22.87110372260949,22.26629026359332,22.424068450927734,39470600
2009-07-01,22.56231992759375,22.7598302478208,22.154131597593846,22.233135223388672,36463700
2009-07-02,21.96320932938685,22.233140753516818,21.245586395263672,21.245586395263672,38352200
2009-07-06,21.087574431872152,21.462844848632812,20.797892753937013,21.462844848632812,60664000
2009-07-07,21.482594228693273,21.98953896815296,21.153409528639962,21.60110092163086,56704900
2009-07-08,21.680108977521314,22.04879682106812,20.929568109837167,21.535266876220703,71784600
2009-07-09,21.653772806460935,22.219970987535746,21.640605114868457,22.134382247924805,41655600
2009-07-10,21.93028513859297,22.167296007767202,21.206077307540934,21.29166603088379,51037400
2009-07-13,21.640601398023353,22.852001190185547,21.35091976718368,22.852001190185547,70454200
2009-07-14,22.733494824870323,23.102182597001512,22.424062911320913,22.84541893005371,52924000
2009-07-15,23.115351325070396,24.208244489566127,23.049512874510356,23.872474670410156,84050100
2009-07-16,23.372112805863377,23.971228836484062,23.187770184589276,23.78688621520996,71465100
2009-07-17,23.977816049288883,24.49134596848331,23.819808775290856,24.287250518798828,61742300
2009-07-20,24.37283577579318,24.64934972153224,24.089736729547965,24.346500396728516,43554400
2009-07-21,24.491341170161295,24.563762203005197,24.09631803959814,24.32016372680664,43509400
2009-07-22,23.964648364175343,24.576932137742443,23.839556564566532,24.24774742126465,40137700
2009-07-23,24.32675077332449,25.327472601412875,24.076569688432382,25.11679458618164,56528800
2009-07-24,25.050955088469063,25.182629470348573,24.62301648671058,24.96536636352539,35328600
2009-07-27,24.998296743037326,25.98585123102903,24.734947874980495,25.103635787963867,30479300
2009-07-28,24.84685974007071,25.14970903058821,24.787606399623396,25.07070541381836,29035900
2009-07-29,24.879781077888524,25.176047820295935,24.649350273136076,24.866613388061523,29931400
2009-07-30,25.103640214334625,25.860763948405353,24.95221546752048,25.327486038208008,38531000
2009-07-31,25.268218126342557,25.44597816467285,24.971951395792072,25.44597816467285,39085700
2009-08-03,25.75541127543638,26.170184717570784,25.66982505821059,26.071428298950195,42957800
2009-08-04,25.854184316173626,26.663978930461703,25.788345824271143,26.473051071166992,43363800
2009-08-05,26.558631951666683,27.78319991035157,26.505961173818296,27.506683349609375,63334100
2009-08-06,27.835872425932003,27.954379182700297,26.479632338554673,26.828567504882812,54175600
2009-08-07,27.177490508794712,28.39547551684722,27.111654567377897,27.888530731201172,65696000
2009-08-10,27.671263596943135,28.454724748347648,27.658095908270475,28.10578727722168,43700600
2009-08-11,27.835857746913554,27.98728240926905,26.953642640357224,27.151155471801758,50698800
2009-08-12,27.11824238300278,27.947789469009304,27.012903349547422,27.789779663085938,43077100
2009-08-13,28.132142063208025,28.309902215707694,27.526443035266816,28.24406623840332,40385300
2009-08-14,28.066296875316485,28.211136480150046,27.519848899389494,27.947790145874023,38413900
2009-08-17,27.131422132765405,27.37502079645919,26.802237192999314,26.815404891967773,39162800
2009-08-18,27.058984903440756,27.572514810961838,27.032652032693232,27.454008102416992,29053600
2009-08-19,27.09189805235146,27.58567503378086,26.993141651473742,27.263072967529297,29394100
2009-08-20,27.342089092521785,28.06629717022206,27.30917111432649,27.928037643432617,29634300
2009-08-21,28.217708895881447,28.843160239739255,28.00044581909185,28.744403839111328,42863600
2009-08-24,28.87609057202421,29.126271719029752,28.276974346562998,28.31647491455078,40385200
2009-08-25,28.566648241013365,29.060425297527253,28.5073948937725,28.691740036010742,34835700
2009-08-26,28.566661516867676,28.823425303744564,28.257226947307764,28.507408142089844,31908400
2009-08-27,28.342797140879693,28.72465253066493,28.007029911481904,28.60614585876465,28975700
2009-08-28,28.843160577483644,28.876078540918545,27.98727845929843,28.25720977783203,27263600
2009-08-31,27.94119488147812,28.704903242642597,27.691016331625484,28.61273193359375,32251100
2009-09-01,28.36256096910375,28.849753021937886,27.361838967617885,27.43425750732422,51475400
2009-09-02,27.328926443615998,27.723949789319487,26.828566552835706,26.90098762512207,35898500
2009-09-03,27.144581505533196,27.816118878049632,27.065577847437442,27.723947525024414,35019600
2009-09-04,27.86878362063924,27.97412264577465,27.51326346900206,27.8753662109375,21880200
2009-09-08,28.17161897413578,28.336211275908276,27.55275031212449,28.00702667236328,28089300
2009-09-09,28.046546329516364,28.35598087138348,27.908289304568434,28.217723846435547,29031600
2009-09-10,28.132127515807753,28.408644002756134,27.78319249586551,28.323055267333984,25112100
2009-09-11,28.39547490060213,28.56664985145908,27.967533756239572,27.980701446533203,27289900
2009-09-14,27.70418198117986,28.869493458647547,27.658093818567824,28.80365753173828,28945000
2009-09-15,28.711498839524467,29.099937006441746,28.013626154975242,28.434982299804688,49985400
2009-09-16,28.540321495371394,29.41595427931241,28.44815015211039,29.396203994750977,38721900
2009-09-17,29.159189602851576,29.69905246312253,29.099936239578877,29.600296020507812,35705700
2009-09-18,29.78464922405812,29.850485195855963,29.429128948794567,29.593721389770508,39492000
2009-09-21,29.32378926424201,29.494964294169733,29.113111145185755,29.330371856689453,24070000
2009-09-22,29.50154135182594,30.607602430943988,29.284278188097474,30.59443473815918,41148100
2009-09-23,30.54835117347266,30.614187130451214,29.613465013196407,29.666135787963867,34427200
2009-09-24,29.76487571533374,30.15331370625239,29.1394243724675,29.21184539794922,42231400
2009-09-25,29.067015882173173,29.152602113184383,28.533735656390366,28.737831115722656,31056100
2009-09-28,28.948504987368878,29.51470310578468,28.764159836955304,29.501535415649414,25826100
2009-09-29,29.55420527034927,29.75830071131391,29.25135591522514,29.547622680664062,23930600
2009-09-30,29.494958160209347,29.554211525838788,28.592992493610733,28.849756240844727,40904000
2009-10-01,28.573245646749932,28.678584697045185,27.23017087187463,27.236753463745117,50562700
2009-10-02,26.907158121895407,27.948641694137155,26.715999362759547,27.59269142150879,43061100
2009-10-05,28.001390951470096,28.957182822480558,27.915698607505167,28.871490478515625,34430200
2009-10-06,29.24059537448221,29.662461085373533,29.04943668844771,29.60313606262207,41695700
2009-10-07,29.398802013996978,30.20298532277214,29.30651917814121,30.123886108398438,36148700
2009-10-08,30.34801554362473,30.611680541777687,29.695439832745624,29.860231399536133,36627700
2009-10-09,29.965701936479643,30.282101485577158,29.71522053168584,30.222776412963867,26034200
2009-10-12,30.56553640123176,30.59849420877135,29.893186566442118,30.374380111694336,24220600
2009-10-13,30.09094934364532,30.341430783319364,29.35268111175845,30.0975399017334,45701900
2009-10-14,31.10604928028658,31.29061750959058,30.73691785071713,31.086275100708008,70368700
2009-10-15,30.558942690952172,31.191741582659176,30.558942690952172,31.086275100708008,36096800
2009-10-16,30.78307409285132,30.90172425645815,30.321657069327028,30.361207962036133,37459000
2009-10-19,30.598492445558563,30.60508551539828,29.959102969672333,30.308460235595703,30415400
2009-10-20,30.196398671917535,30.710547403573976,30.170031425545663,30.341413497924805,30614800
2009-10-21,30.33483513176411,30.59850015786324,29.431777954101562,29.431777954101562,32991600
2009-10-22,29.609743648113067,30.235952023063444,29.55042110575258,30.13048553466797,32388900
2009-10-23,30.123899686939957,30.45348282899724,29.63611553030645,29.814090728759766,27638200
2009-10-26,29.741578183648205,29.80090324211671,28.70668745276831,28.884662628173828,42085500
2009-10-27,28.99672588389803,29.438366086360915,28.78579036006462,28.937400817871094,38075200
2009-10-28,28.82534094473408,28.878075453778084,28.014566727080936,28.133216857910156,45679500
2009-10-29,28.489167948257712,29.266984374071345,28.18594954286674,29.234024047851562,35898600
2009-10-30,28.970347389660596,28.983531011942905,27.50699800506917,27.53336524963379,58853300
2009-11-02,27.803631395027374,28.245271556002265,27.368581789871993,28.067298889160156,44598100
2009-11-03,27.74431238169915,28.31778641473432,27.671803679282725,28.146404266357422,29387800
2009-11-04,28.482574408051523,28.798973921294966,27.764083060940422,27.823408126831055,42548800
2009-11-05,28.08046723938054,28.95715912160995,27.94863606674558,28.9176082611084,32893300
2009-11-06,28.4364268537769,28.79896772757344,28.284818943444503,28.66054344177246,27140000
2009-11-09,28.95717541214833,29.260391303019446,28.541899944073627,29.234024047851562,38845500
2009-11-10,29.095595615433314,29.214245732389983,28.70668745752412,29.11536979675293,30980200
2009-11-11,29.227418926800453,29.655877808950763,28.858285081955284,29.214235305786133,32669300
2009-11-12,29.056055948316942,29.431780592948606,28.34415503352837,28.54190444946289,34649600
2009-11-13,28.449622365335447,28.53531470333462,27.922289736341156,28.278240203857422,36650700
2009-11-16,28.50893246488112,28.74623265188294,28.185939984902202,28.370508193969727,43516700
2009-11-17,28.29141636759537,28.469391570202912,28.040934984239463,28.449617385864258,25859700
2009-11-18,28.43642260942876,28.673722786536914,28.304588898311017,28.594623565673828,20422300
2009-11-19,28.410060569951835,28.46279506986917,27.85636089341658,28.04751968383789,26878000
2009-11-20,27.994784673651232,28.1727598198633,27.78385172581154,27.988191604614258,25328200
2009-11-23,28.311197252267153,28.766021160941154,28.146405653027553,28.52872085571289,29810700
2009-11-24,28.515533655713934,28.528717283744864,27.84318622777616,28.001384735107422,31881800
2009-11-25,28.12662282529767,28.12662282529767,27.645431762063353,27.790449142456055,26123800
2009-11-27,27.012620409930914,27.61905439329167,26.861012542720363,27.243330001831055,26230100
2009-11-30,27.394940492688235,28.113431549725508,27.348799072792897,28.007965087890625,38240600
2009-12-01,28.087076284257307,28.15299190807136,27.434500544610767,27.830001831054688,39211100
2009-12-02,27.78384942485982,27.78384942485982,27.335616319191654,27.638832092285156,32519700
2009-12-03,27.88273604379258,28.403478062688514,27.230162766788368,27.289487838745117,53314400
2009-12-04,27.84977499547382,28.021157119826494,27.17083453987546,27.513601303100586,61485000
2009-12-07,27.441077468720984,27.65860091092728,27.065353102122334,27.190593719482422,32949600
2009-12-08,27.032413726165185,27.28949074167112,26.78193229749838,27.164247512817383,41878900
2009-12-09,27.190607168963865,27.361989283519,26.762148110796584,27.15105628967285,42492800
2009-12-10,27.26310808003204,27.394941792209078,26.801691344671866,27.20378303527832,36380900
2009-12-11,27.019225473457166,27.19060759067031,26.861024468359155,26.999448776245117,46616100
2009-12-14,27.032397660981392,27.638831713373424,26.828057801902695,27.53336524963379,35340800
2009-12-15,27.355402576591764,27.48723634492512,26.775335504636992,26.933536529541016,40244400
2009-12-16,27.1378679424603,27.487227695792125,26.946711678772164,27.263111114501953,43562800
2009-12-17,27.065364307948286,27.10491266953172,26.491887919794163,26.54462242126465,44272800
2009-12-18,26.7160077495909,27.151057381203465,26.393017689881432,26.99285888671875,48126800
2009-12-21,27.388352764725642,27.843179013119414,27.355394960448237,27.619062423706055,35991900
2009-12-22,27.684980488559592,27.750896102962646,27.480638060678913,27.645429611206055,24754800
2009-12-23,27.579505094979403,27.64542068810691,27.322430761455944,27.394939422607422,24503600
2009-12-24,27.47404253820046,27.61246681213379,27.361982996550346,27.61246681213379,7956500
2009-12-28,27.586113254246698,27.770681558930903,27.394956906371352,27.500423431396484,13039900
2009-12-29,27.507004858993955,27.553146291219687,27.329029685614938,27.348806381225586,15593000
2009-12-30,27.20379145004619,27.434498631829936,27.17742419655099,27.375173568725586,15501800
2009-12-31,27.434495197446353,27.770671351126726,27.32243815589915,27.467453002929688,20143100
2010-01-04,27.579658745005606,28.371609231020543,27.500461934125276,28.279212951660156,35460500
2010-01-05,28.239601252655678,28.93255659586117,28.23300026334089,28.826963424682617,41208300
2010-01-06,28.675195685385685,29.09756869837651,28.58280190348666,28.985374450683594,27729000
2010-01-07,28.899572016295057,29.77731516887905,28.780779331352726,29.55953025817871,44864700
2010-01-08,29.282337228513256,29.500124587891037,29.09095131221351,29.48692512512207,33110100
2010-01-11,29.777301384854283,29.82349823899817,29.24273706760653,29.38792610168457,31878700
2010-01-12,29.031555252514575,29.137148438086385,28.338597297313193,28.701576232910156,47109600
2010-01-13,28.74117668361948,29.38793536299303,28.29240494404754,29.203147888183594,39622000
2010-01-14,29.170146514486067,29.559521867370414,29.104149198507255,29.4935245513916,37938300
2010-01-15,29.236136648307035,29.321931886620792,28.602577621235717,28.826963424682617,69738500
2010-01-19,28.64218507286313,28.873169421216627,28.31220599376351,28.56298828125,41731500
2010-01-20,28.384795633089436,28.826968851448704,28.186808714550473,28.642181396484375,39934400
2010-01-21,28.40459076703332,28.477186544326457,26.60950433774771,26.754695892333984,137547700
2010-01-22,26.82728861259091,27.190264940154748,25.61956449351506,25.843950271606445,106634900
2010-01-25,26.239941133814018,26.3257364184891,25.632780700830107,25.876964569091797,56572200
2010-01-26,25.738367132868866,26.292732064124586,25.263196472495256,25.368789672851562,52975300
2010-01-27,25.309398281003816,26.061752812644176,25.12461077369266,25.956159591674805,66314300
2010-01-28,26.187137386054193,26.424722702834295,25.55357821966748,26.055145263671875,65047400
2010-01-29,26.167340800256454,26.299330411915076,25.606374880545435,25.698768615722656,53649000
2010-02-01,25.804360963947293,26.35212740090631,25.705368758470385,26.15414047241211,37408200
2010-02-02,26.26633245475254,26.84709630044952,26.20033765031579,26.761301040649414,45968500
2010-02-03,26.781104436075623,27.12428047786951,26.51051916257468,26.5897159576416,37373300
2010-02-04,26.259728297480443,26.34552102117054,25.309387207031254,25.30938720703125,57211800
2010-02-05,25.500772040537203,25.659163039207034,24.438239452591567,25.276386260986328,75224100
2010-02-08,25.269807684753395,25.269807684753395,24.629647232544997,24.88043212890625,58321000
2010-02-09,25.203807999905397,25.540388161814715,24.972823588823527,25.335800170898438,45173500
2010-02-10,25.50077118279174,26.068335342420365,25.421576944890365,25.65256118774414,39331800
2010-02-11,25.632773271198932,25.982550266316267,25.315993678302785,25.75156593322754,33830600
2010-02-12,25.520574278072242,25.857154262968585,25.315988912292056,25.705364227294922,38051100
2010-02-16,25.956153364575396,26.490717816062155,25.573376456929715,26.444520950317383,46425300
2010-02-17,26.56990023320024,26.695293827902116,26.239921329314033,26.424711227416992,34644100
2010-02-18,26.358722277406827,26.734898145475857,26.246530623000993,26.668903350830078,31809500
2010-02-19,26.470921104272435,26.860296503250417,26.332330500621072,26.418123245239258,40290200
2010-02-22,26.662304736865583,27.256265438145146,26.56331002788231,26.95928382873535,43898900
2010-02-23,26.992287513347563,27.22327184318266,26.23993315858387,26.319129943847656,52233100
2010-02-24,26.431317921751283,27.03848060293798,26.398320524603534,26.95928382873535,44645000
2010-02-25,26.503914417037677,26.853691367759552,26.200334327070006,26.820693969726562,46718100
2010-02-26,26.853698071542823,27.92283216100009,26.794301733239642,27.69844627380371,67699100
2010-03-01,27.738024774927283,27.837019449253933,27.328851654952814,27.606035232543945,34606800
2010-03-02,27.70503830085439,27.98222198761325,27.295865019728595,27.467453002929688,33891600
2010-03-03,27.48724347131203,27.75782606953871,27.282655646296064,27.40804672241211,27562500
2010-03-04,27.65884303997737,27.771037222730275,27.49385351993037,27.665441513061523,25450700
2010-03-05,27.92942326428613,28.292399672548655,27.843628016592785,28.252803802490234,34790800
2010-03-08,28.279202509007998,28.397995163920772,28.02842025311682,28.107614517211914,28524900
2010-03-09,27.97562442520841,28.259406619441236,27.751238562734557,27.99542236328125,37107100
2010-03-10,28.29239091299158,28.701566572204875,28.25279505519236,28.331989288330078,40903700
2010-03-11,28.318799324054773,28.510187759380212,28.246203537032013,28.49698829650879,30119600
2010-03-12,28.602590715892497,28.734582869678444,28.27921006499397,28.47719955444336,31367300
2010-03-15,28.325392284648007,28.516780682729593,28.114205954881992,28.424386978149414,29142000
2010-03-16,28.60917238234878,28.628972830185205,28.17360029303927,28.536579132080078,28553800
2010-03-17,28.58279082809204,29.11075688975179,28.55639189562386,28.89957046508789,32918800
2010-03-18,28.87317106067816,28.89956999271484,28.477197150290866,28.800575256347656,26012000
2010-03-19,28.675182342529297,28.965563024457946,28.46399593430109,28.675182342529297,37014400
2010-03-22,28.424392509542606,28.89956310275426,28.404594574005493,28.866565704345703,23257200
2010-03-23,28.93915739789639,29.526522134759333,28.892960539132115,29.420928955078125,33735700
2010-03-24,29.32852367925772,29.678303024630672,29.170135217330415,29.65850257873535,35849200
2010-03-25,29.684901494902974,30.391056138381966,29.62550519229543,29.65850257873535,45019400
2010-03-26,29.7245031704873,30.285466354886605,29.559513702424034,29.7113037109375,39727000
2010-03-29,29.863098002258546,29.948893242866802,29.341730604197398,29.605714797973633,30628400
2010-03-30,29.632115314440536,29.731107504275425,29.275737388938975,29.420928955078125,30296300
2010-03-31,29.242742377930053,29.698112530415283,29.203143988241695,29.533123016357422,39043000
2010-04-01,29.751158127299068,29.93615483340166,29.72473218673306,29.850263595581055,23894600
2010-04-05,29.916324268625242,29.995609630300542,29.59258452969739,29.95596694946289,21342400
2010-04-06,29.883296451877303,30.35239026873762,29.830442052970255,30.28632164001465,28192100
2010-04-07,30.27971125447838,30.42506271999104,29.74454636861613,29.9427547454834,28890100
2010-04-08,29.83704272841744,30.37220760146041,29.605800047670833,30.23345947265625,28869900
2010-04-09,30.31274036770816,30.537377161745646,30.02864081876793,30.378808975219727,22881200
2010-04-12,30.411850589942954,30.70255858173364,30.32596188360155,30.484527587890625,24645900
2010-04-13,30.41844336009967,30.64308009290286,30.292909511549126,30.306123733520508,27988900
2010-04-14,31.317007604859572,31.667175859448015,30.90737405834708,31.535036087036133,72533100
2010-04-15,31.482179319103786,31.84556177559975,31.37646801320757,31.587890625,45412100
2010-04-16,31.49538653725381,31.548243442845155,29.82382596344525,30.094711303710938,121203900
2010-04-19,29.883300432275092,30.193828573419378,29.460455103270004,29.989011764526367,72136600
2010-04-20,30.240076664981075,30.491142020402766,30.10133101607314,30.312753677368164,39310700
2010-04-21,30.418452159069673,30.649694809571216,29.73132753992815,29.962570190429688,46320600
2010-04-22,29.67186839138195,29.810613998550828,29.090454987549677,29.559551239013672,63176900
2010-04-23,29.55292964107288,29.777566365647314,29.23579588644221,29.691675186157227,32483800
2010-04-26,29.585984257151036,29.605806863175644,28.892253534852394,28.99796485900879,42889300
2010-04-27,28.727082823147942,29.315102290676823,27.947460770364888,28.020137786865234,66296100
2010-04-28,28.304234212986035,28.879039382113152,28.264591521186766,28.713865280151367,48578900
2010-04-29,28.997954046396693,29.28866196969664,28.806351555195512,29.07063102722168,36520300
2010-04-30,29.083836108490434,29.103656180536145,27.901189749565567,28.132434844970703,54121100
2010-05-03,28.39012440078107,28.892252543200502,28.33726748033866,28.760112762451172,31230900
2010-05-04,28.390118709578452,28.64778984418963,27.914416602384783,28.059770584106445,48982200
2010-05-05,27.82192110238729,28.654397316653117,27.49817881217727,28.165483474731445,43062100
2010-05-06,28.165477579296862,28.264580489580208,25.95875233755336,26.963010787963867,78226200
2010-05-07,27.10836570280112,27.643530560227912,26.282495409439097,26.929977416992188,72976300
2010-05-10,27.960668253353646,28.608150348970476,27.366040553115504,27.716211318969727,66578300
2010-05-11,27.392473941075842,28.112633165264405,27.187659656630846,27.451936721801758,50771200
2010-05-12,27.577470431936547,27.610504749766196,26.963022542948845,27.54443359375,47700000
2010-05-13,27.37924754779435,27.48495883097673,26.94318818962256,26.963010787963867,35320800
2010-05-14,26.49392063650171,26.49392063650171,25.905901332433707,26.355175018310547,60719400
2010-05-17,26.38160632896684,26.454283333125662,25.61519863845347,26.3221435546875,56506200
2010-05-18,26.837485801837296,26.837485801837296,25.469844519699162,25.780372619628906,61735000
2010-05-19,25.463239644097275,26.203218900097365,25.450025413766966,26.018224716186523,64600500
2010-05-20,25.469836329143384,25.93232414276708,24.650574506478154,24.994136810302734,76564100
2010-05-21,24.458971753362114,26.53355725923233,24.458971753362114,26.460880279541016,89588800
2010-05-24,26.533551399230088,26.593014140358143,25.436796134255616,25.51607894897461,49141600
2010-05-25,24.888429622682263,25.77376280859043,24.6770069980197,25.727514266967773,66813700
2010-05-26,25.89267904497155,26.097495741664524,25.416979570610856,25.621793746948242,50719600
2010-05-27,26.150364509210824,26.75159812750949,26.031438956548957,26.705347061157227,44843000
2010-05-28,26.6458920374393,26.659103750012257,26.00501560229028,26.15036964416504,41252400
2010-06-01,25.978576213565763,26.401421408114583,25.436805493005565,25.463233947753906,37848600
2010-06-02,25.87946607714996,26.176779838282993,25.549118013747858,26.130531311035156,39618500
2010-06-03,26.335346145576516,26.388200521378632,25.516081897621678,25.833215713500977,30950400
2010-06-04,25.43019611077011,25.568941698412146,24.776105808469946,24.855388641357422,52868900
2010-06-07,24.967709802377872,25.192346609388125,24.221122396673795,24.260765075683594,44528300
2010-06-08,24.353265961931466,24.974319575090263,24.148449202102118,24.961105346679688,51017900
2010-06-09,25.205560361781362,25.212166214647468,24.45236459689344,24.525041580200195,42586000
2010-06-10,24.895030602642898,25.350910029091366,24.71664234350504,25.29805564880371,44302600
2010-06-11,24.967708102032383,25.218770824262048,24.7893198391708,25.165916442871094,31147600
2010-06-14,25.08663490348834,25.28484325454205,24.597718618556986,24.663789749145508,48662200
2010-06-15,24.809154602317207,25.29146277464567,24.617552000604487,25.271642684936523,45355600
2010-06-16,25.119679241996618,25.687878590230483,25.099859155081415,25.450027465820312,37217100
2010-06-17,25.50287469216559,25.701085586950374,25.053601032604206,25.39716339111328,34755100
2010-06-18,25.502882262316522,25.945550199617372,25.3575307554468,25.88608741760254,37270800
2010-06-21,26.13052886639981,26.282488658905528,25.542509771812966,25.681255340576172,33665100
2010-06-22,25.720908290119937,26.150361912121234,25.25181450140598,25.324491500854492,42245700
2010-06-23,25.298060334472595,25.83983106463468,25.119672042293924,25.694477081298828,45046000
2010-06-24,25.46984414756847,25.568949609608538,24.723256555841306,25.12628173828125,73843400
2010-06-25,25.62179624191238,26.163566890714797,25.291448162381357,26.0578556060791,70734200
2010-06-28,26.130536047834482,26.189998810840173,25.41698541212239,25.463233947753906,39962900
2010-06-29,25.046986040903743,25.046986040903743,24.366469946178466,24.485395431518555,56694200
2010-06-30,24.45897858148814,24.769506664910683,24.122022039826124,24.188093185424805,35332500
2010-07-01,24.174864568624898,24.274103054190427,23.261855863360555,23.870529174804688,56642900
2010-07-02,24.022695393175276,24.27410156017746,23.380942626040987,23.705127716064453,36796000
2010-07-06,24.274092970149507,24.39979853296992,23.724966511490194,24.035919189453125,35953600
2010-07-07,24.241022458976122,25.29958392359822,24.088854768971185,25.240039825439453,44602900
2010-07-08,25.656853534624737,25.683318146879543,24.57844708518689,25.246662139892578,41498200
2010-07-09,24.97539106539933,25.729614391777776,24.929079283871026,25.703149795532227,30422300
2010-07-12,25.709764462973496,26.027332012623607,25.537747129536434,25.928091049194336,24998900
2010-07-13,26.338297724908557,26.920503925815005,26.291985925377446,26.78156852722168,48564800
2010-07-14,26.563225386051847,26.715392993696256,26.35812859811257,26.69554328918457,37320600
2010-07-15,26.94035083579837,27.019742123322523,26.007495005028126,26.768333435058594,81876200
2010-07-16,26.64924780070298,26.695559599855837,25.709776990683537,25.802400588989258,58507400
2010-07-19,25.82224001038544,26.040569161086843,25.220184278788693,25.828857421875,35404900
2010-07-20,25.35250166477544,26.225813113811125,25.326037069640368,26.21919822692871,43538200
2010-07-21,26.629393864731345,26.629393864731345,25.36573825682293,25.418664932250977,41115600
2010-07-22,25.775932955927154,26.199356512063403,25.623765273178403,26.03395652770996,35494400
2010-07-23,25.914871637910597,26.437536260753348,25.782553652616965,26.351530075073242,28241000
2010-07-26,26.331677579828145,26.702174461446905,26.13319809902662,26.682327270507812,27209400
2010-07-27,26.953579906943425,27.284379843080757,26.867571216882816,26.92049789428711,44872200
2010-07-28,26.755082837850107,27.059420525557492,26.56322090118029,26.675691604614258,23945400
2010-07-29,26.93372614061896,27.013119930480165,26.404446827225133,26.60292625427246,28994300
2010-07-30,26.278746202137004,26.920496324638837,26.278746202137004,26.649240493774414,26406500
2010-08-02,27.11235740453623,27.58871003131667,26.94695746732666,27.549013137817383,35566700
2010-08-03,27.45638897225672,27.555629941918482,27.039580433001078,27.178518295288086,29967900
2010-08-04,27.271145413557548,27.39023358317332,27.032969074326,27.31745719909668,23078100
2010-08-05,27.105742685810377,27.41007796645283,27.085892977036117,27.304222106933594,19830500
2010-08-06,26.95357840521335,27.09251376493741,26.444146229088698,26.755096435546875,34906600
2010-08-09,26.827865672171345,26.8344830820918,26.239042379371366,26.344898223876953,37790900
2010-08-10,26.24565576770851,26.285352653558597,25.908241071290703,25.91485595703125,34166500
2010-08-11,25.570829195740053,25.656835338866344,24.975388461313546,24.98862075805664,46201600
2010-08-12,24.717368623981365,25.134177199455305,24.624745056943357,25.01508903503418,35387300
2010-08-13,25.00847318908704,25.167258259521333,24.809993743896484,24.809993743896484,24564100
2010-08-16,24.69090253930353,25.021702415257543,24.664437943514542,24.935693740844727,28334100
2010-08-17,25.12093591481137,25.187094860800688,24.743824370307813,24.796751022338867,33883800
2010-08-18,24.737221798333948,25.266501255106114,24.737221798333948,25.068021774291992,27041700
2010-08-19,24.915852935133234,25.120949819304865,24.47919708802864,24.525508880615234,35384700
2010-08-20,24.551970210694833,24.717370168973506,24.35349076552104,24.57181739807129,30862000
2010-08-23,24.61812979962675,24.75045027431664,24.37333856192249,24.399803161621094,29282800
2010-08-24,24.207934408618776,24.280710783289283,23.76466127371782,23.956525802612305,48709200
2010-08-25,23.784511862355842,24.10869433122994,23.599262213482135,23.969758987426758,36058000
2010-08-26,24.055767194872992,24.22778201854931,23.56618227182036,23.572799682617188,31873200
2010-08-27,23.731573153590418,24.274084537005738,23.519861517321115,24.214540481567383,38448800
2010-08-30,24.082231329566213,24.214549257337488,23.70511968305214,23.71834945678711,27306500
2010-08-31,23.777899510837667,24.241019945859456,23.638964137472126,24.05577278137207,34784400
2010-09-01,24.307175068848096,25.008469163899566,24.254245879288085,24.968774795532227,36770500
2010-09-02,25.034950289462795,25.273126752147384,24.803391241744077,25.246662139892578,31282900
2010-09-03,25.451738241124904,25.91485595703125,25.451738241124904,25.91485595703125,34135600
2010-09-07,25.623772269927688,25.696548686723865,25.2863573201867,25.326051712036133,31885500
2010-09-08,25.365731775412144,26.086875525951136,25.365731775412144,25.881778717041016,30781000
2010-09-09,26.417686308719237,26.675709886419757,25.88178943855417,26.5301570892334,33438800
2010-09-10,26.411069823402084,26.629399026849192,26.2456698294465,26.305213928222656,21928600
2010-09-13,26.887422700399544,27.43655189353032,26.887422700399544,27.20499038696289,41643200
2010-09-14,27.10574572091693,27.277760565470633,26.768328395803405,26.940345764160156,42754100
2010-09-15,26.801407281265003,27.218215869608322,26.688936524618473,27.11236000061035,25399500
2010-09-16,26.940342451480515,27.19174853769883,26.827869182338432,27.118974685668945,25207500
2010-09-17,27.145444760625637,27.178526776705034,26.45738274035478,26.503694534301758,45938300
2010-09-20,26.622784746746156,27.33069653517018,26.483846830553542,27.25130271911621,33337500
2010-09-21,27.33068650383422,27.456389547409998,26.774942614452605,26.854333877563477,33548900
2010-09-22,26.748478511089743,27.019734311863235,26.298590472177207,26.424293518066406,34546000
2010-09-23,26.219200865594292,26.26551264984007,25.795777396031205,25.86855125427246,33471100
2010-09-24,26.139804658097614,26.331669188712457,26.00086931819144,26.2985897064209,28855100
2010-09-27,26.159653332596324,26.245659478394575,25.80900376751706,25.855318069458008,25684900
2010-09-28,26.04056578600436,26.067030380926553,25.54436598832532,25.769309997558594,31442600
2010-09-29,25.663460824160584,25.723004916338816,25.180493198183086,25.412052154541016,40207000
2010-09-30,25.464974765409067,25.769310036060947,25.114325191672815,25.18048667907715,54885200
2010-10-01,25.365736434315558,25.86193628434223,25.33265694907437,25.67668914794922,38973800
2010-10-04,25.822429782265814,26.193404546493586,25.64356708489129,25.80255699157715,38886100
2010-10-05,26.07416315525355,26.378891076844408,25.882051085401493,26.2596492767334,42379500
2010-10-06,26.206658131766066,26.54450826311664,26.113912530495266,26.43189239501953,31559900
2010-10-07,26.571010093004094,26.710124720481925,25.96817751354063,26.18016242980957,26923900
2010-10-08,26.2795214884384,26.35239175657313,25.92179862304973,26.041040420532227,28178500
2010-10-11,26.180145108119845,26.438501395943938,26.10065144887963,26.319259643554688,24601000
2010-10-12,26.14703314426002,26.82273582861459,26.14703314426002,26.76311492919922,38798100
2010-10-13,26.935350935803875,26.9750990433368,26.219902689622664,26.392139434814453,69607700
2010-10-14,26.001293630106,26.08741327199878,25.239471277253838,25.65019416809082,76504900
2010-10-15,25.749559741767115,25.795931271824017,24.2060448261755,24.61014175415039,142280400
2010-10-18,24.610136419092292,25.345457319329086,24.517390852025283,25.30571174621582,55058700
2010-10-19,25.106987863427182,25.603827972647565,24.842005461019188,24.967870712280273,70595100
2010-10-20,25.173232818893187,25.371968362051486,24.81550732497252,25.239477157592773,43497200
2010-10-21,25.299093769019226,25.438210899915116,23.98743637486004,24.9744930267334,38250300
2010-10-22,24.842001844815893,25.034113932243322,24.722760033796046,24.9744930267334,24876900
2010-10-25,25.153347297912557,25.219591603099932,24.51076692395035,24.557138442993164,37893500
2010-10-26,24.497518538742188,24.68300462234303,24.36502739600229,24.643259048461914,39188100
2010-10-27,24.550524329075717,24.928122571299014,24.510776214661973,24.868501663208008,30777500
2010-10-28,24.97449102567,25.146727779421035,24.72938400135006,24.848623275756836,30614600
2010-10-29,24.80887406072061,25.000986104625593,24.72275443292552,24.928115844726562,19803300
2010-11-01,24.914859624968827,25.173215910244714,24.577007154178943,24.788991928100586,36941900
2010-11-02,24.861862414005245,24.888361142772155,24.398147295873635,24.484264373779297,39913100
2010-11-03,24.497524873551793,25.060611744040287,24.484275503145817,24.987741470336914,35299600
2010-11-04,25.265970099242242,26.398764709347663,25.08048397184972,26.365642547607422,77569400
2010-11-05,26.425262680739543,27.38582050561359,26.35239241079574,27.120838165283203,75684800
2010-11-08,27.067849229499696,27.293083510722994,26.637253462524168,26.835988998413086,32967000
2010-11-09,26.782991897980214,26.948605252517783,26.319273999863178,26.43189239501953,32800100
2010-11-10,26.41201353386643,26.922102900717988,26.22652741030546,26.90885353088379,35587900
2010-11-11,26.676990634390748,26.78960646526401,26.398758976663057,26.511377334594727,25499700
2010-11-12,26.405393781375654,26.670373633700525,26.087416442350257,26.23978042602539,33504800
2010-11-15,26.37889859624372,26.922110272901026,26.306028305730734,26.551137924194336,28772500
2010-11-16,26.325900078384116,26.47826406205925,25.862182177991524,26.23978042602539,46023000
2010-11-17,26.219907919397553,26.286152251439958,25.822434345965284,25.954925537109375,32027500
2010-11-18,26.21327301634236,26.498128095534025,26.074158450334828,26.27289390563965,30987600
2010-11-19,26.107280731201172,26.259644665239755,26.00791173953937,26.107280731201172,26542000
2010-11-22,25.875425382743785,25.90192159271992,25.31233859251852,25.51107406616211,33249500
2010-11-23,25.179846253575988,25.31896335295529,24.90824052935321,24.928115844726562,35340400
2010-11-24,25.06061228230818,25.332218063816914,24.901622361080577,25.279220581054688,24248300
2010-11-26,24.981105970044155,25.159968611547956,24.841991424560547,24.841991424560547,12819100
2010-11-29,24.822132601066645,25.232853049382516,24.583648944928573,25.113611221313477,30911400
2010-11-30,24.835377739807566,25.034113243688118,24.669764398730603,24.7757568359375,33716700
2010-12-01,25.140110875648514,25.299098300781242,24.941375330702822,25.272602081298828,33157200
2010-12-02,25.45808080251322,26.087411949879996,25.391836482604642,26.041040420532227,41526000
2010-12-03,25.882054971974597,26.27952601399153,25.636947913632795,26.23978042602539,30070200
2010-12-06,26.15366064532561,26.531258891506525,26.03441882789382,26.43189239501953,25364500
2010-12-07,26.729988873182503,26.802859138410057,25.994667854121328,26.001291275024414,40908200
2010-12-08,26.074171076696967,26.71675180284072,25.875435525154877,26.670377731323242,38115900
2010-12-09,26.941977686156033,27.226832841028706,26.875733359140614,27.03472328186035,43001900
2010-12-10,27.087707375590576,27.491804178690987,27.008213709638092,27.445432662963867,28449000
2010-12-13,27.53817262210005,27.816404212479732,27.26656697726106,27.498424530029297,35730400
2010-12-14,27.452060281779946,27.491808384365857,26.80948238252103,27.021467208862305,34010800
2010-12-15,26.981715383213555,27.16057802958217,26.53787300401072,26.637239456176758,30264000
2010-12-16,26.77636269484458,26.94860197778671,26.37889170307786,26.504756927490234,37123200
2010-12-17,26.5378750808833,26.54449850072281,26.186773179989753,26.279516220092773,52004800
2010-12-20,26.385512198122367,26.676990696703186,26.292766627290895,26.46500587463379,22978200
2010-12-21,26.604122659969484,27.31957338944009,26.484880871724382,27.16058349609375,30757800
2010-12-22,27.273201485059566,28.180764336757743,27.266578063883582,27.929031372070312,47280400
2010-12-23,27.922405307978185,28.00189898985987,27.70379452398031,27.876033782958984,18927900
2010-12-27,27.703797631745136,28.27350789109996,27.690548262102133,28.266881942749023,17203200
2010-12-28,28.286759423710148,28.564988626311617,28.134395451753285,28.22713851928711,20386600
2010-12-29,28.207269730389697,28.333134978898805,28.021781041935927,28.0615291595459,13637400
2010-12-30,28.02840030954286,28.134392737507262,27.85616103468894,27.97540283203125,12901900
2010-12-31,27.895911748764792,28.12114599511213,27.84954021513967,28.10127067565918,12199700
2011-01-03,28.485492509083322,29.17444456230876,28.45899377002261,28.86971664428711,43278500
2011-01-04,29.03551264598831,29.38038428345525,28.743699351190603,29.287534713745117,40036800
2011-01-05,29.128363107464075,29.81147537545832,29.115101051351775,29.645671844482422,50032500
2011-01-06,29.44670957914456,29.71199372393503,29.347226443622365,29.499765396118164,31606200
2011-01-07,29.539562740428252,29.57272294630532,28.2860882365598,28.942668914794922,69579400
2011-01-10,28.697278303604154,29.02888539858923,28.51821016871685,28.783496856689453,30098100
2011-01-11,28.982458720619366,29.194687045194566,28.79675703914517,28.916135787963867,28067100
2011-01-12,29.473235573658528,29.778316001893568,29.347225797404846,29.65230369567871,44296900
2011-01-13,29.8048414349447,29.824739578779997,29.29416626249729,29.479867935180664,42133000
2011-01-14,29.519661668342078,30.46805813624293,29.479870437216437,29.784948348999023,86983800
2011-01-18,29.857893455246145,30.12317752724451,29.51302188468379,29.67882537841797,46237700
2011-01-19,29.546197730502104,29.824749063126674,28.916143614528366,28.989097595214844,44989200
2011-01-20,29.06866973585725,29.837997845585416,28.9227618517838,29.67882537841797,46977700
2011-01-21,29.877799523015923,30.202775597668737,29.7451561756074,30.036972045898438,44767400
2011-01-24,29.983919971185692,30.162988148175547,29.751795962103635,29.85791015625,27826800
2011-01-25,29.72526836054354,30.12982953783622,29.35386739631572,29.7584285736084,36022400
2011-01-26,29.97728689248429,30.16298608706063,29.758424958909224,29.831378936767578,25639400
2011-01-27,29.83137805314799,30.096664777509222,29.639045304484178,29.91096305847168,26740900
2011-01-28,29.87781001327056,30.428279212802043,29.44672214528744,29.53957176208496,38593900
2011-01-31,29.45333366249796,29.910950412080307,29.446702635675305,29.80483627319336,23574500
2011-02-01,29.977279760600563,30.507850568849182,29.950750587697836,30.46142578125,28255500
2011-02-02,30.368578405820877,30.494588191294664,30.070131513949953,30.143085479736328,24104900
2011-02-03,30.16298001051888,30.342048139198024,29.738523348447398,30.149715423583984,23322400
2011-02-04,29.844654603075146,29.95739986163799,29.3804039143681,29.572736740112305,38172900
2011-02-07,29.678835984114762,30.342050196050288,29.612515574905785,30.176246643066406,36790900
2011-02-08,30.16962273842942,30.388482164469984,30.05024394969383,30.335426330566406,28649500
2011-02-09,30.083386962920347,30.17623651663939,29.612505637653438,29.917583465576172,33491000
2011-02-10,29.910954215717776,30.202770032236224,29.811473620963632,30.196136474609375,22688600
2011-02-11,30.109929554193652,31.098117422170404,30.109929554193652,30.885889053344727,40812800
2011-02-14,30.90579046719142,31.104756813988487,30.819574415539027,30.865999221801758,28699200
2011-02-15,30.879246979293033,31.39655312703881,30.865982394740474,31.051681518554688,35972900
2011-02-16,31.27055346992212,32.073042119870344,31.2373907328479,31.794490814208984,44327800
2011-02-17,31.68174076840768,31.82764869338692,31.50267264137713,31.714900970458984,22932600
2011-02-18,31.714903161784605,31.92050047664634,31.535835022381434,31.83428192138672,23844300
2011-02-22,31.30370505722218,31.35012984038857,30.40836453195408,30.51447868347168,44561900
2011-02-23,30.534393055219013,30.839471086735557,30.03698223123941,30.481334686279297,36264800
2011-02-24,30.262455340205044,30.54763756082852,29.983904146357656,30.44815444946289,31926900
2011-02-25,30.67364954569309,31.078210517467856,30.587431011554013,30.958831787109375,26782100
2011-02-28,31.04505879630649,31.290447351272164,30.786403123278273,30.965471267700195,25985300
2011-03-01,30.81956330478787,30.965468701886632,30.23593412650897,30.242565155029297,33682600
2011-03-02,30.103290265271585,30.48795569178424,29.891061936837446,29.983911514282227,28600000
2011-03-03,30.32214798735734,30.72670897348178,30.31551442990169,30.56090545654297,23043600
2011-03-04,30.494584413564404,30.53437817087125,29.910955289535888,30.18950653076172,27716900
2011-03-07,30.255828185508182,30.275726329968062,29.685463623573852,29.970645904541016,28110800
2011-03-08,30.0966648955028,30.96547398776668,30.04360653843786,30.773143768310547,32941500
2011-03-09,30.72670683667615,31.237379406968763,30.521109579183808,30.87924575805664,25174700
2011-03-10,30.56090624525743,30.673651425304318,30.01706836809877,30.196136474609375,33783700
2011-03-11,30.030345798263205,30.40174675543639,30.010450176794617,30.335426330566406,20337600
2011-03-14,30.123181246128887,30.202768754518427,29.599244064015757,30.043596267700195,24508900
2011-03-15,29.54619332663168,29.83800920588234,29.08194286142868,29.585987091064453,35606000
2011-03-16,29.6058709374268,29.698720487559438,28.955921556537827,29.055404663085938,41962900
2011-03-17,29.486504892231068,29.58598804152819,28.783499407731554,29.552827835083008,46741800
2011-03-18,30.003819146292436,30.62723974194117,29.678842992520643,30.335426330566406,77421000
2011-03-21,30.69355223347145,30.720081408547284,30.056867211419817,30.26246452331543,28985300
2011-03-22,30.282368540497508,30.315528753560823,30.076771171565607,30.15635871887207,19756600
2011-03-23,30.03697038140245,30.30225453155738,29.692098709235886,30.242565155029297,26688900
2011-03-24,30.308889326293173,30.401738909132657,29.904328261097085,30.328784942626953,21748100
2011-03-25,30.308894356926704,30.759880288396634,30.288996207328868,30.415008544921875,20710400
2011-03-28,30.574184301961523,30.839471086735557,30.47470365514297,30.481334686279297,19039400
2011-03-29,30.395119772137924,30.534394200886922,30.1895223797258,30.521129608154297,17913300
2011-03-30,30.859353117854667,31.071581440211297,30.653758353674835,30.806297302246094,26829100
2011-03-31,30.541010865033172,30.73334357423466,30.48132149079689,30.57417106628418,23340500
2011-04-01,30.872624058897596,31.09148598448036,30.62723548503103,30.739980697631836,25387300
2011-04-04,30.753325167872045,31.020050607548814,30.70664859748096,30.9000244140625,15708000
2011-04-05,30.786657961396923,31.186746026688002,30.70664136581139,31.0600528717041,21058400
2011-04-06,31.21341503258764,31.82687975880095,31.093388882905664,31.76686668395996,31203300
2011-04-07,31.76687717165356,31.873566835073838,31.31344546619683,31.606843948364258,29972000
2011-04-08,31.686858726955656,31.780211859087732,31.093397349531376,31.233427047729492,23808000
2011-04-11,31.34012209961716,31.520161404154738,31.17341932249154,31.246768951416016,25641600
2011-04-12,31.040050234753345,31.413465294761444,30.840007451909788,31.10006332397461,27231300
2011-04-13,31.500145925952882,31.586829505697665,30.593282755687863,30.840002059936523,55383900
2011-04-14,30.45992155473712,30.506598113383284,29.94647686594767,29.986486434936523,45214600
2011-04-15,30.16652897815257,30.253212571583557,29.893136586041262,29.933143615722656,32475000
2011-04-18,29.519733100705277,29.573076675745668,29.026291677246178,29.313020706176758,50958800
2011-04-19,29.51304536113472,29.81311073467351,29.179639955798585,29.773103713989258,26705000
2011-04-20,29.93980091023965,29.98647745490762,29.29966071652865,29.713085174560547,35542800
2011-04-21,29.793115615844727,29.899805273855186,29.419700540967067,29.793115615844727,24368100
2011-04-25,29.77310439422784,30.01982368758269,29.593065165991128,29.746431350708008,17358900
2011-04-26,29.906466648866804,30.293218176332903,29.746433463742743,30.086505889892578,25900000
2011-04-27,30.206523067937397,30.426571811648188,30.03982039919196,30.339885711669922,20857200
2011-04-28,30.41324333989813,30.626622608855502,30.27988066087939,30.57327651977539,19859000
2011-04-29,30.5466123326803,30.686642029936415,30.273219928840344,30.426586151123047,23363000
2011-05-02,30.63328956207097,30.666632139547534,30.0798378787651,30.126514434814453,25904000
2011-05-03,29.973146490610482,30.719973887383013,29.91313341581832,30.619951248168945,30025500
2011-05-04,30.659954530419462,30.699964086643476,30.19318654919606,30.339885711669922,22727400
2011-05-05,30.166523535655436,30.47992290090615,29.99982082557345,30.119844436645508,26154500
2011-05-06,30.319880403281292,30.479913531303772,29.84644291898641,30.033151626586914,26332300
2011-05-09,29.83978106768084,30.079833344711503,29.553052241636564,29.97981071472168,22469500
2011-05-10,30.046500087954694,30.33989596840728,29.993153994955104,30.11318016052246,20534200
2011-05-11,30.019827028459947,30.03316355170407,29.41302921110174,29.493045806884766,31519600
2011-05-12,29.40635952514702,29.559728269818272,29.03961404072144,29.39969253540039,29567900
2011-05-13,29.37968398644417,29.40635448454075,28.659527120529898,28.772886276245117,32872500
2011-05-16,28.652868543268188,28.992941022883052,28.48616579874125,28.59285545349121,34951100
2011-05-17,28.459481542259006,29.353008002814693,28.43947803477107,29.21297836303711,36277100
2011-05-18,29.152977799100608,29.499719825117015,28.946265472913293,29.393030166625977,24372100
2011-05-19,29.553045554839628,29.573049058839057,29.172963716767054,29.33966636657715,19518000
2011-05-20,29.226323971412572,29.399693692145025,28.732882769250995,28.75955581665039,29946700
2011-05-23,28.272780726904724,28.60618614800652,28.206098116475466,28.372800827026367,32299500
2011-05-24,28.5194978562764,28.619517948787635,27.79934098052524,28.232769012451172,39341400
2011-05-25,28.07940465226784,28.506163179426952,28.07273511946015,28.186094284057617,26505300
2011-05-26,28.086061663864797,28.399463458772416,28.07272514666867,28.306110382080078,21648100
2011-05-27,28.472821932410856,28.772887303925902,28.366132305170105,28.532835006713867,24747300
2011-05-31,28.832889556884766,28.92624262772368,28.519487781628065,28.832889556884766,28746300
2011-06-01,28.586176273104158,28.666195394926415,27.826012421560794,27.84601593017578,38628700
2011-06-02,27.959369951524586,28.139409127073165,27.225879275153954,27.745990753173828,45964000
2011-06-03,27.39926089655143,28.1727614646015,27.352584335489237,27.719329833984375,31833100
2011-06-06,27.405924643835736,27.499280298595913,26.919153033438704,27.025842666625977,40895900
2011-06-07,27.285894599578906,27.54595292810911,27.105857935976584,27.15253448486328,36312000
2011-06-08,27.059186998899115,27.38592290886781,26.80579814976302,26.932491302490234,38890700
2011-06-09,27.065849054813906,27.499277069563878,27.032509025298033,27.325904846191406,30082300
2011-06-10,27.065866113314442,27.672664190195512,26.739127513294108,27.37259864807129,48545700
2011-06-13,27.532620635676867,27.886029572567086,27.152538654275286,27.786006927490234,31767100
2011-06-14,28.09273258641398,28.299442253995885,27.659304658943622,27.745990753173828,32103500
2011-06-15,27.352583653281922,27.60597250964385,26.839138950721953,27.12586784362793,37336400
2011-06-16,27.0925224293511,27.145865968496807,26.472388206734724,26.91248321533203,50316600
2011-06-17,27.239224970620384,27.379257196535786,27.03251521408936,27.20588493347168,31999600
2011-06-20,27.005842551007206,27.21255485416012,26.752453686445858,26.99250602722168,21565400
2011-06-21,27.12586393683831,27.492609373366026,26.839135085228317,27.27923011779785,34241100
2011-06-22,27.11920512978643,27.692663059806062,26.992511941586756,27.13254165649414,27306300
2011-06-23,26.752442883657082,26.839128981417748,26.419037554695368,26.71910285949707,48307500
2011-06-24,26.705779467378505,26.792465607746678,26.299024359130197,26.332366943359375,36136800
2011-06-27,26.2723440995507,26.745779113135146,26.22566755137652,26.5924129486084,30632700
2011-06-28,26.719118344346487,26.719118344346487,26.165666500235506,26.36570930480957,41558700
2011-06-29,26.699116936114642,27.045859011819278,26.61909777301802,26.972509384155273,44775900
2011-06-30,27.152532046463385,27.385914769938218,26.91914677930764,27.29922866821289,28000100
2011-07-01,27.379747742162156,27.990273726703194,27.352910816415054,27.896347045898438,32136800
2011-07-05,27.84938108770735,27.84938108770735,27.487092828122606,27.527345657348633,23805800
2011-07-06,27.232147288737004,27.272402677474254,26.957075197307745,27.212020874023438,23865700
2011-07-07,27.63469174486509,28.03723796604795,27.57430993965317,27.72191047668457,28550800
2011-07-08,27.305940104812915,27.487085465740776,27.212013449363525,27.33277702331543,20680000
2011-07-11,26.963780498141503,26.983909470186187,26.35996508230807,26.45389175415039,38328000
2011-07-12,26.326422633977824,26.916819642623576,26.326422633977824,26.42705726623535,33808300
2011-07-13,26.61490664302745,27.084542534522548,26.440471770974266,26.581361770629883,34020600
2011-07-14,27.62797771079298,27.668233091842424,27.030870301429122,27.071123123168945,65327400
2011-07-15,27.245573516713357,27.339500224559533,26.50086524834605,26.822900772094727,46544900
2011-07-18,26.695411162029668,26.836301128721267,26.1184302782727,26.722248077392578,47603200
2011-07-19,26.78263398975392,27.16505373095183,26.641743987860334,27.09796142578125,34837400
2011-07-20,27.299237505894073,27.74874706348037,27.25227416456105,27.480382919311523,31250900
2011-07-21,27.889641412167187,28.54713085209283,27.661532622045186,28.372695922851562,45552200
2011-07-22,28.359271154248557,28.392816030187756,28.017106765462763,28.30559730529785,19986100
2011-07-25,27.856083580067093,28.11773713195646,27.701775140730014,27.970136642456055,22522300
2011-07-26,27.84266741334336,28.037231245646804,27.701777421389657,27.802412033081055,24350600
2011-07-27,27.641402894814526,27.775584971642363,27.23214871217923,27.28582000732422,32361100
2011-07-28,27.299228472766323,27.66822968872605,27.25226514697314,27.29252052307129,23370200
2011-07-29,26.997333610671568,27.339495495686656,26.769224834224712,27.13822364807129,37793400
2011-08-01,27.61455061371823,27.755440564362125,26.80946115969639,27.13149642944336,34039300
2011-08-02,26.90339873423811,27.091254637467305,26.72896385192871,26.72896385192871,42119000
2011-08-03,26.675289216333468,26.849726652792214,26.400217159742173,26.76921844482422,41110100
2011-08-04,26.373384617845726,26.561237969179903,25.373730942581798,25.440820693969727,59931100
2011-08-05,25.69575962442835,25.997668545202238,24.635726986200293,25.226123809814453,85507800
2011-08-08,24.306980539317813,25.3066339276603,22.60287472635479,22.851112365722656,107650300
2011-08-09,23.736715322348363,24.548513031261198,22.602879662804362,24.42104148864746,78985700
2011-08-10,23.830648094232053,24.052046362764155,22.804159861570472,23.05910301208496,83975700
2011-08-11,23.23353427476704,25.024856598140342,23.23353427476704,24.615602493286133,69583500
2011-08-12,24.910802881795323,25.393854671196372,23.87089648937387,24.092294692993164,44072800
2011-08-15,24.508258986618145,24.91751311856638,24.414332312264765,24.743078231811523,34827900
2011-08-16,24.333824774711225,24.535096590951742,23.99837089454037,24.172805786132812,42266600
2011-08-17,24.46129685746725,24.998022565499955,24.367370178475284,24.535097122192383,30131400
2011-08-18,23.66290959601913,23.79709161788325,23.14631047539325,23.609235763549805,57130300
2011-08-19,23.320749224333976,23.817222020721303,22.985295393056212,23.045677185058594,52960800
2011-08-22,23.56227323118035,23.602528606884402,22.374766520658255,22.415021896362305,50971400
2011-08-23,22.334520156497042,23.347589757610503,21.677030852577374,23.334171295166016,55807900
2011-08-24,23.36101116907845,24.159390590485188,23.26708447942005,24.03862953186035,41959800
2011-08-25,25.35359336850953,25.876900365046307,23.763540855586665,23.964815139770508,55387600
2011-08-26,23.669630713492307,24.47472073326163,23.361013683029093,24.293575286865234,35114200
2011-08-29,24.702818075195655,25.252962112426758,24.46800143466144,25.252962112426758,27943900
2011-08-30,25.091941122479568,25.306631314301747,24.655850230729474,24.863832473754883,28818700
2011-08-31,25.105356311535523,25.514610277930405,24.97117686491527,25.19928550720215,30051100
2011-09-01,25.239544560960905,25.373726600082605,24.34723873552422,24.353946685791016,36862300
2011-09-02,23.522020506621175,23.649492024551098,23.153019292833225,23.233530044555664,41677300
2011-09-06,22.213750071682284,22.475403614722406,21.992349344919553,22.435148239135742,57071200
2011-09-07,22.877949554802086,23.46834899601588,22.723641104351465,23.361003875732422,36145900
2011-09-08,23.106049325420344,23.421376614084988,22.435141943109908,22.482105255126953,44815300
2011-09-09,22.193622139381873,22.27413032571697,21.42207746246747,21.522714614868164,67187400
2011-09-12,21.03295614463782,21.750825881958008,20.939028198733478,21.750825881958008,53377600
2011-09-13,22.01249232595532,22.415036100852177,21.58310905760487,21.797801971435547,50137600
2011-09-14,21.95880830358518,22.267425225584365,21.37511933209807,22.00577163696289,44442500
2011-09-15,22.388194293056213,22.690103338162164,22.227177841873267,22.683395385742188,35847800
2011-09-16,22.844405952971528,22.99200646129757,22.1533718627354,22.428443908691406,52683800
2011-09-19,21.931981523527227,22.066163634929815,21.556274682773076,21.797801971435547,33154800
2011-09-20,21.98564638612885,22.00577279883631,21.63006611197782,21.63677406311035,34085100
2011-09-21,21.623350099731546,21.77095058019069,20.30166268260727,20.355335235595703,57389200
2011-09-22,19.691148552122044,19.879001958796227,19.14100423888133,19.637475967407227,86285600
2011-09-23,19.429486920704154,19.993049506824764,19.3623971725533,19.85215950012207,51731300
2011-09-26,20.167486616132408,21.34157517918173,20.10039558517002,21.234230041503906,58696100
2011-09-27,21.885007898785037,22.227172250264864,20.965865089852617,21.18055534362793,58242900
2011-09-28,21.214099251284203,21.469043580757624,20.409009605143904,20.442554473876953,38725900
2011-09-29,21.187266300728442,21.542847862307163,20.422431889407935,21.05979347229004,51014100
2011-09-30,20.623702847190863,20.76459413167964,20.20103155303433,20.207740783691406,42420600
2011-10-03,20.147363496897984,20.596871814293607,19.214800701312917,19.22150993347168,51002700
2011-10-04,19.11998365264824,20.595437464957236,18.849258478582247,20.480379104614258,69800000
2011-10-05,20.46007383742937,21.096278952390453,19.898318627993785,20.8729305267334,51117200
2011-10-06,20.784945882117583,21.969369730312902,20.588670601409095,21.915225982666016,53214000
2011-10-07,22.050583456506207,22.070887033832854,20.744331999578847,20.778173446655273,49320600
2011-10-10,21.387311393757905,21.874616752369047,21.37377481106659,21.861080169677734,37324800
2011-10-11,21.644500010295,22.118270077134408,21.258716440029566,21.861080169677734,38161700
2011-10-12,22.172411406025812,22.923674881441727,22.12503466269678,22.470211029052734,55462500
2011-10-13,21.96260380518008,21.98967697124838,20.927078439620587,21.387311935424805,78830000
2011-10-14,21.570040917190894,21.874606134391453,21.251937832950752,21.583576202392578,51899600
2011-10-17,21.4143802479643,21.718946860965318,20.960915119118006,21.00829315185547,40865400
2011-10-18,21.22488046598715,22.61911519463525,21.075980608815154,22.246868133544922,64392400
2011-10-19,22.179181456368447,23.018428854655802,21.678338268224884,21.827238082885742,50119300
2011-10-20,21.874610751340303,22.463437736759758,21.43468226191812,22.42283058166504,41657100
2011-10-21,22.65971794360948,23.038734471097783,22.341614740506103,22.619108200073242,48445300
2011-10-24,22.747705249759644,23.47866258687011,22.72063208642693,23.397445678710938,45697200
2011-10-25,23.13348520968461,23.18086194726332,22.5784983564724,22.666484832763672,38679100
2011-10-26,23.086120475946487,23.28916411140658,22.673263620801684,23.13349723815918,36350900
2011-10-27,24.74431128795206,25.40758844397705,24.16225105789107,25.055644989013672,76438300
2011-10-28,24.778144999483388,25.028565295332893,24.493881959951402,24.83228874206543,39891200
2011-10-31,24.317918276700944,24.3652950327174,23.505741259242452,23.526044845581055,46429800
2011-11-01,21.976135084643136,22.7680056372421,21.549741858407526,22.138568878173828,74052400
2011-11-02,22.81538784275887,22.835694008195123,22.375460513174765,22.76801109313965,34325900
2011-11-03,23.092877359564046,23.363603809444676,22.226556850888063,23.268850326538086,40084700
2011-11-04,23.004894384567898,23.052271127929558,22.639414437058907,22.991357803344727,30858700
2011-11-07,23.031956671022975,23.241769731666988,22.81537661312371,23.174089431762695,25925900
2011-11-08,23.370369448344572,23.810299258330133,23.025195697588092,23.702009201049805,30193100
2011-11-09,22.903374869954547,23.004897953961006,21.915227523894014,22.023517608642578,52990400
2011-11-10,22.280704316554317,22.490517479379417,21.847543989802425,22.15888023376465,30427400
2011-11-11,22.52435874938965,22.910142345669414,22.34838832621475,22.52435874938965,29983400
2011-11-14,22.30100945694022,22.321313039498822,21.80693582058131,22.030282974243164,27596300
2011-11-15,21.71894683563545,22.409296963686366,21.71217983617167,22.131803512573242,31260500
2011-11-16,21.88815440978141,21.98967749403154,21.25194919216691,21.299325942993164,40761800
2011-11-17,21.251949625776827,21.319631253017963,20.534527475228018,20.636049270629883,55130100
2011-11-18,20.757871609462796,20.879698254888567,20.52775489941843,20.724031448364258,39029900
2011-11-21,20.317947769284626,20.433006150971675,20.033685961053074,20.243497848510742,39658100
2011-11-22,20.23672306471451,20.37208627889425,19.884779740582605,19.90508460998535,36466200
2011-11-23,19.702044581456274,19.72911645455238,19.174129501427334,19.207969665527344,44468500
2011-11-25,19.14029376780763,19.74265760647206,19.14029376780763,19.27565574645996,21423200
2011-11-28,20.108130662066866,20.351783961778892,19.505766994355962,19.735883712768555,45280100
2011-11-29,19.614057597845886,19.715579378521547,19.27565080164736,19.329795837402344,45104700
2011-11-30,20.40592586552751,20.981217573301898,20.169040892806382,20.960912704467773,61412600
2011-12-01,20.886466271302176,20.960914882926215,20.32471108436758,20.615739822387695,33189700
2011-12-02,20.900002414845478,22.51758772042366,20.852625671625766,21.881383895874023,90515100
2011-12-05,22.76799819808743,23.079331685495816,22.483737861367878,22.680011749267578,52207600
2011-12-06,22.510825972563588,22.727408765016225,22.118275309017665,22.490522384643555,38782900
2011-12-07,22.213019464051552,23.140253261207416,22.145339144957045,23.011659622192383,44722800
2011-12-08,22.707097060908797,22.808620139444496,21.71218276771897,21.806936264038086,47788900
2011-12-09,21.901689512280754,22.544662978099353,21.901689512280754,22.456676483154297,39104600
2011-12-12,22.03027810654091,22.064118263941115,21.495596132285964,21.685104370117188,35977900
2011-12-13,21.908455198862956,22.084428178201023,20.89323610415788,21.17749786376953,49475100
2011-12-14,20.90000177698707,21.61742506673696,20.866161615982758,21.32639503479004,41291500
2011-12-15,21.725713251606113,21.847539893392508,21.367002907367677,21.49559783935547,33457300
2011-12-16,21.76631610726428,22.06411303640452,21.52943118882899,21.583576202392578,52596800
2011-12-19,21.57004523537466,21.590348812701308,20.588665215784925,20.778173446655273,47388000
2011-12-20,21.25195210653758,21.95583775561948,21.143662006678827,21.8001708984375,49091600
2011-12-21,21.6580364648237,21.935529953755687,21.590354842687212,21.874616622924805,30893000
2011-12-22,22.125032224191035,22.70709224304053,22.023511749034537,22.63941192626953,35543200
2011-12-23,22.754472717042056,22.808619044819626,22.422835495841003,22.720632553100586,21958800
2011-12-27,22.483740691774095,22.801841215980474,22.355144500732422,22.355144500732422,16891600
2011-12-28,22.328080042288093,22.395760364224536,22.0438170101097,22.097963333129883,19242700
2011-12-29,22.138571186502638,22.68679110596697,22.138571186502638,22.619108200073242,19792000
2011-12-30,22.40929962108279,22.619110193244474,22.3754594560734,22.504053115844727,18196900
2012-01-03,23.052263532439706,23.817060755764278,23.01842079961318,23.674930572509766,44102800
2012-01-04,23.477251901212473,23.961250669478286,23.40226866709877,23.824913024902344,36571200
2012-01-05,23.661306332546,24.486145276797526,23.44998546277654,24.322542190551758,38381400
2012-01-06,24.329361281752686,24.383897385026014,23.954434673234395,24.104406356811523,33160600
2012-01-09,24.158933096923775,24.3225387605216,23.85217670336653,24.06349754333496,23001800
2012-01-10,24.588394458331408,24.77926555595969,24.377071028511757,24.57476043701172,35972800
2012-01-11,24.404342948765308,25.045129050486977,24.30890738478738,24.99059295654297,29852900
2012-01-12,25.099661731099452,25.256449095474444,24.65656508363934,25.1201114654541,39420700
2012-01-13,24.036236381051584,24.486148834228512,23.94761911330391,24.486148834228516,61571500
2012-01-17,23.75673968618769,24.322539924430675,23.518150790798437,23.79764175415039,55115100
2012-01-18,23.545419490169976,25.00422614918569,23.538601178441493,24.908790588378906,55502100
2012-01-19,25.113302187752744,25.32462569844303,25.024682315472987,25.174654006958008,37000400
2012-01-20,25.072385168048395,25.495031937582894,24.963315621167293,25.467763900756836,34716500
2012-01-23,25.433696109122486,25.863156256622908,25.40642805519158,25.672285079956055,27499200
2012-01-24,25.345076234059412,25.829072489421648,25.08603492256529,25.672285079956055,25403800
2012-01-25,25.467767501194555,25.781342167755614,25.304161857532034,25.631370544433594,29860700
2012-01-26,25.822243839201953,25.972212859837935,25.3927813064376,25.556386947631836,33284600
2012-01-27,25.379152592931888,25.672277586062307,25.324619101413482,25.36551856994629,27674600
2012-01-30,24.990598053116184,25.338256621426297,24.786092859967614,25.22918701171875,24423600
2012-01-31,25.583659628710382,25.590477940919374,25.174649310593146,25.42687225341797,29649500
2012-02-01,25.829059938735625,25.924495480695644,25.563203043154576,25.631370544433594,41957800
2012-02-02,25.692729422041783,26.013122487352145,25.508673997316095,25.597293853759766,26784200
2012-02-03,26.088116842087462,26.244904269830247,25.938145128409555,26.094932556152344,41074400
2012-02-06,25.94495343046862,26.122190532433436,25.774532039938432,25.999486923217773,23106200
2012-02-07,25.808610162856265,25.985847226122786,25.69954060074837,25.815425872802734,21091900
2012-02-08,25.93812777575657,26.142632866414413,25.883594298445356,26.108549118041992,23258700
2012-02-09,26.31305862508024,26.3675947119681,25.794978801764366,25.808612823486328,28608400
2012-02-10,25.372339965715703,25.74726654190889,25.297354130392204,25.63819694519043,22618800
2012-02-13,25.958580105118674,26.135817156909255,25.754072414037516,26.108549118041992,24828000
2012-02-14,26.060841303561983,26.08129104031107,25.522309032158706,25.849517822265625,27031900
2012-02-15,25.958593106824203,26.1767323261736,25.43369479763203,25.495046615600586,26534900
2012-02-16,25.324621016012603,25.98585427804899,25.256450895930787,25.904052734375,22139600
2012-02-17,26.31306068315729,26.340328728733986,26.06083776263271,26.224443435668945,28009300
2012-02-21,26.347150411855534,26.56528960353542,26.18354471788348,26.217628479003906,22804200
2012-02-22,26.10855048413162,26.169902274581442,25.83587788246176,25.951763153076172,23416900
2012-02-23,25.944955950180113,26.25853071510751,25.733632469246793,26.238080978393555,31361400
2012-02-24,26.35397389784371,26.36760792639852,26.033580727868205,26.094932556152344,17586400
2012-02-27,25.951768576492825,26.74252370730778,25.76089745539321,26.626638412475586,34030400
2012-02-28,26.674365491503636,26.96067227296034,26.483491703440933,26.728899002075195,37900900
2012-02-29,26.810691856145013,27.226517825128564,26.59936841583628,26.749340057373047,41187700
2012-03-01,26.933390085392567,27.574176051253204,26.906124644625535,27.51963996887207,44376700
2012-03-02,27.56055032341844,27.86730937805495,27.42421267686618,27.696887969970703,34897900
2012-03-05,27.74460142061769,27.751417131689283,27.267421032464775,27.540096282958984,30806900
2012-03-06,26.89249864426665,27.178805360883164,26.667541137989975,26.803878784179688,33927500
2012-03-07,26.89931034896306,27.308323226598024,26.844776858866084,27.23333740234375,22875100
2012-03-08,27.587806530749994,27.77867759373718,27.41738519581909,27.567354202270508,22052300
2012-03-09,27.778691372852222,28.249053554423774,27.60826995338687,27.969562530517578,33494200
2012-03-12,27.85366193160717,27.935463439951384,27.4037497350794,27.635522842407227,30763800
2012-03-13,27.962751645129018,29.81011952694223,27.826413965935895,29.578346252441406,77277600
2012-03-14,29.73512639548053,29.99416766250277,29.360199819784107,29.707860946655273,68028700
2012-03-15,29.748760113712482,30.621316877317295,29.264763946426957,30.47134780883789,57117700
2012-03-16,30.587231827108756,30.621315586670935,30.144137751952115,30.382726669311523,48844500
2012-03-19,30.294095650286987,30.914429207243504,30.13730833374009,30.675840377807617,41509300
2012-03-20,30.355456473812204,31.08485979861826,30.24638689067552,30.934890747070312,34796200
2012-03-21,31.037150961959707,31.132586549651325,30.580422763599906,30.757659912109375,27267900
2012-03-22,30.484987004392767,30.744025712262676,30.273663489675478,30.43726921081543,27457200
2012-03-23,30.300931125453573,30.84627918769248,30.294112811936703,30.784927368164062,30639300
2012-03-26,31.00305899595953,31.473421096801758,30.948525503311064,31.473421096801758,33529400
2012-03-27,31.303010089984213,31.691573380954555,31.241660865563794,31.282560348510742,33026400
2012-03-28,31.19393243358299,31.56886160019365,30.921259749276608,31.541593551635742,29755800
2012-03-29,31.30300695519146,31.371177087317754,30.859912798281464,31.132585525512695,32262300
2012-03-30,31.41208226348091,31.44616603269202,31.016703259442306,31.34391212463379,25945800
2012-04-02,31.187116199331115,31.596126519152666,30.989426751233548,31.446157455444336,27669300
2012-04-03,31.38440278169941,31.555939738575358,30.85606864042795,31.164833068847656,31036400
2012-04-04,30.657079115047395,30.780585909112197,30.16305193878819,30.471818923950195,41342900
2012-04-05,30.279691991902503,30.691379473259143,30.060124986186274,30.423782348632812,28832300
2012-04-09,29.63472249129464,30.382623696770374,29.552385488314098,30.115026473999023,29376400
2012-04-10,30.108168939371637,30.19736627693521,29.27106770953917,29.476911544799805,38841000
2012-04-11,29.909172640401984,30.3345834003399,29.89544937492718,30.19735336303711,32142200
2012-04-12,30.27284507295147,30.869795639541046,30.190508056591256,30.76687240600586,33631100
2012-04-13,30.842353346444874,30.842353346444874,29.545534035861834,29.648454666137695,58183900
2012-04-16,29.765088417214894,30.05326919927841,29.394568025322553,29.73078155517578,40387600
2012-04-17,29.977786597684954,30.190493288131634,29.614129220660402,30.12187957763672,26887000
2012-04-18,29.929754502608816,30.12873791434202,29.68960391427226,29.703327178955078,20242900
2012-04-19,29.80626233501901,29.977799301393894,29.346544521508587,29.655311584472656,25961800
2012-04-20,29.85429936484332,29.902332134562133,29.305381469274664,29.312244415283203,26178100
2012-04-23,28.763318109023853,29.476912538260958,28.680981095633868,29.40143585205078,25536300
2012-04-24,29.490630271776308,29.71706028788367,29.37398640949989,29.696474075317383,21420400
2012-04-25,29.95035699553323,30.11503102638753,29.490636539718043,29.61414337158203,31694000
2012-04-26,29.655306013804722,30.115023740958428,29.545522480645186,30.05327033996582,28100300
2012-04-27,30.1493376082276,30.18364709698511,29.662173230250428,29.73764991760254,26242900
2012-04-30,29.730784395625022,29.7582283174108,29.18872702430369,29.490631103515625,23518000
2012-05-01,29.504356020052114,30.355180461609013,29.47690947928824,30.04641342163086,26359700
2012-05-02,29.81999126028301,29.86802141057877,29.394580235900502,29.64159393310547,22462200
2012-05-03,29.765093699837045,29.7719540264841,29.277926749615784,29.51121711730957,19536400
2012-05-04,29.044646019887036,29.284796772275854,28.619232376445574,28.646678924560547,31279900
2012-05-07,28.42710092617165,29.092665068009048,28.385931119710424,28.667251586914062,25910100
2012-05-08,28.475121085291484,28.708411338639866,28.097740485963364,28.392784118652344,28049700
2012-05-09,27.93993717418919,28.145780975380305,27.52824695436102,27.88504409790039,38769900
2012-05-10,28.28986804187039,28.406514506519947,27.816427093158456,27.953657150268555,35827100
2012-05-11,25.48352840229994,26.0667555919902,25.12673123879964,25.360021591186523,217294200
2012-05-14,24.76993990675317,25.023816532391827,24.536649499443975,24.557235717773438,96488500
2012-05-15,24.831693544797684,25.572734592441655,24.783663397351877,24.866003036499023,89903700
2012-05-16,25.243382822673066,25.37374998631651,24.3308048248291,24.3308048248291,68729600
2012-05-17,24.04262478011132,24.083791981917905,23.246693263341385,23.2810001373291,95429200
2012-05-18,23.322163618474193,23.322163618474193,22.622292586047813,22.979089736938477,82650100
2012-05-21,22.999674247224974,23.130041385114275,22.135126565591623,22.306663513183594,99554800
2012-05-22,22.862443083573197,23.726990724287145,22.63601568454067,23.33588409423828,84721000
2012-05-23,23.06829295383519,23.61721078101142,22.786972403816954,23.507427215576172,52512900
2012-05-24,23.630926908399864,23.658373445821116,23.068285978493623,23.308439254760742,37843800
2012-05-25,23.329022421765682,23.418222358027855,22.841858169968752,22.98594856262207,28796400
2012-05-29,23.31530020135,23.329023470426115,22.88988932977415,23.075149536132812,35855200
2012-05-30,22.848721188319185,22.94478146140928,22.608570505593946,22.61543083190918,34203600
2012-05-31,22.61543216099282,22.96536902489629,22.5811252925082,22.74580192565918,42124900
2012-06-01,22.238045787077553,22.402722378865512,21.798911698903837,21.908695220947266,50472200
2012-06-04,22.066509599892015,22.073369925114093,21.153933224781213,21.270578384399414,60492400
2012-06-05,21.195109956714134,22.04593457441941,21.174526355602847,21.949872970581055,46502800
2012-06-06,22.443891022297684,22.85558121979943,22.141986971419712,22.69090461730957,47980500
2012-06-07,23.171211560648423,23.212381371001086,22.50564735590077,22.512510299682617,53888800
2012-06-08,22.485068219781777,23.109462738037106,22.33411483599038,23.10946273803711,34238200
2012-06-11,23.582899620294203,23.630929757849994,22.491924491984054,22.519371032714844,46404900
2012-06-12,22.56054384094037,23.178075384744034,22.306667231622765,23.171215057373047,43334400
2012-06-13,23.116321424224047,24.063206243359478,23.075154226074552,23.53487205505371,72456600
2012-06-14,23.610345881723372,23.939696514258205,23.377055523163765,23.775022506713867,44428000
2012-06-15,23.939696789738722,24.06320360554128,23.610346153413968,24.035757064819336,40917100
2012-06-18,23.816189900631127,24.221017213972097,23.67209948845371,23.754436492919922,31084400
2012-06-19,24.008312205834084,24.447446370485437,23.82991231554067,24.275909423828125,32489000
2012-06-20,24.721908299051186,25.3463027909211,24.584680811345176,25.01009178161621,61149700
2012-06-21,25.037533712229894,25.40805152518242,24.310216121163702,24.3651065826416,95637000
2012-06-22,24.7150511468667,25.037541542789604,24.673881324797748,24.694467544555664,44193500
2012-06-25,24.19356949463844,24.337662517241913,23.768158605268226,24.234739303588867,33115800
2012-06-26,24.742493646712077,24.783660844598643,24.413142976387267,24.50234031677246,35053600
2012-06-27,24.454306978195195,25.26396158513421,24.35824670575262,25.236515045166016,34156800
2012-06-28,24.234740505490034,24.65329108951586,23.912250196333183,24.61898422241211,69904800
2012-06-29,25.181627978206446,25.25024171993281,24.186713018495357,24.516063690185547,56063200
2012-07-02,24.88657992056143,24.948333324530903,24.41999922778008,24.89344024658203,34274900
2012-07-03,24.87961268301499,25.004149334561557,24.589028922253803,24.824264526367188,26705900
2012-07-05,24.63744771638358,24.672040627583367,23.675750532971755,23.786449432373047,58519800
2012-07-06,23.468196019831332,23.60657035244188,23.33674185545029,23.454360961914062,32057200
2012-07-09,23.39208802599656,23.606565691892115,23.205283109743096,23.495866775512695,30545000
2012-07-10,23.675756997756835,23.834886544142947,23.392090825630174,23.69651222229004,33175500
2012-07-11,23.66883460628289,24.077037365797803,23.606566299262973,23.931745529174805,35144300
2012-07-12,23.751862571229783,23.917909642992132,23.482031460892387,23.551219940185547,39301500
2012-07-13,24.25692492714384,25.04565506201366,24.11855061733307,24.955711364746094,83001000
2012-07-16,24.74123810764248,24.803506432849876,24.02861377192432,24.277687072753906,52368300
2012-07-17,24.519835014617342,24.547510406467527,23.710349597529238,24.20849609375,43998300
2012-07-18,24.042440881465698,24.374537589878578,23.973255056939276,24.187732696533203,28944900
2012-07-19,24.22925208474612,24.333030848562473,23.738025740578173,23.84180450439453,34384700
2012-07-20,23.55813973191882,23.613490520671387,23.454360961914062,23.454360961914062,36301200
2012-07-23,22.997714981216195,23.869468314917228,22.90085115367658,23.82795524597168,41248300
2012-07-24,23.924831462293636,24.139309164733124,23.675758198183825,24.028610229492188,29920400
2012-07-25,24.201572750850985,24.526751964249804,24.070118615715646,24.333026885986328,32127700
2012-07-26,24.75507716817305,24.865776125822943,24.45065569445367,24.775835037231445,28900500
2012-07-27,24.914195460775115,25.737521059384378,24.568261045028738,25.523040771484375,63636200
2012-07-30,25.253221777889618,25.267059476398256,24.865774137461102,25.004148483276367,30698200
2012-07-31,24.983389794579125,25.135601817819406,24.845015467930757,24.907283782958984,19681600
2012-08-01,25.03873794167602,25.184032436255723,24.78274715290253,24.907283782958984,22180200
2012-08-02,24.644368405275593,24.796580401210406,24.049360754916172,24.333026885986328,36675000
2012-08-03,24.782742362750565,25.107921571631096,24.561344538614534,24.969547271728516,24516300
2012-08-06,25.07333291899181,25.46077785746119,24.983389212873977,25.114843368530273,18979200
2012-08-07,25.301648166416296,26.2010773047045,25.301648166416296,25.606069564819336,37225800
2012-08-08,25.49536241893516,25.931240471065724,25.426176599542295,25.709842681884766,18672400
2012-08-09,25.40542488145868,25.779032052626448,25.315481192441347,25.54379653930664,23406700
2012-08-10,25.43309756560077,25.59914724957963,25.184026998537767,25.578392028808594,15492700
2012-08-13,25.509196076480166,25.661408022196493,25.356986770033256,25.592222213745117,14453500
2012-08-14,25.889732796300628,26.041944797839175,25.58531143249392,25.6683349609375,18065100
2012-08-15,25.647579193115234,25.88281471809385,25.56455566643758,25.647579193115234,17521300
2012-08-16,25.723685739413472,25.841302184769344,25.46077482019336,25.6683349609375,15894100
2012-08-17,25.73752197521086,25.73752197521086,25.46077337705807,25.585309982299805,17079800
2012-08-20,25.543801029951098,25.945086298213383,25.4607774927926,25.85514259338379,17922100
2012-08-21,26.0350157014531,26.88601374785063,25.986585111442047,26.318681716918945,36880600
2012-08-22,26.207993794895774,26.415553930103222,25.986595965438454,26.17340087890625,16899400
2012-08-23,26.159566981441333,26.214915127203703,25.73752648301162,25.758281707763672,16429500
2012-08-24,25.557627345619956,25.90356167555711,25.370822490741556,25.71675682067871,20019300
2012-08-27,25.813632492796742,25.903573559569434,25.529966317679005,25.758281707763672,17618200
2012-08-28,25.668332868887916,25.938163933060636,25.52996121251647,25.689090728759766,18050500
2012-08-29,25.820548892552768,25.938167985971006,25.6406641276003,25.806711196899414,13681900
2012-08-30,25.640659538467737,25.689090144951148,25.398503866780587,25.52996063232422,13700700
2012-08-31,25.69601058959961,25.87589798205225,25.502288141669446,25.69601058959961,16771600
2012-09-04,25.585314340167283,25.765201751387334,25.446940017522017,25.606069564819336,13631400
2012-09-05,25.65449959973149,25.799791432593153,25.557635738553365,25.675254821777344,13537500
2012-09-06,26.000433677441734,26.892942523370206,25.94508290040445,26.76840591430664,41346800
2012-09-07,27.01055641929657,27.349570626117906,26.98288103609121,27.190441131591797,28082400
2012-09-10,27.142016537242807,27.52254390308425,26.796082088428694,26.816837310791016,20853500
2012-09-11,26.844506259706513,27.41875857381567,26.796075659633424,27.398000717163086,22378900
2012-09-12,27.59172727946634,27.847717985304623,27.529458984611633,27.619400024414062,29882200
2012-09-13,27.56406256266701,28.767915849331445,27.391095303272582,28.64337921142578,47018600
2012-09-14,29.030807041779344,29.12075070255209,28.52574325928054,28.76097869873047,43471600
2012-09-17,28.36662705641964,28.67104844542429,28.33203413664398,28.49808120727539,19740100
2012-09-18,28.401218855524007,28.59494394931067,28.131390396942063,28.546510696411133,25186600
2012-09-19,28.594938704984198,28.892439860170516,28.39429612002155,28.601856231689453,22887200
2012-09-20,28.338944442332792,28.560342239595553,28.055278349635508,28.539587020874023,20997400
2012-09-21,28.733311093149496,28.850930164327746,28.207491954099314,28.283597946166992,28287400
2012-09-24,28.096787548757604,28.691795036511504,28.082949858429657,28.525745391845703,20499500
2012-09-25,28.747157336833478,28.747157336833478,28.04145061766655,28.055288314819336,21988200
2012-09-26,27.778538651662203,28.110635422024657,27.467197104675364,27.84080696105957,23782700
2012-09-27,27.951506876497373,28.359709666084672,27.820050085731754,28.14522933959961,20843400
2012-09-28,27.965332400898127,28.110626837970894,27.785447694942405,28.006845474243164,21380700
2012-10-01,28.283608371742144,28.712566456921948,28.228257579191947,28.345876693725586,21956400
2012-10-02,28.46349708007792,28.532685580272666,28.06221433603407,28.3112850189209,26946100
2012-10-03,28.45763572934483,28.57612080770752,28.17187196885605,28.478544235229492,22419100
2012-10-04,28.687655181109964,29.266149020207582,28.513410433251238,29.147661209106445,24326500
2012-10-05,29.300988157247488,29.579778070259373,28.896739194050195,29.07098388671875,22774400
2012-10-08,28.80613879082405,29.161596854756052,28.652802584268088,29.03614044189453,18631300
2012-10-09,29.112792181872788,29.23824852421961,28.785211436993638,28.840970993041992,19947500
2012-10-10,28.959468228050685,29.27310921568565,28.80613470202266,29.112804412841797,25797600
2012-10-11,29.530996212668093,29.719180840863526,29.16856685378395,29.342811584472656,27755000
2012-10-12,28.994313204315425,29.572806808461245,28.680674912563163,29.00825309753418,44564000
2012-10-15,29.21038673526652,29.558876198898318,29.08493031565799,29.537967681884766,26268000
2012-10-16,29.823709425925173,30.04674232404692,29.46128030178687,29.85158920288086,28588100
2012-10-17,29.921297763668893,30.346455223920493,29.809781270714616,30.193119049072266,26177500
2012-10-18,30.032804617165873,30.214017863017506,29.79583181335247,29.9770450592041,23630400
2012-10-19,29.830671635578103,29.844611521062788,29.314909166451148,29.496122360229492,29747500
2012-10-22,29.447362479892174,29.635547127217706,28.92462823468699,29.335845947265625,27993000
2012-10-23,28.903700301683156,29.09188482260915,28.610967938433138,28.806123733520508,22896400
2012-10-24,29.050075374402688,29.189471660290135,28.81310248602293,29.07098388671875,18918900
2012-10-25,29.44038838498944,29.468265518889066,28.85492603288341,29.043107986450195,17311700
2012-10-26,28.868856342442236,29.03613239951357,28.485518590992065,28.68764305114746,21892700
2012-10-31,28.88977073193818,29.12674362159541,28.680677631361334,29.05007553100586,19423500
2012-11-01,29.064005457199755,29.900380231411095,28.980368777407257,29.85856056213379,23325400
2012-11-02,29.99796273716862,30.018871246563737,29.5031085172248,29.565834045410156,17029200
2012-11-05,29.503104309039085,29.52401281545191,29.17552352850609,29.461284637451172,13252500
2012-11-06,29.67038354868113,30.00493301129423,29.55886706114343,29.88644790649414,17190900
2012-11-07,29.280068054461555,29.280068054461555,28.09520663276056,28.21369171142578,47631200
2012-11-08,28.77127534101036,28.92461148159626,28.157936096191406,28.157936096191406,27830900
2012-11-09,28.09521566864497,28.736434872085713,27.7815746848911,28.311277389526367,27553200
2012-11-12,28.471577668816014,28.51339734626283,28.088239931222724,28.283395767211914,12816000
2012-11-13,28.00460479228119,28.241577660131384,27.879148411727392,27.907028198242188,19793500
2012-11-14,28.025513655214805,28.137030143913556,27.272778021188945,27.384294509887695,30986600
2012-11-15,27.223979887900125,27.68398556993399,27.16125171949724,27.453981399536133,24858700
2012-11-16,27.481872173874304,27.649145584045986,27.063685989682185,27.55156898498535,32458000
2012-11-19,27.941887176180938,28.36704477575617,27.941887176180938,28.290376663208008,26781200
2012-11-20,28.10915163582331,28.701582454432657,28.053392064829982,28.367033004760742,19375900
2012-11-21,28.534306245392944,28.562186030738335,28.12308871721774,28.387941360473633,13030200
2012-11-23,28.64581215075886,28.72945147591184,28.55520686998566,28.638843536376953,8316700
2012-11-26,28.429762577391347,28.492490768432617,27.94187694248846,28.492490768432617,20376600
2012-11-27,28.48551313271314,28.715517334768407,28.325208382233207,28.40187644958496,19875000
2012-11-28,28.220668737175714,28.492490004815288,27.795511304708594,28.4576416015625,26106900
2012-11-29,28.680677183871197,28.820070809572186,28.51340111076183,28.72946548461914,18915000
2012-11-30,28.56916114718298,28.813102654843046,28.47158188535593,28.63188934326172,20066600
2012-12-03,28.764318059393645,28.834014882344178,28.40188873077146,28.443708419799805,18955500
2012-12-04,28.4228007937749,28.52037742159098,28.01855438442776,28.27643585205078,24031100
2012-12-05,28.36006402648984,28.91764914654306,28.227639022796797,28.715524673461914,25515600
2012-12-06,28.750369442426866,28.959462506619275,28.65279285638791,28.903705596923828,20541700
2012-12-07,29.16158661881473,29.670380710712053,29.084918542447834,29.66341209411621,34552900
2012-12-10,29.649476775869665,29.740082099404955,29.28007622900592,29.489171981811523,22394500
2012-12-11,29.69128983221524,30.032810545237513,29.565833460799922,29.71916961669922,21955000
2012-12-12,29.9700849071152,30.234937564701436,29.76099182323673,29.80978012084961,23110600
2012-12-13,29.726134743323477,29.91431660275828,29.621586902515666,29.816740036010742,18457000
2012-12-14,29.809783860161602,30.04675676061962,29.767964174634958,29.837663650512695,16208600
2012-12-17,29.970088403943105,30.325546422134096,29.837663389080404,30.304637908935547,23879800
2012-12-18,30.54857703586085,30.625242457840418,30.18614780065554,30.576454162597656,33858600
2012-12-19,30.6600820049838,30.938871778993697,30.262801857717697,30.33946990966797,34348500
2012-12-20,30.450991172558716,31.043424521312343,30.25583803397555,31.036453247070312,25014900
2012-12-21,30.541610179956148,30.806462863004278,30.207060681835753,30.66706657409668,38973500
2012-12-24,30.471913513341388,30.681006618339943,30.46494223654236,30.61130714416504,8621200
2012-12-26,30.6322182411119,30.792523043178708,30.471913439045093,30.63918685913086,11498900
2012-12-27,30.639183184573238,30.68100286396078,29.90038746006591,30.409181594848633,19567000
2012-12-28,30.039772764832232,30.450990192730714,30.03280414957654,30.137351989746094,15401200
2012-12-31,30.039781018124042,30.667062913960144,30.00493261474709,30.646154403686523,24209600
2013-01-02,31.565465548875398,31.579501203987135,31.03212403976682,31.340900421142578,31413000
2013-01-03,31.397030717531187,31.40404720381918,31.018076209345125,31.277729034423828,24227700
2013-01-04,31.19352299283736,31.881253875380033,31.18650382835755,31.832130432128906,24487700
2013-01-07,31.64266241169758,31.923370178491048,31.593538954062872,31.86722755432129,24456900
2013-01-08,31.860206182471703,31.930381774902344,31.55142715091147,31.930381774902344,19624200
2013-01-09,31.97250094023963,32.42163132809083,31.677757450069606,31.90934181213379,25920600
2013-01-10,32.20407100247884,32.39354831841196,31.951434581234682,32.386531829833984,23413600
2013-01-11,32.260213741396605,32.38653195249711,31.909330416567933,32.379512786865234,19723900
2013-01-14,32.20407612104085,32.40758912350388,31.916351857120873,32.197059631347656,19079500
2013-01-15,31.923383839200056,32.61111521740881,31.825134204859825,32.52690124511719,29898000
2013-01-16,32.21811979793111,32.86374676856595,31.97951893354864,32.856727600097656,43453600
2013-01-17,32.56196967151425,32.89179813653095,32.484774921076195,32.59003829956055,41086800
2013-01-18,32.54795168070389,32.70233858832907,32.40759775620318,32.60409164428711,28679100
2013-01-22,32.45671191626486,32.66724140409996,32.37250065653635,32.66022491455078,24257300
2013-01-23,32.44266891479492,32.590039255210606,32.22512030963814,32.44266891479492,19105100
2013-01-24,32.44968110446388,32.8426685944299,32.337398582041224,32.54090881347656,20008200
2013-01-25,32.80057332747956,33.095314025878906,32.709342916391904,33.095314025878906,26009100
2013-01-28,32.870761629937086,32.983044226606104,32.61812511817473,32.73040771484375,19706800
2013-01-29,32.47776885366637,33.09532442918664,32.45671670488515,33.06725311279297,19907400
2013-01-30,33.01111303262803,33.22865904128891,32.95497040005228,33.07427215576172,18631300
2013-01-31,32.99004088107189,33.13741387567134,32.89881316658969,33.01811218261719,19536000
2013-02-01,33.26374355601663,33.68480251666389,33.13040616609051,33.57953643798828,24520000
2013-02-04,33.3619848850987,33.55146218878843,33.2497023359152,33.46023178100586,20822600
2013-02-05,33.64270474102084,34.2462247126513,33.63568824980509,34.23920822143555,28067500
2013-02-06,33.979539516827444,34.26726640996113,33.90936392344629,34.112876892089844,28282600
2013-02-07,34.140957758613084,34.211133371641125,33.6146326298186,33.846214294433594,21429600
2013-02-08,33.91637792352576,34.169011627438096,33.86725180320812,34.12690734863281,15218300
2013-02-11,34.04270601696704,34.31639731547451,33.95147826115908,34.147972106933594,13935900
2013-02-12,34.24621291561782,34.60411541598311,34.10585904639667,34.48481369018555,16388000
2013-02-13,34.63218882635349,34.70236710916015,34.0356881461496,34.16200637817383,21635600
2013-02-14,33.96552116857675,34.590093320562346,33.94446633987234,34.54096984863281,18017800
2013-02-15,34.63217754270759,34.7093722901299,34.08480050029754,34.30234909057617,20016200
2013-02-19,34.47078914423848,34.86377956929869,34.47078914423848,34.70237350463867,20445900
2013-02-20,34.632182707975886,34.765520083238286,33.93743523160967,34.112876892089844,24786700
2013-02-21,33.97252732078989,34.00059863250012,33.56550400910194,33.86024475097656,24437700
2013-02-22,34.12690862427733,34.323402404785156,33.97251912414862,34.323402404785156,23584100
2013-02-25,34.4567533544174,34.52693164989143,33.43919350181226,33.474281311035156,32775500
2013-02-26,33.83918812415054,33.867256755115825,32.87776590310986,33.404090881347656,39401400
2013-02-27,33.57953835325011,34.66727897151378,33.51637923784788,34.583065032958984,31921200
2013-02-28,34.498854279711736,34.7725428914778,34.21113001131309,34.33042907714844,24711500
2013-03-01,34.10585380706079,34.681302173142555,33.94444781921122,34.323402404785156,25923400
2013-03-04,34.1970959948156,34.48482027701386,33.91639087978417,34.456748962402344,17695200
2013-03-05,34.73042678833008,35.16552128787292,34.60410859861976,34.73042678833008,25561100
2013-03-06,35.004123047407795,35.221669006771215,34.82166220991158,35.1093864440918,19607900
2013-03-07,35.123419169965516,35.69185110195407,35.09534786237978,35.53044509887695,24245400
2013-03-08,35.50237970304084,35.68483787867603,34.81464861483485,35.22869110107422,32711900
2013-03-11,35.2497330776634,35.62868765276801,35.025167998422205,35.425174713134766,19473000
2013-03-12,35.333951639991255,35.55851676579841,35.123422169175484,35.284828186035156,18003400
2013-03-13,35.29184916751978,35.39009608048597,35.16553094312679,35.200618743896484,16680200
2013-03-14,35.26377885481891,35.790103912353516,35.22167188648618,35.790103912353516,26378700
2013-03-15,35.067271983013015,35.291837043224234,34.491823681593424,35.102359771728516,60880800
2013-03-18,34.51990734561473,34.8497385926965,34.351484815593125,34.74447250366211,28011400
2013-03-19,34.842719701613895,35.08132050022517,34.16200510736426,34.52692413330078,24411500
2013-03-20,34.78658266739894,34.835706132916116,34.41464709218939,34.470787048339844,19385300
2013-03-21,34.23920284211932,34.54797927063847,33.930423736572266,33.930423736572266,23535900
2013-03-22,34.12692955064258,34.38658258796326,33.92341648059429,34.23219299316406,22791500
2013-03-25,34.414647482267185,34.611141346563095,33.79709189544387,34.04972839355469,23581400
2013-03-26,34.20411612419637,34.36552217221132,33.90937266653969,34.13393783569336,16417500
2013-03-27,33.82515928215015,33.902354056162196,33.37602897192862,33.523399353027344,26530100
2013-03-28,33.5725231106063,33.635682228354575,33.17953274716946,33.305850982666016,27506700
2013-04-01,33.36900567258937,33.67778473039837,33.32690138436267,33.56550216674805,17442200
2013-04-02,33.691820720145714,33.951476346882366,33.60059296948143,33.88129806518555,17273700
2013-04-03,33.916606188988666,33.944853020835865,32.85737423861409,33.083343505859375,33467400
2013-04-04,33.161014604332465,33.570585506485735,33.11864705843084,33.5352783203125,21514000
2013-04-05,33.04097480999154,33.92366807146535,33.01272797912052,33.83186721801758,22961500
2013-04-08,33.81067638438608,34.312045405747725,33.60589094396552,34.30498504638672,18672300
2013-04-09,34.41798060250498,34.573332801761396,34.22025545853973,34.3756103515625,20066700
2013-04-10,34.55921300277137,34.997030893712996,34.516845441159795,34.77812194824219,20388900
2013-04-11,34.74985566450706,35.02525543592883,34.48151894524567,34.820472717285156,22584700
2013-04-12,34.53096020731639,35.01114553955122,34.213190106018935,34.60863494873047,37805900
2013-04-15,34.17083124144239,34.84167885787344,33.82481688883387,33.84600067138672,31527300
2013-04-16,34.19907338098326,34.262627413674934,33.605903307116456,34.2414436340332,23865500
2013-04-17,33.97308573265372,34.02251632095871,32.75143904755265,33.04096221923828,43466300
2013-04-18,33.04803942330913,33.42230324609364,32.51842339827608,32.935054779052734,26106800
2013-04-19,33.29518217305199,33.44347395560588,32.977412143461265,33.3516731262207,19746100
2013-04-22,33.47173032696252,33.5352843510096,33.0974665436781,33.43642044067383,15230100
2013-04-23,33.66945054745994,34.0648980815172,33.464665073014245,34.015464782714844,20568500
2013-04-24,34.12139900790399,34.54509080154885,34.00841435001424,34.40386199951172,16459300
2013-04-25,34.61569735874946,35.04645207762743,34.523896510357616,34.6015739440918,19058800
2013-04-26,34.502714658285626,34.665129895252186,34.32617600587423,34.51683807373047,13929000
2013-04-29,34.65807324263014,34.67219396581975,34.35442651249277,34.54508590698242,13496300
2013-04-30,34.573327758312075,34.7781132340111,34.40385216679741,34.60863494873047,13802600
2013-05-01,34.432093153536684,34.53801740886945,33.789492649140016,33.9024772644043,17686400
2013-05-02,34.071960734484705,34.071960734484705,33.690636589605255,33.9519157409668,15529300
2013-05-03,34.340291030505114,34.38972162560099,33.17513513178131,33.591766357421875,43257900
2013-05-06,33.690651180583814,34.170836750149746,33.591789921043876,34.022544860839844,20829500
2013-05-07,34.29791643188755,34.87696278115593,34.07900761447534,34.70042419433594,24291600
2013-05-08,34.756938362220936,35.300677854005365,34.679260907142215,35.13825988769531,23559300
2013-05-09,35.0958836994943,35.17356113548039,34.54508128694112,34.62982177734375,18103100
2013-05-10,34.636887771490066,34.76399583400144,34.34736444994001,34.573333740234375,16199600
2013-05-13,34.48858495408598,35.09587823864802,34.32616974673471,35.07469177246094,23979500
2013-05-14,35.145308141528275,35.60430692876263,35.06763071916533,35.47013854980469,24188400
2013-05-15,35.44895744790608,36.31752718438045,35.41365026065409,36.07743453979492,27467000
2013-05-16,35.92207398297543,36.47993661183435,35.90089021273898,35.99269104003906,21389500
2013-05-17,36.19748334060198,36.95307123522778,36.190422979911716,36.931884765625,26080300
2013-05-20,36.91776070665325,37.16491642675808,36.65648426541415,36.92482376098633,22020000
2013-05-21,37.0942945460766,37.89931023472407,37.03780358756103,37.440311431884766,37112600
2013-05-22,37.7298470080722,38.81026287061556,37.63098577800503,37.87107849121094,46968300
2013-05-23,37.29908261398455,37.984053380279676,37.18609799525435,37.673343658447266,25294200
2013-05-24,37.3555738305582,37.892250061035156,37.22846580606736,37.892250061035156,18342300
2013-05-28,38.52779757959373,38.591351604039495,38.153533793961536,38.5560417175293,27162300
2013-05-29,38.19590050332924,38.81025422021832,38.06879246621207,38.60546875,20482600
2013-05-30,38.556024611414855,39.47402737806778,38.50659402475077,39.276302337646484,24890800
2013-05-31,39.339877023932644,39.42461752600863,38.54898452758789,38.54898452758789,24990100
2013-06-03,38.556041598096506,38.739643309822696,37.45444210280389,38.47836685180664,28279600
2013-06-04,38.51367223749941,39.113902565426564,38.04054725834052,38.16059494018555,22022600
2013-06-05,37.97698831383621,38.323005205604105,37.21434285126396,37.44737243652344,24326000
2013-06-06,37.31321579059145,37.79340121927089,36.91070781269347,37.77927780151367,23940900
2013-06-07,37.9699208612879,38.47128981831794,37.715704856662775,38.322998046875,21691000
2013-06-10,38.58427325934804,38.725504668124294,38.14645831653019,38.38655090332031,16007000
2013-06-11,37.75102269860119,38.167654003014974,37.50386967639212,37.77220916748047,17600800
2013-06-12,38.06172721868387,38.202955958443894,37.405003342490694,37.55329513549805,18479100
2013-06-13,37.42620345710032,38.30183657229738,37.40501967563939,38.252403259277344,17090200
2013-06-14,38.160606132933204,38.224160172841145,37.36265045270395,37.51800537109375,17185300
2013-06-17,37.920502833451295,38.31594768830566,37.80751820438347,38.026424407958984,16856600
2013-06-18,38.1535435535909,38.32302189338732,37.9346372863221,38.21003723144531,13259100
2013-06-19,38.12528491788449,38.49248290930736,37.79339142105197,37.8145751953125,20840000
2013-06-20,37.48268868328884,37.553303068085114,36.910702468881055,37.05899429321289,31857100
2013-06-21,37.397942230239074,37.41206564370121,36.5011256786363,36.69178771972656,44412200
2013-06-24,35.92914569567503,36.331653589776934,35.385406347169706,35.95738983154297,30736500
2013-06-25,36.37402441013009,37.11548893895698,36.37402441013009,36.77653503417969,20951400
2013-06-26,37.179052046221855,37.28497365209485,36.635312516019965,37.07312774658203,19332000
2013-06-27,37.44737925566407,37.77221243349635,37.34145767717266,37.53211975097656,17093600
2013-06-28,37.51093030501158,37.51799335927714,37.12960888141519,37.27790069580078,18256000
2013-07-01,37.581547820897875,37.87107109257501,37.023685053057605,37.06605529785156,23511100
2013-07-02,37.39324324377387,38.07609428976732,37.07315596802417,37.55684280395508,23935300
2013-07-03,37.20832696594723,37.56397909736684,37.13719491161705,37.535526275634766,10442300
2013-07-05,37.95518653364069,38.41042071538113,37.77736051181022,38.4033088684082,17070200
2013-07-08,38.794516675980105,39.05769836817205,38.44597655923203,38.9083251953125,21786900
2013-07-09,39.171526350566914,39.2426556929631,38.545577826520656,39.04349136352539,20508700
2013-07-10,38.9581256785191,39.22842199485785,38.723394024312086,39.00080490112305,16915000
2013-07-11,39.71921151084234,39.74054976042515,38.80162879105368,39.22129821777344,21322600
2013-07-12,39.48448972827236,39.72633323283719,38.94389980163852,39.10038757324219,32569200
2013-07-15,39.47027555813395,39.477387407009374,38.837212471801784,39.04349136352539,28292000
2013-07-16,39.05059641323685,39.41336031254628,38.965237967061846,39.12883758544922,19222700
2013-07-17,39.157290153328766,39.53428317136089,39.007916943581414,39.313777923583984,19166600
2013-07-18,39.48448477647945,40.210015199184376,39.470261083944585,40.09620666503906,24563100
2013-07-19,40.195793729984715,40.23136110591863,39.76901235287597,39.94683837890625,17762600
2013-07-22,39.953950507335605,40.30960256190008,39.797465448445934,40.231361389160156,15999700
2013-07-23,40.34517202279755,40.46609242516093,40.167345986326694,40.30960464477539,10577100
2013-07-24,40.48742310468723,40.494537664324284,40.103320999980205,40.28114700317383,16665000
2013-07-25,40.15312551567537,40.188690185546875,39.75479415824752,40.188690185546875,13870200
2013-07-26,39.87570586857615,39.98951440760808,39.54850394462594,39.86859130859375,16762300
2013-07-29,39.818793284742,39.83301968881139,39.39201201629696,39.61251449584961,10049100
2013-07-30,39.74055890450779,39.82591734929782,39.178630733393916,39.3564567565918,14207400
2013-07-31,39.53428196846515,40.025080805591585,39.48448818665462,39.64097595214844,19404900
2013-08-01,40.08910142187824,40.38784785568789,39.97529286898744,40.21713638305664,15979400
2013-08-02,40.025080381914606,40.2029063995808,39.84013980403235,40.18156814575195,11007300
2013-08-05,40.067773370257385,40.24559944902457,39.840153493097624,39.904170989990234,9370200
2013-08-06,39.825920322458295,39.904161499242164,39.34223328617815,39.47026824951172,10588600
2013-08-07,39.16439067802739,39.45602514590753,38.965223756332264,39.33510208129883,12828400
2013-08-08,39.42047171305112,39.640976959723496,38.5028914910495,39.00080490112305,18587100
2013-08-09,38.90122053582586,39.22842248640315,38.64515333722294,38.78030014038086,12652500
2013-08-12,38.43886543003876,38.63802966422875,38.1827955784178,38.474430084228516,15133000
2013-08-13,38.56690815013983,38.90833378349945,38.125897666150145,38.61669921875,15078100
2013-08-14,38.64514384178343,39.015019497798214,38.41041224231069,38.51710891723633,15785800
2013-08-15,38.068991291312365,38.18279982542383,37.62086900113183,37.905391693115234,16933200
2013-08-16,37.748903941183414,38.253929141714934,37.748903941183414,37.905391693115234,17139000
2013-08-19,37.6208627192806,37.66354192997447,36.845541362167296,36.86688232421875,22793300
2013-08-20,36.83132620065335,37.243883889725616,36.034666351732604,37.07316970825195,18701500
2013-08-21,36.93090072235279,37.14429408351622,36.475666616901485,36.72462463378906,17136200
2013-08-22,36.98781094240194,37.45727151121143,36.93801987551379,37.137184143066406,14658500
2013-08-23,37.17986273913137,37.28655671778216,36.91668100236792,37.21542739868164,11126800
2013-08-26,37.10161275580129,37.37190900804911,36.838431062338735,36.845542907714844,16548400
2013-08-27,36.290734445272754,36.667724738946,35.956420659767964,35.99198532104492,23596800
2013-08-28,35.79993050579076,36.31206752469814,35.65766916754619,35.97775650024414,18748100
2013-08-29,35.984885516010415,36.40455517169865,35.88530334574722,36.06312942504883,13576000
2013-08-30,36.14847473592483,36.15558929655064,35.771484425052485,35.942195892333984,15863100
2013-09-03,36.454332318692025,36.7886460882472,36.15558592212667,36.36897659301758,15277200
2013-09-04,36.39032227126404,37.05894723339284,36.22672263308604,36.895347595214844,19923800
2013-09-05,37.00914586131804,37.35768601154161,36.92379014197305,37.0660514831543,13913200
2013-09-06,37.2794460353208,37.49283671269529,36.475671680020234,37.38614273071289,22339900
2013-09-09,37.54262745376462,37.8342620101021,37.35768959189119,37.59953308105469,19936400
2013-09-10,38.28950095799803,38.36063028254598,37.91250794034644,38.175689697265625,20233200
2013-09-11,37.96228851062479,38.239696598410156,37.741786037466696,37.8840446472168,16028600
2013-09-12,38.004974374763314,38.20413863400649,37.04471502380142,37.15852355957031,21976700
2013-09-13,37.19410284201825,37.55686684447077,37.151423606795944,37.407493591308594,11942900
2013-09-16,38.019192156349,38.04764496218915,37.68487847124947,37.79868698120117,17055300
2013-09-17,37.834263325862146,37.92673361671952,37.613760795968844,37.76313400268555,13207000
2013-09-18,37.478598282903,38.31793702961096,37.38613073752973,37.99073791503906,20844500
2013-09-19,38.14722265566835,38.23257834990443,37.36478686604375,37.52127456665039,22452200
2013-09-20,37.66353946700793,38.033417795273266,37.55684280395508,37.55684280395508,30792200
2013-09-23,37.044720692381716,37.25811139042521,36.55391910213073,36.60371017456055,28189500
2013-09-24,36.28361106592456,36.468551601068896,35.778585943677236,35.79281234741211,34906900
2013-09-25,35.72169197300013,36.916683051401286,35.607883428076676,36.77442169189453,39175500
2013-09-26,36.93801396615637,37.38613620986863,36.66060586261375,36.90956115722656,22298700
2013-09-27,36.632157385758255,37.2723320953392,36.553913508652855,37.15852355957031,23026000
2013-09-30,36.79576773149211,37.05183769010242,36.58948885223266,36.76731491088867,21350600
2013-10-01,36.73174113376554,37.05182850265893,36.59659433952595,36.95935821533203,19188000
2013-10-02,36.77304778302062,37.58274348683523,36.75155233190846,37.32478713989258,23841200
2013-10-03,37.26030550335093,37.403614917351454,36.90203333504948,37.21731185913086,18614500
2013-10-04,37.310461476319695,37.74755393659324,37.267467834302764,37.740386962890625,17407200
2013-10-07,37.4681061565693,37.51826404432375,37.13849639892578,37.13849639892578,16159300
2013-10-08,37.1384918962084,37.23164068594469,36.429111845773164,36.45060729980469,19536000
2013-10-09,36.66558670908157,36.78740071523774,36.00636697402729,36.36463928222656,24721200
2013-10-10,37.14565751306264,37.66157029613562,36.81604778316586,37.63290786743164,24328700
2013-10-11,37.948189380860406,38.227641249301584,37.37495442849391,37.6257438659668,32498800
2013-10-14,37.21731490056098,37.86220594956452,37.08833669076027,37.7690544128418,18881600
2013-10-15,37.91235494730364,38.00550646218036,37.389277989517815,37.48242950439453,17566500
2013-10-16,37.69740867833348,38.729231831679094,37.67591321682644,38.69340515136719,24864000
2013-10-17,38.5429398686982,38.901212216836164,38.413961604696446,38.84388732910156,17791000
2013-10-18,38.879697096194924,39.108993813938774,38.55008733537548,38.90835952758789,24796600
2013-10-21,38.8868522644043,39.30244645982525,38.614564715639425,38.8868522644043,19471700
2013-10-22,39.15915080358309,39.180646259934605,38.42110824584961,38.42110824584961,24820900
2013-10-23,38.19897619579556,38.23480286278267,37.7762149651888,37.79771041870117,21034400
2013-10-24,37.86222366062879,37.89805035046567,37.33914633548698,37.60426712036133,17759000
2013-10-25,37.37495355586371,37.91236182367237,37.31046445439068,37.81204605102539,20889600
2013-10-28,37.898039919082464,38.04134937238546,37.618587988511884,37.74756622314453,14836800
2013-10-29,37.85504613309765,37.969693140387996,37.439449023294976,37.783390045166016,23363100
2013-10-30,37.976834778784536,38.148806554063114,37.61856275256959,37.690216064453125,16157200
2013-10-31,37.72606310239534,37.76905401627755,36.93069839477539,36.93069839477539,23738000
2013-11-01,36.866208579106136,37.76905328740838,36.75872582967497,37.6257438659668,25794400
2013-11-04,37.79055257011538,37.804881052614,37.26030851546851,37.288970947265625,18891300
2013-11-05,37.1528121779096,37.35344639372706,37.01666977675403,37.22446823120117,14532200
2013-11-06,37.44660575504855,37.50393061389671,37.13849420563871,37.33195877075195,14013000
2013-11-07,37.35345863802275,37.50393229916123,36.95935978263157,37.009517669677734,17348900
2013-11-08,37.13848534099101,38.671889414972135,37.11698715735454,38.66472244262695,31183100
2013-11-11,38.62890653564119,38.80087838561581,38.47843287528829,38.76504898071289,12062800
2013-11-12,38.64324308306077,38.75072584580075,38.406782098392874,38.671905517578125,15964800
2013-11-13,38.349448320028486,38.83669862529562,38.084327714732936,38.793704986572266,22121900
2013-11-14,38.87968868346224,39.051660501209135,38.47842566438501,38.98000717163086,17634000
2013-11-15,38.88686974904794,39.3812844624721,38.82954487789136,39.316795349121094,20530100
2013-11-18,39.76104565158264,40.126482053300776,39.62490048095459,39.940181732177734,22318800
2013-11-19,40.10498862417694,40.58507203239084,39.96884344667166,40.23396682739258,22979900
2013-11-20,40.43458096575147,40.44174520355706,39.96166200202216,40.1981201171875,17682800
2013-11-21,40.32711790226223,41.12964959721468,40.32711790226223,41.00067138671875,22843600
2013-11-22,41.022156679564226,41.21562394737096,40.88601426150732,41.172630310058594,16730600
2013-11-25,41.201305539575515,41.659893546498076,41.136816430264524,41.30878829956055,18649600
2013-11-26,41.29446780134904,41.5309261079327,40.9648551940918,40.9648551940918,16263300
2013-11-27,41.25861819092572,41.43775424892717,41.07948213292427,41.18696212768555,11238900
2013-11-29,41.25862780771061,41.45209239005455,40.986340170730315,41.00067138671875,7128800
2013-12-02,40.91468558495783,41.380440554691,40.77137888663999,40.82870101928711,12465300
2013-12-03,40.76421701837767,41.00067802034462,40.226808632162324,40.74272155761719,20426800
2013-12-04,40.44175594324718,41.17979836955423,40.276951095966794,40.979164123535156,20287200
2013-12-05,40.63522921879064,40.656727407889434,39.947347302424035,39.99750518798828,21324900
2013-12-06,40.534919654655,40.671062117262224,39.85420187481851,40.16948318481445,18661200
2013-12-09,40.32711179767473,40.50624787031316,40.19096936649337,40.49191665649414,12714000
2013-12-10,40.47758955178975,40.89318383306797,40.37727105164708,40.6280632019043,14543700
2013-12-11,40.5134201065771,40.67822498680451,40.097823052038514,40.17664337158203,17836100
2013-12-12,40.16230687834937,40.556405690880275,40.061991115166904,40.348609924316406,15325300
2013-12-13,40.39160424701238,40.52774942289789,40.1551460328635,40.248294830322266,11461300
2013-12-16,40.3701070750194,40.800032573413354,40.36294283451935,40.42742919921875,26379200
2013-12-17,40.599396704337565,40.599396704337565,39.882852461244134,39.925846099853516,18338500
2013-12-18,40.01184738043137,41.036506295336686,39.69656876561454,41.015010833740234,27685900
2013-12-19,40.9146762394396,41.2299574638841,40.71404472090178,41.00782775878906,16790000
2013-12-20,40.99350794777899,41.55957872784674,40.98634370586683,41.3446159362793,22001700
2013-12-23,41.53807719050792,41.83902450798515,41.41626322862442,41.731544494628906,13990600
2013-12-24,41.60972649117686,41.767367108867404,41.58823103727343,41.738704681396484,4532600
2013-12-26,41.81036469415444,41.889185015588005,41.502250383132285,41.702884674072266,6677000
2013-12-27,41.68138467759661,41.81036288282753,41.60256709297758,41.659889221191406,8943700
2013-12-30,41.65990041739164,41.75305197584865,41.351786036911264,41.52375793457031,8815800
2013-12-31,41.702902293241465,41.95369184612322,41.59541949434864,41.903533935546875,11017400
2014-01-02,42.05498150280256,42.19201440528272,41.80976284748997,41.98285675048828,15627600
2014-01-03,42.04054132633858,42.51655351410155,41.982841545384524,42.307395935058594,14214100
2014-01-06,42.668012934403194,42.89159546718514,42.430008207111406,42.552616119384766,17550700
2014-01-07,42.76177431401337,42.86274618467965,41.910721759430274,42.06217956542969,17851200
2014-01-08,42.22084995176875,42.487704566410166,42.04775335634263,42.45885467529297,14687400
2014-01-09,42.538188243010374,42.55261318780354,42.06938991797868,42.3795166015625,13242500
2014-01-10,42.31461058042029,42.37952146379835,41.96120902191095,42.184791564941406,12694900
2014-01-13,42.19922371833198,42.314620565871415,41.492417683243204,41.615028381347656,20711600
2014-01-14,42.047743423709115,42.249689862548074,41.51403432050051,41.643856048583984,30272400
2014-01-15,41.63665338082121,43.02141793507913,41.63665338082121,42.90602111816406,35186600
2014-01-16,42.40116343225087,43.14403034662186,42.36510243907044,42.54541015625,21689400
2014-01-17,42.704069691218145,42.71849463557556,41.853017233068385,41.91071701049805,20997900
2014-01-21,41.89630152649276,42.14873123155512,41.528474991790844,41.95399856567383,19548300
2014-01-22,42.069398554729155,42.069398554729155,41.41307581264481,41.53568649291992,15433500
2014-01-23,41.17505604160457,41.18226713721416,40.5403723281789,40.7278938293457,26234600
2014-01-24,40.38891714462328,40.64856062361441,39.73259735107422,39.73259735107422,26833100
2014-01-27,39.72538625500297,40.24467046170858,39.44410398524482,39.73259735107422,23935000
2014-01-28,39.94897214975261,40.63414193561841,39.84078918436984,40.2014045715332,18041000
2014-01-29,39.63884826696177,40.295168253777746,39.55951243043279,40.049949645996094,25459000
2014-01-30,40.43941339893926,40.67020705003545,40.12207281650132,40.3889274597168,17031100
2014-01-31,40.02830186989071,40.46825301533161,39.79750827740969,39.927330017089844,18174000
2014-02-03,40.02831536412658,40.33123102464727,39.09071573468183,39.17005157470703,28549900
2014-02-04,39.465743404105304,39.92011674829445,39.379193742213076,39.63162612915039,20709300
2014-02-05,39.73981319468916,39.99224560776605,39.36477562609413,39.819149017333984,19491600
2014-02-06,39.92013095771737,40.78560862576647,39.811947968759775,40.73512268066406,20881600
2014-02-07,40.85772506761012,41.05966880698587,40.57644275040904,40.83608627319336,23388500
2014-02-10,40.944270166931396,41.05245312908606,40.67020171050769,40.92263412475586,14715200
2014-02-11,40.82887524666308,41.521256141103095,40.80723920348593,41.420284271240234,18774100
2014-02-12,41.35538480654957,41.62223950074887,41.22556300909523,41.485206604003906,13437900
2014-02-13,41.16064635499245,41.90351328555873,41.08131051749945,41.85302734375,16605500
2014-02-14,41.752046037567396,41.99726459298801,41.65107417673718,41.93956756591797,13067300
2014-02-18,41.84581220160299,42.30018838524936,41.75926527419133,42.184791564941406,14983800
2014-02-19,42.09102387367842,42.220845619106555,41.26882132015137,41.29766845703125,18669900
2014-02-20,41.49241296891608,41.80975632705169,41.304894144699404,41.52847671508789,12457000
2014-02-21,41.5356849160743,41.71599262924509,41.37701324807525,41.55010986328125,16790100
2014-02-24,41.557322791179956,41.997274070893866,41.528475646773174,41.85302734375,16151400
2014-02-25,41.7592629154372,41.81695994669358,41.05245433578786,41.13179016113281,17991800
2014-02-26,41.3770254664241,41.38423931779646,40.547611391684654,40.92986297607422,23661700
2014-02-27,40.951492316220715,41.03082816064546,40.489904950052434,40.88658142089844,16277500
2014-02-28,40.80001993361096,41.434703711485994,40.67019818924387,40.98032760620117,18599000
2014-03-03,40.60530090855911,40.691847850014106,40.165349599973204,40.54039001464844,19151000
2014-03-04,41.074088702009156,41.36979317742286,40.850506195710295,41.29766845703125,17157000
2014-03-05,41.4563477885208,42.040545751425405,41.36980085925699,41.94678497314453,17761500
2014-03-06,42.19920933883097,42.61752448816801,42.11987626859384,42.480491638183594,19420600
2014-03-07,42.805057923257756,43.12961241724873,42.60311412756465,42.841121673583984,18602200
2014-03-10,42.65358643130901,42.89880499817974,42.45885379721075,42.696861267089844,16945200
2014-03-11,42.85552386042148,42.87716265076837,41.92513841380275,41.96841049194336,19420000
2014-03-12,41.615024155012826,41.80254298149119,41.41307762886969,41.7736930847168,17932100
2014-03-13,41.83138971113267,42.076608312593855,41.24719172643113,41.4130744934082,17192500
2014-03-14,41.1894982554507,41.49241392104658,40.83609389431123,40.96591567993164,18635800
2014-03-17,41.26161930005976,41.61502365308962,41.1462224656316,41.52847671508789,13581400
2014-03-18,41.7015714903243,41.94679011268161,41.55732475635924,41.87466812133789,12554800
2014-03-19,41.82417260759498,42.502128525450686,41.75204788147609,42.047752380371094,21450700
2014-03-20,42.0910409596379,43.62726373661656,41.92515816231575,43.35319519042969,33736500
2014-03-21,43.96624228183744,44.139338937053864,43.27386116352771,43.39646911621094,35144100
2014-03-24,43.54070065671525,44.132109665869336,43.52627571121429,44.045562744140625,25810500
2014-03-25,44.07442476025486,44.34127944724315,43.677748279320305,43.944602966308594,24053500
2014-03-26,44.16817826549609,44.2835750909249,43.19451497161798,43.20172882080078,22745200
2014-03-27,43.2305618747602,43.67051298810063,42.56703103261009,43.21613693237305,24632600
2014-03-28,43.42531944069507,43.69938800109412,43.043067877099205,43.302711486816406,14708700
2014-03-31,43.872484151333744,44.00951705431172,43.70659859604726,43.78593444824219,15216700
2014-04-01,43.95901894882952,44.20423753723196,43.54070375338178,43.75707244873047,14584400
2014-04-02,43.81514168398868,44.10545349184493,43.691760965251845,43.89497756958008,14012200
2014-04-03,44.01835151499911,44.12721634288245,43.74981218192732,44.02560806274414,11925200
2014-04-04,44.28689194081245,44.3159236715598,43.40144353334584,43.4087028503418,16966900
2014-04-07,43.32160471735194,43.54659646244372,42.70469570824787,42.82081985473633,18685700
2014-04-08,42.67565630993798,42.83532802089569,42.27647980116125,42.711944580078125,16956500
2014-04-09,42.89340499497399,43.14742851969587,42.4579400506202,43.016788482666016,15308400
2014-04-10,43.07485429625705,43.10388603429169,41.64507580578737,41.65959167480469,29977200
2014-04-11,40.04834841961058,40.679773214030924,39.5911084388011,40.135440826416016,47241300
2014-04-14,40.53463571268292,40.59995573952099,39.54032220958685,39.888694763183594,31081500
2014-04-15,39.98303217905342,40.3822087470864,39.44595628795267,39.77255630493164,26691400
2014-04-16,39.91772548219922,40.17174626418384,39.69273366914221,40.10642623901367,27049400
2014-04-17,40.16448118896247,40.33140949149499,39.924973557969096,40.077388763427734,17955400
2014-04-21,40.10641958223025,40.21528719565053,39.910462307863206,39.939491271972656,12384800
2014-04-22,39.94674780363346,40.70155619020815,39.874168476875376,40.50559616088867,16257600
2014-04-23,40.49833489748701,40.730583194714185,40.32415005887568,40.679779052734375,11379000
2014-04-24,40.69429490981211,40.832191471071916,40.360438328687465,40.78138732910156,15360600
2014-04-25,40.86847868733267,40.89750764529686,40.3822069572461,40.42575454711914,15937700
2014-04-28,40.37495423130187,40.425758373319994,39.685465887118355,40.273345947265625,21394100
2014-04-29,40.44752789754636,40.86847963691311,40.33140375713793,40.716064453125,13453400
2014-04-30,40.81768221886663,40.897515329039344,40.440278008247816,40.62897872924805,14388100
2014-05-01,40.585430219293535,40.7813902532091,40.28060534561485,40.440277099609375,12744600
2014-05-02,40.520112991532514,40.91203029088972,40.23705776336024,40.33866882324219,15153800
2014-05-05,39.10485170230703,39.72902014449351,38.97421166702993,39.35161590576172,25232300
2014-05-06,39.22096527939661,39.23548114257632,38.698405279398415,38.712921142578125,25327400
2014-05-07,38.865333619054915,39.27902603021691,38.640344660931824,39.22822189331055,18502600
2014-05-08,39.33709240708541,39.57659724621602,39.235484125719815,39.453216552734375,16090800
2014-05-09,39.35161106329641,39.41693107289692,38.95969100569335,39.199195861816406,12366500
2014-05-12,39.38790037809432,39.69998456899082,39.21371275837277,39.6636962890625,12825500
2014-05-13,39.729013370119155,39.7943333766197,39.55482576324502,39.64191818237305,12310700
2014-05-14,39.65643311546556,39.699980708315685,39.40966895988425,39.453216552734375,10325800
2014-05-15,39.33709518865938,39.33709518865938,38.72018337177452,38.836307525634766,19763000
2014-05-16,38.77098758640195,38.836307596105506,38.4443903065024,38.69115447998047,19992400
2014-05-19,38.524221499393946,39.12661461023035,38.50970563582202,39.06855392456055,12068900
2014-05-20,38.98872375488281,39.220972068725736,38.763731989576975,38.98872375488281,16888200
2014-05-21,39.22823332387595,39.62740998814815,39.17742917216596,39.27903747558594,13210200
2014-05-22,39.31531815353721,39.62740232144467,39.20645332177155,39.59111404418945,11800900
2014-05-23,39.591118802161205,39.62015053490159,39.30806632948855,39.576602935791016,10876500
2014-05-27,39.736280372642106,40.22980882524388,39.692732767311774,40.01933288574219,14503700
2014-05-28,39.98303227218518,40.35317711321155,39.91771226863724,40.24431228637695,11374900
2014-05-29,40.462049513838345,40.585430219293535,40.200769468617594,40.440277099609375,11741000
2014-05-30,40.33866877149425,40.556401219439664,40.142708737757886,40.3314094543457,11991900
2014-06-02,40.389472887301714,40.389472887301714,39.93223280892043,40.17173767089844,9440000
2014-06-03,39.9830388444683,40.396731345400724,39.9830388444683,40.35318374633789,9131500
2014-06-04,40.29512309108245,40.44753553503186,40.09916304802531,40.41124725341797,9727800
2014-06-05,40.57817084198314,41.122503308707266,40.273345989554315,41.100730895996094,16803400
2014-06-06,41.19508463492605,41.46362400968532,41.11525152286568,41.34749984741211,15399800
2014-06-09,41.30395026948932,41.8555393217063,41.29669372096546,41.674095153808594,11999700
2014-06-10,41.71038439017948,42.051497528347106,41.652320930037995,42.02246856689453,11609200
2014-06-11,41.71763610613752,41.9426278351972,41.35474782814194,41.565223693847656,14232200
2014-06-12,41.42006876741652,41.67408946032185,41.27491289920579,41.39829635620117,11670200
2014-06-13,41.39103704005079,41.85553360343078,41.28217221535618,41.39829635620117,12040800
2014-06-16,41.260405550557785,41.332984883950516,40.88300409138949,41.27492141723633,11199100
2014-06-17,41.21685784411154,41.797478627660546,41.137021967257624,41.674095153808594,11200500
2014-06-18,41.5797537595362,41.95715802979516,41.33298953546761,41.93538284301758,13729400
2014-06-19,41.870050412501975,41.870050412501975,41.521677982101046,41.586997985839844,11624400
2014-06-20,41.870059993380615,41.92812346270941,41.62329578597044,41.76845169067383,17124800
2014-06-23,41.76117621403468,42.254704405174834,41.54344383997104,42.23292922973633,16007700
2014-06-24,42.00795452689027,42.18213937764583,41.58700272843082,41.674095153808594,12322900
2014-06-25,41.52893635796171,41.90634050783728,41.2749128964554,41.75392532348633,14836600
2014-06-26,41.61603639497033,41.72490400821877,41.07896041482624,41.65232467651367,11854400
2014-06-27,41.60877222390318,41.877308780473484,41.543452221643605,41.75392532348633,10178600
2014-06-30,41.68862719986874,41.93539147472971,41.645082354588155,41.81926727294922,11549000
2014-07-01,41.768105935543396,42.38202044862133,41.716946625118005,42.0750617980957,14472200
2014-07-02,41.85580164528055,42.009279556143504,41.52691841630782,41.63654708862305,19189900
2014-07-03,41.826564422521265,42.133523013591116,41.658469179686286,41.695011138916016,12599800
2014-07-07,41.57806622126426,41.651152911919496,41.21995119495624,41.41727828979492,13916100
2014-07-08,41.18340661363704,41.27111064275979,40.657196378761505,40.75220489501953,18343400
2014-07-09,40.83991544363529,41.015317953936844,40.64258552856657,40.94223403930664,10914300
2014-07-10,40.24061582904161,40.78875351736396,40.16752913114849,40.606040954589844,12436600
2014-07-11,40.40870079869671,40.86182705876532,40.33561411934903,40.78143310546875,10230000
2014-07-14,41.31496702684841,41.54153162604112,41.073787874908895,41.139564514160156,14004400
2014-07-15,42.35277516227713,42.893602819432914,42.213911821893724,42.586647033691406,36178000
2014-07-16,42.76204397151027,43.10554445763101,42.61587616190101,42.9082145690918,20507500
2014-07-17,42.79858293316035,43.01783740594246,42.21390062177887,42.2869873046875,17013500
2014-07-18,42.630501715405714,42.7401275937377,42.31623584583631,42.55741500854492,12803300
2014-07-21,42.47701230887489,42.688959533321274,42.3162271627192,42.56471633911133,9141400
2014-07-22,42.69626618421875,42.97399003329549,42.65972423280733,42.87897872924805,10375200
2014-07-23,42.9447500860655,43.2590158479816,42.769347625630175,43.120155334472656,11122100
2014-07-24,43.17131993625501,43.375957094630444,43.1128533715644,43.24440383911133,9844100
2014-07-25,43.06169909884395,43.317498381148525,43.00323252355639,43.12747573852539,10500600
2014-07-28,43.07630541287789,43.31017723010643,42.878975544346574,43.25901794433594,12382800
2014-07-29,43.21516579881696,43.21516579881696,42.710877461791405,42.85704803466797,13498800
2014-07-30,43.13477628697959,43.32479609970986,42.8351278363078,43.05438232421875,11815700
2014-07-31,42.86437189782184,42.88629651502231,42.14082886250676,42.148136138916016,15955900
2014-08-01,41.94349694985992,42.016583650341545,40.90569089477383,41.27842330932617,23915400
2014-08-04,41.59269933519174,41.64385864406865,41.17611479835215,41.402679443359375,13543900
2014-08-05,41.24189139624641,41.3661346353619,40.63528418040517,40.97147750854492,16863300
2014-08-06,40.847225340246894,41.43190505871348,40.803376103844904,41.0957145690918,12190600
2014-08-07,41.3880407999519,41.4318900204382,40.69373266654342,40.8618278503418,11743800
2014-08-08,40.84721852655211,41.19071902359027,40.66450597076115,41.17610168457031,12213200
2014-08-11,41.32227170362648,41.35150638125381,41.051855117532085,41.16148376464844,9066800
2014-08-12,41.09571320137054,41.32958508097361,41.02262928448436,41.183414459228516,11289600
2014-08-13,41.431903313743845,41.54153197607725,41.30035003413283,41.45383071899414,7012600
2014-08-14,41.490366729604126,41.65846194323947,41.43920743797477,41.64384460449219,8275900
2014-08-15,41.833871651491116,42.02389149938911,41.21264723480355,41.47575378417969,12727400
2014-08-18,41.55615852265243,41.972743071047006,41.483071802248716,41.82657241821289,8881400
2014-08-19,42.09697710253218,42.18468114782611,41.9069572470074,42.067745208740234,9040500
2014-08-20,41.96541750680156,42.279683318542965,41.94349289276406,42.12620544433594,8121400
2014-08-21,42.14081227814835,42.952056250975986,42.09696027303252,42.75472640991211,12745500
2014-08-22,42.71088415411883,43.17863061820894,42.630492975013496,42.74742889404297,10228600
2014-08-25,43.10553444273458,43.72675864113127,43.01783321975057,43.3686408996582,13996800
2014-08-26,43.53675709792091,43.81448102412938,43.40520380592601,43.66100311279297,10281100
2014-08-27,43.74138472994766,43.814471425028714,43.50751288163301,43.55136489868164,11410900
2014-08-28,43.30286386334563,43.39056508547479,42.98129085689097,43.23708724975586,9096100
2014-08-29,43.36864169366919,43.595206210828486,43.28824774280713,43.44903564453125,8897900
2014-09-02,43.45634727885189,43.63905980806466,43.229785526930094,43.609825134277344,8671100
2014-09-03,43.865635331164064,44.121431820920236,43.45635815958155,43.63176345825195,11791800
2014-09-04,43.58060965130187,43.953342124477054,43.43443901532166,43.639076232910156,9811900
2014-09-05,43.573277738050514,43.78522491455078,43.28093940064439,43.78522491455078,9600900
2014-09-08,43.73407648597554,44.01180034518889,43.660992580485214,43.7706184387207,8090000
2014-09-09,43.58060114266035,43.61714309752773,42.959376758025066,43.16401672363281,14868700
2014-09-10,43.22979315943895,43.52944164873396,43.06169514946907,43.28095245361328,9153800
2014-09-11,43.25172167225258,43.734082766487,43.09824377589906,43.67561340332031,11467000
2014-09-12,43.70484483881629,44.15066394194558,43.668302883537535,43.87294006347656,14359100
2014-09-15,43.69022350484318,43.84370416373835,43.44904439167458,43.807159423828125,10685600
2014-09-16,43.63906807104265,43.9971859228163,43.573291436552495,43.84370803833008,10947900
2014-09-17,43.814469170783454,44.28221284334745,43.71945786605258,44.07757568359375,15091800
2014-09-18,44.24567635514616,44.874208038254935,44.24567635514616,44.815738677978516,16973700
2014-09-19,45.1226907212151,45.2030818980162,44.56724303076661,44.662254333496094,18739300
2014-09-22,44.53800737613837,44.9107425159013,44.435688800665275,44.516082763671875,13225200
2014-09-23,44.450308401251775,44.874202850331585,44.413766449289916,44.53800964355469,14328800
2014-09-24,44.71342179845267,45.04961226900401,44.59648586139252,45.04230499267578,13728200
2014-09-25,44.9399793177255,44.94728659290275,43.96063995361328,43.96063995361328,16340100
2014-09-26,44.0922158316704,44.494183083977774,44.084905764770575,44.260311126708984,11948900
2014-09-29,43.87292492744941,44.21642532210258,43.65367048344651,44.09218215942383,10686500
2014-09-30,44.143348872898535,44.39183802808664,43.94601900366339,44.02641296386719,14384800
2014-10-01,44.026407514492696,44.14334340905029,43.65367243385988,43.68290710449219,18995800
2014-10-02,43.52105600513583,43.77121940836176,43.12373716352587,43.292964935302734,24559100
2014-10-03,43.594632581703,44.433414936725605,43.44747714243877,44.36719512939453,18321100
2014-10-06,44.72035207099493,44.73506789084909,44.146449130460745,44.27888870239258,11578000
2014-10-07,44.08759996508479,44.08759996508479,43.5504849988582,43.60934829711914,14542000
2014-10-08,43.675563243859514,44.46284152656991,43.54312364426746,44.44076919555664,15834100
2014-10-09,44.38926904807064,44.38926904807064,43.329752159931616,43.46955108642578,19189500
2014-10-10,43.432761712485785,44.014024159145,43.05015868962491,43.057518005371094,16689400
2014-10-13,43.04280026721246,43.5210547262174,42.75584871451208,42.79263687133789,17169300
2014-10-14,41.711044111337124,43.05751242934811,41.24750832259294,42.66755294799805,29096800
2014-10-15,41.95383708150331,42.21871619119603,39.92309911169594,40.8575325012207,37866900
2014-10-16,40.28365561221733,41.18865794943438,39.93784068414197,40.52646255493164,31965100
2014-10-17,41.0047024449927,41.77726491828874,40.88697866626909,41.35051727294922,20183500
2014-10-20,41.276934556572016,41.75518894472057,41.25486222709797,41.66689682006836,10807600
2014-10-21,42.10837042199721,42.6822735810056,41.99800594121074,42.6234130859375,14020400
2014-10-22,42.704347801639315,42.8662162646534,42.26288146774365,42.270240783691406,13750700
2014-10-23,42.763207472986664,43.11637884925677,42.630767856040805,42.71906280517578,12641900
2014-10-24,42.67491279416566,43.24881589564927,42.67491279416566,43.21938705444336,13758000
2014-10-27,43.00601305188287,43.25617645323406,42.8588576146016,43.145809173583984,11087100
2014-10-28,43.31502423610385,43.91835882586671,43.27087958260042,43.87421417236328,13625000
2014-10-29,43.86686949471518,43.98459328792793,43.23410305366294,43.62406539916992,16712100
2014-10-30,43.36653665108059,43.91101087332037,43.35182082812749,43.697635650634766,14709800
2014-10-31,44.23475456542269,44.543781261921296,44.0508109719791,44.4996337890625,18347600
2014-11-03,44.72771788751149,44.99259706988742,44.41133473153536,44.79393768310547,11841200
2014-11-04,44.323049680171906,44.418698328262664,43.71971210916005,44.330406188964844,15295800
2014-11-05,44.73508438443754,45.05146761106178,44.43341698309311,44.99260711669922,14063800
2014-11-06,44.94109580464295,45.11032355763577,44.60999680671951,45.05146026611328,10421600
2014-11-07,44.93373936897548,45.28691072047137,44.779227428962855,45.228050231933594,12384600
2014-11-10,45.06618242556105,45.56650924682617,45.02939426656498,45.56650924682617,10801000
2014-11-11,45.40463191359052,45.53707151368925,45.09560805119766,45.15446853637695,12539800
2014-11-12,44.455487609567555,44.764514315056815,44.31569148491561,44.55849838256836,17219600
2014-11-13,44.51434849967379,44.609999951763236,44.139104813409695,44.31568908691406,12240400
2014-11-14,44.33040188165579,44.60263758864724,44.27889790484001,44.352474212646484,6803400
2014-11-17,44.14645707944432,44.536416552150776,44.06552145905102,44.42605209350586,9017600
2014-11-18,44.40396790193014,44.749782643365776,44.2936034657897,44.536407470703125,8897800
2014-11-19,44.47756429292103,44.727727708230724,44.256832528061096,44.587928771972656,9210100
2014-11-20,44.2936121298587,44.33040028243481,43.96251314316149,44.23474884033203,10917300
2014-11-21,44.933737427783136,44.933737427783136,44.36719086545594,44.47755813598633,12340500
2014-11-24,44.661498388237796,45.11032113837974,44.661498388237796,44.85279846191406,8335000
2014-11-25,44.99996155350114,44.99996155350114,44.10967521574954,44.36719512939453,14802600
2014-11-26,44.56584179907235,44.56584179907235,44.29360613872429,44.39661407470703,7626600
2014-11-28,44.44076245663652,44.55848621544956,44.16852398389228,44.26417541503906,6759600
2014-12-01,44.13173422256635,44.30096194425278,43.81535110605303,44.14645004272461,12771600
2014-12-02,44.15381989495191,45.02203389941763,44.146463386027115,44.94110107421875,12546600
2014-12-03,44.85280956310656,45.33842058528906,44.742445080239534,45.27956008911133,12115500
2014-12-04,44.95581597045953,45.301630846261375,44.76451585609986,45.161834716796875,11515200
2014-12-05,45.6253591769514,46.39792437079224,45.52971054705694,46.1330451965332,20071100
2014-12-08,46.059465572013,46.471500150321184,45.80930222210373,46.11096954345703,15528200
2014-12-09,45.50763805739603,46.24341233678323,45.294265649508404,45.94910430908203,19676400
2014-12-10,45.735735295098294,45.794598592672656,44.41869848281538,44.64678955078125,29620600
2014-12-11,45.00730945088363,45.66215088997657,44.96316479228043,44.98523712158203,16886200
2014-12-12,44.536419729641565,45.044105818600435,44.1170285820055,44.1758918762207,17405400
2014-12-15,44.69092105739942,44.7424250209981,43.256160969315815,43.52839660644531,19209900
2014-12-16,42.98393173162056,44.04344848230194,42.75584350304807,42.99129104614258,20709700
2014-12-17,43.094304092309244,44.02138135880398,42.92507632611719,43.97723388671875,17856400
2014-12-18,44.61734313793705,45.23539352416992,44.470187749451966,45.23539352416992,18173400
2014-12-19,45.17654970930589,45.875533150501134,45.15447456850295,45.56650924682617,22756400
2014-12-22,45.73573907279484,45.86082218709376,45.331063692193396,45.57386779785156,17073400
2014-12-23,45.654785409281445,46.331699086247745,45.56649329724432,45.971168518066406,13552600
2014-12-24,46.16247136869508,46.258119987253785,45.81665662031253,45.971168518066406,7412500
2014-12-26,46.11097814261447,46.27284940120048,45.91967804254083,46.02268600463867,6086500
2014-12-29,45.92702966098712,46.603943464742095,45.80194937940279,46.32434844970703,10601200
2014-12-30,46.14776629265486,46.55979811592452,46.037399021846895,46.464149475097656,7518100
2014-12-31,46.57450572247547,46.71430461506975,46.04475021362305,46.04475021362305,18529400
2015-01-02,46.04476033439831,46.62235532760481,45.96330405077952,46.27431869506836,12600000
2015-01-05,45.95589836068709,46.11880809652817,44.600768223935034,44.837730407714844,20100600
2015-01-06,44.90437903137463,44.9858353168401,43.20861600155856,43.67513656616211,29074100
2015-01-07,44.34899914027655,44.34899914027655,43.44557897598362,43.741783142089844,23843200
2015-01-08,44.40823033925333,45.09690245743172,44.40823033925333,44.719242095947266,16971100
2015-01-09,44.963624190050304,45.01545949815668,43.9046980533417,43.94172286987305,15396200
2015-01-12,43.897286346451324,43.9861492856812,43.14937496921185,43.56406021118164,15455200
2015-01-13,43.8824763549748,44.20830148622737,43.22342508466792,43.57146453857422,21644700
2015-01-14,43.57145495899076,43.57145495899076,40.927843801559405,42.0682258605957,49602300
2015-01-15,41.26849027436323,41.920137785923316,40.35766621975721,40.720516204833984,42458100
2015-01-16,40.47613916649422,41.46841931304894,40.46132867776213,41.41658401489258,29368900
2015-01-20,41.49804239270755,41.75721889661864,41.03892569319074,41.2536735534668,23477700
2015-01-21,41.06113304477898,41.779423252048325,40.86859955224887,41.38695526123047,21842400
2015-01-22,41.74982229371831,42.74950649598097,41.438807610357415,42.645835876464844,31423500
2015-01-23,42.74210204564361,42.853176497174275,41.9571629273562,41.97197341918945,15458300
2015-01-26,41.77202920581494,42.20152492451337,41.61652330413945,42.038612365722656,12577700
2015-01-27,41.505446483273076,41.920131716922846,41.290698621660944,41.61652374267578,15220500
2015-01-28,41.92753782424014,41.97196929537443,40.542789459228516,40.542789459228516,24354400
2015-01-29,40.92784354045617,41.38695732857385,40.49094406996647,41.22404479980469,20393300
2015-01-30,40.720504999706414,41.098162547768766,40.26138835720026,40.268795013427734,26943700
2015-02-02,40.37987178681708,41.20924219430434,40.18734108585758,41.075950622558594,20308900
2015-02-03,41.40177481341722,42.04601555682824,41.37215383503208,42.0015869140625,18812500
2015-02-04,41.70538923477393,42.26076995380037,41.67576825180421,41.749820709228516,14934100
2015-02-05,42.10525815569958,42.238549735653436,41.80905401695501,42.038612365722656,11293900
2015-02-06,42.76430274265468,43.48999966234052,42.608796865181624,42.86797332763672,25214000
2015-02-09,42.51993512034196,43.02348039689902,42.3792397260849,42.816139221191406,14372400
2015-02-10,43.26044860088613,43.475196462810054,42.986461605390254,43.290069580078125,16367300
2015-02-11,42.99386748161239,43.43817086217343,42.83095492382774,43.22342300415039,13061900
2015-02-12,43.638101923880626,44.215696800092935,43.35670831696188,44.11202621459961,23211300
2015-02-13,44.03057883767632,44.59336616514597,43.941718721427705,44.18608474731445,16479100
2015-02-17,43.95652735345692,44.53412232187488,43.926906374355475,44.50450134277344,15308800
2015-02-18,44.504509927974645,44.504509927974645,43.77881274886993,43.96393966674805,14278100
2015-02-19,43.80101706760506,44.045383058710286,43.5418377636193,43.86025619506836,11256500
2015-02-20,43.66032597113138,44.3489982422936,43.208615898131185,44.282352447509766,15379000
2015-02-23,44.06020447292066,44.08241879812668,43.541848561217925,43.949127197265625,16814000
2015-02-24,44.61557348912084,45.356080932923675,44.489688579583984,45.037662506103516,22937700
2015-02-25,44.993230256175295,45.370890627808755,44.98582642478382,45.27462387084961,18307900
2015-02-26,45.19316726461166,45.68930870849208,45.10430716451802,45.60044860839844,15444800
2015-02-27,45.26723669661199,45.85223563539926,45.26723669661199,45.37831115722656,15225900
2015-03-02,45.378303758642794,45.78558518893026,45.193176862989304,45.741153717041016,13047300
2015-03-03,45.6522895296504,45.90406219829425,45.54121227223235,45.889251708984375,13706900
2015-03-04,45.64488246850774,46.03735054490297,45.43013461263369,46.00773239135742,16625500
2015-03-05,46.05955527411988,46.08176958949339,45.615249192971184,45.91145324707031,10931300
2015-03-06,46.02994138036411,46.55570097364939,45.022850831371,45.08949661254883,22719200
2015-03-09,45.05247912285338,45.6374807609955,45.02285814311684,45.54121398925781,13001500
2015-03-10,44.99323861972808,45.17836551185549,44.40083312988281,44.40083312988281,16357700
2015-03-11,44.526724708256445,44.911789015918465,44.40083694189942,44.60818099975586,13015600
2015-03-12,44.9117677089863,45.504172968644845,44.9117677089863,45.44493103027344,18159600
2015-03-13,45.46715209638121,45.807784797002554,44.74885906805294,45.17094802856445,16506200
2015-03-16,45.541215630871996,45.85222745488029,45.356088738063576,45.800392150878906,15182900
2015-03-17,45.422735646553534,45.65969784917532,45.11172099010476,45.62267303466797,11718300
2015-03-18,45.45975428492657,45.948489114536336,45.23760260325156,45.72633743286133,15697900
2015-03-19,45.593044435954035,45.652286389118125,44.9932323718207,45.31905746459961,11523800
2015-03-20,45.40791898669613,45.98551392401352,45.28203406951132,45.72633743286133,18368300
2015-03-23,45.72633385564446,45.970702663738074,45.25981338325499,45.27462387084961,15112900
2015-03-24,45.148732706994224,45.34867002459753,44.76366855732984,44.77107238769531,12128700
2015-03-25,44.82293217074554,44.90438847333868,44.12685591871723,44.141666412353516,14950900
2015-03-26,44.0305750914524,44.27494392135984,43.59367555525188,44.08981704711914,14039600
2015-03-27,44.052788921220625,44.26753393231813,43.68993903210463,44.09721755981445,11755800
2015-03-30,45.08209159551171,45.51158442139694,44.88215425723681,45.14133071899414,20656500
2015-03-31,44.963610159057424,45.1265198659215,44.741455679568276,44.85993957519531,17346700
2015-04-01,45.0313886530263,45.15065723987349,44.524496448028906,44.68849182128906,18100600
2015-04-02,44.777948045924404,45.24756940833922,44.725768210499176,45.1133918762207,12697800
2015-04-06,44.66613000853044,45.28483779935311,44.46486656511262,45.07611846923828,12025200
2015-04-07,45.583025248328816,45.8439244941937,45.35939407348633,45.35939407348633,11505500
2015-04-08,45.5159206997253,45.88863540391817,45.42646712333599,45.50846481323242,11734000
2015-04-09,45.67245820331705,45.903542333541026,45.34447030160754,45.8215446472168,11728500
2015-04-10,45.73209421021093,46.05262909131632,45.62028150231057,45.99299621582031,9869700
2015-04-13,45.94826398497968,46.41788526459052,45.843904332529995,46.268798828125,15468700
2015-04-14,46.93224659173072,47.416776965637176,46.768254014565095,46.99188232421875,33775400
2015-04-15,47.02169561809051,48.06529808644572,46.96951293544358,47.86402893066406,28732200
2015-04-16,47.767130899448624,47.908758658441315,47.45404898375866,47.56586456298828,16640500
2015-04-17,47.14841466973275,47.26023022930953,46.58188951539365,46.84278869628906,20221200
2015-04-20,47.12605176280495,47.34968003394594,47.066416040587214,47.140960693359375,12755300
2015-04-21,47.20804647862921,47.40930991943812,46.31353060695182,46.44770812988281,14985100
2015-04-22,46.701159301732964,47.07387405164756,46.23899096445561,46.91733169555664,14484700
2015-04-23,46.80553142075159,47.11861052899487,46.66389795823223,46.812984466552734,12851300
2015-04-24,46.68623657716372,46.84277604341752,46.470061403620626,46.66387176513672,9597500
2015-04-27,46.73842492986128,47.07386873562049,46.447707912732476,46.470069885253906,11146400
2015-04-28,46.58189387231043,46.798066280876704,46.04518368588258,46.78315734863281,12307800
2015-04-29,46.63407621809437,47.62549609506397,46.5595315528711,47.40932083129883,17601200
2015-04-30,47.39439324843247,47.618021455510195,46.902407211839765,47.155853271484375,16840900
2015-05-01,47.483855883686424,47.61057752352958,47.208047787166656,47.41676712036133,11640100
2015-05-04,47.4689504878908,48.35601340718842,47.4391326256179,48.244197845458984,14972500
2015-05-05,48.08765871084146,48.69145478686725,47.92366331064291,48.00566101074219,17692400
2015-05-06,48.10256246523314,48.50509505878358,47.27513530413093,47.647850036621094,18087900
2015-05-07,47.461492378264666,48.15474200391665,47.148413369821945,48.0802001953125,15039900
2015-05-08,48.43055543262748,48.937447719148246,48.15474447076997,48.81817626953125,16802600
2015-05-11,48.64672144102866,48.92998254936867,48.51254392925188,48.78834915161133,13798800
2015-05-12,48.68399776583328,48.85544904946016,48.27401496205918,48.72127151489258,12762200
2015-05-13,48.765992403939634,48.922531903249634,48.497637351643846,48.84053421020508,11874100
2015-05-14,49.07161939655911,49.332518552471704,48.982165820028335,49.23561477661133,11855500
2015-05-15,49.29524406834826,49.31761172752703,48.78090165073605,49.10888671875,11152100
2015-05-18,49.04926237750066,49.60087860387486,49.04926237750066,49.51142501831055,10510900
2015-05-19,49.772337136620635,50.08542192388005,49.6232534757749,49.95124435424805,14282700
2015-05-20,49.90649556639479,49.96613128273277,49.49651281271475,49.556148529052734,12446000
2015-05-21,49.30270216954909,49.705234745225155,49.20579839078781,49.6828727722168,12934500
2015-05-22,49.667960360833504,49.8170496575997,49.43687905981484,49.5486946105957,9296900
2015-05-26,49.34742883163104,49.41452044152403,48.68399705571708,48.9970817565918,15571300
2015-05-27,49.16106812617875,49.6828721340977,49.06416434866209,49.5486946105957,10963700
2015-05-28,49.466706457971,49.4965243230741,49.00453807963731,49.347434997558594,11797400
2015-05-29,49.332531960572844,49.36234982752064,48.72127990608453,49.034358978271484,14310700
2015-06-01,49.19089254708904,49.69033464890728,49.17598645901168,49.25798416137695,11899300
2015-06-02,49.07161767627246,49.489056311098615,48.88526033041438,49.2132453918457,12784200
2015-06-03,49.518878914046084,50.04067725758012,49.399607471423785,49.72014236450195,12927300
2015-06-04,49.42942035039011,49.981042186160536,49.20579494877424,49.444332122802734,13863300
2015-06-05,50.21959457240994,50.56994170978402,49.951239459442505,50.25686264038086,20801100
2015-06-08,50.286668994978335,50.35376060144925,49.8021387248671,49.86177444458008,14558700
2015-06-09,49.90649445038454,50.145031623227375,49.54869153470771,50.077945709228516,13263500
2015-06-10,50.38356885943626,51.06191232232123,50.29412097399196,50.88301086425781,17478900
2015-06-11,50.95755843175026,51.196095631890046,50.80101892733122,51.07682418823242,13739900
2015-06-12,50.92026561804989,51.09171683231843,50.59228064514775,50.87554168701172,11804700
2015-06-15,50.37612431499216,50.84574282781237,50.16740497596095,50.68174743652344,14082300
2015-06-16,50.51774939402779,51.07682146016751,50.40593953053997,50.96501159667969,11692800
2015-06-17,50.99483681514455,51.19610028564242,50.71902584199653,50.7935676574707,14521900
2015-06-18,50.95009124335338,51.30044392241567,50.6146503350284,51.270626068115234,16759600
2015-06-19,51.03210532286287,51.188644842872066,50.62957269119235,50.748844146728516,21606400
2015-06-22,51.337741180391895,51.6508202632096,51.24828757651107,51.40482711791992,14306700
2015-06-23,51.69554040847367,52.045893222193726,51.576274632606456,51.99371337890625,15736900
2015-06-24,51.81479603371711,52.00860357115882,51.36753955836561,51.44953155517578,16995000
2015-06-25,51.67316141909747,51.7849769570948,51.16626924239414,51.17372512817383,13314300
2015-06-26,51.38990774099256,51.65080690922015,51.26318041313173,51.39735794067383,14489200
2015-06-29,50.45066216150681,50.883012579645886,50.063041374772645,50.09285354614258,19934400
2015-06-30,50.60720728298373,50.77120267963607,50.06304694373802,50.51030349731445,20677400
2015-07-01,51.11054975086968,51.31312867485109,50.85544421674237,51.07303237915039,13964400
2015-07-02,50.98297680931306,51.11803128755588,50.41275187837251,50.66034698486328,12822900
2015-07-06,50.18017164874782,50.61534797401935,49.925071838700724,50.5178108215332,13527100
2015-07-07,50.33772629403673,50.43526915534417,48.99469160892931,50.12014389038086,22421500
2015-07-08,49.519899566711494,49.63995055577153,48.92716068800658,49.092227935791016,17707200
2015-07-09,49.88754475807387,50.04510738497076,49.51239401088714,49.60243225097656,14984700
2015-07-10,50.43527389573319,50.57032841117494,50.142656733000535,50.30772399902344,12356100
2015-07-13,50.93798134971569,51.12555677248658,50.78041868150986,51.08803939819336,16175600
2015-07-14,51.00550159039949,51.84583565791936,50.840434334466224,51.800819396972656,20185100
2015-07-15,51.943384792164196,52.09344282966337,51.65826650682969,51.91337203979492,16891600
2015-07-16,52.243484614337504,52.48358083425113,52.07842311417754,52.19096374511719,18035700
2015-07-17,52.03341701463309,52.13845878512555,51.710787084021334,51.928375244140625,14040700
2015-07-20,52.145959753237676,52.34853866090458,51.905863476872895,51.96588897705078,11512900
2015-07-21,51.89085862554982,52.17597115752055,51.67327048627744,51.8458366394043,11659900
2015-07-22,51.98089502844125,52.738701263241396,51.92086952533198,52.581138610839844,15493000
2015-07-23,52.66365221335869,52.978777398288656,52.115929723446705,52.25098419189453,14331800
2015-07-24,52.10094798737806,52.1909805210693,51.53071713516213,51.70328903198242,12413900
2015-07-27,51.13305690630732,51.1855777911016,50.69788058981347,51.02801513671875,16801600
2015-07-28,51.43318383961043,51.47069549001266,50.847943704989156,51.05803298950195,14932400
2015-07-29,51.26061045899516,51.845844852476255,51.14056516706578,51.725799560546875,13059200
2015-07-30,51.71828576900602,52.10844005401932,51.42566862415942,51.800819396972656,10197200
2015-07-31,51.77831055522641,51.800818685390574,51.32062616073371,51.41816329956055,11911800
2015-08-03,51.46317955988887,51.65075494371878,51.02050440173656,51.41816329956055,9980600
2015-08-04,51.373147165796105,51.73328869800279,51.25309617216291,51.36564254760742,10964000
2015-08-05,51.80832211742721,52.085930015558034,51.44067025200841,51.5682258605957,11302900
2015-08-06,51.5832272204724,51.725786334763356,51.020501105339974,51.20807647705078,10803400
2015-08-07,51.26811654966707,51.57573727009522,50.682882139393485,51.05803298950195,11453300
2015-08-10,51.185566153365635,51.778304989475075,51.185566153365635,51.68826675415039,12661400
2015-08-11,51.19306945800781,51.32061932818772,50.9079512489637,51.19306945800781,14800300
2015-08-12,50.57782338848932,50.6828651333263,49.57241647089084,50.45026779174805,21069000
2015-08-13,50.45777621625871,50.87044433378815,50.24769271073325,50.68286895751953,11930600
2015-08-14,50.58533415769366,50.95298607528488,50.57033064391409,50.9379768371582,11248800
2015-08-17,50.735398931065625,51.20058228404043,50.57033165445628,51.07303237915039,10326500
2015-08-18,51.00549630698012,51.29060880401997,50.900448835075,51.178062438964844,10617500
2015-08-19,50.967979737841716,51.25309223932314,50.54030812344658,50.72037887573242,15198200
2015-08-20,50.127623366523224,50.300195168210415,49.4748649597168,49.4748649597168,20972300
2015-08-21,48.83713275648127,49.099742919404584,47.69667674137427,47.71918487548828,28235500
2015-08-24,44.4853843397314,47.208977196485385,37.56760239366372,45.20567321777344,36339100
2015-08-25,47.3440101592679,47.50907735863229,44.815495618442526,44.9505500793457,31772500
2015-08-26,46.36864550230479,47.254001756653985,45.43076835678012,47.201480865478516,33576800
2015-08-27,48.004279147939855,48.56700801227783,47.374025911027566,48.379432678222656,29045700
2015-08-28,48.23688754405466,48.364437434260516,47.71917764053531,48.11683654785156,16687300
2015-08-31,47.726687450424905,48.28190905739284,47.621645679494414,48.09433364868164,14223400
2015-09-01,47.156449933361564,47.156449933361564,45.76089149422174,46.10602951049805,23637300
2015-09-02,46.9838874950855,47.2014756557533,46.17356321911979,46.946372985839844,17757900
2015-09-03,47.1789648518429,47.76419917703104,46.8563349386819,47.02890396118164,17065400
2015-09-04,46.36863695912497,46.45867234709809,45.580820874470035,46.14354705810547,20189000
2015-09-08,47.096439942627754,47.41906991555008,46.766308211760844,47.38905715942383,13385100
2015-09-09,47.97428478626886,48.27440371842767,46.51870066675607,46.65375518798828,13889500
2015-09-10,46.41366001588001,47.26900342951391,46.10603645725425,47.01390075683594,15751100
2015-09-11,46.80380354717327,47.013887029623824,46.51118645028205,46.93885803222656,12766700
2015-09-14,46.99889108815612,47.03640559518033,46.6087339183228,46.80381393432617,10202800
2015-09-15,47.088924136015095,47.936765691036896,46.90134874804756,47.70417404174805,14023500
2015-09-16,47.936757073730284,48.236878785396556,47.42655188120128,48.124332427978516,12235900
2015-09-17,48.1243372381652,48.49948798415922,46.81130962718613,47.00638961791992,21249200
2015-09-18,46.391140296995374,46.391140296995374,45.6033214801778,45.72336959838867,31008000
2015-09-21,46.15855038853256,46.45116752677435,45.82841874629086,46.10602951049805,13136400
2015-09-22,45.46826839609139,45.83591737945857,45.333213901154295,45.700862884521484,14811900
2015-09-23,45.61832768931405,45.88093491470351,45.258183335971516,45.4982795715332,11712200
2015-09-24,45.025616186947275,45.30322995334761,44.612950710465896,45.18318176269531,17293400
2015-09-25,45.97096804469827,46.4136459940755,45.670846333801826,46.121028900146484,18384300
2015-09-28,45.708360759352594,45.77588800108815,44.78549036374848,45.00307846069336,17452200
2015-09-29,45.00308634457813,45.11563272124479,44.065209412933434,44.89804458618164,19334900
2015-09-30,45.54330219066208,45.768392071035834,45.10062418565202,45.74588394165039,18743800
2015-10-01,45.85842529743185,46.42115140302953,45.42325193076626,46.08351516723633,16863200
2015-10-02,45.03306282094262,45.99282134167848,44.23200377896464,45.95503616333008,20435100
2015-10-05,46.28001160908974,47.03572699675543,46.26489695539738,46.869468688964844,13471100
2015-10-06,46.937475759319405,47.126404576329826,46.56717400953601,46.89213180541992,12134800
2015-10-07,47.26998613431446,47.6327290916724,46.67297042242701,46.95258712768555,12773100
2015-10-08,46.74098490710817,47.04327214631884,46.42358590047926,46.95258712768555,13964600
2015-10-09,47.14906179647976,47.26997608990596,46.536934447245144,46.80143356323242,12112000
2015-10-12,46.733434816251126,46.86190503500411,46.4009211181624,46.64274978637695,10857400
2015-10-13,46.393367878049354,46.97526908115183,46.33291214520552,46.5142822265625,15621900
2015-10-14,45.91726358034028,46.07596599541924,44.99529280999137,45.335365295410156,28989400
2015-10-15,45.69810677952213,46.82412100319124,45.418490032694066,46.77122116088867,18147900
2015-10-16,47.17930603027344,47.34556431744064,46.92236271502642,47.17930603027344,17456600
2015-10-19,46.85435250695867,47.43625368241961,46.78633800897426,47.02061080932617,14510400
2015-10-20,47.126411551745996,47.47403993462138,46.91481216787844,47.2473258972168,11545100
2015-10-21,47.519378850504616,47.57983457540925,46.89213376802163,46.89969253540039,12113400
2015-10-22,47.17175328345265,48.048385903800096,47.17175328345265,47.75365447998047,15295700
2015-10-23,48.0861509014055,48.5093523800954,47.987907134726306,48.267520904541016,16985200
2015-10-26,48.244866766275145,48.35822521886707,47.9199089438585,48.29021072387695,13880200
2015-10-27,48.010597957399064,48.25998542065108,47.844342531389835,48.093727111816406,8831900
2015-10-28,48.139075685449995,49.68073304273047,48.13151691641942,49.49936294555664,17962000
2015-10-29,49.31798903483142,49.74874658584277,49.03081349038986,49.28020095825195,12753700
2015-10-30,49.3482215521415,49.37844509658936,48.46403008728045,48.554718017578125,15731400
2015-11-02,48.70583902305702,49.68827102253791,48.6604979591468,49.529571533203125,15253300
2015-11-03,49.34065765316141,49.95278526348537,49.24996973229273,49.71095657348633,11519500
2015-11-04,49.88477220479768,49.99057189326019,49.59759667984177,49.76385498046875,11388400
2015-11-05,49.718504569847134,50.383531881849926,49.688275269440254,50.209720611572266,12715900
2015-11-06,51.66824786316809,52.16701687351046,51.464201540026416,51.73625946044922,23262700
2015-11-09,51.917631699488275,51.93274923218374,50.69337677102773,50.92764663696289,17143800
2015-11-10,50.77650976416838,51.27527883369896,50.5800221837352,51.14680862426758,13239700
2015-11-11,51.464209248697244,51.51710908750044,50.821852415901354,50.897422790527344,8513900
2015-11-12,50.52712045035812,50.55734975126336,49.83941682747558,49.87720489501953,13576900
2015-11-13,49.756296184667846,50.00568363546863,49.29531512271114,49.54469680786133,11837000
2015-11-16,49.46911951541764,50.315522670064254,49.2499614012953,50.26262283325195,11041100
2015-11-17,50.38353939093495,50.43643923311872,49.79408235927283,49.9754524230957,12354800
2015-11-18,50.23995674468121,51.04857190217705,50.156827598669,50.97299575805664,12911400
2015-11-19,51.07125143280725,51.252621526204884,50.6631643984241,51.131710052490234,12839500
2015-11-20,51.38108906764649,51.47177699240343,50.92010220668802,51.041019439697266,11209600
2015-11-23,50.867197971443744,51.07124434313542,50.466669761534824,50.542240142822266,11339000
2015-11-24,50.005672818013885,50.73871747598274,49.90743191879152,50.46665954589844,10910000
2015-11-25,50.58001851618259,50.7236062490472,50.292848816102776,50.52711868286133,7772000
2015-11-27,50.63293950572608,50.88232700943609,50.36088145907003,50.761409759521484,4052500
2015-11-30,50.844529912641114,51.02589998970412,50.3911018371582,50.3911018371582,15147500
2015-12-01,50.88985626529199,51.26016084611199,50.62535711159851,51.093902587890625,12708800
2015-12-02,51.260169700825685,51.29795200608036,50.23995520854742,50.37598419189453,13440900
2015-12-03,50.50443688975019,50.655577589643855,49.55979310129451,49.726051330566406,14626900
2015-12-04,49.95278410407903,51.38864444009413,49.899884259546134,51.30551528930664,17786000
2015-12-07,51.13170182456457,51.19971343652526,50.17949889756221,50.63292694091797,11686000
2015-12-08,50.06614301136,50.60270022949045,49.65049725368466,49.84698486328125,13084500
2015-12-09,49.58247846730166,50.31552318901107,49.15172100148735,49.469120025634766,16770200
2015-12-10,49.529577733179956,50.255063674802905,49.18194941317207,49.58247756958008,12839000
2015-12-11,48.97035683911729,49.24241482555187,47.99548046584318,48.41868209838867,17889300
2015-12-14,48.53960449009233,48.940132744533486,48.06350008031038,48.569828033447266,17638200
2015-12-15,49.17438830686061,50.368419718113465,49.17438830686061,49.95277404785156,18126600
2015-12-16,50.56490752491893,51.19214676802378,49.80919231407739,51.033447265625,21720000
2015-12-17,51.3130747562994,51.388645140140056,49.937673014056976,50.08881378173828,18122100
2015-12-18,49.854532942681054,49.854532942681054,48.668060302734375,48.668060302734375,23819600
2015-12-21,49.136596427151154,49.544683299290185,48.993014469552456,49.529571533203125,18869300
2015-12-22,49.81674984396899,49.87720845008874,49.10638140183701,49.635379791259766,12149500
2015-12-23,49.96789582205753,50.51956474143162,49.91499598368399,50.42888259887695,12524500
2015-12-24,50.34574497305093,50.54978552506214,50.1190281235727,50.33062744140625,4468200
2015-12-28,50.096371320477914,50.21728277852571,49.6580550330472,50.16438293457031,6610600
2015-12-29,50.512004489001264,50.85963857740498,50.43643411721125,50.685821533203125,9820800
2015-12-30,50.66315733427518,50.67071610209444,50.21728228334732,50.323081970214844,7190700
2015-12-31,50.02080049288485,50.4666697785868,49.87721273243483,49.89988327026367,14654300
2016-01-04,48.65218723185819,48.735871119789884,47.937047681708194,48.401126861572266,25393200
2016-01-05,48.46199870127689,48.789133538224135,47.959880783458324,48.48482131958008,16566700
2016-01-06,47.716437526585246,48.028359269636674,47.4273384055098,47.784908294677734,22961500
2016-01-07,46.75783379600223,47.16865829053587,45.70795284619013,45.852500915527344,27630900
2016-01-08,46.50677608290422,46.613285491580136,44.77218474878704,44.825439453125,22373300
2016-01-11,44.75698471069336,45.053690408065286,44.155963840436876,44.75698471069336,20925500
2016-01-12,45.2286512606535,45.31233804249037,44.20159016833282,44.855865478515625,22971600
2016-01-13,45.23626068994292,45.40363426419565,43.29626015138002,43.62339782714844,28808100
2016-01-14,44.24725878865879,45.17541748667386,43.585376601830085,44.27769088745117,31296300
2016-01-15,42.946305129298686,43.79838334405737,42.77132496301027,43.39516830444336,38131700
2016-01-19,43.92010715313766,44.10269678623617,42.991948747367395,43.37234115600586,22818900
2016-01-20,42.32247458235248,42.740905793639115,41.584512130081585,42.231178283691406,34646100
2016-01-21,42.40613765351825,42.999548751624076,41.88880385952128,42.03335189819336,31301100
2016-01-22,42.93869639989632,43.48646242710342,42.83218698397582,43.326698303222656,22732200
2016-01-25,42.96913844921964,43.25062809969903,42.299646805491356,42.34529495239258,21114400
2016-01-26,42.48983027870819,43.47885284880883,42.459401092095085,43.42559814453125,17535700
2016-01-27,43.42560039479714,44.330933316593,43.02999192668964,43.39516830444336,20560000
2016-01-28,43.76034844472039,44.10270223522636,43.083250338033096,43.5777587890625,15497900
2016-01-29,43.996183962013355,45.297125202083194,43.752730169386346,45.266693115234375,26992200
2016-02-01,45.008039142501154,45.38082505834307,44.46027303013406,44.77980422973633,16807900
2016-02-02,44.03425006036912,44.110327422736844,43.17456193522011,43.38758087158203,22448200
2016-02-03,43.646234163576516,43.97337194219831,41.858390593850885,43.676666259765625,31543200
2016-02-04,43.410388188204514,44.52113346486075,43.410388188204514,44.429840087890625,21651300
2016-02-05,44.566786187833976,44.99282392561919,43.68427281176018,43.935333251953125,22001300
2016-02-08,43.12889795358959,43.30387814457181,42.25399699867853,43.0147819519043,28267600
2016-02-09,42.0637970153094,43.1288941136982,41.942071549717426,42.75611114501953,26300000
2016-02-10,43.037589048884996,43.676648295183455,42.20072706304419,42.238765716552734,22389600
2016-02-11,41.0063117857645,41.01391835864981,39.94121164762864,40.37485885620117,44334700
2016-02-12,42.33767419825552,43.798379583865476,41.972494949689406,43.737518310546875,37011400
2016-02-16,44.30050274004348,44.5819923300251,43.85163954956058,44.39179611206055,23730700
2016-02-17,44.77218787883487,45.076502983895516,44.42222753952988,44.711326599121094,21580100
2016-02-18,44.76457585755552,44.77979190117255,43.55492796055573,43.9809684753418,17037800
2016-02-19,43.74513167567077,44.25485616476592,43.425603411252446,43.988582611083984,15658200
2016-02-22,44.513533064506504,44.79502562930591,44.445062292280255,44.559181213378906,14882800
2016-02-23,44.04944280595443,44.193990878836374,42.57351837876869,42.69524383544922,31772500
2016-02-24,41.99532020368685,42.76371155027629,41.33343826136094,42.71045684814453,25560100
2016-02-25,42.70285260636007,43.38755720061105,42.63438185671859,43.37234115600586,14473300
2016-02-26,43.851651076787334,44.2092209892471,43.47125854086494,43.77557373046875,20947500
2016-02-29,43.676659323659756,43.828816878277344,42.8245810808308,42.83218765258789,19554100
2016-03-01,43.18215036306151,45.03846740722656,43.11367960483962,45.03846740722656,23958100
2016-03-02,45.03848545106624,45.571035683685835,44.85589572193527,45.46452331542969,20943100
2016-03-03,45.327564904631764,45.616661071777344,44.96238560541751,45.616661071777344,15790600
2016-03-04,45.72317355411354,46.065527356205955,45.28952637218454,45.68513488769531,18459000
2016-03-07,45.297124457991565,45.685123401367996,45.129750885236035,45.601436614990234,12832400
2016-03-08,45.04608235498396,45.26671071718387,44.642867205019385,44.71894454956055,14132900
2016-03-09,45.000417983654806,45.29712356429408,44.642848231518535,44.97759246826172,13238800
2016-03-10,45.335176155804724,45.396037443846204,43.98097984753308,44.58960723876953,21139200
2016-03-11,45.18301623540061,45.274309613802714,44.620037016062746,45.14497756958008,21055000
2016-03-14,45.000417983654806,45.122143424485365,44.58198406002154,44.97759246826172,13436100
2016-03-15,44.53634948098739,45.0460739794005,44.4526626762535,45.03846740722656,10910500
2016-03-16,44.871087586341986,45.45689223622326,44.483088611570615,44.825439453125,17423900
2016-03-17,44.71132581693175,44.98520882626217,44.11791456482507,44.696109771728516,19405700
2016-03-18,45.68513413142664,46.385057771025124,45.38842847524626,46.012271881103516,29570200
2016-03-21,45.81446450060441,46.27093424879145,45.61665881480318,45.99705123901367,12684400
2016-03-22,45.6394927785809,46.08835603829076,45.35800024302148,45.829689025878906,12042700
2016-03-23,45.905751674152384,46.03508368789003,45.540575344455895,45.601436614990234,11658700
2016-03-24,45.114542407864334,45.27430653474367,44.78740468016056,45.25148391723633,12921200
2016-03-28,45.28951653844635,45.45689011694166,45.0232430291707,45.190616607666016,11159700
2016-03-29,45.137367879924106,45.137367879924106,44.52873766017324,44.90913009643555,15933400
2016-03-30,45.23626406379109,45.82206871520309,45.17540278817313,45.42646026611328,13307100
2016-03-31,45.228660589780795,45.593836974986,44.96999362082328,45.053680419921875,14904700
2016-04-01,44.90152882809423,45.6927458854918,44.55156844191756,45.548194885253906,15417500
2016-04-04,45.55584863166182,45.655483711033284,45.18796863511755,45.371910095214844,12305000
2016-04-05,44.90439837329733,45.08833984713358,44.61315892457766,44.72812271118164,12886600
2016-04-06,44.59015815041999,45.126650837961414,44.413882524619936,45.073001861572266,12167900
2016-04-07,44.65148459675127,44.78177709885777,43.73944877660926,43.931053161621094,19226800
2016-04-08,44.22994662194125,44.89673185245114,44.214617923390996,44.2529411315918,13547700
2016-04-11,44.38324128568011,45.126667262874186,44.38324128568011,44.60550308227539,17627800
2016-04-12,44.71279615625028,45.517533930129495,44.60549817621981,45.4332275390625,17779200
2016-04-13,46.35292571021759,47.6405072235834,46.27628513685196,47.35693359375,37516800
2016-04-14,47.28030050786682,48.215330911803875,47.218988620403515,47.97007751464844,24249900
2016-04-15,48.19232661436752,48.20765531310498,47.096349505667675,47.418243408203125,19290700
2016-04-18,47.24197910462546,47.96241350006558,47.157672703146204,47.724822998046875,13813100
2016-04-19,47.93941444361078,48.65218295849976,47.93941444361078,48.52955627441406,19255600
2016-04-20,48.652185058656954,49.28831009617009,48.39926879090984,49.23466110229492,14594400
2016-04-21,49.250005845407934,49.55657411233616,48.54490000093368,48.74416732788086,15395800
2016-04-22,48.77479846779799,49.34194565538629,48.77479846779799,49.02771759033203,12444700
2016-04-25,48.74416732788086,49.012415292355975,48.39928168215119,48.74416732788086,10687200
2016-04-26,48.9051048399663,49.104372116241876,48.537224767391514,48.997074127197266,12048000
2016-04-27,48.94342825439343,49.54123304500038,48.74415804175703,49.135032653808594,15284100
2016-04-28,48.774824739304016,49.37262964379722,48.55256289196363,48.74416732788086,12852500
2016-04-29,48.35328134324564,48.751818803572974,48.054378978912844,48.43758773803711,16376400
2016-05-02,48.81312319885379,49.050713645588736,48.39159421319208,48.889766693115234,10247300
2016-05-03,48.207656930113295,48.21531981791389,47.36459601317711,47.94707489013672,19120300
2016-05-04,47.326287006497935,47.717158697796926,46.958406907730904,47.188331604003906,17030200
2016-05-05,47.21131739332077,47.5178855664355,46.79745416036189,46.93540954589844,14033900
2016-05-06,46.52154118369954,47.27262995620561,46.43723479390742,47.2113151550293,11057900
2016-05-09,47.03504505870638,47.43358254260969,46.78979167225065,46.912418365478516,11197100
2016-05-10,47.17299994886012,47.717155711503125,47.01971585305408,47.548545837402344,11897200
2016-05-11,47.49489154028565,47.97773244124351,47.37226486206055,47.37226486206055,11254000
2016-05-12,47.72482255550092,47.94708435303957,47.03504557129511,47.34161376953125,11071700
2016-05-13,47.28795572189619,47.824448504292675,46.76679163884252,46.904747009277344,15122300
2016-05-16,46.91242045624583,47.51022817056906,46.751473462395815,47.25730895996094,10951300
2016-05-17,47.081033263317906,47.640517758833035,46.86643727151789,47.25730895996094,12180900
2016-05-18,47.28796181372982,49.181011109855184,47.280296001245645,49.08137893676758,24007100
2016-05-19,48.6904965156436,49.2193263930971,48.20765565838218,48.58319854736328,16076200
2016-05-20,48.94342259549149,49.1963417768292,48.56787672965238,48.675174713134766,11862000
2016-05-23,48.62919319015642,48.95108715156805,48.40693140328598,48.63685607910156,9347500
2016-05-24,49.00472833390594,49.64085326638734,48.90509617524586,49.46458053588867,13839400
2016-05-25,49.771153837574566,50.73683566813522,49.755822213234694,50.21567153930664,18935200
2016-05-26,50.253988317557756,50.261654128746045,49.748155877843644,49.84012222290039,9428400
2016-05-27,49.97808520999331,50.16968958781753,49.85546144878263,50.146697998046875,10116000
2016-05-31,50.376627957131745,50.44560272968426,49.78648317121832,50.024070739746094,15139400
2016-06-01,49.63319032450981,50.52223142963976,49.249981641007146,50.3459587097168,14031000
2016-06-02,50.215673094089844,50.43793487548828,49.93976816774522,50.43793487548828,10637600
2016-06-03,49.242330667333604,49.70984586985823,48.70583776404877,49.54123306274414,20261700
2016-06-06,49.54121261531891,50.39960207574715,49.51055522237864,50.03171920776367,13193500
2016-06-07,50.16202722961618,50.384289024873404,49.84779906894353,49.86312484741211,9924100
2016-06-08,49.76348991310438,50.18502188891964,49.75582410064365,50.00874328613281,9428000
2016-06-09,49.656195276923405,49.7405016777725,49.25765486430911,49.62553787231445,10817800
2016-06-10,48.997070647980905,49.10436862940644,48.72882569441709,48.92809295654297,16678400
2016-06-13,48.652176965839885,49.31129348433307,48.48356419962164,48.49123001098633,14314900
2016-06-14,48.039042381133925,48.64451282270026,47.27262498886778,47.579193115234375,19509300
2016-06-15,47.83211475868635,48.26897248792698,47.448906019096285,47.49489212036133,16982100
2016-06-16,47.09634738680967,47.747800973765656,46.67481842327049,47.68648910522461,16791200
2016-06-17,47.74779634792995,48.06202731834175,47.46422277064367,47.73246765136719,15751500
2016-06-20,48.62919259733989,48.93575785347317,47.77846867590726,47.80146026611328,12213200
2016-06-21,48.07736273228569,48.28429577932082,47.62517635327937,48.245975494384766,11611600
2016-06-22,48.24596458204121,48.82844038281497,48.03903158181049,48.0620231628418,12643500
2016-06-23,48.82079099353936,49.165679422601706,48.6904985098267,49.08903884887695,16583600
2016-06-24,46.35292640658854,47.28795661867886,45.47921099303223,45.6784782409668,44108700
2016-06-27,44.99637076441506,45.02702816611924,43.724117830199255,44.15331268310547,37300700
2016-06-28,45.364253050159874,45.640163831797075,44.651484505480724,45.61717224121094,29088700
2016-06-29,46.26095625513165,46.91240989712352,45.98504551426201,46.904747009277344,21483000
2016-06-30,47.234311465863506,47.66350339583777,46.76679632186947,47.62518310546875,21343600
2016-07-01,47.62518163603384,47.89551476843088,47.23898976323226,47.316226959228516,14217800
2016-07-05,46.6905955795691,46.80645136753025,45.64787580945861,45.99544906616211,23357700
2016-07-06,45.57835607550614,46.56700911170438,45.38526017069371,46.489768981933594,20429800
2016-07-07,46.744656289043974,47.223533300797364,46.46659771886148,46.79100036621094,13771400
2016-07-08,47.37030070790096,48.01910028284678,47.37030070790096,47.756492614746094,16998800
2016-07-11,48.2121883352697,48.62155369299795,47.995921845729455,48.09633255004883,13151400
2016-07-12,48.6833371164012,49.092702425868076,48.57520388437924,48.81464385986328,16588100
2016-07-13,48.72195947012184,48.992292554708676,48.382108796458795,48.783748626708984,18526900
2016-07-14,50.00412364746085,50.189499995194126,49.4711828529841,49.52524948120117,28985900
2016-07-15,50.011848935254875,50.050470480750064,49.131331911913094,49.571590423583984,17607100
2016-07-18,49.532964734376,49.74151163409111,49.35531978272832,49.40166091918945,10824400
2016-07-19,49.13132881399282,49.50979518613584,49.01547007763309,49.324424743652344,9737400
2016-07-20,49.51751975047467,49.61020791639909,49.20856509021328,49.37849044799805,10411100
2016-07-21,49.432551401234946,49.57158068776369,49.14677028844126,49.193111419677734,9808700
2016-07-22,49.35532956121005,49.502078486684816,49.12361204735555,49.463462829589844,8195700
2016-07-25,49.41710072611503,49.563852544512635,49.185386243125826,49.33213806152344,8168300
2016-07-26,49.417107016036034,49.63337644790813,49.20856307087895,49.532962799072266,8067800
2016-07-27,49.494346862530044,49.9655013714624,49.47889588919011,49.687442779541016,11806800
2016-07-28,49.43255513904006,49.57930992281142,49.216288653157925,49.50979232788086,10013400
2016-07-29,49.27807511692304,49.65654439290508,49.239456524617054,49.40938186645508,13210400
2016-08-01,49.5484160522482,49.67199438127546,49.131328142743634,49.278079986572266,11422600
2016-08-02,49.115879733085606,49.44028242009215,48.95367986278733,49.16222381591797,13550000
2016-08-03,49.19310962296934,49.95004518508559,49.16221651874324,49.942325592041016,13122300
2016-08-04,49.81101898305651,50.06590699694406,49.64109364046481,49.86508560180664,9873000
2016-08-05,50.31307367615934,51.26310821867052,50.25900705294781,51.209041595458984,20752700
2016-08-08,51.031394859705976,51.35579462508816,50.853744001813574,51.0545654296875,11359200
2016-08-09,51.11635969774266,51.19359689854091,50.73789328885674,50.876922607421875,10097000
2016-08-10,50.9155248246235,51.0313835416557,50.328517539213536,50.421199798583984,11556100
2016-08-11,50.413490698454645,50.73789639014932,50.220394738245915,50.560245513916016,9604500
2016-08-12,50.18178092954318,50.47528467845141,50.096818232497405,50.45211410522461,7685400
2016-08-15,50.6374745841401,50.84602148764068,50.56023739102956,50.76105880737305,8371600
2016-08-16,50.48299712487191,50.94642614814499,50.390308963089396,50.75333023071289,10128900
2016-08-17,50.822856602922876,50.96188592319867,50.62203516411989,50.89236831665039,11868100
2016-08-18,50.68383467476544,50.96961295219745,50.614317058078186,50.938716888427734,9313600
2016-08-19,50.761049357880836,50.9078041224456,50.374857571400085,50.86918258666992,9084900
2016-08-22,50.784220108369865,50.88462785180806,50.52161252115348,50.82284164428711,9055600
2016-08-23,51.03139246236349,51.23993347522082,50.79195539337541,50.79967498779297,8949600
2016-08-24,50.96961295219745,51.15498933481573,50.79968754787484,50.938716888427734,10167200
2016-08-25,50.90780900982951,51.08545394868675,50.815120850760806,51.03138732910156,9978700
2016-08-26,51.23222145225581,51.65702902798921,50.861474616715476,51.14725875854492,14038600
2016-08-29,51.35579047891357,51.826945006567634,51.332619910802705,51.71108627319336,14583100
2016-08-30,51.71108142379671,52.21313195945695,51.71108142379671,52.135894775390625,13791200
2016-08-31,52.10499872320021,52.344435761651646,51.64156972598285,52.135894775390625,14952300
2016-09-01,52.244036258189695,52.30582837232419,51.47937799744138,51.91191101074219,12226500
2016-09-02,52.05865831464804,52.19768760502692,51.734258601370485,52.128170013427734,13720700
2016-09-06,52.135906419325266,52.1745279663938,51.52572251113097,52.08956527709961,16649400
2016-09-07,51.8733024597168,52.20542185980623,51.71882215323446,51.8733024597168,10070400
2016-09-08,51.91963567466867,52.27493148607585,51.74971030990431,51.942806243896484,12253000
2016-09-09,51.77287761161382,52.081832265066446,51.47164844502298,51.479373931884766,19686900
2016-09-12,51.08545940837899,51.981427363339904,50.791955712522935,51.796051025390625,16453000
2016-09-13,51.06229985435413,51.64158777656252,50.838307817294975,51.38669967651367,18876100
2016-09-14,51.18586031349221,51.942798859980044,51.13951918162418,51.28627395629883,12648600
2016-09-15,51.20131605415106,51.69564114950911,51.04683577883919,51.471649169921875,12531300
2016-09-16,51.04683598941649,51.178145697178245,50.544791297836795,50.838294982910156,25161500
2016-09-19,51.09318078941989,51.471647136547816,50.86146333201601,51.12407684326172,13466900
2016-09-20,51.55662601329691,51.633863225763754,51.16270856904797,51.33263397216797,10092200
2016-09-21,51.626136779785156,51.85012881676243,51.21677425775897,51.626136779785156,14116800
2016-09-22,51.74197540646588,52.074100588204566,51.626116688590685,52.05093002319336,12781700
2016-09-23,52.05093949550649,52.4448568508402,51.888739618091485,51.942806243896484,13967400
2016-09-26,51.44076574609609,51.59524605934047,50.62204071077581,50.807411193847656,16408100
2016-09-27,50.52162790394543,51.29401171491304,50.28991040352682,51.25539016723633,13711400
2016-09-28,51.42530711672031,51.5720560096248,50.96959767870148,51.52571487426758,11278000
2016-09-29,51.517988608925414,51.91190593196873,50.475271829405834,50.70698928833008,18727200
2016-09-30,51.039110148793846,51.79604278343713,51.039110148793846,51.433021545410156,21680100
2016-10-03,51.24765068922682,51.68790910558098,51.17813899376948,51.37123489379883,14901700
2016-10-04,51.51127075040564,52.265930110000475,51.4256904558749,51.81468963623047,17226900
2016-10-05,52.0403298686763,52.95836852448155,51.970312838424604,52.6627311706543,16280000
2016-10-06,52.693834147537615,52.88055210121302,52.16479499907669,52.80275344848633,17485000
2016-10-07,52.740534965919124,53.043953997762344,52.4371159340759,52.98949432373047,18497000
2016-10-10,53.1684343843297,53.72859446204347,53.0828599783576,53.40183639526367,13027500
2016-10-11,53.292902194531585,53.54186150020381,52.84944324581363,53.14508056640625,15657100
2016-10-12,53.106186647653324,53.362921677210345,52.94280765224128,53.005043029785156,11899800
2016-10-13,52.48379095501174,52.80277326727048,51.98587226788601,52.701629638671875,17890000
2016-10-14,53.526295730146884,53.70523204966514,52.35929805523662,52.530452728271484,24163800
2016-10-17,52.452663098109085,52.74052471096777,51.9236238236698,52.25816345214844,14963400
2016-10-18,52.78720268359735,53.06728264840523,52.546025022213165,52.670501708984375,11870300
2016-10-19,52.75608092824515,53.29290183887946,52.75608092824515,53.17620086669922,12705800
2016-10-20,52.966126904957264,53.432924708546366,52.85720761530835,53.10616683959961,14122000
2016-10-21,52.75607508395659,53.31623493984115,52.670494776215484,53.28511428833008,12175700
2016-10-24,53.6585634419992,53.72080475345557,53.29290315676572,53.58076477050781,10197100
2016-10-25,53.58853007195959,53.627432367976745,53.19953085441607,53.52629470825195,9945100
2016-10-26,53.191764452548604,53.87640105840333,53.191764452548604,53.78303909301758,9801300
2016-10-27,54.06312284216838,54.28096150767619,53.75970385297415,53.86084747314453,14210700
2016-10-28,54.09423690127616,54.10980019586177,53.26956035797068,53.767478942871094,12766500
2016-10-31,54.01644030708007,54.13314127831721,53.86084296920253,53.88418197631836,14336300
2016-11-01,54.05533110595601,54.28872706310373,53.16063176441466,53.65855026245117,15564500
2016-11-02,53.40960242962981,53.56519976765358,52.91168382516418,53.43294143676758,12449800
2016-11-03,53.572984945051,53.829725911798455,53.07506630777868,53.19954299926758,10369700
2016-11-04,53.28512547507074,53.33958514273411,52.623827814684624,52.71718978881836,13571300
2016-11-07,53.7441323815696,54.43655050184937,53.681891083292186,54.36652755737305,16515100
2016-11-08,54.22647828718862,54.88778158036517,53.86859978706751,54.483219146728516,17531700
2016-11-09,55.59576264171346,57.688580150166906,55.48684334509161,56.988380432128906,50948400
2016-11-10,57.743042882309815,60.100377112553424,57.743042882309815,59.63357925415039,56192300
2016-11-11,59.36127685617207,59.68803474068926,58.94893274210258,59.664695739746094,27574300
2016-11-14,60.10038340081379,62.58220048531926,60.10038340081379,61.85866165161133,46130700
2016-11-15,60.97173049895634,61.780849464349856,60.512708403436584,61.741947174072266,28126300
2016-11-16,60.85504148751635,60.95617915213607,59.81252044750145,60.21708297729492,26054900
2016-11-17,60.62941917667051,61.04175740363417,60.372678264752984,60.69943618774414,19306700
2016-11-18,60.652763024386715,61.010641626100444,60.33378672236999,60.4582633972168,19770000
2016-11-21,60.68388746228068,60.81614579244826,60.13150919894144,60.7227897644043,11983500
2016-11-22,60.9561667310554,61.119545664760324,60.497150574787675,61.09620666503906,14410100
2016-11-23,61.36074414091978,61.64859978854895,60.59830299538995,61.352962493896484,13373700
2016-11-25,61.53968116274904,61.81197945504177,61.049544236622125,61.32962417602539,6185700
2016-11-28,60.82392674741959,61.36074764519152,60.699444130567834,60.93284606933594,13007200
2016-11-29,60.98731224873875,61.58637451896553,60.98731224873875,61.39965057373047,14144100
2016-11-30,62.17763554720161,62.65221508302483,62.00647493616279,62.372135162353516,25351900
2016-12-01,62.745578094906826,64.01371347027943,62.745578094906826,63.63249588012695,23823600
2016-12-02,63.64028727044601,63.663626278526586,62.94008734973779,63.484683990478516,16931500
2016-12-05,64.02926821228871,64.79948493644882,64.02148656660646,64.7761459350586,18529800
2016-12-06,65.0406795564923,65.20405854464587,64.1304226500689,65.11070251464844,16130000
2016-12-07,65.00176973118073,65.42188365050451,64.4571672810991,65.40632629394531,18996900
2016-12-08,65.53082542644677,66.51888104786576,65.30520511763115,66.2232437133789,20844900
2016-12-09,66.1454404656988,66.51888241727497,65.460803812744,66.51110076904297,14567200
2016-12-12,66.40992891990481,66.74446839387475,65.57747105709431,65.91979217529297,14511300
2016-12-13,66.11430634889503,66.65112120625486,65.21182535980381,65.94314575195312,16669000
2016-12-14,65.2584889359264,67.00120923252375,65.16513294780341,65.91979217529297,22622600
2016-12-15,66.44108469600026,67.28910036005355,66.05208537803264,66.90788269042969,19438900
2016-12-16,67.13347989842163,67.13347989842163,66.044280995905,66.08318328857422,23008500
2016-12-19,65.97427955321082,66.47219815140684,65.49969996185868,66.46441650390625,21685100
2016-12-20,66.74449605511236,67.32799496532479,66.55777806582859,67.3202133178711,14587300
2016-12-21,67.24240426623909,67.53804153158875,66.93120370838545,67.49136352539062,11400500
2016-12-22,67.25019144451441,67.81812701883324,67.07124917994021,67.60028839111328,13924200
2016-12-23,67.68584441925367,67.80254533814207,67.21904667935539,67.72474670410156,10759400
2016-12-27,67.72476719880383,67.81034750284307,67.49136529039554,67.78700256347656,6946400
2016-12-28,67.81034152014342,67.9892778232333,67.18015879730295,67.29685974121094,9455600
2016-12-29,67.35908628804805,67.42910327766894,66.16096833518526,66.822265625,14689000
2016-12-30,66.98568512636764,67.23464446641306,66.64336974359199,67.13350677490234,13617800
2017-01-03,67.95037385823848,68.27713768027266,66.89230155029954,67.86479949951172,20550700
2017-01-04,68.02910182262735,68.20120952274102,67.59101383579343,67.989990234375,15266600
2017-01-05,67.91173795794123,68.14643130214743,66.69917159554161,67.36412811279297,14300800
2017-01-06,67.58318276946152,67.76311515768997,67.2311486658197,67.37196350097656,12893300
2017-01-09,67.0668730233728,67.88046330606336,66.90258405729932,67.41890716552734,12806600
2017-01-10,67.33283418503859,67.98214725418973,67.05902926687233,67.61446380615234,13989000
2017-01-11,67.61445711400006,68.12295532226562,67.207662128487,68.12295532226562,14713100
2017-01-12,67.87262128277601,68.27159158206692,67.29371266880625,67.4658203125,21337400
2017-01-13,68.14643076373099,68.97567022797512,67.35630287754577,67.82568359375,28296000
2017-01-17,66.44101896239668,66.66788763375463,65.1502173342914,65.36144256591797,30024600
2017-01-18,65.42403916986294,65.89342604189179,64.9546582663361,65.66655731201172,21270100
2017-01-19,65.76042460710624,66.23763017827405,65.0250634393489,65.16587829589844,16555600
2017-01-20,65.26754069586897,65.58046309516438,65.15801875139034,65.45529174804688,18436800
2017-01-23,65.16586915398155,65.71347909235085,65.09545875133367,65.48661041259766,12179200
2017-01-24,65.6508884006174,66.49577735712445,65.36925874844839,66.2767333984375,15175300
2017-01-25,67.15291228220399,67.41107380316389,66.6287705046191,67.30155181884766,17551000
2017-01-26,67.23896213974105,68.02126539194747,67.23896213974105,67.86480712890625,15962800
2017-01-27,67.79438079189025,68.04471751295466,67.48927713111036,68.00559997558594,12535400
2017-01-30,67.42672321149506,67.66923532412379,66.74611719310091,67.30155181884766,13661900
2017-01-31,66.96516453851665,67.39543376181322,65.7838848269667,66.20632934570312,15655100
2017-02-01,66.91823478659165,67.35632278875221,66.24545337270146,66.45667266845703,15430900
2017-02-02,65.97944252979434,66.42536103966933,65.83863369741172,66.17501831054688,11081400
2017-02-03,67.42673887704989,68.30291495514561,67.1764020020937,68.20121765136719,17885200
2017-02-06,67.89610442551981,68.41242150219838,67.75528959215283,67.88045501708984,11828400
2017-02-07,68.16989737907546,68.37329787332973,67.65358039335246,67.8413314819336,9392800
2017-02-08,67.41889569837154,67.52059297428504,66.78523196287155,67.24678802490234,13970900
2017-02-09,67.24680331105034,68.31856117768861,67.24680331105034,68.21685791015625,13749100
2017-02-10,68.43587952243878,68.43587952243878,67.97431757829779,68.06037139892578,10992500
2017-02-13,68.40459503557163,69.42158563406169,68.39677033224098,68.96002960205078,18739100
2017-02-14,69.07738952074477,70.17260945700491,68.92874997146617,70.0630874633789,17932100
2017-02-15,70.46988792213705,71.08790829118644,69.89880384464806,70.86885833740234,17381800
2017-02-16,70.72020977711864,71.22088334270711,70.22735494613333,70.82190704345703,17672700
2017-02-17,70.26649485068822,70.77499328117466,70.16479755199157,70.58724212646484,15776600
2017-02-21,70.8062666002013,71.30694018696364,70.76714905153239,71.19741821289062,14068300
2017-02-22,70.81408205092544,71.42428355196087,70.73585292571568,71.23652648925781,11839000
2017-02-23,71.33040019801861,71.45556559619197,70.8140772632429,71.2912826538086,11067000
2017-02-24,70.54811199023713,70.82974165634592,70.19607789185143,70.66545867919922,15062300
2017-02-27,70.65762902668251,70.97837622281615,70.42293566519449,70.74368286132812,12361000
2017-02-28,70.2899646078891,71.04879991819207,70.0865640373384,70.89234161376953,15183500
2017-03-01,72.58993084205053,73.52087376770251,72.44911599588889,73.22359466552734,24451400
2017-03-02,73.43480037295011,73.47391195016738,71.99535944326566,72.08141326904297,16862500
2017-03-03,72.08140961545233,72.84024460329852,72.08140961545233,72.59773254394531,12817500
2017-03-06,72.167455564503,72.22221653865753,71.26780587325122,71.90929412841797,15059200
2017-03-07,71.69026422185294,72.04229827175882,71.35387360968745,71.51033782958984,11156800
2017-03-08,72.50387637103096,72.63686651112512,71.26783561738851,71.35388946533203,17378400
2017-03-09,71.65899671361095,72.08144130395723,71.30696253923995,71.63552856445312,13726200
2017-03-10,71.93277204764225,71.97188959242918,70.8219030102859,71.40863037109375,13729900
2017-03-13,71.43211962626691,71.79980316935553,71.13484649090857,71.47123718261719,10004300
2017-03-14,71.20523676434554,71.69809161490409,71.00966095850484,71.58856964111328,10237700
2017-03-15,71.81543450695835,72.40216189355606,71.29128683887136,71.76067352294922,16601400
2017-03-16,71.99536726073572,72.60556284177747,71.63550848136495,71.69026947021484,14492000
2017-03-17,71.83890463883013,72.00318759541143,70.91578661958768,70.93925476074219,21734700
2017-03-20,70.61852201011801,71.32259623109896,70.24301973792885,70.43077087402344,14623600
2017-03-21,70.6889279429688,70.90797191596728,68.10732461891392,68.36548614501953,33089200
2017-03-22,67.97432490116566,68.89744292039595,67.2859002304769,68.4749984741211,21741000
2017-03-23,68.22467130973472,69.23384330119251,68.13079276337795,68.36548614501953,16090100
2017-03-24,68.6784059752493,68.913093379201,67.88045328371254,68.2872543334961,16093200
2017-03-27,66.91040049689869,68.37330982099412,66.67571308728748,68.24813842773438,16689300
2017-03-28,68.0760021061522,69.64060805265396,68.04471523950043,69.31204223632812,16264400
2017-03-29,69.31206316392306,69.4841708249629,68.9052681211469,69.05390167236328,10207600
2017-03-30,68.9991396720482,69.98484337264881,68.93655995227176,69.64845275878906,11631000
2017-03-31,69.39813541844907,69.42160356600311,68.6471248542129,68.717529296875,16987600
2017-04-03,68.83486950040347,68.97568434092649,67.74746833078159,68.4671859741211,19831800
2017-04-04,68.36490442803493,68.97860614716474,68.23115015649017,68.69535827636719,14280800
2017-04-05,69.56869698412815,69.6631149312794,67.76692834485158,67.81414031982422,17635500
2017-04-06,67.64892868312793,68.38065143102023,67.07456321321007,68.04232788085938,14379600
2017-04-07,67.60959006321842,68.30197052812065,67.43649344629392,67.80628967285156,13097100
2017-04-10,67.72759946857701,68.20754691437938,67.1925763815905,67.57023620605469,15081600
2017-04-11,67.30272351257435,67.49942307649836,66.7204944841417,67.45221710205078,14690500
2017-04-12,67.60956799382417,67.62530131622898,66.90144842973301,67.19256591796875,14730600
2017-04-13,67.27125389729625,68.44358167039647,66.40577697753906,66.40577697753906,30529800
2017-04-17,66.43723721173946,67.72758568789907,66.38216158176168,67.55448913574219,19071700
2017-04-18,67.16111858604113,67.37355153394596,66.67330136850215,67.0037612915039,14127000
2017-04-19,67.27122777880103,67.60168149213202,66.37427855530706,66.45295715332031,17588500
2017-04-20,66.8621254677888,67.49156053710793,66.52380194201662,67.31060028076172,15635800
2017-04-21,67.2712480045278,67.4128719246491,66.49231944525772,66.50018310546875,19820600
2017-04-24,68.09739267734544,69.27759008247938,67.99510506044541,68.8448486328125,25468300
2017-04-25,69.67098225445093,70.12732064337149,69.44281005859375,69.44281005859375,18253800
2017-04-26,69.5136385486294,70.06440103909485,69.34841160232843,69.57658386230469,12832200
2017-04-27,69.52935715104425,69.52935715104425,68.459311148738,68.93138885498047,13329000
2017-04-28,68.92351659224168,69.12021612932159,68.41209659527522,68.4514389038086,10755600
2017-05-01,68.73468380337958,69.03366492605991,68.105242910292,68.49864196777344,15712300
2017-05-02,68.22326368766613,68.35701792626413,67.68037106856539,68.05803680419922,14414200
2017-05-03,67.71184672349422,68.53011751808187,67.68037407722622,68.4514389038086,11540500
2017-05-04,68.994350263288,69.02582291809367,68.11313393711491,68.53013610839844,11540100
2017-05-05,68.6481384408885,68.7189473928964,67.99509453711276,68.4514389038086,9436000
2017-05-08,68.48293012758751,68.703232708432,68.17607924672623,68.53013610839844,8162200
2017-05-09,68.65601425578345,69.1123526605807,68.05804592869123,68.25474548339844,10273900
2017-05-10,68.08164484907994,68.82910671400646,68.03443887966337,68.78976440429688,8334900
2017-05-11,68.5222651547879,68.82912203267095,67.94003605882534,68.57734680175781,10907400
2017-05-12,68.19966651641415,68.49078400416462,67.93215201362844,68.38849639892578,8738800
2017-05-15,68.53011848677411,68.83696928873272,68.34128860929042,68.71894836425781,8835600
2017-05-16,68.73468931047996,69.30904861885696,68.71894998535545,68.93138885498047,9795000
2017-05-17,68.93140704385709,68.93140704385709,66.06746140044613,66.30349731445312,24679700
2017-05-18,66.14612622646352,66.72049156925827,65.5875002096599,66.05957794189453,23350100
2017-05-19,66.25629048586485,67.1453704892453,66.20908450422552,66.70476531982422,13412900
2017-05-22,67.01946567444949,67.10601394990397,66.25627051969276,66.64179992675781,11636000
2017-05-23,66.68115450190757,67.7197279956308,66.49232459472003,67.47582244873047,11753000
2017-05-24,67.57023956823068,67.64105454058802,67.06668910869286,67.43648529052734,9833800
2017-05-25,67.65677915446426,67.72759411770319,66.94079587563729,67.15322875976562,12238500
2017-05-26,66.96440272306533,67.3184595512893,66.89358775574381,67.16110229492188,8113500
2017-05-30,66.98011788874292,66.99585721178934,65.91794168924089,66.01235961914062,12603200
2017-05-31,65.87860223825929,65.94941118020478,64.23419122050001,64.63545989990234,28327900
2017-06-01,64.87937797541117,65.36719501382856,64.24207336291258,65.35145568847656,17123500
2017-06-02,64.74562554965712,65.29638189663194,64.5017200249674,65.02100372314453,14998500
2017-06-05,65.02100951373946,65.7055261797642,64.97380353773586,65.13903045654297,9080200
2017-06-06,64.74562042333878,65.47734294226682,64.61972983811553,65.27277374267578,12196800
2017-06-07,65.5481949289315,66.17763626270995,65.38296792944408,66.02027893066406,13711100
2017-06-08,66.02025878444579,67.45223167916473,66.00451945436562,66.8385238647461,17951000
2017-06-09,67.27913522071923,68.49080551948416,67.18471724840661,68.41999053955078,19120200
2017-06-12,68.41996013976721,69.03366168013542,68.36488451442116,68.43569946289062,16053400
2017-06-13,68.8841955967678,69.12023149204916,68.43572079265891,68.66388702392578,12557200
2017-06-14,68.27047975045315,68.69535151483026,67.52302383334909,68.52225494384766,16175700
2017-06-15,67.8613534459579,68.51439747631146,67.85348378216717,68.11312866210938,12509700
2017-06-16,68.33344318599744,68.41999149445968,67.68039904134442,67.80628967285156,16936600
2017-06-19,68.42784285187852,69.41921029997378,68.33342490350952,69.29331970214844,15972300
2017-06-20,69.04154668371076,69.17530094601712,68.74256550865049,68.86058044433594,11197800
2017-06-21,68.82912344023552,68.88419908553672,68.2626276583973,68.5458755493164,10005900
2017-06-22,68.39636938639019,68.73469286051667,68.17606684561835,68.46717834472656,12180600
2017-06-23,68.97071890782956,69.23822735946885,68.14457856662793,68.34127807617188,18812000
2017-06-26,68.45932143069156,68.97860518471175,68.15247057540813,68.6402816772461,10082400
2017-06-27,69.01008856567282,69.97785326164906,68.84486161812478,69.27760314941406,15415200
2017-06-28,69.7103095329089,70.86690368498328,69.7103095329089,70.67020416259766,17466200
2017-06-29,72.65293762453277,72.89684913069938,71.05573835510184,71.7166519165039,27697800
2017-06-30,72.35395801465776,72.3854306613675,71.72452308884375,71.9133529663086,16892700
2017-07-03,72.435533634761,73.95450095993573,72.31686949951077,73.3769760131836,13208100
2017-07-05,73.66967268289699,74.19972577942305,73.26619663762747,74.11270141601562,17535400
2017-07-06,74.00191109435076,74.76930411758484,73.47976514772552,73.87532806396484,16596100
2017-07-07,74.3341938323388,74.50032955819987,73.75667526660443,74.2471694946289,12817800
2017-07-10,73.97029141355426,74.11269435503428,73.6459268107002,73.72504425048828,13987200
2017-07-11,73.83578667049989,73.83578667049989,73.0051020052054,73.44022369384766,13262300
2017-07-12,73.26618415193651,73.44023284909076,72.83897535959775,73.18707275390625,13540100
2017-07-13,73.32948054715203,73.87535345482657,73.05258158196581,73.65383911132812,12820100
2017-07-14,71.8421457170491,73.26617484393108,71.6601901282771,72.98136901855469,22235200
2017-07-17,72.64119457902751,72.77568456061626,72.19025296631429,72.30101013183594,14374200
2017-07-18,71.55734364460731,72.45131987951828,71.45449943842112,72.04784393310547,14719400
2017-07-19,72.26146825089755,72.48298866936628,71.99248822504974,72.15071105957031,11651200
2017-07-20,72.11115836884728,72.56210008662657,71.91337680778946,72.15071105957031,11561700
2017-07-21,72.03993125488715,72.27727146798108,71.61272249280549,71.90544128417969,10971300
2017-07-24,71.96085195583632,72.41970668669312,71.92129925988904,72.2140121459961,10725100
2017-07-25,73.07629666241404,73.98608655784162,72.99717924906275,73.4164810180664,16447700
2017-07-26,73.6538341092905,73.72503859247254,72.53043656594826,72.72821807861328,11815500
2017-07-27,72.6491037359799,72.83105934020126,72.11905075211769,72.4275894165039,12332400
2017-07-28,72.34850217668394,72.58584249562782,71.92129925988904,72.2140121459961,9351900
2017-07-31,72.39595416671364,73.06841017302689,72.38804121535087,72.62538146972656,11520300
2017-08-01,73.17124853426986,73.6854816870027,73.00511278384471,73.59845733642578,12523700
2017-08-02,73.47187461197328,73.74085455778199,73.1870687659332,73.6617431640625,10165600
2017-08-03,73.33738387058035,73.67756832023844,72.97346660468311,73.17916107177734,11078800
2017-08-04,73.97030258702121,74.68231740197353,73.94656976582515,74.09688568115234,14324000
2017-08-07,74.27880864017744,74.51614881930034,74.136405739866,74.38165283203125,7978300
2017-08-08,74.32630283067961,75.3310364679057,74.04940987248045,74.11270141601562,13745400
2017-08-09,73.5589028482993,74.11268866945257,73.44023273353423,73.9940185546875,11214400
2017-08-10,73.49560528074096,73.63009524971876,72.83896926399672,72.93390655517578,13252300
2017-08-11,72.88644397377897,73.3136527835992,72.18234224161591,72.32474517822266,10679500
2017-08-14,73.07630288405343,73.49559865294427,73.04465712318088,73.17123413085938,10994800
2017-08-15,73.81997833561704,74.01775987100199,73.29783822082378,73.36112976074219,8812700
2017-08-16,73.60637075616057,73.75668664189902,72.68866161179751,72.85479736328125,11085400
2017-08-17,72.59374972071431,72.75197256364805,71.59692890995102,71.7155990600586,13837500
2017-08-18,71.44659684334675,72.41968461141785,71.35166557335859,71.78678131103516,13040700
2017-08-21,71.87380915485684,71.9450136466178,71.32793621848582,71.69976043701172,11502100
2017-08-22,72.04785101403455,72.55417121639516,71.99247243052051,72.43550109863281,9211800
2017-08-23,71.88963233076556,73.05258265115313,71.86589347720343,72.52252960205078,8811300
2017-08-24,72.72821895197309,72.87853483486367,72.31683605644736,72.40385437011719,8623200
2017-08-25,72.6886660282323,73.1633465308128,72.6253805255931,72.69657897949219,11794600
2017-08-28,72.91017486091366,72.9339076751198,72.0953100130249,72.4671401977539,7292900
2017-08-29,71.55736858588452,72.23773765979645,71.44661139113741,72.07160186767578,10886100
2017-08-30,72.19025866831593,72.68866595253041,72.14279303243264,72.23772430419922,9165300
2017-08-31,72.63327575180962,72.66492151594296,71.83424284173891,71.90544128417969,13217400
2017-09-01,72.19024511573134,73.06839542959317,71.95290490924516,72.54624938964844,9815800
2017-09-05,72.008278345636,72.07948281682376,70.4260265108438,70.81368255615234,16897300
2017-09-06,71.20135149757454,71.6127344282471,70.91654560871916,71.28837585449219,11845700
2017-09-07,71.28835624102838,71.30417610347303,69.68237160927659,70.03837585449219,14592300
2017-09-08,69.8643535028999,70.74250407671893,69.8089749097678,69.95137786865234,14242200
2017-09-11,70.71876561998772,71.39913458756533,70.370668184721,71.03521728515625,13219000
2017-09-12,71.33582960140413,72.19024712556745,71.28045102312386,71.90544128417969,14003800
2017-09-13,71.6839286182385,72.38803028790062,71.45450134985913,72.11113739013672,12485400
2017-09-14,72.15071329113951,72.41178640840607,71.78679593183512,71.96875762939453,10562800
2017-09-15,72.05576239823732,72.55416963902802,71.80260230256086,72.48297119140625,18171800
2017-09-18,72.72821575787404,73.68547752432922,72.66492422724579,73.51142883300781,11318700
2017-09-19,73.34528704697081,74.65064608848327,73.19497118307063,74.31837463378906,12626100
2017-09-20,74.44495974299872,75.38640166947145,74.13642106783438,74.84052276611328,15311600
2017-09-21,74.7297606345328,75.44968818593121,74.51615927200857,75.18070220947266,10851500
2017-09-22,74.91962595862294,75.14114629738961,74.7060246052916,75.02247619628906,8358300
2017-09-25,74.7693235842411,75.0620363555487,73.93072587912809,74.46078491210938,10463400
2017-09-26,74.1918086908852,74.38959022654477,73.84371125666406,74.1285171508789,9358100
2017-09-27,75.13324930829268,75.72659390402735,74.82471060137571,75.29938507080078,15090200
2017-09-28,75.62372391496558,75.85315115642508,75.08576408289582,75.45758819580078,10270400
2017-09-29,75.39432717857594,75.56836986765435,75.1728067786499,75.56046295166016,11438400
2017-10-02,75.76614333149885,76.64429377829681,75.52089617393273,76.6126480102539,13797200
2017-10-03,76.60473801425776,77.07941244418491,76.55726634619604,77.01612091064453,9633500
2017-10-04,76.97657831262806,77.087335492926,76.16962624381324,76.23291778564453,12166600
2017-10-05,76.39204952466568,77.50610146111931,76.03396422095666,77.25941467285156,14236200
2017-10-06,77.62545690562176,77.69707153022496,76.76604498381948,77.12413024902344,10231900
2017-10-09,77.15595894812994,77.24349197883015,76.50344385542436,76.71829986572266,7765100
2017-10-10,76.75812343163994,77.33106499388549,76.5830572797208,77.29127502441406,10631500
2017-10-11,77.05251744775101,77.19575277144084,76.503447695091,77.06047058105469,14283600
2017-10-12,77.42652386239516,77.58567152940235,76.08966281781399,76.38408660888672,18251600
2017-10-13,75.97827185726713,76.95704171990407,75.56447813511696,76.28065490722656,13190600
2017-10-16,76.66260585231731,77.94376473653068,76.66260585231731,77.85623168945312,12434000
2017-10-17,78.03926823563596,78.12680129532824,77.44245523105901,77.68118286132812,10335700
2017-10-18,78.10289364162199,78.42119497780658,77.68910008325412,77.97557067871094,10158600
2017-10-19,77.33900161412116,78.1427053370584,77.25942169842068,78.07109069824219,9133900
2017-10-20,79.00211721101797,79.48752555419209,78.56445803135118,79.18514251708984,15326600
2017-10-23,79.18512501823682,79.56708181531704,78.9702690076721,79.04984283447266,9238600
2017-10-24,79.47956286331122,80.52200021366282,79.3840766826739,80.30714416503906,13000800
2017-10-25,80.56974404974045,80.72889173300567,79.72625040046393,80.38671875,14632700
2017-10-26,80.64932114645396,81.50077403558765,80.62544960011019,80.95966339111328,13054400
2017-10-27,80.71298347714195,81.3495863846044,80.41060043519968,80.98353576660156,10400400
2017-10-30,80.47425200406498,81.11085488095277,80.26736122950719,80.69706726074219,8839500
2017-10-31,80.6652273797488,80.92782042098075,80.02862457491449,80.06045532226562,8690200
2017-11-01,80.45037950708993,80.92782862356121,80.15595568866502,80.30714416503906,8418200
2017-11-02,80.26735859916725,80.98352922332856,79.70237644821377,80.84029388427734,8731800
2017-11-03,80.45038045862331,80.79255344250888,80.15595663671607,80.69706726074219,7103500
2017-11-06,80.64135044115801,80.9198679650391,80.10024594494053,80.19573211669922,8121500
2017-11-07,80.02065907880852,80.17185359906547,78.18247757923754,78.58035278320312,18822600
2017-11-08,78.19842621180507,78.27800614641015,77.3071892267558,77.69710540771484,18524700
2017-11-09,77.28330423577836,78.1586287243517,77.03661740937369,77.68913269042969,13697800
2017-11-10,77.83236472730405,78.25411157655174,77.58568398252038,77.59364318847656,9314000
2017-11-13,76.94114256685187,78.02336408107178,76.88544025675657,77.8721694946289,9303100
2017-11-14,77.45838175780987,77.80851406069704,77.06846555665632,77.40267944335938,11043800
2017-11-15,76.7023969125949,78.57240953680275,76.35226471924543,78.13475036621094,15384100
2017-11-16,78.40529466126726,78.82704144880113,78.23022858242051,78.35755157470703,9808000
2017-11-17,77.84032312563262,78.30981913465082,77.64138547645946,78.09496307373047,9017900
2017-11-20,78.34163753611904,78.89866655180982,77.79257379675862,78.78726196289062,9483200
2017-11-21,79.17717219303563,79.21696214518845,78.7076823273228,78.72359466552734,13389400
2017-11-22,78.80317057661388,79.19308661939667,78.45303841593862,78.49282836914062,7342200
2017-11-24,78.64402415621865,78.69972644893026,78.19044660953982,78.23818969726562,3680000
2017-11-27,78.23025480550038,78.88277018195838,77.92787170410156,77.92787170410156,13076200
2017-11-28,78.15064962089589,80.92781694369091,77.95967121608922,80.65726470947266,16773000
2017-11-29,81.4928072707278,82.93311365612384,81.13471592217859,82.54319763183594,21105500
2017-11-30,83.34690292864418,84.87474845242207,82.7898800254036,83.17183685302734,23945900
2017-12-01,83.4742136279475,83.80842732068267,81.32568402230702,83.38668060302734,19683500
2017-12-04,85.72620502323248,86.25935640730788,84.96227919187436,85.10551452636719,23576600
2017-12-05,84.01534254266524,85.4715674718501,82.85354749562377,84.12674713134766,17193900
2017-12-06,83.99146777678659,84.15857465340119,83.17979886626485,83.49810028076172,15476200
2017-12-07,82.7182692016278,83.70500427816768,82.54320917620464,83.25142669677734,13371800
2017-12-08,83.35485280411038,84.30179770473043,83.02859223223187,84.29383850097656,13506900
2017-12-11,84.12674638458284,84.39729864866862,83.80048575555563,84.04717254638672,10591200
2017-12-12,85.07369673355912,85.43974126886587,83.98351626218597,85.02594757080078,15508800
2017-12-13,84.90657950960181,85.23284014251452,83.93576895829604,83.95964050292969,15020300
2017-12-14,84.44505161992848,84.70764469071848,83.26733811974718,83.28325653076172,13034200
2017-12-15,84.1824717308661,84.7633663727546,83.71297563608167,84.46098327636719,29350600
2017-12-18,85.29649726949637,85.64662335799856,84.73151514811643,85.11347198486328,12713100
2017-12-19,85.42383691841219,85.53524153136046,84.69970693424852,84.75540924072266,12149900
2017-12-20,85.62277863124056,85.7262301132098,84.42119331082573,84.46098327636719,13091500
2017-12-21,84.81905858828816,85.99677221766736,84.79518704024257,85.80579376220703,12323700
2017-12-22,86.10019263413342,86.30708944232315,84.994100040921,85.50337982177734,14573400
2017-12-26,85.30445971241917,85.9331033988916,84.6678628913385,85.16122436523438,7403700
2017-12-27,84.88271590169512,85.37608346426919,84.88271590169512,85.32038116455078,9496500
2017-12-28,85.46360645452786,85.8137325524939,85.27262803099232,85.7739486694336,7440600
2017-12-29,86.01269609577894,86.16389068180746,85.09758758544922,85.09758758544922,8925700
2018-01-02,85.6466432900366,85.95698556877794,84.99412797690144,85.90128326416016,13578800
2018-01-03,85.82964475651058,86.33096535870285,85.52726176851917,85.9887924194336,11901000
2018-01-04,86.67672026281193,88.01254495193852,86.54873398943094,87.22064971923828,12953700
2018-01-05,87.39663740199205,87.62860797095642,86.2127886539536,86.66072845458984,14155000
2018-01-08,86.50874918275771,86.9326930645744,86.14879233958973,86.78871154785156,12466500
2018-01-09,86.9646782282191,87.6925802819852,86.78069949659147,87.22864532470703,13292300
2018-01-10,87.56459694238518,88.54846538964748,87.50060381172985,88.18851470947266,15834500
2018-01-11,88.52445773006197,88.7324323257001,88.02852629017413,88.66043853759766,13676800
2018-01-12,89.30839158417278,90.26826436418868,88.66047166007586,90.12428283691406,18884200
2018-01-16,89.19637441166108,90.73217274603586,88.84441833818016,89.80429077148438,22703300
2018-01-17,89.50037218262737,90.62822858825831,89.03643099012432,90.38025665283203,14940300
2018-01-18,90.19625873568944,90.96415802771419,89.80430537096763,90.59620666503906,14572900
2018-01-19,91.14014368907425,91.46009717704338,90.22826282237473,90.396240234375,18785500
2018-01-22,90.11627792970341,91.50009446380977,89.98829165226937,91.45210266113281,12475700
2018-01-23,90.92416510264636,91.70006509879042,90.66819865984102,91.35610961914062,12320800
2018-01-24,91.87603500365975,92.78791575649731,91.71605827965068,92.5239486694336,15904500
2018-01-25,92.81991086504631,92.9238951237481,92.05201161695733,92.54794311523438,13510000
2018-01-26,92.54796183482217,93.04389953613281,91.95604052228636,93.04389953613281,13883900
2018-01-29,92.80392497973621,93.86778805268423,92.80392497973621,92.94790649414062,11679900
2018-01-30,92.41194347791438,93.26783157939681,91.97200453199919,92.07598876953125,14279100
2018-01-31,92.50795343812102,93.31584993062476,92.1160061923942,92.5239486694336,13141400
2018-02-01,92.60396563913906,93.57983982414075,92.37200114848248,93.48385620117188,13800600
2018-02-02,93.17987093816261,93.52382641652486,91.26011957294824,91.41210174560547,16477300
2018-02-05,90.38822348291106,91.66005484863025,83.1731662051359,87.0286636352539,30097600
2018-02-06,85.46886911799514,89.9722865942183,85.27689582552865,89.67632293701172,33114800
2018-02-07,89.2284086763598,91.5481023874787,88.9084490291536,90.28427124023438,21878300
2018-02-08,90.47622076881505,90.47622076881505,86.26076618977814,86.29276275634766,27425800
2018-02-09,87.26863429303907,88.82843483140385,84.97293715456428,88.02053833007812,28188000
2018-02-12,88.92443824015312,90.17228016943665,88.04455384699526,89.38037872314453,18043300
2018-02-13,89.04441181105376,90.42823441051128,88.62846862606898,89.93229675292969,16358200
2018-02-14,90.0922576147153,92.20398194140377,90.01226925893717,92.01200866699219,15186900
2018-02-15,92.57995348183839,92.77992746488357,91.36411435012117,92.39598083496094,12130200
2018-02-16,91.62808664278023,92.84392584310478,91.58808940282557,91.73207092285156,13214300
2018-02-20,91.70805831283829,92.29997951945629,91.16412890324528,91.75605010986328,13461500
2018-02-21,91.98802485120065,93.94776728737689,91.72405775001803,92.14000701904297,14212500
2018-02-22,92.38798913836482,93.13189267163976,91.79606779983362,91.9720458984375,17070400
2018-02-23,92.2360081305989,93.89979331716378,92.2360081305989,93.83580017089844,12162500
2018-02-26,94.49972214792082,95.10764487584237,93.8438076082001,95.00365447998047,16511200
2018-02-27,95.11562694694706,95.45158176929588,93.86778515966034,93.87578582763672,17563300
2018-02-28,94.2437592150192,94.77968814280852,92.26001418167444,92.38800048828125,17735600
2018-03-01,92.37198204392877,93.29985812281815,90.1082751620154,90.73219299316406,18690000
2018-03-02,89.90030732136167,90.83618413891507,88.88444212758283,90.64421081542969,18353700
2018-03-05,89.6283287272109,92.7319222998892,89.50034246719738,92.0360107421875,13933000
2018-03-06,92.49995917854817,92.64394068121823,91.44409685987483,92.11601257324219,10674400
2018-03-07,90.98816349978863,92.06802180209891,90.47623058457899,91.77206420898438,13006500
2018-03-08,92.0760235136431,92.17201322485326,90.55621998445216,91.78005981445312,11173700
2018-03-09,93.22787265981454,94.45171245072915,92.52396033886482,94.41971588134766,15366600
2018-03-12,94.38769189229988,94.98761366280179,93.78777012179798,94.11573028564453,12339300
2018-03-13,94.5476866103859,94.76366190645362,92.65193736001909,92.9878921508789,13312300
2018-03-14,93.23586141386197,93.25985731372207,91.66806622821669,91.94802856445312,12905100
2018-03-15,92.68394629080949,92.78793056774175,91.85205376718588,92.18000793457031,8748000
2018-03-16,92.25998661001694,93.2678571138157,92.25998661001694,92.33998107910156,19888900
2018-03-19,92.06800855398066,92.34797087315052,90.62819972565536,91.61206817626953,13214900
2018-03-20,91.88403671053973,92.3479716565048,91.54807582196523,91.70005798339844,9921200
2018-03-21,91.8360522869786,93.29186267536276,91.35611593637141,91.78005981445312,13633000
2018-03-22,90.5482089082035,90.86816847273816,87.62059323410604,87.94854736328125,22550400
2018-03-23,88.20450333451,88.72443680238162,85.39687359289987,85.59684753417969,23081500
2018-03-26,87.3406317642101,88.91642760032438,86.90868726324062,88.23651123046875,20217500
2018-03-27,88.8444572344823,89.34039500035352,85.82885170239132,86.5247573852539,18039900
2018-03-28,86.61274861779357,87.3246556576406,85.30892017348647,86.38877868652344,19189300
2018-03-29,86.78869834635633,88.6124598789504,86.21277236706958,87.96454620361328,13274600
2018-04-02,87.95654908351749,88.57247232059572,84.85295530663866,86.26876831054688,18822500
2018-04-03,86.676729011155,87.58860994150635,85.79684465237834,87.45262908935547,14050700
2018-04-04,85.66885418671953,88.95642699728886,85.60486104669208,88.78044891357422,15302600
2018-04-05,89.74517894874741,90.70992523746082,89.55223214447206,89.9461669921875,16627000
2018-04-06,88.87692356920412,89.68087581810269,86.68213123089673,87.7031478881836,18906000
2018-04-09,88.44280670575239,90.83054635467279,88.34633020803383,88.75634765625,15974300
2018-04-10,90.14716906659551,90.74209818401718,89.57636367042278,90.45267486572266,13951400
2018-04-11,89.7693157696752,89.88990370640657,88.85280451483239,88.9332046508789,14503300
2018-04-12,89.6889156679641,91.96410212476137,89.64068049325309,91.14407348632812,16435500
2018-04-13,92.47057527311175,92.57509298005701,87.67098600275008,88.6759262084961,39152800
2018-04-16,89.19045682103543,89.61655049509177,88.26591058720781,88.60356903076172,16580500
2018-04-17,89.53615650381728,89.97832652266118,88.42669856975681,88.60356903076172,15501400
2018-04-18,88.86084302980693,89.29497798973253,87.54236180351539,87.8880615234375,16081400
2018-04-19,88.0568931844617,89.93814472919735,88.03277559719201,89.81755065917969,17911000
2018-04-20,90.28383606983738,90.6375708730407,89.14221926456939,89.6165542602539,15584400
2018-04-23,89.69693239967901,90.00243197882328,88.94121548946143,89.18240356445312,11285800
2018-04-24,89.84164371951802,90.76618982569174,88.10510430614812,88.76435089111328,16453100
2018-04-25,88.65178710418381,88.86081634812535,87.30918869441932,88.42668151855469,13548200
2018-04-26,88.41061751962772,89.09397560959417,87.90412374758483,88.51512908935547,10299500
2018-04-27,88.07297138349101,88.56338274636448,87.73530677712301,87.95237731933594,9384000
2018-04-30,88.23376845944581,88.67594469562611,87.4298161272413,87.45393371582031,13744900
2018-05-01,87.18862797411214,87.60668662171342,86.45703454131417,87.45393371582031,10503400
2018-05-02,86.9152803598231,88.02473228378437,86.60978070548657,86.76252746582031,12162100
2018-05-03,86.49722527981824,86.64193693961167,84.55970342034597,86.2158432006836,15379100
2018-05-04,85.56463433028415,87.42176198074148,85.20285828766758,87.17253875732422,11967900
2018-05-07,87.43784943438146,88.17748404081873,87.11626730394427,87.92826080322266,9356700
2018-05-08,88.05688992308083,89.51204154870344,87.85590185838517,89.23065948486328,12543200
2018-05-09,89.5924219143427,91.36111403996262,89.26279861680693,91.17620849609375,11368100
2018-05-10,90.99935887404487,92.00429920569157,90.64561791453116,91.88370513916016,9159700
2018-05-11,92.04448971434594,92.2374426670852,91.38524912665878,91.53800201416016,10253000
2018-05-14,91.73899678725553,92.21332569670022,91.4415322302631,91.5701675415039,8710700
2018-05-15,91.57819411142371,91.57819411142371,90.50089502020319,90.87071228027344,11536200
2018-05-16,90.75815046752464,91.40131458957683,90.54912120780754,91.11992645263672,7571100
2018-05-17,91.00738467272625,91.17622002880408,90.20343248963266,90.81443786621094,8617200
2018-05-18,90.64560538145223,90.68580544262745,89.11005382284739,89.34320068359375,11806300
2018-05-21,90.08287502421355,90.47681000968332,89.97835727952838,90.16326904296875,9441900
2018-05-22,90.3240333504026,91.88370266591045,90.275798178556,90.85464477539062,11507600
2018-05-23,90.45265932133056,90.66168246687963,89.3351663086072,90.43657684326172,11453900
2018-05-24,90.15519250115608,90.16323373998424,88.53121187694937,89.42359924316406,14084800
2018-05-25,88.80456841208468,89.30302103548566,88.59553910115277,88.96536254882812,8283500
2018-05-29,87.7755033997013,87.79157974524583,84.38282405862044,85.16265869140625,30643800
2018-05-30,86.53741761372267,87.30921101908189,85.74150662283171,87.10822296142578,17490800
2018-05-31,86.7866481846501,86.97960115256542,85.55660214911899,86.03093719482422,19808200
2018-06-01,87.10016568657088,87.58254184307519,86.66603695958517,87.14840698242188,13594200
2018-06-04,87.62274881691184,87.83981934640124,87.04390224983146,87.18861389160156,9415400
2018-06-05,87.01977849600921,87.07605490083748,86.07915595802193,86.69819641113281,10415200
2018-06-06,87.35746558287283,89.02968181479133,87.21275391404944,88.72418212890625,15453600
2018-06-07,89.3834033669809,89.64066781851241,88.45885713584104,89.0779037475586,13444400
2018-06-08,88.93319070586938,89.35124313288097,88.4829733225474,89.3271255493164,10383200
2018-06-11,89.33517477782169,89.97029778105114,89.05378658795472,89.1020278930664,12642900
2018-06-12,89.35124602453097,89.66478688835376,88.04884126688123,88.58749389648438,15294100
2018-06-13,88.80457948145389,89.60049062311846,88.09710359260426,88.41064453125,14979700
2018-06-14,88.65984453520142,88.7241621810334,86.64996410546374,86.8509521484375,20487300
2018-06-15,86.66606595251463,87.1323536548352,85.43601370233283,86.7464599609375,26028600
2018-06-18,86.23193055854871,87.14843574451818,85.77367796556398,86.97156524658203,9786800
2018-06-19,85.94248724163889,86.7303569246014,85.70129913986035,86.46505737304688,12707200
2018-06-20,86.97155255753074,87.34136984759147,86.37662962427379,86.45702362060547,8876900
2018-06-21,86.1032685410869,86.99565586130676,85.64501609019031,86.43289184570312,11048700
2018-06-22,86.95545645701495,87.12428565105714,84.82498230305269,85.01792907714844,19478900
2018-06-25,84.94557235406704,84.97772503685263,83.57885025633091,84.24613189697266,16907600
2018-06-26,84.18184275951164,84.58381890073765,82.89552033432223,84.30243682861328,17086800
2018-06-27,84.15770827586104,85.15460718852418,82.99198015381955,83.00001525878906,16276800
2018-06-28,83.35377091344047,84.78480496088451,83.21710050074503,84.35871124267578,14491300
2018-06-29,85.76559305737317,85.9424634652563,83.73159563405014,83.77178955078125,18972400
2018-07-02,83.38591840299429,84.48732892854196,83.11257148109824,84.47929382324219,11130000
2018-07-03,84.74459395824925,85.04205231023924,83.22511884353003,83.29747772216797,8311700
2018-07-05,84.17050463441765,84.3725849831513,83.68551303085746,83.83909606933594,10723400
2018-07-06,83.35406640146822,84.46954719696362,82.6104063708046,84.11388397216797,12173700
2018-07-09,84.63930500069532,86.86218811393209,84.63930500069532,86.71669006347656,13900800
2018-07-10,87.31483388674684,87.62199982129657,86.11043729343334,86.18318939208984,14575900
2018-07-11,85.93260914185421,86.53884993139866,85.85177826998166,85.99727630615234,10186500
2018-07-12,86.82984522728101,86.94300968029067,85.65778217810944,86.36910247802734,12456800
2018-07-13,86.73284617797958,87.1370066798956,84.98686984954242,85.9730224609375,21289100
2018-07-16,86.53078995373826,89.5377397426434,86.47420771443902,89.38416290283203,24662600
2018-07-17,89.47305623479862,89.66705155404752,88.71323249782372,89.31947326660156,14821900
2018-07-18,89.25481689340103,90.62896650226764,89.07698525967704,90.15205383300781,14244900
2018-07-19,89.77213491660235,89.79638356167324,88.69707259412442,88.82640075683594,16775300
2018-07-20,88.91532400382512,90.32180103857995,88.73749236909734,89.9499740600586,13578100
2018-07-23,89.77212089703531,92.34258171212974,89.66704139580479,91.62317657470703,18140000
2018-07-24,91.78486786363013,92.77909941176618,91.679782168607,92.26985931396484,14000400
2018-07-25,92.05163489704896,93.37728144331079,91.64747421423735,93.10245513916016,13329100
2018-07-26,93.29642088586388,93.43383399426241,92.61743411471772,92.83567810058594,11897800
2018-07-27,93.10244081262425,94.00776282293289,92.80335973324512,93.78951263427734,12802700
2018-07-30,93.9915679998869,95.06663644549998,93.81373638728924,94.35531616210938,13411600
2018-07-31,94.6382317206778,94.6382317206778,92.81142438797518,92.91650390625,15843800
2018-08-01,93.56315578093836,94.32297949462955,93.18324392409276,93.49040985107422,13531600
2018-08-02,92.60934867268834,93.96732837458822,92.4153533344171,93.8864974975586,11058100
2018-08-03,93.76524947189132,94.67865011300587,93.71675217836334,94.64631652832031,11016100
2018-08-06,94.40383053575646,95.00198647702277,93.91075412686091,94.67057800292969,9857400
2018-08-07,95.17173479088942,95.61631391035432,94.84032631119841,95.01815795898438,10562100
2018-08-08,94.84031597901922,95.60013361814445,94.7998974572889,95.21214294433594,8997100
2018-08-09,94.98580871051529,95.15555539168697,94.33106446370995,94.4765625,9694200
2018-08-10,93.36109574530572,93.72483780738308,92.69827262825287,93.54701232910156,12630600
2018-08-13,93.40957943948172,93.66824193122447,92.00310252606799,92.05968475341797,10336300
2018-08-14,92.3668376751301,92.98924829675386,91.86568260353671,92.67400360107422,10597600
2018-08-15,92.00310579197584,92.415351272731,91.31603410205089,91.9061050415039,10152100
2018-08-16,92.43154076985115,93.20752848912983,92.39112840446293,92.77103424072266,10118600
2018-08-17,92.66595469031068,93.01353310106072,92.39112840446293,92.77103424072266,8505100
2018-08-20,92.62551782920694,92.9973509860143,92.2375271298442,92.64977264404297,8618700
2018-08-21,93.25600995351593,94.08049478348767,92.85992816397,93.21559143066406,10976700
2018-08-22,93.20752739345694,93.2883644572875,92.77911808996433,92.93270111083984,8314700
2018-08-23,92.92460365827607,93.07818665847084,92.49619441247098,92.73869323730469,9265400
2018-08-24,92.9407791740178,93.13477454545293,92.51236373522114,92.69828033447266,8845700
2018-08-27,93.13476789534715,94.79990756252273,93.09434936930842,94.33916473388672,13768000
2018-08-28,94.57356696596965,94.59781561180495,93.74099723495512,93.87841033935547,8302600
2018-08-29,94.04817273405945,94.0643426119838,93.24793645284578,93.5712661743164,7221700
2018-08-30,93.43383529416217,93.79758349833737,92.94076508463702,93.11051177978516,8991800
2018-08-31,92.8195042663604,92.8275830363256,92.00309830887548,92.61742401123047,13065700
2018-09-04,92.42343410356366,93.15092434656108,91.8495268471437,93.07817840576172,10174200
2018-09-05,92.95694874809747,93.52277118671986,92.3507077780012,92.62553405761719,11462400
2018-09-06,92.55276846392069,92.71443022151152,91.74444734196506,92.22943878173828,9877600
2018-09-07,92.55276274912072,92.77100672509263,91.84952119632169,92.40726470947266,10955600
2018-09-10,92.83568547283426,92.93268623370128,91.87378747065782,91.91419982910156,8276900
2018-09-11,91.77677243472637,92.61742706381406,91.4857763643883,92.49617767333984,9333800
2018-09-12,92.35068722573008,92.85992730716092,91.21903643332757,91.40495300292969,10800800
2018-09-13,91.63936163188788,92.25368120287585,91.07353318450379,91.76060485839844,12470800
2018-09-14,91.99502337093789,92.54468197131422,91.52620181499977,91.74444580078125,10337900
2018-09-17,91.97884424335295,92.49616917263224,91.58276869340467,92.01925659179688,9561300
2018-09-18,92.41536192991418,92.68210939922254,91.79295116819469,92.39111328125,7944200
2018-09-19,92.50428342323819,95.43040232543328,92.50428342323819,95.07474517822266,16052800
2018-09-20,95.7860566396539,96.3842125661708,95.4465632354417,95.8911361694336,15590000
2018-09-21,96.29527763041257,96.37611466327414,95.17171194403412,95.26062774658203,24788200
2018-09-24,95.1878989866886,95.7537213167798,94.11283039251443,94.34724426269531,12492500
2018-09-25,94.60589237628587,95.35763116723884,94.02390025851584,94.08048248291016,9308300
2018-09-26,94.37148161161313,94.46848235673014,92.68209359474304,92.97308349609375,14023600
2018-09-27,93.29642181808747,93.57125420463133,92.27794165119151,92.56893157958984,13283000
2018-09-28,91.86568937925158,92.34259584281386,90.95228263778442,91.21094512939453,15815100
2018-10-01,91.63936627681248,92.64168272443969,91.37261883096794,91.74444580078125,10146300
2018-10-02,91.63129034233597,92.24561617182411,91.18671122224563,92.1243667602539,13753100
2018-10-03,92.90842693787465,93.49041910237786,92.5365999809977,92.9892578125,17142000
2018-10-04,93.24159046909168,95.08118432902008,92.9648335085428,93.82765197753906,16357400
2018-10-05,94.2834933787719,94.50326568565636,92.81018241046037,93.29857635498047,13777600
2018-10-08,92.99739476222084,94.24278557591,92.26481010411351,93.86835479736328,14370900
2018-10-09,93.33926919817598,93.63230307292677,92.52528759279863,93.21717071533203,14069500
2018-10-10,93.3636610584673,93.56715640184686,90.73450469970703,90.73450469970703,23086400
2018-10-11,90.32752638149375,90.7345171239821,87.40532962113075,88.01581573486328,33705600
2018-10-12,89.83916586710257,90.2135967180607,85.95646953335007,87.05534362792969,32075700
2018-10-15,87.25882441145757,88.60189528388322,86.54252284425101,86.55879974365234,18903200
2018-10-16,87.22627565932066,88.54492194365739,86.87626330516733,88.41468811035156,19302800
2018-10-17,88.21932769608003,90.1891679799007,88.09723541852233,89.39960479736328,18794500
2018-10-18,88.74026418410756,89.40772879418115,87.75534727230301,87.98326110839844,17582500
2018-10-19,87.62513973205246,88.90309087639294,87.3158226815803,87.83677673339844,15234500
2018-10-22,88.03210863702662,88.18676091345294,86.37158547769626,86.57508087158203,16199100
2018-10-23,84.81689414933584,86.41230381201208,84.40990328257284,85.67157745361328,21407500
2018-10-24,85.27271051070585,85.49248280083165,83.76684585709663,84.07615661621094,23168900
2018-10-25,84.80061056358748,86.20066002853737,84.42617974089882,85.35411834716797,17464700
2018-10-26,84.65409481311819,85.10992256715964,83.62034081086352,84.1819839477539,19174900
2018-10-29,85.02851022324217,86.79484866005735,84.4098825190824,85.34596252441406,18445200
2018-10-30,86.04598952733508,87.07974958101288,85.35410644687049,86.8518295288086,18019700
2018-10-31,87.9751264667472,89.9286834077401,87.73907107456769,88.74026489257812,20860000
2018-11-01,89.22865795081356,89.71704562894679,88.17047947303635,88.70771026611328,13065000
2018-11-02,89.45657769511216,90.197297710331,87.49487908863648,88.21932220458984,19009200
2018-11-05,88.40653355827163,88.96004124137009,88.25187508190722,88.7972412109375,10276400
2018-11-06,88.45537634175045,89.2693579174585,87.71465633715313,89.2123794555664,10825000
2018-11-07,89.83913300552454,90.94614825133826,89.0088684660715,90.7426528930664,12679600
2018-11-08,90.36009188696003,91.92293494281176,90.35195033276258,91.4752426147461,11662500
2018-11-09,91.35314969008522,91.45896505313945,90.21357430797273,90.58800506591797,10432200
2018-11-12,90.69380061615092,91.11707439627259,88.3983734552907,88.68326568603516,13279700
2018-11-13,88.8053744633634,90.44962046100234,88.8053744633634,89.2042236328125,13746100
2018-11-14,89.72520263711678,90.1159103628431,86.26578052340275,87.36465454101562,18361400
2018-11-15,88.10534510193625,89.6030741090139,86.94135145014444,89.59493255615234,19100000
2018-11-16,89.09027254870203,90.15659253492625,88.35769416802032,89.52982330322266,13798600
2018-11-19,89.50540351217664,90.51473881660556,89.15539122456694,90.21356964111328,13987000
2018-11-20,89.35889549831184,89.93682166609072,87.89373240273041,88.27629852294922,18936200
2018-11-21,88.74840773892248,89.22051853015489,87.61697387695312,87.61697387695312,10619600
2018-11-23,86.8844202409854,87.41350968132645,86.33091233896826,86.81116485595703,6488400
2018-11-26,87.68208335324232,89.52168318096103,87.46230488262064,88.93561553955078,13948300
2018-11-27,88.52862190876797,89.56237559055442,88.4228003485368,89.31004333496094,9238200
2018-11-28,89.37516981634734,90.67753895437971,88.61816678452448,90.30310821533203,13977300
2018-11-29,89.7577426309589,90.18915806827019,89.24493649101188,89.58680725097656,11144300
2018-11-30,89.41586859125923,90.6124224174329,89.19609631368206,90.50660705566406,18652700
2018-12-03,91.47524690138673,91.89037924230247,90.95429919169057,91.36128997802734,16034500
2018-12-04,90.84035242659981,90.84035242659981,86.87626569891299,87.28325653076172,23555900
2018-12-06,85.47621712044837,85.76110946362715,83.74243218446958,85.62273406982422,27213900
2018-12-07,85.59830437882889,87.0797505791115,83.76684585709663,84.07615661621094,19248600
2018-12-10,83.73428664347605,84.23895124417626,80.81208956734291,82.50517272949219,23636400
2018-12-11,83.94594139164438,84.3773569652517,81.56911600929068,81.69935607910156,16860700
2018-12-12,82.74937036721315,83.75870578711597,81.44699487163794,82.2284164428711,22621500
2018-12-13,82.65985740637396,83.00172828488357,81.9435494207098,82.30984497070312,17250900
2018-12-14,81.3900345549733,82.97730271525911,81.28421916169611,81.63423156738281,19879500
2018-12-17,81.2109294976755,81.85397561186467,80.12833884940923,80.5923080444336,25113500
2018-12-18,80.92604888415349,82.12260282538605,79.86787653415432,80.20974731445312,20837200
2018-12-19,80.10392997348956,81.87026850513543,78.63061909619212,79.19226837158203,28767900
2018-12-20,78.6387467851479,79.99809428861205,77.88988535679243,78.50850677490234,31825200
2018-12-21,78.69572106619556,80.12018849928543,76.26191844793955,76.65262603759766,41313900
2018-12-24,75.61073786943483,76.69333470950922,75.00025177001953,75.00025177001953,17009300
2018-12-26,75.44794074363782,78.10965728759766,74.16184859362832,78.10965728759766,22542900
2018-12-27,77.18172206066056,79.07830035958573,76.14796833530094,78.98876190185547,20304700
2018-12-28,79.72949600241668,80.03067143297932,78.50038824593494,78.81784057617188,17963300
2018-12-31,79.4364670573251,80.42952567414004,78.76900234588695,79.46089172363281,13237200
2019-01-02,78.10153106574877,81.21908204546742,78.09339572118431,80.83650970458984,15670900
2019-01-03,80.94317226192153,81.14832020586611,79.34302080340122,79.68766784667969,16286400
2019-01-04,81.3288600818049,82.82233702275678,80.6477673326395,82.62539672851562,16935200
2019-01-07,82.41204162073244,83.26545791542125,81.82121447359256,82.6828384399414,15430700
2019-01-08,83.39674180248296,83.5526562468009,81.68991562837638,82.52691650390625,13578800
2019-01-09,82.72387536882844,83.28187816476574,82.00175668140017,82.38743591308594,14230300
2019-01-10,82.07559780308878,82.65822355234585,81.46015388768865,82.37921905517578,14376100
2019-01-11,81.9689285883179,82.19869333038655,81.19757015941336,81.98534393310547,15439900
2019-01-14,81.13193358126229,83.17520591552768,80.95961001192619,82.83055877685547,21258500
2019-01-15,81.14835988014279,84.08608137626008,80.91038739754566,83.43781280517578,26504900
2019-01-16,83.90553923816216,84.89024721886054,83.53627531055542,84.11068725585938,18533000
2019-01-17,83.79063721801559,84.93125942832913,83.63472275769588,84.45531463623047,14247600
2019-01-18,85.15282135345633,86.08009423605688,84.38146920071674,85.8257064819336,16428700
2019-01-22,84.58660781987085,85.0051051479047,83.80704182056729,84.47172546386719,17083700
2019-01-23,84.88205173370619,85.09540117936412,83.67578030370488,84.2583999633789,12146700
2019-01-24,83.80704800119443,84.59481546929558,83.65113979833085,84.30760955810547,11296800
2019-01-25,84.93946907010519,85.59593883178697,84.30760980303198,84.84099578857422,14369400
2019-01-28,84.43070350764529,85.53850136536167,84.18452342343294,85.24308776855469,12283100
2019-01-29,85.24307620436133,86.25240689996124,85.11999243957247,85.48104858398438,9743300
2019-01-30,85.45643808972419,86.35908790779077,85.16102451135778,85.6780014038086,12526300
2019-01-31,84.85740126877943,85.17743157078107,84.29939859287065,84.9312515258789,17520600
2019-02-01,85.34156105436355,86.03906294547241,84.9476741717477,85.24308776855469,13000800
2019-02-04,85.16924321936048,85.54671478271484,84.52918247016743,85.54671478271484,9871500
2019-02-05,85.76825613577013,85.79287914982503,84.7589316811805,85.16922760009766,12763000
2019-02-06,85.10359521689864,85.8503369389092,84.90665489068644,85.12821197509766,8745000
2019-02-07,84.72610893938074,84.93125690291434,83.24083968679548,84.01219177246094,13177500
2019-02-08,83.766020944257,83.979370326255,82.10842183415416,83.1751937866211,12892600
2019-02-11,83.50342823908872,83.70857620117135,82.69103780159584,82.78130340576172,10978500
2019-02-12,83.65934015796635,84.45531528798665,83.61010664827248,84.1927261352539,12852300
2019-02-13,84.438932753495,85.21849278497346,84.438932753495,84.59484100341797,10754100
2019-02-14,84.08605315645559,84.60302380062711,83.1669879728646,84.0450210571289,11518500
2019-02-15,85.25951671511017,86.7365786741697,85.06257637269302,86.61349487304688,14716900
2019-02-19,86.08829555124836,86.46576705782584,85.18563949136842,86.30985260009766,12764900
2019-02-20,86.33448375099945,86.81863628754408,86.06368688787892,86.7283706665039,10030300
2019-02-21,86.53140570242596,86.97452604053382,86.1293174599391,86.54782104492188,8400100
2019-02-22,86.73658237530894,87.05661279312557,85.98163914664516,86.16217041015625,10647300
2019-02-25,86.77757533595764,88.02487200928243,86.72834183561869,87.06478118896484,11230700
2019-02-26,85.75183251475609,86.54780746419958,85.29230316687855,86.40010070800781,15465400
2019-02-27,86.30985848559992,86.47397436552244,85.760063401178,86.29344940185547,9968800
2019-02-28,86.1703641799164,86.33448006901565,85.4892713449768,85.63697814941406,15156900
2019-03-01,86.24423033605302,86.90891420875032,85.50569617784546,85.6944351196289,13813300
2019-03-04,86.09650326972205,86.91709519473416,84.74252534132816,85.49747467041016,12466300
2019-03-05,85.44824044475615,85.79289383370606,84.73432943044696,85.43183135986328,10856600
2019-03-06,85.22666060470691,85.80928000241923,84.97227916277262,85.11177825927734,9070800
2019-03-07,84.72611789114853,84.90664911983124,83.83167568073651,84.49635314941406,12705700
2019-03-08,83.69217510040225,84.70971367313531,83.69217510040225,84.52918243408203,10582400
2019-03-11,85.32515390551953,85.79289106763544,85.06256473136006,85.62876892089844,9763200
2019-03-12,85.82570380762785,85.98982594398363,85.13640961679158,85.37438201904297,10219100
2019-03-13,85.4974670805917,86.14573539507725,85.30052052842615,85.66158294677734,13022200
2019-03-14,85.75185266678275,86.87606581202667,85.71902823984651,86.44114685058594,10926500
2019-03-15,86.49860763148223,87.63923003577135,86.35090081780204,87.43408203125,24811700
2019-03-18,87.43406548308661,88.45159763995616,87.39303338570015,87.95924377441406,12935500
2019-03-19,88.78806035110254,88.95218252310409,87.43408843065892,87.63923645019531,12889300
2019-03-20,87.33559834366005,87.51612956785763,85.67800541902854,85.76826477050781,14920700
2019-03-21,84.92306203067646,84.92306203067646,83.93014648879966,84.41429901123047,19751000
2019-03-22,83.55267641200271,83.96297240818434,81.66531232531918,81.86225891113281,31115200
2019-03-25,81.72274739200822,82.52693023895078,80.49185949567668,81.18115997314453,21032300
2019-03-26,81.91148758996022,82.3874324199726,81.09089564605733,81.99354553222656,15987100
2019-03-27,81.96072002718046,82.42845717863965,81.30425023704838,81.71454620361328,12753200
2019-03-28,82.0592032233302,82.71567935336499,81.84584754197584,82.6418228149414,12454100
2019-03-29,83.32290872697216,83.69217260630768,82.54334260525741,83.06852722167969,14523400
2019-04-01,83.82347270102507,85.89956942586252,83.79885594312107,85.86674499511719,17499300
2019-04-02,85.83391057227671,86.52321101644593,85.6123535163126,86.27703094482422,10295400
2019-04-03,86.82683526744367,87.27816336000055,85.98983420379817,86.4493637084961,11499200
2019-04-04,86.44934984733939,87.4250577021886,86.36665771556191,87.28448486328125,11952100
2019-04-05,87.48294533837606,87.73927330332158,86.81317560736845,87.07777404785156,9933700
2019-04-08,86.91241375615661,87.35892486572266,86.74704207492115,87.35892486572266,8056300
2019-04-09,86.88758559325227,86.98680605227133,86.20128131192699,86.71394348144531,9092200
2019-04-10,86.92893507823007,87.41679218759913,86.3832035669711,87.10257720947266,10882300
2019-04-11,87.40853215562952,88.25194410360461,87.28450024463022,87.83850860595703,11183800
2019-04-12,90.49274032102564,92.48549562345657,90.02968839371795,91.956298828125,25834100
2019-04-15,91.71652661325625,91.78267780499951,90.22816265018199,90.90619659423828,15163800
2019-04-16,90.8731138809777,92.10514976520703,90.84003828769661,91.8653564453125,11583200
2019-04-17,92.36149792414079,94.80904189394919,91.79096116372513,94.51136779785156,17791900
2019-04-18,94.70150867743233,95.04879288824881,93.7092662726643,93.81675720214844,12501900
2019-04-22,93.29584544497322,94.20540217603642,93.15527890559127,93.93253326416016,7975900
2019-04-23,93.43641136993112,94.56922676999815,93.31237947366441,94.04829406738281,9193100
2019-04-24,93.65142670611476,94.38734151307277,93.27933090949567,93.89122009277344,9245700
2019-04-25,93.44468983824738,94.38732223686529,93.0229838782789,93.94081115722656,9311800
2019-04-26,94.22194768164452,94.74288044774633,93.9325440941019,94.65192413330078,7889300
2019-04-29,94.75938825797004,96.87618170283015,94.63535638171084,96.0162353515625,14242200
2019-04-30,96.27259036038585,96.51238370635787,95.30515280867208,95.95838165283203,11389100
2019-05-01,95.68550358080634,96.7438973458241,95.18111181645811,95.22245788574219,10412900
2019-05-02,95.23071515321587,95.73510688102039,94.74286437533635,95.42916870117188,8613300
2019-05-03,95.91700858885048,96.47928096050536,95.64413972278489,96.0162353515625,8185400
2019-05-06,94.4121319618531,95.47879631937771,94.03177205513137,95.16458129882812,9387000
2019-05-07,94.28811095707272,94.28811095707272,92.84935700284609,93.61007690429688,15017700
2019-05-08,93.15528344848155,93.99041855861253,92.9899054747987,93.11393737792969,9575800
2019-05-09,91.89844057780516,93.22143288935894,91.43539484589259,93.03952026367188,12205900
2019-05-10,92.40282632749326,93.30411261212602,91.40231326029905,93.03125,13189000
2019-05-13,91.02196274459179,91.32790098234734,90.11240589080263,90.50102996826172,13783700
2019-05-14,90.58371012838498,92.37801847744088,90.54236405974248,91.22039794921875,10503600
2019-05-15,90.30256500346287,91.69997876228047,89.80644375389313,90.87310791015625,10142000
2019-05-16,91.46847239339706,92.75011865971582,91.44366096420823,92.03900909423828,9672700
2019-05-17,90.95581087889566,92.4028351428781,90.8152443215834,91.59249877929688,9570100
2019-05-20,91.43540221622449,92.45245007487435,91.2617600527605,92.07209014892578,8518200
2019-05-21,92.14649056831995,92.54338504796398,91.96457796993143,92.38628387451172,7967900
2019-05-22,92.1134291544603,92.43590833450159,91.57596175154983,91.63384246826172,7918900
2019-05-23,90.65813164199398,90.78216354782516,88.88862829047487,89.83126068115234,14558000
2019-05-24,90.55891116452487,90.92273643136947,90.28604852291666,90.71601867675781,8537300
2019-05-28,90.29429759737971,90.81523028937819,89.66588027054459,89.73202514648438,11665500
2019-05-29,88.84729166059711,89.63282294198791,88.52481245628181,89.4839859008789,9966400
2019-05-30,89.83953901416777,90.27777965237671,88.09484062952535,88.52481079101562,10367800
2019-05-31,87.28449997498774,88.13617608814674,86.68915185085038,87.61524963378906,10952800
2019-06-03,87.48295494002402,88.35943618747376,87.06951943710996,88.0286865234375,11680700
2019-06-04,89.17804364994261,90.87313186708376,88.5826954700974,90.74082946777344,12858600
2019-06-05,90.84004869186425,91.27001883671521,89.83126506108788,91.06330108642578,8340500
2019-06-06,91.0798442629126,91.67519240764541,90.07106060750705,91.26175689697266,8726700
2019-06-07,90.70774287036772,90.97234132838233,90.09586011905738,90.26123809814453,10618900
2019-06-10,91.57594328194244,91.95630310198229,91.13770275686443,91.23692321777344,11380600
2019-06-11,91.63385073830497,92.25400403412688,91.26176128422205,91.5180892944336,9847700
2019-06-12,91.53461384971668,91.69999182882098,90.03797941284067,90.35218811035156,9670500
2019-06-13,90.50930351449757,91.08811702910364,90.1702896676576,90.57545471191406,8406900
2019-06-14,90.60025856073166,91.20387718875571,89.82299777332338,90.80697631835938,9077400
2019-06-17,90.70776192570702,91.26177038637569,90.1785648985073,90.31086730957031,8128600
2019-06-18,90.13720669346944,92.12169829390479,90.11240157359929,91.54288482666016,11057300
2019-06-19,91.63383505964163,92.27052289199612,90.7077373586015,90.88138580322266,13126500
2019-06-20,91.68345172380073,91.85709387207106,90.15374167696937,91.1129150390625,13638000
2019-06-21,91.11292828673864,92.33669397872735,90.2033650323237,90.4927749633789,27089500
2019-06-24,90.36046483726561,90.76562987418058,89.74858204356387,89.84780883789062,13039600
2019-06-25,89.86433456254737,90.11239836947823,89.02919314163978,89.1036148071289,18660100
2019-06-26,89.55014518422216,90.38528047668564,89.43438373163265,89.69898223876953,10324600
2019-06-27,89.99662780761719,90.58371171168537,89.66588448679359,89.99662780761719,10906600
2019-06-28,91.81575960265063,92.96510982559309,91.69999816354314,92.44418334960938,21634700
2019-07-01,93.62660594757382,94.69326398426968,93.50257403607834,93.99869537353516,12724500
2019-07-02,93.85812992935091,94.42866663534664,93.61833657989322,94.0979232788086,10174900
2019-07-03,94.38104274286447,94.82239230285181,93.48170462567364,93.94802856445312,6849400
2019-07-05,94.52260898418977,95.15547535937995,94.03129796974821,94.50595092773438,7929400
2019-07-08,94.0645967267378,94.49761719930916,93.68154406450087,93.98965454101562,6917200
2019-07-09,93.4983583183522,94.50595476647189,93.3901063597432,94.38937377929688,8947300
2019-07-10,94.40603708439717,94.78908982829263,93.88141625975895,94.11457824707031,9242300
2019-07-11,94.40603035676679,95.23042628263686,94.1978491181904,95.013916015625,11595200
2019-07-12,95.03890573544174,96.05483129227913,94.87236327010584,96.01319885253906,10783400
2019-07-15,96.21303464566849,96.23801537588267,94.53925583626378,94.84736633300781,12946600
2019-07-16,94.49761308644217,96.17971438680962,94.03128287833962,95.86328125,16945000
2019-07-17,95.28870320683504,95.71339465195005,94.70579836309781,94.92230224609375,13120900
2019-07-18,94.8723716259402,95.82167773897774,94.55593837265715,95.48858642578125,9397200
2019-07-19,95.67175414160032,95.86328364576251,94.43099593765422,94.54757690429688,10402800
2019-07-22,94.02296424083401,95.30535489690465,93.906376918914,95.15546417236328,9061100
2019-07-23,95.6634458555906,96.97082385341382,95.61348438853607,96.89588165283203,12752200
2019-07-24,96.24636327469207,97.32890203307609,96.19639545127978,97.28726959228516,10011000
2019-07-25,97.33723006568499,97.62868256098871,96.02985199830437,96.3546142578125,10138400
2019-07-26,96.40455922733395,97.02078022986396,96.20470702950122,96.77928924560547,12800400
2019-07-29,96.9791618415848,97.5787249143791,96.4212375639744,96.47119903564453,8500400
2019-07-30,95.92159191136942,96.66271663092701,95.5635199179617,96.25467681884766,7121100
2019-07-31,96.67935581080884,96.74597532494928,95.64677875437815,96.59608459472656,13648000
2019-08-01,96.03817050659543,97.26227720595712,93.76482858589698,94.04795837402344,15664500
2019-08-02,93.5982838765705,94.45598954230356,92.76555894235402,94.03962707519531,11025500
2019-08-05,92.25760954287777,92.41582933623995,90.15913884792445,91.24168395996094,15855300
2019-08-06,91.64138388173663,92.0161075703864,90.21741861721821,91.95781707763672,10203500
2019-08-07,89.934285933015,90.1674478800352,88.21887473434941,89.95926666259766,17320900
2019-08-08,90.80866433464803,91.66637007327029,90.53386355823869,91.48316955566406,10903300
2019-08-09,91.0584546974175,91.97445069760666,90.1757684512771,91.38321685791016,9980800
2019-08-12,90.30069653889937,90.35898703187084,89.27644204447235,89.6678237915039,9393700
2019-08-13,89.89266077410522,91.87455033056307,89.12655530257426,91.0501480102539,12124700
2019-08-14,88.51865670883856,89.02661939058564,86.97811060832133,87.26956939697266,19491800
2019-08-15,87.28621273913795,88.5852613860411,86.88650204222144,87.60264587402344,13365600
2019-08-16,88.57696383618949,89.9176516443783,88.16060132068209,89.70114135742188,11830600
2019-08-19,91.29163778064316,91.3915670659493,90.2840413115924,90.50888061523438,8265400
2019-08-20,89.80937525261105,90.30068622570445,89.3014125776507,89.35970306396484,8374000
2019-08-21,90.10916893248002,90.2923694437952,89.47629617153325,89.60953521728516,8189300
2019-08-22,90.24240678568316,90.99185417197786,89.8760057678948,90.53385925292969,9343400
2019-08-23,89.93429782834264,90.58382229614847,87.52772314470958,88.2854995727539,14762300
2019-08-26,88.78514302687827,89.09324721514037,88.27718026153045,88.99332427978516,8209500
2019-08-27,89.3930253731511,89.5678968566484,87.30288389350494,88.05233764648438,14331800
2019-08-28,87.50274763809587,89.27644966405632,87.4694378745282,88.9350357055664,10585500
2019-08-29,90.05087374825978,91.50814238104043,89.95094446915033,90.9502182006836,10002200
2019-08-30,91.46651149777935,92.06607451787697,91.15840731197578,91.48316955566406,10170300
2019-09-03,90.75036115909096,90.7586838336829,89.36803479442348,90.4006118774414,9868800
2019-09-04,91.14172111438265,91.78292272803554,90.40059659702275,91.49147033691406,6929200
2019-09-05,92.64064900841296,94.6974806141434,92.59901022039278,93.57330322265625,13224700
2019-09-06,93.81479400032673,94.08126572475645,93.23188273532061,93.77315521240234,7836600
2019-09-09,94.68917381978076,96.64607660567356,94.59757354717745,96.09648132324219,13985100
2019-09-10,96.84591890909053,97.65365681297006,96.37126591876701,97.32057189941406,14333100
2019-09-11,97.33719328409126,97.59533591764412,96.07977716157332,97.5870132446289,9919200
2019-09-12,97.05409331624942,98.65292366010702,96.52947254331797,98.18659973144531,12283500
2019-09-13,99.09425306655899,100.26006907915574,98.88607186263765,100.1185073852539,16257200
2019-09-16,99.01099827804018,99.81874249974089,98.5779777442768,99.22750854492188,11993900
2019-09-17,98.6112731709523,98.76949292219676,97.62865761416528,98.7361831665039,10735400
2019-09-18,98.52800882877612,99.9936064155277,98.05335589513099,99.72713470458984,10665600
2019-09-19,99.67717730518491,100.21012078274224,99.16921456045256,99.41070556640625,9382600
2019-09-20,99.71048752195662,100.2101212402995,98.98602085397503,99.01100158691406,21862800
2019-09-23,98.0783277045096,99.1941822603838,97.99505649363807,98.99432373046875,9135100
2019-09-24,98.88608882701101,99.3107803347605,97.46212991028452,97.70362091064453,11696500
2019-09-25,97.65365885232943,98.56133241433122,97.52875518373123,98.26155090332031,9389400
2019-09-26,98.16162666780977,98.30319475482052,97.38719211670134,97.45381164550781,9899200
2019-09-27,98.22824120011653,98.79449445979252,97.66198794044054,98.02838897705078,10207800
2019-09-30,98.56132690916193,98.90274083957326,97.61202096171368,98.00340270996094,9755000
2019-10-01,98.59463944718914,99.0942731673112,96.10479352212985,96.22137451171875,11250300
2019-10-02,95.60515553873469,95.68010409264446,94.03963482061351,94.30610656738281,12548700
2019-10-03,94.23893785518008,94.7761569118994,92.76999560722687,94.17179107666016,12735200
2019-10-04,94.29771259138687,96.48014659777355,94.23895514685069,96.21154022216797,9453100
2019-10-07,95.85057938306001,96.95018549828043,95.74984961213853,96.00167083740234,6771600
2019-10-08,94.90206241218719,94.90206241218719,93.72691372113947,93.86121368408203,10806300
2019-10-09,94.57469902841427,94.98600747601691,94.07106295821195,94.54112243652344,7273700
2019-10-10,94.96921757058796,96.86625341771119,94.85170269903945,95.86737060546875,10994100
2019-10-11,97.39506221970426,99.04027668829941,97.26076226516571,97.48739624023438,15076500
2019-10-14,97.24399870634247,98.10018597831565,97.08451786476432,97.74763488769531,8779000
2019-10-15,99.76218649896182,102.06212912749835,98.93958222639866,100.69391632080078,23379000
2019-10-16,100.69390733466291,101.24791157024299,100.20705629201636,100.45887756347656,11087700
2019-10-17,101.35702265648105,102.04532681918586,100.62674615050577,101.0212631225586,10818500
2019-10-18,100.72748075564928,101.58366152427676,100.60996587376081,101.19754028320312,10417400
2019-10-21,102.44823539815012,103.89199044870072,102.39786730744612,103.70732879638672,12714600
2019-10-22,103.62338315258815,105.00838715862461,103.34638747464497,104.74817657470703,12549100
2019-10-23,104.2529282032605,105.05035784463483,104.22774736057879,105.02517700195312,8828300
2019-10-24,105.16788303148662,105.47846173121944,104.14381930142342,104.94963836669922,8020500
2019-10-25,104.9244554938058,106.30945958714014,104.71460658281819,105.78903198242188,9055700
2019-10-28,106.2423172608865,106.7795300156131,106.099621523805,106.19195556640625,9522200
2019-10-29,105.8142076982762,106.95578623104298,105.71348432449575,106.12478637695312,9797300
2019-10-30,105.80581488520643,105.98208718762481,104.85729378599515,105.5372085571289,8513700
2019-10-31,105.33575505416589,105.5372146148476,103.96754249262462,104.8572998046875,11589100
2019-11-01,105.93171180387299,107.43423054949608,105.7806203544785,107.27474975585938,11682600
2019-11-04,108.34918918003784,108.63458061954871,107.91269986727008,108.13095092773438,9159900
2019-11-05,108.60942409483943,109.37327736118237,108.14775383451327,108.36600494384766,13747600
2019-11-06,108.02184258493321,108.98714258728755,107.92950853885179,108.53387451171875,11231100
2019-11-07,109.48237106284628,110.2042518511925,109.0542838821913,109.1214370727539,13528900
2019-11-08,109.02071658268355,109.45719312067553,108.49189319807728,109.44041442871094,9293400
2019-11-11,108.78568318982374,109.20538102187065,108.5758342738003,109.05428314208984,8679000
2019-11-12,108.81083769204592,109.64183100109247,108.29040379675479,108.41632080078125,9099000
2019-11-13,107.55176213313956,108.13094714540334,106.95578562262106,107.84554290771484,8023300
2019-11-14,107.20761676896973,108.14773582752711,107.09849123247234,107.9462890625,8483400
2019-11-15,108.47508459321318,108.7269058227539,107.77838474168644,108.7269058227539,10163600
2019-11-18,108.75209601207334,109.6670341768219,108.27364716216736,109.64185333251953,8749300
2019-11-19,109.95243928227629,110.17067753731702,109.27251805633361,109.60828399658203,8824500
2019-11-20,109.37324554680332,109.64184546948611,108.23166705704152,108.81085205078125,11782800
2019-11-21,109.12143168858304,109.72579756566499,108.60939984294865,109.06266784667969,7705500
2019-11-22,109.24734081388284,110.14550032447991,109.20538127710918,109.78455352783203,8167900
2019-11-25,110.17067179400948,110.85898232951568,109.85169736944219,110.37213134765625,10068500
2019-11-26,110.64913327146655,110.64913327146655,109.42361006949473,110.5232162475586,10490700
2019-11-27,111.0436280626478,111.1611429234997,110.50641544044494,110.85057067871094,6607900
2019-11-29,110.69110417869108,111.14438501828018,110.33855953021155,110.59877014160156,5712000
2019-12-02,111.06044362699141,111.42139044021583,110.25463092314126,110.35535430908203,8615600
2019-12-03,108.92837823247477,109.08786545695803,107.93788469481314,108.936767578125,10361300
2019-12-04,109.44040876668966,111.19474259836285,109.1130449760513,111.08561706542969,10318200
2019-12-05,111.37102033306527,111.89984374644227,110.95132246420417,111.68999481201172,9587400
2019-12-06,113.05822415509375,113.97316251773192,113.02464114998642,113.35200500488281,10170600
2019-12-09,113.0078339505735,113.70453383693349,112.82316589355469,112.82316589355469,8498200
2019-12-10,111.84948273839561,113.12536785385457,111.53891041214305,112.89872741699219,7532900
2019-12-11,112.72241519337477,113.33518312554132,112.4873854798332,112.63008117675781,9011900
2019-12-12,112.89032787459864,116.23111904323477,112.65529811247318,115.8533935546875,13717400
2019-12-13,115.79463335658292,116.53330566547402,114.34248239311461,114.83772277832031,10592100
2019-12-16,116.15557140138324,116.54168621869084,115.26581408270995,115.2825927734375,11372000
2019-12-17,115.60996827638681,116.39900229803656,115.19027041875712,115.9876937866211,11546800
2019-12-18,115.96251226312246,116.69279524068683,115.60157825558498,115.87017822265625,10381500
2019-12-19,115.63515816095043,116.02128585573988,115.08116667978389,115.291015625,9350400
2019-12-20,115.85340472175555,116.57528557734031,114.91327277447326,115.19867706298828,29992600
2019-12-23,115.50083549279248,115.76104607004615,114.89646965806656,115.16506958007812,9738400
2019-12-24,115.27422850042853,115.52604980588296,115.04758804470318,115.48407745361328,3324300
2019-12-26,115.74427191205312,116.75994633895263,115.65193787324408,116.7095718383789,6770900
2019-12-27,116.92781681520998,117.32233379606662,116.39899345615508,116.79351043701172,7868200
2019-12-30,117.43144068299594,117.5825385529973,116.23111110894766,116.36541748046875,6963000
2019-12-31,116.26468764641929,117.0789024570056,116.08001957753406,117.01174926757812,7201600
2020-01-02,117.33911902911879,118.43873815274173,116.8942403336752,118.43033599853516,10803700
2020-01-03,116.15785399145182,117.61932738145413,115.8030460933789,116.86746978759766,10386800
2020-01-06,115.36377043840189,116.80835761995961,115.31308543034523,116.7745590209961,10259000
2020-01-07,115.97200733437622,116.46198385829187,114.73862926588819,114.78931427001953,10531300
2020-01-08,114.63723902312606,116.22543779956246,114.55276831844789,115.68477630615234,9695300
2020-01-09,116.62248910506871,116.77454410982247,115.76924861043828,116.10717010498047,9469000
2020-01-10,115.91289057574178,115.94667628503736,114.73018450417474,114.94983673095703,10190900
2020-01-13,115.05117618181988,115.90440368652344,114.68791222886479,115.90440368652344,12355200
2020-01-14,116.52956550719729,118.91185087983857,116.3183694012006,117.2560806274414,24906000
2020-01-15,116.4535193678544,117.08710758445777,115.01737576457853,115.49890899658203,16293400
2020-01-16,116.11560957007558,116.4957599601079,115.60029058657817,115.9466552734375,10783800
2020-01-17,116.19165331416,116.82524168292144,116.00581258514728,116.74921417236328,14697700
2020-01-21,115.89596042349551,116.6393747339842,115.47356827260612,115.60028076171875,8474200
2020-01-22,115.93820847064264,116.07336416952491,115.21169341630751,115.46511840820312,7549100
2020-01-23,114.64570304506613,115.51582999478342,113.80936180147917,115.34686279296875,9345700
2020-01-24,115.20325452113126,115.2539395270769,111.78188771591935,112.48304748535156,15166400
2020-01-27,110.05006462712949,112.3056373715058,109.57698743749968,111.53688049316406,12860500
2020-01-28,112.2211649988526,114.0205600304097,111.9170420764822,113.56436920166016,13062800
2020-01-29,113.88539280120403,114.50208185750235,112.9392383158819,113.39541625976562,9326000
2020-01-30,112.09444486008103,115.00050527828799,112.09444486008103,114.7977523803711,9048900
2020-01-31,113.61504563153002,113.90226920106107,111.06379342535396,111.8156509399414,12785200
2020-02-03,112.06911737570073,113.40387846246576,112.06911737570073,112.66890716552734,10021100
2020-02-04,114.51053049453476,115.39755671195032,114.11348078664767,114.29087829589844,9157100
2020-02-05,115.37218558922737,116.35212547479469,114.89909560435206,116.23385620117188,10150700
2020-02-06,116.78302713597166,116.82525605343959,115.82841641802143,116.25080871582031,8992300
2020-02-07,115.50735168999279,116.30145098043177,115.14410063479231,115.87905883789062,6379800
2020-02-10,115.6932240497159,116.45353776397758,115.5242697433424,116.36061096191406,5960700
2020-02-11,116.7998852728262,117.27297535976665,116.39439237440693,116.58024597167969,6578600
2020-02-12,117.0871217624939,117.67001216442736,116.41129167153723,116.58024597167969,7958000
2020-02-13,116.36905573463962,116.86747545679735,115.22859159306347,116.4788818359375,7447500
2020-02-14,116.44507086969269,116.74075054621267,115.68477011633576,116.12406158447266,6627600
2020-02-18,116.02265548257652,116.3352343927382,114.08810539389927,114.5865249633789,8996400
2020-02-19,115.65942235967478,116.90969952250659,115.17788911815482,116.14939880371094,7071200
2020-02-20,115.87906163856594,116.88435702457244,115.33840019866147,116.14939880371094,7422800
2020-02-21,115.35531632141432,115.66788243512114,113.97831357765742,114.73017120361328,9772800
2020-02-24,111.03846743658055,112.52528339143403,110.4978059175077,111.64671325683594,13618400
2020-02-25,110.66675166599181,111.70583282423452,106.09646516380276,106.6624755859375,20797200
2020-02-26,107.22848587298913,108.93494755252715,106.73005971747872,106.9834976196289,24825600
2020-02-27,103.83247073288518,106.12183605906489,102.47236711012539,102.53150177001953,23005500
2020-02-28,99.27906384295936,100.09850577513045,95.17341742349757,98.08792114257812,45931400
2020-03-02,98.52720769633696,102.70889457453276,96.69402699388195,102.658203125,27355400
2020-03-03,102.19356391806178,103.86623332285569,98.19773110404414,98.80597686767578,32547700
2020-03-04,99.96335165763358,101.53465134679821,96.89677979078282,101.24742126464844,25795900
2020-03-05,97.71620591511243,98.35824383691954,95.10582532195937,96.28007507324219,25025600
2020-03-06,89.76679106917574,93.19661362946896,88.71925378523345,91.3042984008789,38159400
2020-03-09,81.58081010977497,83.8279391802484,78.56493076716565,78.93663787841797,40352000
2020-03-10,83.63365517711637,85.55976256814627,79.89970969484305,85.06978607177734,31102700
2020-03-11,82.5354211876462,84.5206693924128,79.87435587438335,81.06549835205078,38127000
2020-03-12,75.6842248272043,81.91028764280817,72.92178291142793,74.38326263427734,49725200
2020-03-13,81.09083629873355,87.84911012753967,77.72014903127031,87.78153228759766,38543300
2020-03-16,71.97564217742143,79.392856053278,71.42653736771952,74.6451644897461,38589700
2020-03-17,76.7824445807777,82.31578432885561,73.9186263168049,79.20697784423828,35239800
2020-03-18,74.06224925551773,76.69797899113337,67.8868771493327,70.86896514892578,41525600
2020-03-19,68.90061369852499,74.4339541043913,64.97237138915025,72.06011199951172,32175100
2020-03-20,72.90488050228213,75.57439527639626,69.67780505127794,70.53948211669922,30150800
2020-03-23,69.84676980819185,70.75068879831484,65.96920631837187,66.7633056640625,32536600
2020-03-24,71.72220409530665,76.11508084105223,70.0326351246054,74.70429229736328,34363200
2020-03-25,75.3885627605397,80.3812419701034,71.41807841059828,77.49208068847656,38111700
2020-03-26,79.47732858092738,83.2704092420789,79.02114417019109,82.8902587890625,29826300
2020-03-27,78.72546699885045,80.1193562213307,76.4952365086492,76.9852066040039,30041500
2020-03-30,76.5797011429459,79.48575486829455,75.43924358142988,78.98733520507812,21656900
2020-03-31,77.76239902237079,79.55333765097156,75.47302784963382,76.0559310913086,23379300
2020-04-01,71.89114506817877,73.12452941439766,70.32829534945176,71.26600646972656,28029600
2020-04-02,70.54795550100485,74.26500859538368,70.08332144725965,73.92709350585938,24018000
2020-04-03,73.40641914811846,74.66969527323113,70.6494077496429,71.74197387695312,21199400
2020-04-06,75.95855040131731,77.66567597103804,74.85745362738736,76.35972595214844,26820800
2020-04-07,80.61902398488562,80.6617047404095,77.14502278194945,77.36695098876953,22563800
2020-04-08,78.61315471827474,80.96899053318218,77.29013591295848,80.49099731445312,22903300
2020-04-09,82.72731683488601,89.10343290398536,82.70171098917369,87.71212768554688,42055900
2020-04-13,88.01087610333737,88.01087610333737,83.05167745855769,83.81134796142578,26911900
2020-04-14,86.2269232380082,87.06341776423429,79.92763123827065,81.5152587890625,46151300
2020-04-15,77.80226303679781,78.55339607723606,76.93162519394345,77.49497985839844,30118600
2020-04-16,77.01698255210235,77.30719080932158,74.30265229711424,74.5416488647461,32449600
2020-04-17,78.52777374540828,81.68595334551983,77.64006769552188,81.24210357666016,30191900
2020-04-20,78.9289678508776,80.84094705539302,77.2133044800934,78.28025817871094,23679400
2020-04-21,75.6427637515892,77.99859320279431,75.39522967281346,76.00979614257812,23035000
2020-04-22,77.40962412398073,78.41682864080556,76.12074227763246,76.25730895996094,16662400
2020-04-23,76.59871053040891,77.91319779531968,76.1890041044581,76.29996490478516,16638800
2020-04-24,77.3669247589849,77.75956283044611,75.53176360050664,77.42667388916016,15809200
2020-04-27,78.4765732315435,81.62621582888193,78.13514677728197,80.76412200927734,22870200
2020-04-28,83.48698171839504,83.95644389888082,81.11407799630588,81.33600616455078,20238900
2020-04-29,84.57102627963272,84.8868404318403,83.02607277245939,83.52967834472656,20462600
2020-04-30,81.60060181489438,82.65901785618927,80.70436478837473,81.73717498779297,19127600
2020-05-01,79.80814019988114,80.0129934957035,78.3912224993684,79.5947494506836,18547700
2020-05-04,78.544847949097,79.09966508536438,77.5035067773526,78.64727783203125,15725900
2020-05-05,79.93615856631368,80.4141516566622,78.4424236468071,78.52777862548828,18064100
2020-05-06,78.66437232735956,79.17650884524811,76.7609238964736,77.05113220214844,20978000
2020-05-07,77.9644383194128,79.3045384299632,77.31573515292578,77.85347747802734,16771900
2020-05-08,79.21065142934003,80.30321106083397,78.62169085741914,79.12528991699219,20487800
2020-05-11,77.76812816650018,77.76812816650018,76.24878701539447,76.7950668334961,31907600
2020-05-12,76.94870228030769,77.49498205468461,74.1746226554814,74.28558349609375,27962900
2020-05-13,73.7307632371803,74.14047630720151,71.1871493633526,71.72489166259766,35451600
2020-05-14,70.6067358414109,75.20744011455136,70.33359592859219,74.7038345336914,35152500
2020-05-15,74.13195782213074,74.49899023487502,72.80893885501621,73.32107543945312,26099000
2020-05-18,75.702514196033,77.80227866201723,75.01112364969657,77.20478057861328,30504400
2020-05-19,76.86336133337899,77.84495370873798,75.61715345115792,75.68544006347656,19597300
2020-05-20,77.42668317365536,78.86066898198237,77.13647493862335,77.95589447021484,20552400
2020-05-21,77.0511295341305,78.32294309932097,76.53899303397549,76.96577453613281,14621400
2020-05-22,76.82920327983956,77.12794901117712,75.72810628819383,76.36827850341797,13557900
2020-05-26,79.28747391852431,83.22240023523568,79.04847729825742,81.78841400146484,41233900
2020-05-27,87.12317201563245,87.55849095338101,84.33202397138629,86.52568054199219,39402000
2020-05-28,87.8657688685999,87.87429980901932,84.84415535722074,85.2367935180664,24713900
2020-05-29,84.21252640996023,84.65637629250527,82.60782384592106,83.06021118164062,26526400
2020-06-01,83.43576593280298,84.93803832441176,83.11994534397114,84.16129302978516,15176800
2020-06-02,85.5952865171273,85.71478480207998,83.58941500580121,84.44297790527344,21195000
2020-06-03,86.70491971064347,89.5558166302192,86.26106336214778,89.0009994506836,25941100
2020-06-04,88.61691117230833,90.99835274453628,87.73774231658845,90.8532485961914,26784700
2020-06-05,98.09998306194022,98.81697276263068,93.49074216037802,94.94180297851562,42231000
2020-06-08,96.80257128367238,97.46834930144782,95.54783278301802,96.83670806884766,24881800
2020-06-09,94.44673667874312,95.28322467828036,93.04689403643462,94.35284423828125,17031100
2020-06-10,94.28455524474019,94.32723599374381,90.34962983438794,90.52887725830078,24913300
2020-06-11,85.38190862275593,86.70493392061856,82.40297547935518,82.97486114501953,36259200
2020-06-12,85.96231284096208,86.32080767086697,83.07727278594034,85.24532318115234,24856800
2020-06-15,82.30054496395299,86.57689752475542,81.83108920946452,86.42325592041016,22153600
2020-06-16,89.93992941511169,90.20453184286178,84.76733356566766,87.11463165283203,22193600
2020-06-17,87.5157924300128,87.52432988137946,84.68196420784167,84.91242980957031,15639800
2020-06-18,84.22105717709282,85.8001473783484,83.76013238915029,84.45152282714844,16591900
2020-06-19,85.80869204063103,85.86844119341175,82.56515637055472,83.48699951171875,40371200
2020-06-22,83.00900349382898,83.60649500151335,82.40297453255798,82.58222198486328,16216900
2020-06-23,84.47711500630969,85.330677843173,83.52112228464242,83.58940887451172,15381400
2020-06-24,82.58221460133554,82.65903214024011,80.49951893989892,80.79827117919922,22919800
2020-06-25,80.53365816752907,83.82841147656882,80.4568406325081,83.61502075195312,25743600
2020-06-26,81.18236168889459,81.40428984921309,78.52778075332508,79.03137969970703,41896300
2020-06-29,79.72278943431178,80.65317002435651,78.68144148100613,79.38136291503906,18499700
2020-06-30,79.23625398086924,80.7982758165986,79.01432577990442,80.2861328125,19137000
2020-07-01,80.99458431799813,81.69450564638227,79.40695677836636,79.60327911376953,18755700
2020-07-02,81.65456889218483,81.84418368253029,79.23268643061883,79.86186218261719,27845600
2020-07-06,81.38737523250747,82.05102031896821,80.56859139425214,81.87864685058594,18625300
2020-07-07,80.8616302919729,81.10295578597582,79.29300800532735,79.56880950927734,25757200
2020-07-08,79.54295856131827,80.44792921406602,79.12063892336931,80.41345977783203,18762200
2020-07-09,80.60305759057259,81.12019112620504,78.2415069753135,78.67244720458984,25600800
2020-07-10,79.29299451645669,83.46449237602225,79.18095243490859,82.97322082519531,28954200
2020-07-13,85.09345293433643,85.55886255366238,82.93875198120513,84.1626205444336,32079200
2020-07-14,84.78319824379477,86.14496461446872,83.2921418904551,84.64529418945312,42731700
2020-07-15,86.95513083256573,87.29988437827339,85.0245201824805,85.95535278320312,22508400
2020-07-16,85.13656216091451,87.23955286847367,84.9383333109818,86.1966781616211,16886900
2020-07-17,86.1880372093081,86.25698921722565,84.58493919116495,84.60218048095703,16137700
2020-07-20,83.97301927315466,84.80042378275263,83.82650116299833,83.86097717285156,14458100
2020-07-21,84.21435676312707,86.23116088526938,84.15402538119613,85.67955780029297,17798100
2020-07-22,85.88637958001728,86.30007847234995,84.05919084127613,85.05897521972656,14271200
2020-07-23,84.89522393597969,85.62782099999745,84.43842835167304,85.30892944335938,12870200
2020-07-24,85.84329414862987,86.01567418931432,84.4125759768929,84.70561218261719,12744200
2020-07-27,84.04196003587307,84.14538147595347,82.8870368751787,83.5162124633789,11959100
2020-07-28,83.17147021145543,84.3694836086584,83.17147021145543,83.87821197509766,11754300
2020-07-29,83.66274554978213,85.93810969815057,83.60241417371277,85.9122543334961,12743500
2020-07-30,84.06781804218629,84.24019149816337,82.78361804096727,83.61963653564453,14834800
2020-07-31,83.15423967513655,83.54208329853255,82.09412368855965,83.2921371459961,14535000
2020-08-03,83.6196497350665,84.09368667726932,82.61125104960986,82.82672119140625,12962800
2020-08-04,82.66296152559846,82.69743095888643,81.90450248073653,82.3526840209961,13366200
2020-08-05,82.62849231531581,84.86938047411383,82.4992089151564,83.78340911865234,15260900
2020-08-06,84.10230029500131,84.55047525920433,83.20594379096893,83.80925750732422,10482100
2020-08-07,83.54207436902972,85.74848627196205,83.22317622733591,85.65367889404297,14743700
2020-08-10,86.28285891996855,87.9462885776621,86.21390690058841,86.73965454101562,14989900
2020-08-11,89.51491424341789,91.49724213411483,89.2132573667362,89.48043823242188,31518600
2020-08-12,91.49723338524463,91.7299382176833,87.6618613679134,88.72197723388672,19240800
2020-08-13,87.91182992852576,89.08398818695632,87.60155235566897,88.23072814941406,13598600
2020-08-14,87.48087566910853,89.04087735762803,87.41192364708098,88.26519012451172,12134400
2020-08-17,87.48084628663646,87.91178641612728,85.7829411243427,85.93807983398438,14988000
2020-08-18,86.11047506058154,86.11047506058154,84.56770833507703,84.74008178710938,13246500
2020-08-19,85.25720788592186,86.69654658077009,84.75731567403574,84.93831634521484,13533000
2020-08-20,83.82649541871716,84.49014047994207,83.43003119601285,83.92130279541016,13672600
2020-08-21,83.83511531883074,84.95556262550511,83.55069974459934,83.87821197509766,12228300
2020-08-24,84.85213321140449,86.3690447436039,83.96439734205318,86.23976135253906,17898300
2020-08-25,87.28263311187936,87.89457403779707,86.01567433277303,86.61898803710938,13648900
2020-08-26,86.13634365193366,86.42075923391255,85.36927049399857,85.40373992919922,12052400
2020-08-27,85.32617939371694,88.47204489861072,85.32617939371694,88.2134780883789,22163900
2020-08-28,88.89432988858391,88.9891372436586,87.74802755949875,88.57543182373047,13756700
2020-08-31,88.01524399187313,88.06695472058952,86.20528957927851,86.35181427001953,14219400
2020-09-01,85.8002094634881,86.93789150101426,85.36064855164514,86.3087158203125,11595600
2020-09-02,86.14493741501893,87.86008402730882,85.80880460822597,87.61013793945312,14475700
2020-09-03,89.04949867858751,90.48883762727112,86.73965852818806,87.33435821533203,23281200
2020-09-04,89.67866496268584,90.67844288219376,87.36882505476963,89.22186279296875,26325500
2020-09-08,88.75645355410538,89.26495987430405,85.73987191385578,86.11909484863281,22108600
2020-09-09,86.8775501025625,87.64462316034533,85.80881363333344,86.93788146972656,13434000
2020-09-10,87.39467883622238,88.27379400085148,85.87776740493734,86.0415267944336,15922800
2020-09-11,86.16218524879854,87.36019848721192,85.83466648608436,87.1102523803711,13784300
2020-09-14,87.48950516886333,89.17016977818474,87.36884240591858,88.31690979003906,19017400
2020-09-15,88.540996897039,88.64441836059763,85.44684212490932,85.5675048828125,23683000
2020-09-16,85.69676906052986,87.16196312097415,85.11931076646512,85.92947387695312,19270600
2020-09-17,85.0675926613233,85.61919559005145,84.21433290838846,84.94692993164062,18290100
2020-09-18,84.36948119563469,85.74848867359039,83.9816376028312,84.76594543457031,20121600
2020-09-21,82.05101324555075,82.78361686208528,80.86162063474444,82.14582061767578,28378800
2020-09-22,81.84418091887811,82.44750128375279,80.73235415672725,81.24948120117188,19257000
2020-09-23,81.68903072802253,82.18030233791022,79.86184832137941,79.93079376220703,19952700
2020-09-24,79.56881934963947,81.27534588712126,78.75864945475517,79.86186218261719,18366500
2020-09-25,79.33609837519175,80.77543715439134,79.1809596305362,80.55996704101562,13293100
2020-09-28,81.93037448764971,83.54209370977533,81.31844000026581,82.87844848632812,20894100
2020-09-29,82.76639985958623,82.76639985958623,81.30120534779974,82.1803207397461,12848200
2020-09-30,82.18029245818084,83.77476983713669,82.10272638071494,82.97322082519531,16400600
2020-10-01,83.70583673517301,84.26605380106365,82.76638356851345,83.57655334472656,15778700
2020-10-02,82.09412731463549,84.97280536810749,81.95622326205789,84.36949157714844,15149600
2020-10-05,85.52641194477,86.33539881881505,84.83920747011729,86.15272521972656,13871900
2020-10-06,87.04871009516987,87.73591466077771,84.8218240553781,85.26545715332031,19220400
2020-10-07,86.08314267010483,87.29227279214865,85.83087720510122,86.7529525756836,16358500
2020-10-08,87.43145909137316,88.65798389321543,86.90083286237977,88.53620147705078,15659000
2020-10-09,88.72757481895643,88.82326195018288,87.08350558118374,88.03166961669922,13689100
2020-10-12,87.94467332711433,89.59744302084692,87.72720380521908,89.11031341552734,16058000
2020-10-13,89.59745919507843,89.78883347075624,87.21399466310083,87.66632843017578,21697300
2020-10-14,87.88377540388377,88.66666695014897,87.07478857885017,87.1791763305664,15204100
2020-10-15,86.2049330202769,88.53620698959317,86.15274244914076,88.48401641845703,17171200
2020-10-16,88.21433645912036,89.01462267434944,87.61411847937713,88.30132293701172,13275000
2020-10-19,88.37962724195484,88.61449808164201,86.60507484830026,86.81385040283203,11725700
2020-10-20,87.2574799192246,88.52750129193018,87.09220757451952,87.30967712402344,11257100
2020-10-21,87.30097398083889,87.84899484068501,86.4050005244336,86.4397964477539,10730500
2020-10-22,86.39629331405895,89.80621390040005,86.38759267472962,89.49305725097656,14837200
2020-10-23,90.03238762940059,90.8587692090227,89.53655735429862,90.30204772949219,15087600
2020-10-26,89.29299099953676,89.33648092386936,87.20528216891242,88.06645965576172,12410700
2020-10-27,87.43146298828945,87.7881096124838,86.25712870199239,86.4050064086914,10391700
2020-10-28,84.81312488190204,85.5090300996932,83.56919878483505,83.97804260253906,16389500
2020-10-29,83.61270144243102,85.2306755505476,82.84720431975121,84.52606964111328,14208800
2020-10-30,85.16978564434775,85.6134187890968,83.70838986738454,85.28286743164062,15194500
2020-11-02,86.45719594625928,87.75331263866813,85.1262833285761,87.20529174804688,15011600
2020-11-03,89.61483538187096,91.11102671629673,89.32778066412324,89.95409393310547,17482600
2020-11-04,87.8577004144911,88.7884698464858,86.05705276057077,87.20529174804688,18886500
2020-11-05,87.90988206520728,91.42419052164102,87.85769150091285,90.77178192138672,17837400
2020-11-06,91.36331563959745,91.42420685436684,89.06683748737319,89.56266784667969,12552800
2020-11-09,98.43539421424275,103.42849190091468,95.99103260703018,101.68873596191406,47792400
2020-11-10,102.08020822108264,102.16719471612143,99.7663355971587,101.35820770263672,20539300
2020-11-11,101.68005553295495,101.74094673745647,99.13131231028854,99.84461212158203,14443400
2020-11-12,97.887386675102,99.13131268893582,97.47854288475442,98.61808776855469,22063000
2020-11-13,99.77503039958658,99.91421410207798,98.79207038815692,99.23571014404297,11847900
2020-11-16,102.46295875550767,103.1762586473258,100.67101170361819,102.0367202758789,19858600
2020-11-17,100.3752430426293,101.28861778977526,99.67064383786426,101.00155639648438,14553200
2020-11-18,102.07148271595247,103.17623150742506,100.20994430168788,100.2534408569336,12571200
2020-11-19,99.32268006724406,100.74927959652383,98.78335326504587,100.52310943603516,10202500
2020-11-20,99.5401591156267,100.60141154336574,99.24439708719666,99.66194152832031,12718900
2020-11-23,100.94936140881947,102.79349882925922,100.53181697898499,102.53253936767578,13209200
2020-11-24,104.44626496277671,107.42994716155528,104.1331083105646,107.27336883544922,20121600
2020-11-25,105.57712890522397,106.45570118691397,104.79423712832408,106.1512451171875,11715600
2020-11-27,106.12512861464748,106.42958462350839,105.324842352315,105.44662475585938,5983600
2020-11-30,104.38537323098589,105.01168653223473,102.44554212498701,102.54122924804688,14411800
2020-12-01,104.68113577968693,105.75978948874138,104.06352307545806,104.15921020507812,12668900
2020-12-02,104.12442406705259,106.3948068347733,103.75037615338016,106.15994262695312,10811300
2020-12-03,105.99466128685643,106.02945721254851,104.69854457888673,105.46403503417969,12904400
2020-12-04,106.54269513235377,107.24729441858753,105.85549049167439,106.42090606689453,13583700
2020-12-07,105.38572942028352,106.27300213082354,104.56804191143702,106.02073669433594,9724300
2020-12-08,105.29006264702326,106.41220636962107,105.04649780242423,106.1251449584961,9592100
2020-12-09,107.14289700918273,107.25598542338216,104.76813322401144,105.29875946044922,13073900
2020-12-10,104.37667444447946,105.06387896017965,104.00262658496274,104.6202392578125,13668400
2020-12-11,103.46329674215642,104.40275998641874,102.96746652223028,104.00261688232422,9981600
2020-12-14,105.55101720043633,105.62060904896586,102.74131434165727,102.9065933227539,12112400
2020-12-15,103.76776860434703,105.16827300124214,103.18495181813806,104.66374206542969,12590200
2020-12-16,104.64634239140503,105.32484627546611,104.26359388792709,104.96819305419922,11169400
2020-12-17,105.48142976191531,105.6467021028792,104.02003415686403,104.09832000732422,11618000
2020-12-18,103.63727356870969,104.28098148746604,102.88047725248539,103.5850830078125,28954800
2020-12-21,107.14290696945442,108.7347858267528,105.33355854050254,107.47346496582031,28323600
2020-12-22,107.33426522182144,107.44734699299813,105.78588316479392,105.83807373046875,11788200
2020-12-23,106.80363264057728,110.05697489411979,106.42958479006472,108.795654296875,14973200
2020-12-24,108.81305286736348,109.21320265024592,107.49084102051494,108.31722259521484,4164900
2020-12-28,109.44806198513633,110.17006239900843,108.55208860638471,109.030517578125,8072600
2020-12-29,109.7786120204014,109.84820386021639,108.63907384916423,108.74346160888672,8389200
2020-12-30,109.1610172665916,109.47417396044405,108.64779229628263,109.04793548583984,7398000
2020-12-31,108.81304649121425,110.7615781804298,108.57818232833509,110.53540802001953,8580200
2021-01-04,110.90946857119269,111.22262524867816,108.54339884647756,109.49156951904297,16819900
2021-01-05,109.50908386702426,110.65683545074702,108.44018860916958,110.08734130859375,13731200
2021-01-06,113.79343487711478,116.3254871174699,112.04114253515971,115.256591796875,24909100
2021-01-07,118.88381987650152,121.07417689871171,118.20918617037485,119.04151916503906,21940400
2021-01-08,119.12915618280317,119.46209477681934,117.50828640221737,119.17296600341797,12035100
2021-01-11,117.91128376253545,121.0829159937307,117.49949563243396,120.95149993896484,15937900
2021-01-12,122.16936232544296,124.11440054077842,121.63491464701512,122.85275268554688,18033500
2021-01-13,121.42461690743413,123.352128226408,120.99531552876671,122.96663665771484,14816800
2021-01-14,123.08928799774368,125.06936561072935,122.65997327847361,123.68505859375,18565600
2021-01-15,120.40829852506262,124.10562220867287,120.04032015351709,121.46843719482422,27881000
2021-01-19,122.53734310331886,123.27329991021463,120.75001751958924,120.94275665283203,19843800
2021-01-20,120.75000462600255,121.05664657835982,118.6647805269104,119.12913513183594,16028800
2021-01-21,118.88382395240029,119.29561215620411,117.6835125411178,118.13034057617188,13411700
2021-01-22,116.25536734234154,117.75356374828523,115.82605264221779,117.2191162109375,12933200
2021-01-25,115.77347752224627,116.67590329092846,113.95109939036999,115.75595092773438,14212800
2021-01-26,116.30795286961599,116.67593122923192,115.07258835376963,115.28286743164062,11307800
2021-01-27,113.53933619605681,113.76714186800528,111.5767783002309,112.02361297607422,17603900
2021-01-28,113.81093822166869,115.79978601346961,113.01365847710417,113.99493408203125,13761800
2021-01-29,114.9411674298819,115.40552200946202,112.31273922748396,112.73328399658203,14808100
2021-02-01,113.37288317829048,113.95991067174756,112.56683333399515,113.56563568115234,11080700
2021-02-02,115.59826758096379,117.74481447769602,114.96744378052902,117.0614242553711,12253600
2021-02-03,117.09645915013415,118.94512066573553,116.97379971459607,118.40191650390625,10600800
2021-02-04,118.6910711156851,121.48596890279973,118.6910711156851,121.12674713134766,12419500
2021-02-05,122.12555478654033,122.21317442157415,120.36451242094672,120.89019012451172,10051300
2021-02-08,121.08294965257959,122.9228551440198,121.06542305077994,122.78266906738281,10136400
2021-02-09,122.16057801160603,122.64245920102212,121.38081149377909,122.29200744628906,8614800
2021-02-10,122.65997636996413,123.42221623079415,121.81887350683586,122.36209106445312,10323200
2021-02-11,122.3620961288229,123.14186261897873,121.10044846635118,122.02040100097656,9201000
2021-02-12,121.82763116628227,124.07055408257199,121.78382136252074,123.75514221191406,8324600
2021-02-16,125.77029033439881,127.32106669460741,124.76271818343335,126.73403930664062,12130600
2021-02-17,126.1207238927326,127.37361475555912,125.39352393452384,127.1282958984375,10810100
2021-02-18,126.16451572130087,127.73280486081008,125.63882489157952,127.55757904052734,10587800
2021-02-19,127.79417407734334,130.40507556617715,127.79417407734334,129.6866455078125,11969800
2021-02-22,128.6790551051092,131.5878548574455,128.60896209517492,130.9044647216797,11488400
2021-02-23,132.74439477801974,133.44531171271984,131.06220215606666,131.95587158203125,16234400
2021-02-24,131.51780428457832,134.71572035256767,131.51780428457832,134.27764892578125,15061400
2021-02-25,135.16252148397479,135.71448222639728,131.93830979186203,132.45523071289062,18127700
2021-02-26,131.6842560947168,132.18365050317965,128.36366763365874,128.94192504882812,19829200
2021-03-01,131.00086567324564,132.63049169749863,130.08966974093366,131.85948181152344,14845500
2021-03-02,131.49151219392232,132.98095227069587,131.28123311046045,131.43017578125,14221700
2021-03-03,132.49905115781846,135.78458614346377,132.1398428264004,133.97097778320312,14324100
2021-03-04,133.7081590909672,135.25893565808195,130.21234435326892,131.9120635986328,20093900
2021-03-05,134.24259181587536,134.47915409917874,129.64284242664147,132.2187042236328,18465100
2021-03-08,133.5854728725339,136.20514424721716,132.07850642294116,133.97097778320312,17133300
2021-03-09,132.73568195872076,135.14507552562824,131.26376794218294,133.02481079101562,16238800
2021-03-10,133.0948202378219,136.81842613851634,132.74435519054944,135.91600036621094,14342200
2021-03-11,135.0223792356936,136.80970482149334,134.36527207830144,135.2063751220703,11771500
2021-03-12,137.43175965089253,138.10639334776394,135.86346992681177,136.8096923828125,12849500
2021-03-15,136.98492653158675,137.48432095536938,134.89094585988298,136.1262969970703,12101100
2021-03-16,135.0048533179935,135.45169474336393,133.3401871917287,134.49668884277344,12805600
2021-03-17,136.10001714176914,137.4492845185137,134.0936560445326,135.8809814453125,13952400
2021-03-18,138.08012017804987,141.66354126937128,137.65080536355958,138.12391662597656,21898500
2021-03-19,136.24897327224215,136.62572165918615,132.46404301534375,135.9248046875,54418800
2021-03-22,133.87459812939105,134.89968341441306,131.95584360785915,132.27125549316406,19944800
2021-03-23,131.71055849593208,133.2788483419302,130.5102470489579,130.9483184814453,17076300
2021-03-24,131.42142584483568,134.2075536556844,131.29876638213565,131.96463012695312,13079800
2021-03-25,131.4214269403093,134.02357226323772,130.8344128375747,133.6555938720703,15608300
2021-03-26,135.1888345268158,136.19639338296517,133.6555846516193,135.8809814453125,16754400
2021-03-29,133.27884761095848,134.6894381505867,132.33261171770982,133.7694854736328,17570300
2021-03-30,135.32901387035344,136.5643649767628,134.82084947550763,135.34652709960938,13184300
2021-03-31,134.29519695746177,135.35533586177257,133.27886787659673,133.375244140625,16736700
2021-04-01,133.0860910183831,134.74200043841145,132.7794490480837,134.6719207763672,16561500
2021-04-05,136.07315734826662,136.54906842732942,134.4868229450295,135.3857421875,13508000
2021-04-06,134.65428572119365,135.96743209346246,133.83468034789703,134.4339599609375,13071600
2021-04-07,134.92749528104292,136.80466153503886,134.53089817118018,136.54026794433594,16903500
2021-04-08,135.72066283268921,137.0514255297119,134.2312586019326,136.7077178955078,12335500
2021-04-09,137.3158127759061,138.39981165713579,136.5755215129988,137.7300262451172,12122400
2021-04-12,137.1131463792646,138.58492103344128,137.10433818886318,137.43922424316406,12273400
2021-04-13,136.38165105072645,136.7782347455184,134.33702145895435,135.79998779296875,16113600
2021-04-14,133.4909900584214,135.57086604360262,133.01507882371695,133.26185607910156,19939600
2021-04-15,133.2970976362965,134.1343329153975,131.596189060158,134.10789489746094,17694100
2021-04-16,135.60611082506966,136.17014430082656,134.56617956723807,135.10377502441406,13773400
2021-04-19,135.20950613063405,135.61491143203594,134.15194520854732,134.53089904785156,11900200
2021-04-20,133.728943864153,133.7377520544471,131.00570692997104,131.5521240234375,13716700
2021-04-21,130.2477428358357,132.73302333820973,129.3664399821055,132.67132568359375,12236700
2021-04-22,132.39813618542368,132.45983384574114,129.78066539215624,129.8776092529297,15256100
2021-04-23,129.7101691426233,133.1913267522592,129.27833927890657,132.36289978027344,14041900
2021-04-26,132.8828678421098,134.36346390359387,132.53035201431763,132.68898010253906,10799100
2021-04-27,132.63611132408963,133.57911205879174,132.29240366653653,133.29708862304688,12821200
2021-04-28,134.33707036782874,134.74247584745697,133.42932894460708,134.1608123779297,8943700
2021-04-29,135.3152512200404,136.8487232190457,135.01561143960987,136.7694091796875,12976900
2021-04-30,135.8087469262448,136.1524544298939,134.84811679505125,135.55316162109375,11705100
2021-05-03,136.46974699449717,137.02495862646938,134.95390506897172,135.15660095214844,11801100
2021-05-04,134.72477740470512,137.1659903368525,134.08143001777225,137.0249786376953,12977700
2021-05-05,137.48327631145713,139.4926461971229,136.27589543170305,138.82286071777344,10506700
2021-05-06,139.30755264808684,141.73113556724536,138.50556380013776,141.61656188964844,13542400
2021-05-07,138.5584909686602,142.3304676103255,138.38223301718065,142.10133361816406,14257800
2021-05-10,142.33044297810824,144.29574501984152,141.9955435149222,142.08367919921875,14014300
2021-05-11,141.9603038867387,143.11480878737748,139.28113495236022,139.72178649902344,15451700
2021-05-12,140.6647718755699,141.69589476824692,138.3910085298142,138.7611541748047,14381700
2021-05-13,139.40448182866254,143.16764885717976,138.9638303926924,142.33041381835938,15395000
2021-05-14,143.11478921484266,144.930271187189,142.76227340476973,144.54249572753906,10584000
2021-05-17,143.97847933616563,145.28281757195668,143.67883951751813,145.12417602539062,9886800
2021-05-18,145.1329836530124,145.85565862795906,142.98261545020628,143.07955932617188,11098100
2021-05-19,141.88979623535718,142.0484243352979,139.80992042344351,141.9867401123047,13278900
2021-05-20,141.73997497558594,142.6477160658073,140.58547010050546,141.73997497558594,10426000
2021-05-21,142.18941110750353,143.84626491458127,141.83689531551977,143.3527374267578,10249000
2021-05-24,143.96966780317297,144.736397158853,142.87684717230903,144.1282958984375,9440300
2021-05-25,144.401475921806,146.03187810959457,142.3832848846244,142.6388702392578,12609100
2021-05-26,144.1547490322142,144.30456893979465,142.16299549558775,142.62127685546875,13058300
2021-05-27,144.48960335056196,145.19464833854215,143.27341453010115,144.84213256835938,15707500
2021-05-28,145.13298606170358,145.36213347103492,143.88153729058948,144.74522399902344,10291300
2021-06-01,146.1817210196348,147.09828364968973,145.8380133952683,146.34036254882812,9445400
2021-06-02,147.40672772886623,147.56536925386732,145.88207737877292,146.3491668701172,10498600
2021-06-03,145.77633576178008,147.3979300911092,145.1153584967975,146.4461212158203,13354400
2021-06-04,146.48138609475447,146.8867779677455,145.44144150130873,146.68408203125,8510800
2021-06-07,147.17760111871993,147.26573679783766,145.538376999493,145.9966583251953,7267200
2021-06-08,144.96554881419817,146.08479404616818,143.79341410130377,145.41500854492188,10370700
2021-06-09,144.65706339730087,144.7275692459046,143.01783939820774,143.59950256347656,12377400
2021-06-10,144.85095814491547,145.62650906955795,141.28167839097026,141.36099243164062,12119400
2021-06-11,141.38743522803742,142.06604231005542,140.1800544093801,141.26405334472656,13683800
2021-06-14,141.14064711935933,141.29928862632244,138.0649087559953,138.8668975830078,19917900
2021-06-15,138.10018929905132,138.2940770515518,135.83524738683082,136.76060485839844,24485500
2021-06-16,136.3640077894381,138.9109728909911,134.93630124979595,137.72122192382812,25321200
2021-06-17,138.45270441822342,138.7699740309473,133.2970765733641,133.7465362548828,29722400
2021-06-18,131.57853762087572,131.93105343387572,130.04506559433165,130.36233520507812,43595700
2021-06-21,131.3846357699513,133.252993583774,131.33175974844534,132.5743865966797,18664800
2021-06-22,132.72427719372666,133.0503550987977,131.01454670664603,132.3805694580078,14251200
2021-06-23,132.37166769962107,133.99326149959768,132.27472386116526,133.18246459960938,12733300
2021-06-24,133.88752053434294,134.94508121091863,133.27061126030827,134.40748596191406,13733200
2021-06-25,134.47801648290576,136.16130837700075,133.66721936712557,135.7647247314453,15484900
2021-06-28,135.456264690176,136.14367993548683,134.06380437470588,136.01148986816406,14125800
2021-06-29,136.60196101277418,137.75646575745708,135.37695041643522,135.8440399169922,14528700
2021-06-30,135.50033911419163,137.55377676131098,135.4650929103979,137.07786560058594,12531000
2021-07-01,137.7123989533502,138.4879498797741,136.97210767682716,138.43507385253906,10479400
2021-07-02,138.23119661937855,138.55916698189034,137.49549832795094,138.30210876464844,11424000
2021-07-06,138.08050182244278,138.08050182244278,135.04021992726715,135.9797821044922,15083400
2021-07-07,134.73887384787457,136.75096404163807,134.3311458505284,136.1393585205078,12271800
2021-07-08,134.3842944909461,135.19976381598372,132.99266909841674,133.79042053222656,17834600
2021-07-09,135.66069642007983,138.40847105912547,135.24409601728655,138.0716552734375,13694500
2021-07-12,136.81300660814867,141.07649997871405,136.4495869028335,140.0482940673828,19940400
2021-07-13,138.31983170070205,139.50757962964707,136.0595562373403,137.96527099609375,22671700
2021-07-14,138.23118160998163,139.4100705375085,135.57203731408546,137.4954833984375,14622800
2021-07-15,136.4141084882826,138.74529617923216,136.23683489194195,137.796875,11539300
2021-07-16,138.2400863803639,138.52372147180876,133.86135891934174,134.65023803710938,14002700
2021-07-19,131.671999551726,132.79770805767538,129.15467885938415,130.27151489257812,22172900
2021-07-20,129.87263584394012,133.94998308965623,129.70422117589024,132.7001953125,15385200
2021-07-21,134.7743273668526,136.19252983685018,134.16272188802625,135.49229431152344,12356700
2021-07-22,135.51002540099716,136.0063969405435,132.93065165966516,133.7815704345703,9913300
2021-07-23,134.26907815633373,135.4745576479783,133.17883259830012,133.52452087402344,9666100
2021-07-26,133.1256596764838,134.69455895453981,133.10792825678593,134.41976928710938,8208000
2021-07-27,133.31177412347188,135.16432176442302,132.7799533308235,134.2424774169922,11218700
2021-07-28,134.98702737014526,135.4125002114744,133.73723978342588,134.4640655517578,9217300
2021-07-29,135.74047166167065,136.3875264139371,134.65022612906373,135.6163787841797,9063500
2021-07-30,135.24409633688512,136.2102489647489,134.02088548961353,134.5349884033203,9805200
2021-08-02,134.75656651810192,136.90160793654317,133.90564792695702,133.99427795410156,10203200
2021-08-03,134.68567429807973,135.90002622298712,132.5317736159463,135.5188751220703,10394800
2021-08-04,134.0652249142803,135.94434968917562,133.76385839851608,134.05636596679688,10155000
2021-08-05,134.9782265111831,136.22802816085104,134.7388996255818,135.74937438964844,9151500
2021-08-06,137.55756319917384,139.8887511442105,137.48665104788685,139.6051025390625,13328800
2021-08-09,139.62283666900805,140.53580865625037,138.18688924650905,139.4544219970703,9516900
2021-08-10,138.93145869175157,141.80332645768948,138.55030756565003,141.16513061523438,8667000
2021-08-11,141.82103739690896,143.150609622505,141.00556805488972,142.8492431640625,9156500
2021-08-12,143.48746895549382,143.9217873173834,142.30857971230188,143.40768432617188,8844200
2021-08-13,143.40767805504467,143.73564845542185,141.43992327833328,141.80332946777344,8980900
2021-08-16,140.88146158137766,140.96123266118295,138.96687451541055,140.87258911132812,8755800
2021-08-17,139.6671001936133,140.8105260562058,137.62842061156252,139.17071533203125,9347200
2021-08-18,138.5503140973809,140.05716020333935,137.69052281145957,137.90325927734375,8065500
2021-08-19,135.7582030253929,137.88551336012904,135.6252376762786,136.75094604492188,9517700
2021-08-20,136.81295816618055,137.30045705789345,135.75816226209372,137.1409149169922,6974100
2021-08-23,137.68167273699555,139.24169967868488,137.60190162906457,138.89601135253906,7934600
2021-08-24,139.1618938473314,140.53578786103688,139.04665992566524,139.75576782226562,7670900
2021-08-25,140.50032252927784,143.39879373535098,139.87099925700173,142.63650512695312,11335000
2021-08-26,143.82427264451462,145.2158982398354,142.84038853368375,143.37222290039062,11027500
2021-08-27,143.37220696551307,144.6220081207902,142.93787516347194,144.52450561523438,8780200
2021-08-30,144.66635579939285,144.91454158067384,141.71470326653957,142.21107482910156,7937600
2021-08-31,142.21109586004405,143.0354244286812,141.24494295966954,141.77676391601562,12340800
2021-09-01,142.0160821010958,142.4947222850504,140.90810493673519,141.57289123535156,8729900
2021-09-02,141.83878023493943,143.24812366153026,141.3158048383445,142.22879028320312,8813300
2021-09-03,142.1667413091675,142.6099320998969,141.06762327911918,141.36900329589844,7959700
2021-09-07,141.8121956509525,143.0442655217667,140.89922369398778,141.12081909179688,9285600
2021-09-08,140.83718917994358,141.4487947230756,140.083759317367,140.4915008544922,7852700
2021-09-09,140.28763410450676,142.55676907078993,140.11921941909944,141.1031036376953,7904300
2021-09-10,142.317436663375,142.45926097450112,139.35692517544857,139.48101806640625,8311600
2021-09-13,140.518071320401,141.86537511406553,140.11034336613898,141.69696044921875,10052800
2021-09-14,142.21989803076553,143.00877696408253,138.50595766741557,139.22393798828125,11685600
2021-09-15,138.913732776238,140.65990570254004,138.69213736452565,140.19012451171875,11691500
2021-09-16,141.29808186049829,142.57447341793414,139.35690416065694,140.1280517578125,10880900
2021-09-17,139.49871431000017,140.9435068493016,139.16188503728958,139.76461791992188,25581600
2021-09-20,136.40524564412402,136.99911961370339,133.39155401713145,135.58091735839844,15819900
2021-09-21,136.08620657816653,136.9903198670116,135.24414651189272,135.59869384765625,8999900
2021-09-22,137.5664181337603,139.38350307279964,137.47778809106907,138.1957550048828,11236200
2021-09-23,140.04828699778437,143.33676854859056,139.7557794588898,142.86697387695312,12336100
2021-09-24,143.09742280151156,145.00313750030534,142.54787063304417,144.515625,10102400
2021-09-27,146.25294874872534,148.38025895684527,145.90726050177815,148.0079803466797,13220900
2021-09-28,148.6461692435583,150.06438500015915,146.83795700274467,147.21023559570312,13387900
2021-09-29,147.3254843400693,147.9370762524775,146.2884060176907,147.0950164794922,7777100
2021-09-30,147.954789910741,148.0168431042506,144.29403019668692,145.09178161621094,13161200
2021-10-01,145.36659693863763,149.17804090485586,145.01204967322204,148.14097595214844,11285000
2021-10-04,147.99911569384176,151.07486048851172,146.8999977978,147.98138427734375,14120000
2021-10-05,149.1049843200802,151.7177257496521,148.62344635948992,150.39797973632812,12292900
2021-10-06,149.80052072885388,150.79033359868424,148.02598742698203,150.718994140625,8692600
2021-10-07,152.66292370438245,152.93935556466133,151.18266075499577,151.67311096191406,10195400
2021-10-08,151.6107358946688,152.7878030831522,150.9686942985462,151.78907775878906,8190100
2021-10-11,152.30624962233819,152.74318506505367,148.43617612240683,148.5966796875,12154700
2021-10-12,147.80307841177563,148.64130015871032,146.92919373388324,147.45530700683594,13032600
2021-10-13,146.30496301898236,147.4998682783772,143.21068388442018,143.56736755371094,22753500
2021-10-14,144.23617876408196,146.2514676153576,142.72916488927265,145.7699432373047,15176800
2021-10-15,147.44638038353847,149.06930891373983,146.36738973573767,148.5699462890625,14267400
2021-10-18,148.45403709396345,150.35341138515983,147.9457620735637,148.51646423339844,12672900
2021-10-19,149.27439085896674,150.38904435584257,148.54318524045345,150.31771850585938,8053900
2021-10-20,150.0769640661393,152.36868480208688,149.32792010932766,152.34193420410156,8185600
2021-10-21,152.27059966294442,152.77888825431927,150.41581437187298,151.14703369140625,8415200
2021-10-22,151.6196303252835,153.45657716141443,151.32536016125133,153.18014526367188,8817900
2021-10-25,154.0094444092062,154.23237509999177,152.0208928506401,152.43109130859375,10159200
2021-10-26,152.48460963226674,153.81328159703315,152.07441112821843,152.84129333496094,8015100
2021-10-27,151.87823155116794,152.21707695759522,149.22088785023087,149.6578369140625,9847000
2021-10-28,150.07691773919964,152.04761708438085,149.77373531788055,151.9138641357422,7212900
2021-10-29,152.64508251076484,153.59031998532373,151.0489048933667,151.49476623535156,8140100
2021-11-01,153.41195498402257,153.67056216592673,150.7100365088339,151.4145050048828,7435500
2021-11-02,151.41452554022447,153.0998809920009,150.62980516678888,152.01197814941406,7173800
2021-11-03,151.7087765929071,152.60049922994227,150.83487861185517,152.06546020507812,8402700
2021-11-04,151.59287565305922,151.77121749132905,148.46293353060216,150.06802368164062,9574200
2021-11-05,150.611975380586,151.6731276889618,149.28331711767015,149.85401916503906,7975600
2021-11-08,150.7457568589579,152.41327430453094,150.46932494088017,150.75466918945312,6413700
2021-11-09,149.2298164584749,150.2285416432765,148.56102435652167,149.61325073242188,7990300
2021-11-10,149.31898980167068,150.65657408823077,148.99796902863181,149.4705810546875,6999200
2021-11-11,149.38140287902908,150.41579095562895,148.82852550677035,149.46165466308594,5815300
2021-11-12,149.4973016087992,149.57756699088696,147.7762833704556,148.7928466796875,8113400
2021-11-15,149.10497282267738,149.6221600640078,148.02598226623803,148.5253448486328,6492500
2021-11-16,148.97123329486502,148.9801592325637,147.2412886012529,147.45530700683594,9706100
2021-11-17,147.32151606149384,147.63361084847645,145.69857418539243,146.66163635253906,9909600
2021-11-18,146.59027548399607,147.0004738607869,144.95842151753504,145.39537048339844,8122500
2021-11-19,143.83489173619805,144.5571850340446,142.18519909778507,143.49603271484375,12193600
2021-11-22,146.38519698024632,148.00812516651015,145.3418830876607,146.55462646484375,14549900
2021-11-23,147.58013924597208,150.30880912989716,147.4642109154094,150.0591278076172,12354400
2021-11-24,150.21963380444038,151.09351836726648,148.4183498794795,148.88204956054688,9629800
2021-11-26,144.58391997810585,145.03869366284258,141.62340764972922,144.3966522216797,13619300
2021-11-29,145.62723050902432,146.93806395349284,142.51512702526043,143.77244567871094,12104400
2021-11-30,141.92660964580276,143.2374433014271,141.15080152706733,141.63233947753906,18922600
2021-12-01,143.56737162742732,145.59158620494438,140.7138613723036,140.7941131591797,12253400
2021-12-02,142.52404172476034,145.57373174631584,141.60556842616066,143.75462341308594,12969900
2021-12-03,144.0132856254759,144.30755589143632,140.1699611087523,141.15084838867188,12681800
2021-12-06,143.576285083772,145.00304702583506,142.19412561024816,142.81832885742188,11186500
2021-12-07,144.3520858229234,145.69858230221814,143.71004434239103,144.96737670898438,9851600
2021-12-08,145.04764903420445,145.59160054317354,142.8272541323578,143.3087921142578,11705700
2021-12-09,142.36353905237672,143.50494314363885,141.47181625566503,143.08584594726562,11189600
2021-12-10,143.85270544440084,144.1915508012989,141.89983065006132,142.51512145996094,10405400
2021-12-13,142.22978546192576,142.48837908494812,140.25015977323721,140.82086181640625,12069000
2021-12-14,140.40175515575305,143.4692838307284,140.2680021755229,141.8998565673828,12563600
2021-12-15,142.54187768849673,142.54187768849673,140.3125709595969,140.83868408203125,14014200
2021-12-16,143.02340624261961,144.29857680521405,141.51639267164842,143.04124450683594,19542800
2021-12-17,142.06927491426154,142.12277610214872,138.37752967073413,139.7864532470703,28082000
2021-12-20,137.78007971088095,137.94950921352105,135.3991815578562,137.2718048095703,15148000
2021-12-21,138.5826456384304,140.16098522073239,138.29728780708814,139.1890106201172,11291300
2021-12-22,138.88583718511464,140.0539919692928,138.4310634191967,139.73297119140625,7273000
2021-12-23,140.54445405478066,141.89095080477836,140.18777031904727,140.2323455810547,8055200
2021-12-27,140.53551899986942,141.0705445169588,139.41193956142254,141.03488159179688,6188100
2021-12-28,141.07051523781357,142.80937161902253,140.96351287792604,141.46287536621094,6342300
2021-12-29,141.65016300099873,142.34570565118904,141.02594619634814,141.3915557861328,6398900
2021-12-30,141.88201064714664,142.88966173255616,141.222130898185,141.32022094726562,6948200
2021-12-31,141.2934487674872,142.04249251515856,140.85651338464936,141.20428466796875,5805900
2022-01-03,142.5508074096061,145.02979570607448,142.23869898683654,144.1915740966797,13120900
2022-01-04,146.51896889524988,150.32662900404017,146.44762943952574,149.6578369140625,20195800
2022-01-05,150.5459455243577,151.03035618035662,146.87692731344697,146.92178344726562,17539400
2022-01-06,149.72960509641362,150.14224866124152,147.00251104013205,148.48268127441406,14047500
2022-01-07,148.6172517115506,150.28579871431185,148.0700396921458,149.95388793945312,13913300
2022-01-10,151.66725014479462,151.88253764306427,148.49162266364252,150.09738159179688,12922500
2022-01-11,150.94062555020676,151.17387194242036,149.19134604944753,150.24989318847656,11854100
2022-01-12,151.12010278801276,152.13378046417392,149.9718429916434,151.10215759277344,12568000
2022-01-13,151.0124048217435,152.3310957107685,150.6087270102025,150.91372680664062,13623400
2022-01-14,144.21262668620088,144.45483884518694,140.7499441404792,141.63804626464844,40158400
2022-01-18,139.74520269960072,139.74520269960072,135.04456310833535,135.69943237304688,32324800
2022-01-19,135.9685835962169,136.5606379872775,133.25943479672728,133.60031127929688,22380000
2022-01-20,133.6541308190506,135.10737621361324,132.19190598643854,132.46102905273438,14860800
2022-01-21,132.31750901849324,132.32647476932985,129.41998367064005,130.1466064453125,20705400
2022-01-24,127.6348439332284,130.505459020239,125.20379712835866,130.03001403808594,28471400
2022-01-25,128.8638122263015,131.73444076573537,126.29819720869814,131.44737243652344,18915900
2022-01-26,133.41193192091282,135.07151292084316,130.93602957942716,132.69427490234375,20709100
2022-01-27,134.0399011384233,134.9010924554884,129.29441736258735,130.3529510498047,17536800
2022-01-28,129.34821668802778,131.65367396618265,127.53613578143928,131.5191192626953,14117000
2022-01-31,130.64897881203532,133.47473744678217,129.77882178469122,133.30430603027344,13985700
2022-02-01,133.3850326915344,135.87888044168872,133.03517674638817,135.59181213378906,14584900
2022-02-02,135.0087034324032,135.40341545314305,132.82883525627386,134.50634765625,12441100
2022-02-03,134.56020362018114,136.0403603847344,133.0262112761155,133.39401245117188,12474900
2022-02-04,133.75284189376575,137.6999355482182,133.45680781645615,136.856689453125,16654400
2022-02-07,137.49358929406347,137.80755481973785,135.3226868013496,137.31417846679688,12572300
2022-02-08,139.04552383242864,142.16731627675307,138.866112990924,139.89773559570312,20411400
2022-02-09,140.47184026392864,141.22537391331863,139.78110792940515,140.48081970214844,9131100
2022-02-10,140.53465982443993,142.66070635701823,139.24287986453473,139.89773559570312,16455600
2022-02-11,139.59272220121784,141.90715878928052,137.22446373476254,138.07667541503906,16830000
2022-02-14,137.00915652268097,137.86136816557251,134.8472336024617,136.7938690185547,17026500
2022-02-15,138.60595176538595,139.88876593825424,138.01389737377,138.79434204101562,9500000
2022-02-16,137.91520126799364,140.03228171250873,137.91520126799364,139.04550170898438,9076500
2022-02-17,137.25139024977136,137.9062459914781,135.16122037658988,135.84298706054688,11367500
2022-02-18,136.47093842391266,138.27403990140297,135.5738705606135,136.4799041748047,11733300
2022-02-22,135.09841987533693,137.46667838502256,134.9279747985366,136.23768615722656,11333500
2022-02-23,137.35902915525605,137.52050849121017,132.73913505693665,133.38502502441406,11799000
2022-02-24,128.22689316888548,130.0658851782874,125.39215520138974,129.67117309570312,25655100
2022-02-25,130.29911000538084,134.6768056546227,129.99411021032242,132.7391357421875,18367700
2022-02-28,128.77407692031176,130.1286442810831,126.37890769512624,127.20420837402344,31315300
2022-03-01,125.62537757109381,126.02008962110743,119.83032683874998,122.4049072265625,36840400
2022-03-02,123.15844116588752,125.62537779469424,122.54844158799477,124.94361114501953,19405600
2022-03-03,125.44596171550761,126.46861849135587,122.95211425005012,124.05550384521484,16640800
2022-03-04,121.0503652709662,121.48095410375014,118.77180475079963,120.5659408569336,21016000
2022-03-07,118.56546192179273,119.0319410594169,115.6769022077085,115.91014862060547,27560100
2022-03-08,116.29587870181693,118.22456915671027,114.16982537539673,115.09381103515625,19207800
2022-03-09,119.22030290457964,121.3194519201445,118.8076593897075,119.70472717285156,17536200
2022-03-10,118.28739929199219,119.71373427471862,116.90592045155087,118.28739929199219,15604200
2022-03-11,118.8525350472462,120.27886977167104,115.20146199955721,115.62308502197266,20061800
2022-03-14,116.13439845348718,119.23824524362227,115.92806301281361,116.77130889892578,15786900
2022-03-15,118.2335368532026,119.80340547765059,117.63250307956554,118.84353637695312,15096600
2022-03-16,120.98755638758453,124.23495184501412,120.59284427875663,124.15420532226562,20354900
2022-03-17,122.77272015596984,125.75995807135548,121.92947409305869,125.72406768798828,17050500
2022-03-18,125.75993966664973,126.35200771202503,124.20801617331925,125.67920684814453,23656500
2022-03-21,125.90348644062438,126.27127388012174,124.45022712081358,125.27552795410156,12676100
2022-03-22,127.62585378428568,129.11497609316,127.132463702353,127.9398193359375,13548600
2022-03-23,126.46862193420927,127.01583387142114,124.8718422528046,125.39214324951172,12093200
2022-03-24,125.85861730490188,126.2264183945711,124.79110441390361,126.2084732055664,10017600
2022-03-25,126.56728363770694,128.44215192153672,126.30714001695651,127.31185150146484,8383500
2022-03-28,125.58952740321332,126.45968450956079,123.70567901689624,126.3699722290039,10818100
2022-03-29,128.59469017882293,128.81895715598296,125.8048084354255,126.64804077148438,11316500
2022-03-30,127.29389562315141,127.49125160362861,125.50873973815247,126.07388305664062,8771000
2022-03-31,125.43701853268905,125.90349771961326,122.23447924193715,122.28831481933594,17353900
2022-04-01,123.25710868857904,123.26608812689341,120.02767286225253,121.38224029541016,15721300
2022-04-04,120.31475755865607,122.84449592638089,119.21136773503028,121.92051696777344,17416400
2022-04-05,121.16138677504424,122.36331866647915,120.20343483995678,120.50166320800781,12110300
2022-04-06,118.91112708700985,119.7967662029885,118.35082675909324,118.82979583740234,12914700
2022-04-07,118.34176475033891,119.21837153875572,116.33551146031589,118.4682846069336,12994200
2022-04-08,118.9924653046347,121.0077511930586,118.82980279589442,120.63723754882812,13126900
2022-04-11,120.19441223144531,121.91146974746992,119.80582037483363,120.19441223144531,10466400
2022-04-12,119.41720538697705,121.62227784070798,118.11585024775015,118.87496948242188,12989900
2022-04-13,114.7178665093217,116.80545108839034,113.87740921602654,115.04320526123047,30838000
2022-04-14,114.32023197182036,115.9469257775669,112.98272740989371,113.97682189941406,18835200
2022-04-18,113.57015833327083,116.79643590922333,113.45267755927001,116.09153747558594,11834400
2022-04-19,116.08249105977335,118.67616923591996,115.88367213924273,118.49541473388672,15015400
2022-04-20,119.76062934387755,120.65530071190196,118.69423568013787,118.9111328125,13430200
2022-04-21,119.48951593187158,120.02270588925519,117.44711956870901,117.98934173583984,12174200
2022-04-22,117.73629551729815,117.95319264604935,114.49195353307734,114.60039520263672,14318800
2022-04-25,113.87742689939034,114.88055372440961,111.25664516641041,114.56424713134766,17149000
2022-04-26,112.63932512452813,114.23890862656471,111.03974851730746,111.17530059814453,17209500
2022-04-27,110.55174092550332,111.66330936313132,109.54861415311751,109.72935485839844,17215200
2022-04-28,110.98551611682517,111.74464221162738,109.47630992531687,111.46448516845703,13015600
2022-04-29,111.20241774955869,111.70849723680001,107.45198953422596,107.8676986694336,14874800
2022-05-02,108.33762647553962,109.08771348260495,106.83745935622471,108.85274505615234,18545000
2022-05-03,109.82875790631172,112.21457092985223,109.15096995883282,111.18433380126953,15720900
2022-05-04,110.9764847378184,115.13358284670139,110.92225701254574,114.86246490478516,17128500
2022-05-05,113.19057771608482,113.9587359463727,110.39809491667222,111.98863220214844,15055400
2022-05-06,111.88020614431191,112.32302569727985,109.51246430133546,111.80790710449219,14417900
2022-05-09,110.35292059808538,111.45545681268602,108.89793518633415,110.12699127197266,14312300
2022-05-10,111.25664333112601,111.86213229989619,106.24100928876732,107.44295501708984,16382400
2022-05-11,107.81345955949823,111.0578008427587,106.58440367471825,106.76514434814453,14630300
2022-05-12,105.73492262246667,106.92782916600444,104.26186592618477,106.67478942871094,16318800
2022-05-13,107.91288389324319,108.67200310019037,106.602489698181,107.62368774414062,10443200
2022-05-16,107.12665884232258,107.95807717553483,105.94279128318739,106.87361907958984,10269000
2022-05-17,109.38594626877723,111.13012098857104,109.17808824950363,110.41618347167969,11160200
2022-05-18,109.62090876078413,110.22639768329066,108.02132531497953,108.52740478515625,12664900
2022-05-19,106.81034343845045,108.1297697893354,106.3042570925601,106.91878509521484,12765800
2022-05-20,107.95807381611333,108.14785363225734,103.94556657530786,106.04219055175781,13150100
2022-05-23,108.8617832949212,114.3834964563956,108.85274419152519,112.6031723022461,24376700
2022-05-24,112.38627585776631,115.21490832021583,111.25662931440247,114.19371032714844,19324900
2022-05-25,114.12140783328273,115.54928267555495,113.11828118160675,114.98897552490234,12780400
2022-05-26,116.01019626031209,117.65496851947651,115.86561195888231,116.97718048095703,15990900
2022-05-27,117.62785462635095,118.6309814453125,116.7060590600973,118.6309814453125,11177800
2022-05-31,117.64591943764148,120.32996110302054,117.22118496442737,119.49854278564453,17015000
2022-06-01,120.07691976449294,120.07691976449294,116.28130965612804,117.40192413330078,10768000
2022-06-02,117.39286063613095,119.29970451012328,116.28129232350196,119.2906723022461,8374800
2022-06-03,118.57674398555068,119.08282342873453,117.47420786020129,117.62783813476562,8596000
2022-06-06,118.46831406343084,119.6431494751437,116.99526403601905,117.2392578125,11323500
2022-06-07,116.42590955324057,117.77245338864657,116.23612283953442,117.54652404785156,6722200
2022-06-08,116.5795367360115,116.98620678065254,114.68173170299315,115.67581939697266,8422100
2022-06-09,115.10647432759116,115.76619098655297,113.20866249254672,113.24481201171875,13560100
2022-06-10,110.7867003434973,111.51871604395458,107.83154781032387,108.0394058227539,12945200
2022-06-13,105.60839527998199,106.59344374399414,103.98170151990705,104.82215881347656,16805600
2022-06-14,104.42453134213635,106.02410784622846,102.31886848788942,103.07798767089844,13357900
2022-06-15,104.4877992193629,105.68973801718992,102.2736876442601,104.29801940917969,14083500
2022-06-16,102.89725044105892,103.2587387333875,101.09885497761422,102.50865173339844,16724900
2022-06-17,102.60807646361539,103.59312513968992,101.36094890895174,102.14717864990234,30919900
2022-06-21,104.71370841222056,105.7620167185101,103.96362152468716,104.67755889892578,11680500
2022-06-22,103.81904622285296,105.01195284374018,103.3762266538764,104.09016418457031,9842700
2022-06-23,103.93652482790742,104.09015510857078,100.7464039779636,102.95146942138672,11851500
2022-06-24,102.3279085951846,106.47596751765342,101.96642031147374,106.02410888671875,14841100
2022-06-27,106.69286698952862,107.09050482560198,104.50587268075745,105.17462158203125,11280500
2022-06-28,106.34041663724126,107.80444119495111,104.46972203868671,104.66854095458984,11590900
2022-06-29,104.8312154319951,105.57226340322173,103.68349740020885,104.19861602783203,9338400
2022-06-30,102.27367280417799,103.09605875712498,100.24934822780729,101.76759338378906,15172600
2022-07-01,101.80375648256306,103.40333308961966,100.45721961946425,103.06896209716797,10573600
2022-07-05,100.99024674215688,102.75896869914422,99.650037118661,102.67691802978516,12514200
2022-07-06,101.86550523822852,103.01425645258415,101.00849440190805,102.0113754272461,10656200
2022-07-07,103.47922576144309,104.75562288886854,103.38805602858515,104.59151458740234,10347400
2022-07-08,104.99266980949216,105.43940636977449,103.57951460419706,104.26329803466797,8807800
2022-07-11,103.52481970997854,104.14478366510028,102.31224202549255,102.89573669433594,7939500
2022-07-12,102.64045824039744,105.01090619267762,102.34871090712919,102.99602508544922,11250900
2022-07-13,101.88374777785626,102.54930015275389,100.63470067013604,102.02962493896484,12979900
2022-07-14,98.45570942983613,98.67452516799676,96.69610619801097,98.46482849121094,26204800
2022-07-15,99.52241105012891,103.82568263852335,98.16395617487412,102.97779083251953,18863900
2022-07-18,104.6370998640652,105.61263064908424,101.46434852556438,101.92020416259766,13977900
2022-07-19,103.14189317339459,104.79209529728033,102.72250682510133,104.44564056396484,11862300
2022-07-20,104.02627393965732,104.60976870494325,103.4610172984276,104.42742919921875,11667500
2022-07-21,104.33625391331232,105.33001599168142,103.36072300222634,105.13855743408203,11595900
2022-07-22,105.06560059004582,105.98643088341088,103.63421423183108,104.62798309326172,7645500
2022-07-25,105.6126351020783,106.17789861992284,104.63710427592753,105.04737854003906,9394000
2022-07-26,104.46388424156075,105.37559555742885,103.05072891964305,103.40629577636719,10675100
2022-07-27,103.94419664495763,105.52145313762384,103.2968825227635,105.06559753417969,9337400
2022-07-28,105.07472391040734,105.7402761983333,103.50657941243819,104.67356872558594,10384800
2022-07-29,105.38469272944357,106.21435324810757,104.65532795358294,105.17500305175781,12944500
2022-08-01,104.3909229376369,104.94706727569036,103.08717576158098,104.12652587890625,14740400
2022-08-02,103.8621635871053,104.29978813048234,102.35783834874233,102.50371551513672,14942900
2022-08-03,103.43364403265252,104.02625776783941,101.84726832088568,103.57952117919922,14394500
2022-08-04,102.88661695238581,103.315122368562,101.21818363417832,102.43988037109375,18033900
2022-08-05,102.59485793934842,105.93172419585717,102.1572404683401,105.53968811035156,14174600
2022-08-08,105.98644144484655,106.39670875843993,104.0991992818673,104.25418853759766,10332500
2022-08-09,104.61886933203517,105.74938937109145,104.27242154988383,105.19324493408203,10233800
2022-08-10,107.54544866030962,108.83096474738284,107.12606235726703,107.93748474121094,12847300
2022-08-11,109.31418074861277,110.49940120536078,108.77626749172022,109.53298950195312,11684900
2022-08-12,110.01620755405946,111.4567131645571,108.89480648250156,111.34730529785156,9906700
2022-08-15,110.44471177405394,111.885217368511,109.95238681306967,111.6481704711914,8456200
2022-08-16,111.49316927609387,113.27100342615174,111.11025222158983,112.71485900878906,9555000
2022-08-17,111.50228010593575,112.28635227726771,110.94613572962346,111.76667022705078,8149300
2022-08-18,111.44759151026271,111.65728817761779,109.90680408589245,110.90056610107422,9531800
2022-08-19,109.97062932160222,110.30795808098316,107.68223180680734,108.15631866455078,13464500
2022-08-22,106.44228518581733,106.81609012568435,105.3026461581319,106.36934661865234,8967600
2022-08-23,106.38759219568678,106.93461757615913,105.19324568100646,105.32088470458984,7607000
2022-08-24,105.11120475773389,106.13232399695971,104.34536358936309,105.57617950439453,9771300
2022-08-25,105.9043771653364,108.25658679346095,105.46675272533386,108.08336639404297,10758900
2022-08-26,108.91302674356575,109.39623260047188,104.48210944484156,104.54592895507812,11276200
2022-08-29,103.9350749793608,104.7191471540905,103.44275010528837,104.29064178466797,8117300
2022-08-30,104.84679761492905,105.37559182881495,103.3515916662762,104.30889129638672,10745400
2022-08-31,104.3727024754996,104.87413946796919,103.33334529582191,103.68891906738281,10738300
2022-09-01,103.28776611772071,104.5094558275641,102.02960712396792,104.40005493164062,9979800
2022-09-02,105.64000776502449,107.0805065634678,103.19662081121355,103.67070770263672,10666600
2022-09-06,104.23595712027515,104.61887420614619,102.17548758479874,103.69804382324219,9751900
2022-09-07,103.1418914466694,105.8587940384996,102.80456273510525,105.6673355102539,10647900
2022-09-08,105.10207097790298,108.30217938839108,104.50945727880448,108.12895202636719,11435000
2022-09-09,108.6212780102312,109.45093858836361,108.19277260884894,108.64862823486328,9299700
2022-09-12,109.97061235072863,110.81850408276097,109.21389035159987,109.93414306640625,8614600
2022-09-13,107.64574218725726,108.42069532388211,105.55792268358492,106.11406707763672,12904600
2022-09-14,106.39670719576539,107.43605753368846,104.73739288822108,105.867919921875,9345700
2022-09-15,105.86789216001696,108.8400652458647,105.5396756177093,107.46338653564453,10821400
2022-09-16,107.02579234861582,107.0349114095308,105.1841385246974,106.7431640625,14844100
2022-09-19,105.75850642596968,108.24748123258331,105.31176985507157,107.7278060913086,8201300
2022-09-20,107.04402106759404,107.29929910434645,104.51857701299748,105.603515625,9619000
2022-09-21,106.25084449626627,106.30554495291823,102.49459112650202,102.55841064453125,12606300
2022-09-22,103.3698226400101,103.57040023496134,101.26377180463231,101.39141082763672,11684500
2022-09-23,100.33383392188415,100.59822408455982,97.69898875373855,99.5041732788086,18138600
2022-09-26,98.46482609102877,99.9326819253317,96.69610384094324,97.36165618896484,15753600
2022-09-27,98.23687598164938,98.619792993577,95.41057282020589,96.50462341308594,12793600
2022-09-28,96.59580431812306,99.1303674402746,96.31317605600384,98.45569610595703,12762600
2022-09-29,97.50753073066873,97.80839715984979,95.18267085124788,96.78728485107422,12713900
2022-09-30,96.69609393780543,98.11836823229466,95.1826568643499,95.2738265991211,15973400
2022-10-03,96.29494710582061,98.7930340448525,95.23735869093113,98.21865844726562,12248100
2022-10-04,100.84438223755487,103.01425251532025,100.16059879789464,102.81367492675781,16013600
2022-10-05,100.95554298426751,102.05938210489853,100.10926585724786,101.54425811767578,10943500
2022-10-06,100.68877410452357,101.36028099029566,99.29057750381615,99.47454833984375,11521400
2022-10-07,98.9042467927951,99.07902403370649,96.83454290299183,97.48765563964844,11681100
2022-10-10,98.1775566472107,98.71107498130193,96.1446413233369,96.57698059082031,8931700
2022-10-11,96.00665021944351,96.16302613507425,93.68857833699754,93.78976440429688,12739700
2022-10-12,93.64259675715924,96.3378111859489,93.16426130589896,95.30755615234375,13181000
2022-10-13,93.80817634083039,101.0935319046176,93.60580418327433,100.60600280761719,22398700
2022-10-14,102.9884468206979,106.00561351072889,101.84781217354812,102.2801513671875,33387100
2022-10-17,106.16201266050514,107.63380065874259,105.15935248111793,106.5759506225586,22276300
2022-10-18,110.07145273282006,110.51298562116061,107.58780391825927,109.31715393066406,21539700
2022-10-19,108.53526753605381,109.30796061997017,106.40117318805629,107.17386627197266,17072000
2022-10-20,107.77178061030486,109.19757235991656,106.38277741928198,106.82431030273438,12207400
2022-10-21,107.12786454967811,112.58268401100781,107.00828419362908,112.43550872802734,20593300
2022-10-24,112.28832177486858,113.23578498979896,111.607621205954,112.57347869873047,12624200
2022-10-25,112.0859417817139,113.39215297652444,111.20286912812207,112.86782836914062,11289100
2022-10-26,113.14379401532369,115.16750134496804,113.03340729954687,114.16484832763672,11667000
2022-10-27,115.16749722079823,116.08736543188459,114.25682965687322,114.6155776977539,10727600
2022-10-28,115.25030815523692,116.16097587044742,114.10967334905133,115.97700500488281,11859500
2022-10-31,115.6274455766385,117.2188208658806,115.52625949950549,115.79302215576172,13295200
2022-11-01,116.70370302711085,118.00071378386194,116.20697326344913,117.8811264038086,13386900
2022-11-02,117.42118789912877,119.91403010751542,116.4921189668985,116.7956771850586,16546100
2022-11-03,116.18856567845296,117.90871495160084,115.82062396353767,117.00724792480469,12474400
2022-11-04,119.11376529557342,120.34638559457294,118.16630195749849,120.2083969116211,14953200
2022-11-07,120.502739485292,121.6893633394648,120.02440407021109,120.84308624267578,12011200
2022-11-08,120.72351490886511,121.47779957964111,119.71165421335083,120.91667938232422,9884100
2022-11-09,120.79710537290492,120.89827740581053,118.86537643274565,119.34371185302734,9494000
2022-11-10,122.00212405344004,124.41217424976585,121.9101316188624,124.25579833984375,16351600
2022-11-11,124.35698959135296,125.25845653630671,123.05997200450365,124.45817565917969,10704700
2022-11-14,123.9982399619039,124.85371067676776,123.17955780029297,123.17955780029297,11085600
2022-11-15,123.88785431886616,124.835331568913,121.05467234292503,122.28729248046875,14038300
2022-11-16,122.34248589433105,122.85760990495596,121.4502125058998,122.45286560058594,7893400
2022-11-17,121.42261931967256,122.2413015703091,120.7603130004973,121.91934204101562,8820200
2022-11-18,123.78668732356263,123.8786657344842,121.68018099756117,123.11517333984375,9468500
2022-11-21,123.02318484922705,123.7774695157206,122.11251022843456,122.38847351074219,7800500
2022-11-22,123.26235254064387,124.43058921497376,122.97719561262804,124.21900939941406,9185700
2022-11-23,124.12703383542443,125.56202617450363,124.05344268520541,125.54362487792969,7316200
2022-11-25,125.54363163637775,126.15074813131035,125.15728860398723,125.78280639648438,3220500
2022-11-28,125.16649477413172,125.75520996446024,123.43713776175792,123.58432006835938,9906900
2022-11-29,123.86948131269101,125.69081680282673,123.63951421417616,125.61722564697266,7925300
2022-11-30,125.18488506151688,127.10740661621094,122.51727236124805,127.10740661621094,14761200
2022-12-01,127.10741662182204,127.54896358705759,124.57777836565158,125.32288360595703,8858500
2022-12-02,123.71309664207149,124.50418396659444,122.65523964188837,124.32940673828125,8931900
2022-12-05,123.48311763699935,123.7866758406425,120.13479780358388,120.84308624267578,10154500
2022-12-06,122.70123700651065,124.28341167026855,119.46329652764835,121.04547119140625,13966700
2022-12-07,120.78789978560783,122.41607054683801,119.88643281485801,120.96267700195312,11739400
2022-12-08,121.72617867743384,122.32408748184625,120.89828875277405,122.23210906982422,8907300
2022-12-09,121.60658988773196,123.04158223049309,121.42261902975072,121.5698013305664,7957800
2022-12-12,121.79056240564566,123.86026616731614,121.05467896369105,123.45553588867188,8841600
2022-12-13,125.92078842252614,126.10475930072793,122.41609196109637,123.3359603881836,10025400
2022-12-14,123.05999709514892,124.8353504587983,122.12172736909545,122.71965026855469,9966100
2022-12-15,120.64072385358537,121.49620868498153,118.7090088144396,119.67487335205078,12087800
2022-12-16,118.80099803840206,119.490899337199,118.13869166867077,118.92977905273438,21133700
2022-12-19,119.26091978022608,120.80630582686874,118.74579577670399,119.63806915283203,9017200
2022-12-20,120.47516762453834,121.46862719862709,119.76686501377469,120.21760559082031,8549900
2022-12-21,121.58818859111081,122.32408605911253,121.21105324487613,121.5698013305664,8051700
2022-12-22,120.59473910764675,120.77870995946004,118.1202911479405,120.18999481201172,8648200
2022-12-23,120.11640990854696,120.90749724493894,119.25173142038864,120.76031494140625,5091900
2022-12-27,121.02706525315953,121.62497396597215,120.08879576338573,121.18344116210938,5411000
2022-12-28,121.2846287335332,122.71962089099064,120.51192877206962,121.84574890136719,8827700
2022-12-29,122.27806832385352,122.59083416708279,121.70775455362097,122.54483795166016,6585200
2022-12-30,122.16770168093653,123.56590536985559,121.82735491540012,123.35433959960938,9292500
2023-01-03,124.40301155400951,125.7828141993181,123.16118355880046,124.29261779785156,11054800
2023-01-04,125.0929044247572,126.64747017646476,124.70656139450348,125.45165252685547,11687600
2023-01-05,125.71111429984926,125.7574502808693,123.894848478059,125.4238510131836,8381300
2023-01-06,126.14665558230656,128.23164761109936,124.62692862468788,127.82391357421875,10029100
2023-01-09,128.43549042266014,128.69495491727122,126.84162901876098,127.29568481445312,8482300
2023-01-10,127.68489216994938,128.54669613706488,127.24009787646544,128.4355010986328,9048700
2023-01-11,128.71347947194283,129.5011486437458,127.97216041583958,129.38995361328125,8703700
2023-01-12,129.73281641530158,130.5297471388715,129.01002042645388,129.26022338867188,11001700
2023-01-13,125.65553138954618,132.96690322836918,124.9141980262929,132.5220947265625,20200000
2023-01-17,130.81701239235827,131.1598731733884,129.01928393227195,130.47415161132812,14292900
2023-01-18,128.73203981669712,130.40929781304155,126.40612045985449,126.55438995361328,13392600
2023-01-19,125.39604068186362,125.93349276488416,123.79290355298434,124.86783599853516,13303400
2023-01-20,125.24775685769139,125.55355730145178,123.75582907193787,125.17362213134766,13092500
2023-01-23,125.21071454138257,127.84244851249225,124.93272692098093,127.20304870605469,10487100
2023-01-24,126.4153837477437,130.00156557157928,125.0995237869042,128.2965087890625,6945000
2023-01-25,127.92585143360175,128.91737365722656,127.18451808131469,128.91737365722656,8967000
2023-01-26,129.19533497384634,129.78839864200455,128.21307459906114,129.71426391601562,7487600
2023-01-27,130.29806866619722,130.90039388480972,129.50113802048105,130.0293426513672,7489900
2023-01-30,129.01927829434823,129.81620899523966,128.72275350365265,128.92662048339844,6729300
2023-01-31,129.6216202707968,129.79768849678175,128.11115511077284,129.6957550048828,9188700
2023-02-01,128.07410463789716,130.54829325131965,127.99069421830544,129.35289001464844,8841800
2023-02-02,129.7328251316886,130.1590963500424,127.87949905837876,128.7505645751953,11822100
2023-02-03,128.04629647186732,131.89195670361985,127.99997463008327,130.74288940429688,11501200
2023-02-06,129.94596104263303,131.80856290141585,129.76063125273973,131.51202392578125,8406200
2023-02-07,131.01159782279282,133.75451193142533,130.82625394160576,133.1151123046875,10447900
2023-02-08,132.18849127741632,133.47655247654606,131.84563044030673,132.17922973632812,6958000
2023-02-09,132.6240119576392,132.82787896099774,129.61235702773652,130.1220245361328,6443100
2023-02-10,129.52895812609816,130.91895268101243,128.4262268501719,130.69654846191406,6582900
2023-02-13,130.9374834079669,132.26260469752583,130.41855439555908,132.11434936523438,7134600
2023-02-14,132.04948930472878,133.26341568088841,131.21549818607522,132.69815063476562,9249400
2023-02-15,131.2247560339507,133.3375466721923,130.93749274871482,133.254150390625,6728300
2023-02-16,132.4294166058746,132.8742108997828,131.28961090183597,131.4193572998047,8165300
2023-02-17,130.64094356400273,132.35527574081405,129.797690994526,131.8085479736328,7948800
2023-02-21,130.37221408839721,130.97453935641977,128.57448568386212,129.38995361328125,9996300
2023-02-22,128.73202148478387,129.2046145216142,127.36056421220857,128.39842224121094,11107500
2023-02-23,128.5559365889466,129.89033339026216,127.82387913976135,129.427001953125,8068000
2023-02-24,128.9081003151785,130.99309222400296,128.74129360979924,130.59461975097656,9126900
2023-02-27,131.6881000499729,132.80009299558597,131.3267019891547,131.73443603515625,10014700
2023-02-28,132.45720773155335,133.21706401736367,131.49347032058068,132.83714294433594,11019800
2023-03-01,131.67881442565394,132.9390766374571,131.400812705156,132.09580993652344,7139200
2023-03-02,131.80855932255736,131.98461342733398,129.3065577377837,130.724365234375,11106800
2023-03-03,131.13208607962235,133.19855490846228,130.7336277461975,133.12442016601562,9513100
2023-03-06,132.92055012572462,133.4765394717512,132.1977540780608,132.3460235595703,9261300
2023-03-07,131.59542802066633,131.87342979188446,127.70344564288506,128.45404052734375,11747600
2023-03-08,127.87948258754065,128.4262103152073,126.85088618374637,127.69415283203125,10002500
2023-03-09,126.73041665822825,127.27715853073298,119.74338441829867,120.78124237060547,25888100
2023-03-10,119.50248028497552,125.34044653675518,118.44607784061006,123.84851837158203,37599700
2023-03-13,121.58747430359412,124.0616631393986,119.91947785817618,121.6245346069336,42901100
2023-03-14,125.3589841627104,125.59064993979108,121.66159327019047,124.74738311767578,29648100
2023-03-15,121.37433033542027,121.38360601597593,117.43601918303698,118.85380554199219,34280600
2023-03-16,118.62211706005856,122.27317128142602,116.7780598014456,121.16117858886719,24558500
2023-03-17,118.96500397287782,119.05766179175706,116.24987395013869,116.5834732055664,38396000
2023-03-20,117.67693236359524,119.97505971381725,116.76880658293382,117.81593322753906,22875500
2023-03-21,121.01292089516592,122.0693161768008,120.64226134151549,120.97586059570312,17807800
2023-03-22,120.98512295227205,121.077794911188,117.76033956652832,117.8530044555664,17250200
2023-03-23,118.52021633866944,120.03067470303033,116.77808512076162,117.53794860839844,16677600
2023-03-24,116.41668031012709,116.46301629212412,114.08149245696909,115.7494888305664,22311100
2023-03-27,117.49159382480615,119.89165449151159,117.02826235948388,119.06692504882812,18853900
2023-03-28,119.27081369649973,119.85460183384843,118.37194228939033,119.4283447265625,10820500
2023-03-29,120.55886849682805,120.67006353813926,118.39973482303591,119.66926574707031,14595300
2023-03-30,120.41986180140537,120.57739282481155,118.28854100564449,119.30786895751953,12134700
2023-03-31,120.15113080741834,120.78125487519789,119.4005360220757,120.75345611572266,13105200
2023-04-03,120.38279804783063,121.800591357579,119.91946653118723,120.61446380615234,11775400
2023-04-04,120.92953616583767,121.01293245241038,118.06615054211929,119.0020751953125,11579900
2023-04-05,118.42302653444963,119.68383093333486,118.105484753136,119.17951202392578,9614700
2023-04-06,118.60980103362823,119.61845302022154,118.47905064188782,119.04875183105469,8760200
2023-04-10,118.18019803214959,119.75854416864264,117.88133895967496,119.44100952148438,9477300
2023-04-11,119.82392148798569,120.42163960796621,119.11412854849803,120.02938842773438,10516300
2023-04-12,120.64577329938268,121.8131925993878,119.59977016680972,120.01070404052734,11821000
2023-04-13,119.97335336759399,120.515023384301,118.45103403413674,120.46833801269531,12450200
2023-04-14,126.22137438479558,129.92909937936918,125.98789051486388,129.5648651123047,43931300
2023-04-17,130.70427656738232,130.80701004727862,128.56557044137327,130.5922088623047,16050500
2023-04-18,131.0031645474194,132.41340232327698,129.84507914988035,132.05850219726562,13760100
2023-04-19,131.8997303445782,132.15189696503316,131.12456203038505,131.89039611816406,9158100
2023-04-20,130.66691009806405,132.08648169838483,130.6015277772831,131.5074462890625,10586200
2023-04-21,130.5081122510026,131.78759893705384,129.61152817307206,131.2552490234375,11842500
2023-04-24,131.1806021622107,131.77832038308873,130.78833666503863,131.43275451660156,7567500
2023-04-25,130.37742388920663,130.71364129697216,128.5375694982017,128.57492065429688,10629300
2023-04-26,128.52819436776014,128.70564438655003,125.14735253851849,126.29608917236328,14416100
2023-04-27,127.01522972966504,128.79904997913064,126.69769507551487,127.99586486816406,9041100
2023-04-28,127.53821983923324,129.1819553139001,126.7070178778751,129.10723876953125,9887300
2023-05-01,132.86164281251018,133.8983116604561,131.52612205157675,131.87167358398438,20415800
2023-05-02,132.05849653289422,133.00178066931096,129.28470648454353,129.74234008789062,14113400
2023-05-03,129.29403922640566,129.5088404117128,126.7910845535605,126.99655151367188,12930900
2023-05-04,126.04393893778094,126.75372477393438,123.10203361865545,125.2594223022461,17089200
2023-05-05,127.42616110609312,128.7710304978289,126.93117643423547,127.70634460449219,11261400
2023-05-08,128.40680811856598,128.85509320709122,127.46352406161003,128.01455688476562,7484900
2023-05-09,126.94984067076172,127.90245883341599,126.27742024793284,127.39813995361328,7343600
2023-05-10,128.83639488315123,128.93912835459855,125.95987193335027,127.46350860595703,8133400
2023-05-11,126.08128509843854,127.77170597408696,125.9878858536316,127.06192016601562,7057300
2023-05-12,127.78104324319621,127.9398105448657,124.33481947260759,125.24073791503906,9988600
2023-05-15,125.39951910473174,126.70702305782953,125.11000139016896,126.29608917236328,7639500
2023-05-16,126.51092935657569,126.95921447814978,125.11002588227049,125.44624328613281,6477200
2023-05-17,126.92183671945286,129.4341256523218,126.51091704425899,129.30337524414062,12711500
2023-05-18,129.13525995720966,130.49879774748342,128.6589437524678,130.28399658203125,10999600
2023-05-19,130.55482384709921,131.2085900304391,129.0045019071009,129.98512268066406,13492200
2023-05-22,131.68487598958825,132.28259400561143,128.5655355388024,128.9110870361328,11402500
2023-05-23,128.45348958660492,129.8450586897236,127.44485173080984,127.56625366210938,9514900
2023-05-24,126.45488334709115,127.34213362946778,126.15603134465427,126.39884948730469,8578000
2023-05-25,125.91317943921928,127.26738294027146,125.68902980945036,126.70701599121094,8472500
2023-05-26,127.1179516965541,128.5095206147694,126.6696666812411,127.89311981201172,8579900
2023-05-30,127.7623681244016,128.62158699949254,127.03389963789574,128.37876892089844,7399900
2023-05-31,127.69698865339953,127.79972212177411,125.5209173692646,126.744384765625,14219900
2023-06-01,127.50086025913237,129.0978817558729,126.50154257636122,128.49082946777344,12248100
2023-06-02,130.340041387807,132.13319591046866,130.13457442941316,131.18992614746094,12922500
2023-06-05,130.85371078269984,130.85371078269984,129.0045223796328,129.90109252929688,8511900
2023-06-06,129.5181512330025,130.8443520088864,129.07921471650812,130.13455200195312,9329500
2023-06-07,130.33071499383752,131.93708535558784,129.6582802260943,131.39540100097656,9281400
2023-06-08,131.37672066007025,131.5821876345027,130.26533500311115,131.43275451660156,7368100
2023-06-09,131.07787295087678,132.43207678055575,130.9471225311297,131.6942596435547,7249100
2023-06-12,131.75031886418873,131.98380279419482,130.52685110034514,131.6849365234375,7596600
2023-06-13,131.19925877458158,133.4313641129227,130.8817241157406,132.6375274658203,7701600
2023-06-14,133.55278517375058,134.1224864357795,131.40473053409755,132.14254760742188,9068700
2023-06-15,131.30198684145745,133.92634328269568,130.7789852482786,133.63682556152344,9343100
2023-06-16,133.59947478908592,134.45869373040634,133.0858074190779,133.79559326171875,13813500
2023-06-20,133.18853185188502,133.5527660984883,131.72224639073605,133.1138153076172,8428600
2023-06-21,133.45941005065507,134.5054277582326,132.3293557983222,132.91773986816406,9926500
2023-06-22,132.90837435550557,133.17922366276454,129.77035013643084,130.35873413085938,10075200
2023-06-23,129.3873937376386,129.98511177599062,128.52817494817768,129.6769256591797,9919500
2023-06-26,129.6956405842955,130.76032666699746,128.5936033455019,129.9945068359375,8429700
2023-06-27,129.81706092696487,130.60156348649275,129.38744423918854,130.00384521484375,8154000
2023-06-28,129.96649324680422,130.01319288116454,128.84577327579456,129.43414306640625,7558600
2023-06-29,130.8163662865002,134.075792408893,130.61089931451409,133.95437622070312,15423200
2023-06-30,135.04707113220857,136.35457505574118,134.1691695332407,135.83157348632812,14212800
2023-07-03,136.5320498990697,137.73682057264804,136.35459985202274,136.92430114746094,8021600
2023-07-05,136.2942689956518,136.75503110193193,135.74886452312396,136.0121612548828,8934900
2023-07-06,134.4887812613519,134.8367059634684,133.00302742062036,134.66744995117188,9709500
2023-07-07,135.32568289850678,137.1405503169834,134.46996151791234,135.7300262451172,8981500
2023-07-10,135.8805082759092,137.28163425338343,135.8805082759092,136.49172973632812,9100100
2023-07-11,137.61074828925305,139.0024759399404,137.01833783588555,138.62632751464844,11260900
2023-07-12,138.65453286860148,140.93017696899278,138.23137845732865,139.31277465820312,11323200
2023-07-13,139.82994945668568,140.45998181729362,138.9366204184682,139.98980712890625,11234900
2023-07-14,142.50995667461993,143.77002144671843,139.55726008625822,140.8361358642578,27028400
2023-07-17,141.38153177647354,144.57871385563266,141.38153177647354,144.2307891845703,17262400
2023-07-18,144.2307981597808,145.18994423405886,143.70420478207672,144.4940948486328,13491700
2023-07-19,143.63841044767557,145.9516769227688,143.1400262761704,145.04893493652344,12510000
2023-07-20,145.3121945631174,147.24931207038827,145.1993572243928,146.83555603027344,9935900
2023-07-21,146.50645614114134,146.82617153003497,145.46266761385175,145.7071533203125,10636400
2023-07-24,145.72595293417018,149.3180803107643,145.50026390451757,148.57521057128906,14381400
2023-07-25,147.9169857104419,148.31193079594107,146.65692076881191,147.4656219482422,9944700
2023-07-26,147.36216242019992,148.81029419886468,146.95780471245106,148.34951782226562,8728600
2023-07-27,148.35894475625432,149.30869258655179,146.27136771662688,146.7133331298828,10778400
2023-07-28,147.89818721933534,148.19910598533352,147.10829698148484,147.55026245117188,9103800
2023-07-31,147.80412710639777,149.87290747944695,147.77591776936478,148.53761291503906,8892700
2023-08-01,148.0392255755503,148.57523171653716,146.83557927662042,147.80413818359375,6853900
2023-08-02,146.28073887685835,146.40298888080457,144.75737756007877,146.13027954101562,8299400
2023-08-03,145.75414329539473,147.55961225180343,145.14292198230237,147.02362060546875,6084000
2023-08-04,147.07065618313624,148.38715409339025,146.41241440230658,146.7133331298828,6209400
2023-08-07,147.25874991847195,148.29312584697047,147.25874991847195,147.40919494628906,7251800
2023-08-08,145.11472231111318,146.67569136732507,143.4879075627913,146.5816650390625,8623400
2023-08-09,146.0550962518034,146.2431632885542,144.3154438775193,144.61634826660156,6277800
2023-08-10,145.17113300465522,146.16790099076863,143.9580743433723,144.40003967285156,5995100
2023-08-11,143.9017047403057,145.30283087406434,143.5255706224924,145.23699951171875,5180700
2023-08-14,144.44707877373204,145.6789342505091,143.79823536111664,145.5378875732422,5044300
2023-08-15,143.73241079690175,144.12735582105773,141.26868562441484,141.83290100097656,10300300
2023-08-16,141.61664110081486,141.95516749633964,140.7515069300112,141.23109436035156,6978200
2023-08-17,141.87993118346174,142.2372542213868,139.5478541905709,139.76414489746094,9953900
2023-08-18,138.84260923513173,140.58226169114948,138.6451438592742,140.08387756347656,8517500
2023-08-21,140.72328846968446,141.14645719810247,139.19052863393927,140.5634307861328,8327000
2023-08-22,140.35654238713786,140.71387974078053,137.14996192697072,137.64834594726562,9673300
2023-08-23,137.62013862354203,138.7861626811415,136.78322824246797,138.57928466796875,7858000
2023-08-24,138.70153017997455,140.49760089579777,138.22195717332013,138.4476318359375,6534000
2023-08-25,138.49465769081132,139.75472243593128,137.14996494383848,138.27838134765625,6695500
2023-08-28,138.76736250583897,139.7453195308282,138.35360648998457,138.75794982910156,5094100
2023-08-29,138.8989972823225,139.9709948784729,138.40059896745205,139.8863525390625,6337000
2023-08-30,139.7547267719963,140.25311081871706,138.41003398330267,139.32217407226562,6277300
2023-08-31,139.4162165882018,139.50085895109873,137.25342414131575,137.60134887695312,10933900
2023-09-01,137.3756378910462,139.24693832833148,137.00890220569406,138.06210327148438,7903500
2023-09-05,138.3818024360143,139.36917204222323,136.3600428902358,136.53871154785156,7854700
2023-09-06,136.06857976294606,136.85846995723358,135.5137769609057,136.31307983398438,8629200
2023-09-07,135.53256513460647,136.60456288869358,134.8367014053034,135.1470184326172,8373700
2023-09-08,134.81792114038134,135.52318335910877,134.1408682625153,135.25048828125,7107900
2023-09-11,136.11560583970288,136.39771359199148,135.11883755039997,135.84291076660156,6854200
2023-09-12,135.88052364736993,138.53231653252053,135.457369177011,137.6107635498047,8363200
2023-09-13,138.55110821656936,138.88963465041334,137.12178713909157,137.6765899658203,8325900
2023-09-14,139.02125656733,140.95837410125364,138.72035221039306,140.34715270996094,10034900
2023-09-15,140.0368343962491,140.79851513334847,139.46322067409136,139.9333953857422,19863400
2023-09-18,139.32217189447775,140.2437102977801,138.93662519308836,140.2248992919922,6512400
2023-09-19,140.58227082922656,140.7891488973981,138.42887647238217,140.0462646484375,7943400
2023-09-20,140.7232746604071,141.28749001053504,139.30335230566138,139.4538116455078,7332000
2023-09-21,138.77677791737364,139.9710257740391,137.88344878149712,138.36302185058594,8052400
2023-09-22,138.50405209324057,138.7109301020789,136.52932702968312,137.037109375,7071700
2023-09-25,136.67979659035282,137.78000371128437,135.12821140806957,137.71417236328125,7044700
2023-09-26,135.97451790667134,137.14054188461932,135.6265788999616,136.28482055664062,7468400
2023-09-27,136.5293494471504,137.37565827783592,135.88990431067654,137.0841522216797,6717800
2023-09-28,137.55432304561114,139.9898247951475,137.30042466423484,138.7861785888672,8868100
2023-09-29,139.73594458475532,139.88638960320975,136.21903221009904,136.36949157714844,11917800
2023-10-02,136.19079878206526,136.93366845900138,134.12203307115462,135.19403076171875,9170600
2023-10-03,134.65801232448945,135.02474796511103,133.85872405574554,134.19725036621094,9431100
2023-10-04,134.64862818200334,134.9119248569258,133.46377879625967,134.79908752441406,8128700
2023-10-05,134.552778656394,135.55691605946282,133.40656829222362,135.36744689941406,8576200
2023-10-06,135.37694433963748,138.1903911218125,134.64752846347048,137.45150756835938,10270600
2023-10-09,136.08741039936837,137.73568242415,135.9358408359839,137.13890075683594,6964900
2023-10-10,137.7546162153321,139.03346076917467,137.62199647640875,137.9724884033203,11288800
2023-10-11,138.78714543901532,139.4691938854053,137.37569571466722,138.4461212158203,8698200
2023-10-12,138.58826087525622,139.2134745307247,137.47993546118224,138.12408447265625,10484400
2023-10-13,140.67225234572953,145.03925011794058,140.04703886623219,140.1986083984375,29427000
2023-10-16,141.57218591083802,141.63850300767174,138.9860937692048,140.05653381347656,12663500
2023-10-17,139.7913175888073,141.43958969955224,139.052419542389,139.75341796875,11482700
2023-10-18,138.86299066898331,139.7060766914107,137.70729776797427,138.21884155273438,9620300
2023-10-19,137.8114720413774,139.2703038448197,137.24310784044647,137.63148498535156,11143600
2023-10-20,136.94944192742966,137.48938860591738,134.62857461422652,135.41482543945312,13332900
2023-10-23,135.40538371534663,136.10636776403678,133.31187033914986,133.56764221191406,10133400
2023-10-24,133.7475875014964,134.2591166327268,132.96133677123345,133.7286376953125,8881400
2023-10-25,133.16028874973279,133.7381205866468,132.15615127028062,132.99923706054688,8242600
2023-10-26,132.39298287304953,134.2023066571367,132.08037605790858,133.34027099609375,9109400
2023-10-27,131.62565966148168,131.76776152871298,128.06386212167908,128.53750610351562,17434700
2023-10-30,129.24799226425498,130.76364457019,128.8690683469191,130.17633056640625,9855500
2023-10-31,130.45107368627572,131.90042357929167,130.22371929845036,131.7299041748047,9672500
2023-11-01,131.9098526429751,133.12238011414377,131.1709691669338,131.61619567871094,9432000
2023-11-02,132.7055745657376,134.02230432854245,131.89090629457627,133.96546936035156,10186200
2023-11-03,134.69488772667842,136.19160455337342,134.37281326452674,135.46218872070312,9538700
2023-11-06,135.62323960267491,136.589477540853,135.26326548846805,136.4852752685547,7625100
2023-11-07,135.9453164987424,136.6557826075624,135.29169982038272,136.41896057128906,6297900
2023-11-08,136.51367595145075,137.2051921527771,136.04949962208485,137.09152221679688,7618200
2023-11-09,137.77357879262672,137.97250119221647,136.12529235225335,136.68418884277344,7992500
2023-11-10,137.29997539438892,138.7587930895179,136.48530683738954,138.71142578125,7983300
2023-11-13,138.01988781690304,138.54089921767564,137.50835854898958,138.09567260742188,6676300
2023-11-14,138.94821168974792,141.38274904699387,138.79665657901384,140.61544799804688,9927700
2023-11-15,140.63439622904392,142.244783091467,140.63439622904392,141.846923828125,8365300
2023-11-16,142.1784843279759,143.5425816665274,142.1784843279759,143.466796875,8126200
2023-11-17,144.1772437015897,144.80245730700287,143.5520300961765,144.7645721435547,7812400
2023-11-20,144.06359767055616,145.6455673011771,143.91202808266553,145.20980834960938,7019000
2023-11-21,145.12453420331482,145.53187560312782,144.52775252863756,144.9066619873047,7083500
2023-11-22,145.32345017700808,145.76867667690715,144.8403240640081,145.24766540527344,5174500
2023-11-24,145.49399205704268,146.29919281374606,145.2003350259655,145.44662475585938,3496900
2023-11-27,145.3423911390429,145.4371257209846,144.6603570760402,145.11505126953125,6259100
2023-11-28,145.14350004633388,145.75923159830407,144.6698559434427,145.44662475585938,6582700
2023-11-29,146.0433839722745,147.42643076249206,145.88234675260315,146.18548583984375,9126100
2023-11-30,146.74442716090434,147.90011998922665,146.24236554173646,147.85275268554688,9869800
2023-12-01,147.60646921642288,149.5389309802369,147.60646921642288,148.57269287109375,8916000
2023-12-04,147.79590474217898,149.7188985762758,147.66328497618852,149.6620635986328,9607500
2023-12-05,148.97051603708525,150.1451584423884,148.69580885794556,149.64309692382812,9135600
2023-12-06,150.46727119460067,150.82724537664353,147.77697587215533,148.0706329345703,9366000
2023-12-07,148.43056368318955,149.017877636161,147.91902005266044,148.52528381347656,8130900
2023-12-08,148.97053119979643,150.41041325374513,148.70529167070984,150.16412353515625,7369400
2023-12-11,150.16411790485932,150.90300148739232,149.81361146891027,150.7135467529297,8093900
2023-12-12,150.83667559584973,152.18182292300537,150.50513344346612,152.05868530273438,10223000
2023-12-13,152.0586765193189,153.48907622122266,151.3482105066473,152.57020568847656,12379100
2023-12-14,153.299648728851,156.1509809623848,153.18597877206992,155.34579467773438,13643000
2023-12-15,154.48375252838963,156.5677835579425,153.83012139517064,156.52041625976562,20309300
2023-12-18,157.1740249143251,158.32024976660728,156.89931775133914,157.46768188476562,8469600
2023-12-19,157.24985581372556,159.5896590415285,156.82357897500447,159.57070922851562,10345700
2023-12-20,159.13492535722085,160.4800726590447,157.6760936599054,157.7708282470703,10734700
2023-12-21,158.04553227748778,159.22964232114157,156.94667468790465,158.67074584960938,7601700
2023-12-22,158.67076914508667,159.36228546485532,158.41499729085479,158.57603454589844,6576300
2023-12-26,158.63286874261556,159.87381381865765,158.36761478125823,159.5138397216797,4683600
2023-12-27,158.99284432729306,160.5369286828718,158.7465546046211,160.47061157226562,6428600
2023-12-28,160.4232450918324,161.6641901868301,160.09168847592298,161.3231658935547,6320100
2023-12-29,161.03897817607512,161.69260928256372,160.68848620194564,161.1337127685547,6435100
2024-01-02,160.1769417494101,163.0945908390409,160.00643682914077,163.00933837890625,9977400
2024-01-03,162.80093544417744,162.9714403661268,161.38947095422876,162.2988739013672,9852300
2024-01-04,162.64198661978116,165.2249734767481,162.54666787031996,163.3759002685547,11972500
2024-01-05,163.43311119195872,165.25359196797962,163.43311119195872,164.19561767578125,10066000
2024-01-08,163.9573211669922,164.28138166799556,161.5459049822079,163.9573211669922,11229900
2024-01-09,163.57608322901686,163.73811350184837,162.12733683301676,162.6610870361328,9923600
2024-01-10,162.03201526200067,163.0613968688974,161.03122637666203,163.00421142578125,9670200
2024-01-11,162.34650958460253,162.3751022990879,160.7357187984679,162.3179168701172,11919500
2024-01-12,165.6538904699053,168.04623999703182,160.98354774460927,161.12652587890625,19436500
2024-01-16,157.14245233618308,160.21153041789913,156.5991760965609,160.11622619628906,17206400
2024-01-17,159.49665940891614,161.14558362965596,158.68650820042498,159.2583770751953,11107500
2024-01-18,159.28698002537405,159.67776656824674,157.4951066503195,159.5729217529297,9382300
2024-01-19,159.69682190226158,162.57527654660007,159.24884995436918,162.32745361328125,13115700
2024-01-22,162.47045721383148,163.91920354895163,161.7556101053545,162.13685607910156,12837500
2024-01-23,161.71745692199738,161.79370901610295,160.54511188027425,161.0693359375,8360800
2024-01-24,161.42202357678397,162.99468154029353,160.9454587946777,162.5085906982422,9967100
2024-01-25,164.2337218321671,164.8818573759675,162.8993465119901,164.83419799804688,8873500
2024-01-26,164.51965833333819,164.94856363380785,163.72855922448986,164.2051239013672,7443000
2024-01-29,164.16697868533078,164.73884747931737,163.27103491012795,164.63400268554688,6971200
2024-01-30,164.72936528572126,168.47515705914157,164.72936528572126,168.0081329345703,10822100
2024-01-31,167.94139187726532,169.94296936922615,166.16857066951718,166.18763732910156,11521800
2024-02-01,165.5014105537029,166.64516307784658,163.39498789899295,165.58718872070312,9354800
2024-02-02,165.1773303806104,167.57922057647215,165.1391970596281,166.54029846191406,8607600
2024-02-05,165.71108842584943,166.88343358893525,164.81514440685976,166.3210906982422,7820200
2024-02-06,166.42592096467948,167.626858743029,165.61575517744677,166.89295959472656,6764800
2024-02-07,167.4552814107003,167.62683769595262,165.80637186907185,167.20745849609375,7225500
2024-02-08,166.79764812133146,167.09311591388456,165.43468003475408,166.60702514648438,6060300
2024-02-09,166.79763336618873,166.8929521169806,165.52996960737374,166.80715942382812,6296700
2024-02-12,166.58795793021326,168.52280947847834,165.55857641715193,167.5506134033203,8539300
2024-02-13,167.10266035536173,167.96999709238426,164.52919923319496,166.0923309326172,8397600
2024-02-14,166.86437705636513,167.84609921027982,166.24483419786299,167.7793731689453,7056700
2024-02-15,167.8937343759437,171.7634518732101,167.8937343759437,171.4393768310547,8723400
2024-02-16,171.19156494301498,171.54421815228707,169.80953027964074,170.6387481689453,8152600
2024-02-20,170.7912400437692,172.00171831598985,170.04780036000503,171.30592346191406,9668000
2024-02-21,171.51565716846585,172.50692003075088,170.15268891232714,172.42112731933594,7024000
2024-02-22,173.29801377657841,174.82301226014678,172.7451969178192,174.4894256591797,9296500
2024-02-23,175.19473161702368,176.51958104443122,174.60379597912453,175.36630249023438,7105800
2024-02-26,175.1375279912981,175.81425626734668,173.92704957596644,174.76580810546875,7145400
2024-02-27,174.71817072474573,174.9373864430662,173.69832969669645,174.8516082763672,5717100
2024-02-28,174.83250683043596,176.51954982455467,174.3845494233734,175.7379913330078,6131600
2024-02-29,176.9580179517879,177.69191716010636,175.23285596671522,177.33926391601562,9643000
2024-03-01,176.9961179460984,177.70143890302512,176.42424906044945,176.60533142089844,6311800
2024-03-04,176.05253948496141,178.79754229244386,175.6331602181459,177.93019104003906,7063600
2024-03-05,177.62519917623598,180.42740199617094,177.62519917623598,179.71255493164062,6617800
2024-03-06,180.37973138798867,181.16130444415123,178.83566647867224,180.6466064453125,7572900
2024-03-07,181.00881480258207,181.57115767973485,177.88255141389413,179.06442260742188,7618300
2024-03-08,179.60771515433038,181.5330407077065,179.11208377013827,179.3980255126953,6172200
2024-03-11,178.50208143397947,179.6077150814977,177.49176654847534,179.46473693847656,5762600
2024-03-12,180.09379307200683,181.24708601861974,179.1025449180289,180.94207763671875,5708400
2024-03-13,181.4377463887266,182.74352925187574,180.9421149377636,182.40994262695312,7795500
2024-03-14,182.07630255175962,182.6481859917152,178.3305111052107,179.15972900390625,10310900
2024-03-15,177.73956247395188,181.99052590228584,177.73956247395188,181.38052368164062,17214200
2024-03-18,181.69506181540558,183.6680321068183,180.989740825109,183.62991333007812,9013800
2024-03-19,183.6775727454706,184.84037723128353,183.36303829879972,184.70693969726562,8478700
2024-03-20,185.08818771788046,187.34709958577037,184.5353709588645,187.1278839111328,9367000
2024-03-21,187.30899243272455,190.08258791393138,187.12789552103195,189.7299346923828,11203800
2024-03-22,189.68226010163048,191.08336136082147,187.32802952563463,187.40428161621094,8108800
2024-03-25,187.38525947737247,187.70932000646243,185.25024423049462,185.68869018554688,8620000
2024-03-26,185.46943290101217,187.44241759575021,184.96427551941824,186.55599975585938,5961500
2024-03-27,187.28994092343356,190.2446480989538,187.17557004094428,190.16839599609375,8725800
2024-03-28,190.13980217725017,191.3121473467988,189.23431755076805,190.91183471679688,8628300
2024-04-01,190.6163742122948,191.52184432986456,189.2629320655986,189.61558532714844,7309000
2024-04-02,189.09134989704782,190.41619924304973,188.79588209625334,189.53932189941406,7014700
2024-04-03,189.71086061473883,190.2064919520555,188.43367076819186,189.00555419921875,9353400
2024-04-04,190.92291652385342,191.43102054493633,187.47164475584307,187.5675048828125,9243800
2024-04-05,188.0564797235353,189.93550239099562,187.0498531231776,189.29318237304688,6532300
2024-04-08,189.4561511095411,190.7599689797472,189.4561511095411,190.28062438964844,8001000
2024-04-09,189.88754573284515,190.66408151697928,186.8580848467124,189.0055389404297,7351500
2024-04-10,187.4716553790757,188.9288668988633,186.1582413721076,187.39495849609375,7681400
2024-04-11,187.90305769185724,188.44951748332386,185.2570811252899,187.35659790039062,10137700
2024-04-12,180.54036501343975,181.12515140756062,174.99912773840998,175.23880004882812,31532300
2024-04-15,176.8781612512524,179.71588778155154,174.67317311755488,175.3346710205078,14766600
2024-04-16,175.3442474381056,175.5935159903281,172.22850756281414,173.3310089111328,16451800
2024-04-17,173.87743429200685,174.88406075478235,171.79708073743586,172.64073181152344,9017100
2024-04-18,173.61862312306104,175.78525548815472,172.53529962629594,173.76242065429688,9557700
2024-04-19,174.86488374948237,178.20113230723476,173.91579091483374,178.1244354248047,13402300
2024-04-22,178.30659681566635,182.27556923453258,178.29700056215378,181.58531188964844,11529700
2024-04-23,183.23424396804157,184.28879315265974,182.6494430587006,184.2025146484375,9144400
2024-04-24,182.65902346925535,185.24748097776123,182.31389482622563,185.1036834716797,6964900
2024-04-25,184.30798671411355,185.92817369729963,183.28218231517408,185.3817138671875,9802300
2024-04-26,185.5734772876732,186.81976155716063,185.0845364286734,185.4967803955078,6413700
2024-04-29,185.4871603065969,186.2349366235766,184.48053384037513,185.29542541503906,5387800
2024-04-30,184.8448357100977,186.93478547211615,183.7231712629308,183.8190460205078,8153700
2024-05-01,184.3271633446403,186.42669488243652,182.90829289804591,183.93409729003906,7445300
2024-05-02,185.09411048063117,185.50633976958161,181.6907612697659,183.7423553466797,6501700
2024-05-03,184.06828338337766,184.57638737035924,180.6745308450071,182.63983154296875,8922800
2024-05-06,183.80946343667284,184.260048499611,181.97837830963059,184.0683135986328,7911100
2024-05-07,183.78069116101713,184.95987461709856,183.7327537819952,183.82862854003906,7688800
2024-05-08,183.10960669680316,188.5261939231099,183.10960669680316,187.5675048828125,9227600
2024-05-09,187.10734763918092,189.42737347784018,187.04024700977476,189.34109497070312,7977300
2024-05-10,190.33811525626354,191.10506941270592,190.07927974835587,190.55862426757812,7529800
2024-05-13,190.58739418867287,191.5940206597629,189.85878111742107,190.52027893066406,7049200
2024-05-14,190.77912056033855,193.25254005969873,189.9738252708075,193.1854248046875,8596200
2024-05-15,193.6647758753469,194.3166920568384,191.5173216973383,193.76065063476562,8370000
2024-05-16,193.866101662291,196.03273365800683,193.64560727584146,194.10577392578125,8497900
2024-05-17,195.39041435725596,196.57919405411525,194.4317253003019,196.32992553710938,9260500
2024-05-20,195.94646044000078,197.37491243517428,187.32784034615054,187.5004119873047,17373300
2024-05-21,188.86176341948598,191.64195611591128,188.47829360909478,191.2776641845703,14420800
2024-05-22,190.7791584374926,192.63901790049846,189.52327787576553,190.11766052246094,9425300
2024-05-23,189.63829745126534,190.10806039860006,187.97018770099368,188.78506469726562,8069400
2024-05-24,189.58079156400566,192.46644082422952,189.39863827328057,192.41851806640625,7356200
2024-05-28,191.6035819904328,192.13086386024486,190.4531581289366,191.25845336914062,6910200
2024-05-29,189.82044693132437,190.76955443221763,188.75630141642043,189.9259033203125,6120000
2024-05-30,190.35731003961553,191.59402720097117,190.2039162690166,191.0955047607422,6829100
2024-05-31,191.06674918836447,194.9015057616244,190.1559974279023,194.25918579101562,14417900
2024-06-03,193.95241437271525,194.05787077238716,190.96130867792954,193.482666015625,6444300
2024-06-04,191.89121473962575,193.63602130368506,190.08887454138957,190.93252563476562,6848300
2024-06-05,191.50773045425237,191.56526408846938,188.78505690537415,189.1110076904297,8351600
2024-06-06,189.11101459986781,189.8396277088891,187.26075158024344,188.77548217773438,7640300
2024-06-07,189.2739797714667,192.61980995746194,188.8713321096013,191.68988037109375,6964500
2024-06-10,191.0092270817566,192.54312090911645,190.24227285385908,191.3639373779297,6070800
2024-06-11,189.73417525086586,189.76293475540382,185.60222730997666,186.33082580566406,9235300
2024-06-12,187.9030629910031,188.59332031104074,183.40680878602598,183.6177215576172,12751300
2024-06-13,184.37510431277676,186.54173652510667,182.99458959650315,185.6597442626953,8587800
2024-06-14,183.54103282309364,186.81016629946183,183.5122733191848,185.7747802734375,6874000
2024-06-17,185.4871828705368,187.50043604788635,184.68188745097152,186.9252166748047,8725400
2024-06-18,186.5609073499265,189.78210335662163,186.11032229627904,188.86175537109375,9023000
2024-06-20,188.27697358244748,191.21056022785828,188.00854177361487,190.46278381347656,8731100
2024-06-21,188.58375516180442,189.02474399297842,186.19661383575362,188.19068908691406,20972100
2024-06-24,189.6382886582382,190.99962542574337,188.957627588703,190.66409301757812,9785900
2024-06-25,189.90670597268976,191.80492077987228,189.57117359007896,189.88754272460938,6862500
2024-06-26,189.29316469485687,189.7629276320688,188.1715001746751,189.27398681640625,7758600
2024-06-27,189.28358009107907,191.6036059802996,188.76587978010525,190.94210815429688,7913500
2024-06-28,191.74741410626976,194.23043015450833,191.06675299288662,193.9044647216797,15307600
2024-07-01,194.46048274583055,198.53491119480896,194.28792573905153,196.96266174316406,10205800
2024-07-02,196.80929606300535,200.23182347007662,196.31078822001166,200.20306396484375,7802900
2024-07-03,200.893305615925,201.68901933140828,199.07178753267723,200.06883239746094,5560900
2024-07-05,199.53864617381842,199.90495668701004,197.15756164535284,197.41783142089844,8093100
2024-07-08,197.65883954033447,199.45188272324833,196.62736569671677,197.78416442871094,8707000
2024-07-09,198.2275912793329,202.20890663088076,198.05406339705047,200.1555938720703,9058900
2024-07-10,198.71922757684789,200.48335172261358,198.17938920186893,200.31947326660156,8328500
2024-07-11,198.78671869994315,200.6086806066436,197.98659583908096,199.98207092285156,10658100
2024-07-12,196.6562601537881,199.98206161154934,194.82466361458398,197.5624237060547,15443400
2024-07-15,199.7314503097893,203.99233468764302,199.2783684798156,202.48849487304688,10719700
2024-07-16,202.44028200402863,206.04565232180363,200.58940119084525,205.92996215820312,11557000
2024-07-17,206.10349645675493,209.72813632324488,205.59257690590508,209.06297302246094,11572500
2024-07-18,207.86762186082976,208.84125795726533,201.70765364332567,202.42100524902344,12415100
2024-07-19,203.59707529601897,204.70568563674118,201.3991534690736,202.2281951904297,8095900
2024-07-22,202.883717700245,204.53215166667349,202.16071673369055,202.71018981933594,7663200
2024-07-23,203.42355557512025,203.86698792954928,201.81367519196866,202.75839233398438,5557300
2024-07-24,202.00648720315863,204.39720644869962,200.57976931414956,201.08103942871094,7119000
2024-07-25,201.13887320322306,202.62344350041943,200.56048122636815,201.1581573486328,6403800
2024-07-26,201.7076510542703,205.48653464267102,201.10996020508134,204.5996551513672,8027800
2024-07-29,204.9948645941633,205.92031228740183,202.97047074878532,203.25967407226562,6533600
2024-07-30,205.55397158754104,208.0218123039839,205.29370185458953,207.44342041015625,8850700
2024-07-31,207.04821445631424,208.60025726077208,205.01417096363343,205.13949584960938,9071600
2024-08-01,205.5250819532728,206.13240750216778,198.9506004887708,200.47372436523438,10918600
2024-08-02,196.540593467653,197.3021480368774,189.8022189578119,191.97122192382812,18041700
2024-08-05,187.06445780696276,189.10813588433086,184.0278448440605,187.88385009765625,13927000
2024-08-06,188.3658523579827,195.30667364113896,187.01625639153167,193.12802124023438,10605800
2024-08-07,196.1838966420379,198.3432648205562,192.99305473526,193.18585205078125,9204400
2024-08-08,195.18133758602812,197.53350302957801,194.52580907593605,196.71409606933594,7761200
2024-08-09,196.14533951000286,199.03734331891687,195.59585172575302,198.39146423339844,5540200
2024-08-12,198.97952226974954,199.68323913689548,196.32851855610414,198.76744079589844,6936000
2024-08-13,200.2519905060568,200.59903157036632,198.00586566059425,200.45443725585938,6387800
2024-08-14,200.26165785619665,203.17293151843467,199.66396698059305,202.67166137695312,6999800
2024-08-15,205.33226234499492,206.19022285279857,203.50066588862487,203.93446350097656,7001000
2024-08-16,204.06944265968446,206.38303995381162,203.9730366434738,206.26736450195312,7931200
2024-08-19,206.29627759905622,207.77119840700038,206.12276442611807,207.69407653808594,6090800
2024-08-20,207.26027814783114,208.224279441542,205.98778937957647,206.7975616455078,5640000
2024-08-21,206.7108168976749,207.26030476621702,205.17805817410104,206.8747100830078,5202300
2024-08-22,206.85539841898242,208.9954824579449,206.62403281413785,208.83160400390625,5247100
2024-08-23,209.76667818866437,211.299436648114,208.70627092832652,210.45111083984375,7214000
2024-08-26,211.125922885165,211.771802001634,210.20048985928128,211.28016662597656,5105200
2024-08-27,211.60792033180917,212.48516504618274,211.2994475643601,212.25379943847656,5185200
2024-08-28,211.3572962547529,214.210746726538,211.29945852719868,213.3238525390625,6506400
2024-08-29,214.15288670074474,214.9530095590424,211.05845071030296,214.2107391357422,6416100
2024-08-30,214.49031335022525,217.36303342834742,213.94082548692816,216.70751953125,8574100
2024-09-03,214.29750959484844,216.032715019767,211.3476677272337,212.3695068359375,8956100
2024-09-04,213.08285179473262,214.0757867173276,209.39073957096207,211.43441772460938,7389500
2024-09-05,212.22489665150468,212.85150637044612,208.25321569674185,209.79562377929688,8067900
2024-09-06,209.76668787436864,210.86564876332926,203.49103002390277,204.8117218017578,7777000
2024-09-09,207.4434494984693,210.29688521091413,206.4697987366713,209.005126953125,8935100
2024-09-10,210.73069601813924,210.7692495990519,193.3883068457007,198.1601104736328,28406900
2024-09-11,197.86125540966165,200.22305551650228,194.56437291900994,199.7699737548828,13658700
2024-09-12,200.17487888132874,201.26420513801557,197.51424039176328,199.16268920898438,9054400
2024-09-13,199.41332446960854,200.36769112363794,195.7115627301204,196.9647674560547,10226700
2024-09-16,198.42039779039567,200.71472568909704,198.18903217312973,200.3773193359375,8634900
2024-09-17,200.25199896620595,202.3727990223658,200.18452651974977,201.71728515625,7573300
2024-09-18,201.48590664975958,203.73203144648693,199.25906599771233,200.05918884277344,8259900
2024-09-19,202.22820187533188,204.28152945633747,199.87603622956823,202.9029998779297,11635200
2024-09-20,202.37279798547686,203.80916530403834,201.9582844621734,203.4910430908203,20885000
2024-09-23,203.4042672649328,204.17547122015796,202.4306312810249,203.82843017578125,7223500
2024-09-24,203.54887478135018,205.2840801158477,202.79695492131674,203.97303771972656,7323200
2024-09-25,204.05978081621666,204.59963388085862,201.10030458012938,202.62342834472656,8976500
2024-09-26,203.5296028527362,204.07907595472616,201.48591005736264,202.2281951904297,7807500
2024-09-27,203.06686603834945,204.79243658632572,201.7943919833347,202.92227172851562,7032500
2024-09-30,198.88310870703359,203.3657236421353,197.87090438559173,203.26931762695312,8663800
2024-10-01,201.37988091048814,201.563043524854,198.76744542730427,199.5868377685547,8540100
2024-10-02,199.62540303508803,201.4280808680096,198.2854417354765,199.8278350830078,5810900
2024-10-03,198.74815887229946,199.0566463684385,196.98403461617457,197.8419952392578,7251300
2024-10-04,203.00189752185364,205.30057644632367,200.68381627913752,204.86412048339844,10211700
2024-10-07,204.67983675803367,206.9106297822478,203.3801626203171,204.5828399658203,6718900
2024-10-08,204.2433966990474,204.9708282984031,202.10960030086417,204.4082794189453,6021800
2024-10-09,203.3898630505735,207.7932570879516,203.07949994464997,206.9979248046875,7024000
2024-10-10,208.34610048894507,208.34610048894507,205.106608749474,206.4353790283203,7927100
2024-10-11,209.18020708117118,217.8705955254054,208.68555897315463,215.6009979248047,18320700
2024-10-14,216.4836435076752,216.96859791284456,212.2936451428216,214.81539916992188,9048900
2024-10-15,216.92977091009638,218.66590087134784,215.14514255670943,215.69798278808594,9235800
2024-10-16,215.63980707901965,216.94917496872304,214.38861654483065,216.91038513183594,6382500
2024-10-17,217.52145075217567,219.05390843235912,216.59033179219864,217.66693115234375,6470200
2024-10-18,218.22947162354006,219.12178590933368,216.3866508941279,218.5883331298828,7000500
2024-10-21,218.4428716755802,218.90842377817918,216.1926760470219,216.2896728515625,5870000
2024-10-22,216.30905529120685,218.50104375579213,214.4468322523353,217.37594604492188,9586800
2024-10-23,216.92979408147747,218.0354894619669,215.833792460598,216.68731689453125,6180500
2024-10-24,215.1548460427767,218.28764696123304,214.9899633417666,218.21005249023438,6002200
2024-10-25,218.22946395257756,218.83080262847554,214.23344472630617,215.6204071044922,6369700
2024-10-28,216.6291186743872,218.85020313281026,216.2411463063524,218.71441650390625,6843000
2024-10-29,218.4331745630692,219.92682765248625,216.10538448652582,216.1926727294922,6580000
2024-10-30,215.84348713272396,219.5000472712289,214.91238301870854,217.6572265625,7110900
2024-10-31,217.93850223567313,218.89871726600515,215.1451749831653,215.24215698242188,7829900
2024-11-01,216.83278396329408,219.34484391378845,215.9986618994674,216.2314453125,6923500
2024-11-04,215.95016767681818,217.02676693348934,212.57488952061908,213.16653442382812,8229600
2024-11-05,213.40901525279463,215.28094678500298,213.37991917505954,214.82508850097656,5600700
2024-11-06,227.92855883805424,240.53737273122323,227.70548396691856,239.6256561279297,23987800
2024-11-07,237.14268290793603,237.21058362240817,228.1419311373641,229.26702880859375,16451100
2024-11-08,232.1379691294592,232.1379691294592,228.6850961621216,229.84898376464844,9502100
2024-11-11,232.7781040164942,234.81491834649185,231.8081952497588,232.08946228027344,9017100
2024-11-12,233.31154859132423,234.194169089919,231.57540367214264,232.35133361816406,6861000
2024-11-13,233.34064938993217,236.74502378242778,233.07876988293,233.9031982421875,11472600
2024-11-14,235.12526487780747,236.93898940783777,233.79649469695167,234.59181213378906,10172200
2024-11-15,234.19417438377397,239.00491351851235,234.19417438377397,237.92831420898438,11518800
2024-11-18,240.30458500761375,240.46946771808433,235.37744681373624,237.65673828125,9051400
2024-11-19,234.96038095752812,237.77311024831232,234.28144783212835,235.7751007080078,6792700
2024-11-20,237.04568704958282,237.24937439416908,231.4590181077945,233.5346221923828,9015300
2024-11-21,235.91087737162837,238.10288039774477,234.82458441685804,237.39483642578125,8783500
2024-11-22,236.27944962538965,241.65273709838428,235.716900825751,241.07080078125,7997300
2024-11-25,242.07950499118758,246.65747516559617,241.56545457241828,242.75843811035156,10295400
2024-11-26,242.9524615802481,243.44710974229451,240.86714877239632,242.44810485839844,6212100
2024-11-27,241.8467358877818,243.63136431157088,241.2841870760072,242.2734832763672,5472300
2024-11-29,242.34139881448183,244.19392806320383,241.94373267843793,242.2056121826172,5494800
2024-12-02,242.04071318917073,242.71964630281866,237.65672182733675,238.8400115966797,8899700
2024-12-03,240.76044150846369,241.54606521705796,237.2687789369744,237.45306396484375,6657700
2024-12-04,237.33667477531787,237.96712436015684,234.94099891212346,236.07579040527344,7346300
2024-12-05,238.00591244621754,239.74204263244474,237.25907854952092,238.09320068359375,6572500
2024-12-06,238.30658907627586,240.28521131504291,237.47246691672382,239.91664123535156,5519700
2024-12-09,239.69355385728022,240.4112768597183,236.4249513096585,236.47344970703125,7076500
2024-12-10,236.55103726892423,240.498572865486,234.93129148152076,235.55203247070312,9108300
2024-12-11,236.6577320701239,236.919611573279,234.89249106315413,236.20187377929688,7884400
2024-12-12,235.68782146085866,236.75472698403252,233.78679383764873,234.26205444335938,6113800
2024-12-13,234.78580466330752,235.41623939456244,231.94396449404366,232.7198944091797,10392700
2024-12-16,233.36973231358596,233.42792446749883,230.3727179900156,232.3707275390625,9032000
2024-12-17,231.46870597678523,231.82758226052997,229.50950105308948,231.18743896484375,8083600
2024-12-18,231.80818316746954,231.87608388142587,222.62314644125652,223.4378662109375,11322400
2024-12-19,225.28069654614558,229.24761955351914,225.28069654614558,225.94993591308594,11790800
2024-12-20,224.941228167182,232.0118710112261,224.6211565141942,230.4503173828125,32348400
2024-12-23,228.96635695747324,231.43961233565523,227.81216322118433,231.21653747558594,8611500
2024-12-24,232.2252432886818,235.19317647466937,231.8760903487652,235.01858520507812,3729100
2024-12-26,234.16507310711287,235.94000797666132,233.54433207073802,235.82362365722656,4451800
2024-12-27,235.41626442753616,236.06610154566872,232.81690115537214,233.91290283203125,5730200
2024-12-30,231.5851232615298,233.59282673786723,229.97507113678503,232.1185760498047,5723800
2024-12-31,232.8265915853147,234.17476411638413,231.83728054536303,232.496826171875,4871000
2025-01-02,233.67043630642098,235.95942176423074,232.24466912551725,232.7781219482422,9220900
2025-01-03,236.55104128388234,237.51125626141643,233.0302678325568,235.9593963623047,9491100
2025-01-06,237.58749766624487,239.52758971131513,234.5457584708976,234.80899047851562,9917800
2025-01-07,236.06665165723348,239.1083911565227,234.85774794225176,237.07081604003906,8753400
2025-01-08,236.66132574542317,238.12370262953496,234.4677604192555,237.03179931640625,8675300
2025-01-10,236.99281382045058,237.69475597281877,232.7519294323,233.85357666015625,10256800
2025-01-13,233.65859599149118,238.4064419057108,233.00540271461605,238.08473205566406,10005300
2025-01-14,236.57358662642125,241.5066689337318,236.11537401279514,241.262939453125,12407400
2025-01-15,244.11945166267157,247.3074375627741,237.5680017698704,246.0205535888672,18448500
2025-01-16,247.6291630037952,250.59292194672196,246.0010517880716,247.89239501953125,15292300
2025-01-17,247.76565189599165,254.08311616597211,245.81581595917703,252.6597442626953,17678100
2025-01-21,253.54695947134385,257.6221100220015,252.99124900930704,256.4327087402344,13712100
2025-01-22,256.3059292216627,256.7739005596,253.7224025429303,256.2474365234375,9021900
2025-01-23,258.05104328370686,260.1665986454837,257.1931106983808,259.2794494628906,10749700
2025-01-24,257.0761463209556,260.4006204848565,256.4132091788652,258.1972961425781,7666300
2025-01-27,257.54409076732867,259.29893119572284,255.68199389214797,259.18194580078125,7522300
2025-01-28,259.18195317720495,260.6248127587292,258.1875177876292,260.4396057128906,7375400
2025-01-29,260.50781879552153,263.89078529426916,258.94794411487567,259.89361572265625,7684900
2025-01-30,261.8921889760082,262.935358224664,259.9325945605879,261.5022277832031,8753500
2025-01-31,262.4771647518187,264.02728068876934,260.2640820114848,260.5955505371094,7193800
2025-02-03,255.262756728444,261.4437627852604,255.13604238526239,260.11785888671875,8381400
2025-02-04,263.07185105882786,263.07185105882786,260.13733856440666,261.2195129394531,5626000
2025-02-05,262.1651692327603,263.85178786661055,261.59970020428995,263.64703369140625,5704400
2025-02-06,265.6164359735269,270.0328135723906,264.38802970359865,269.9548034667969,7264400
2025-02-07,270.3154852917386,271.56337905921515,267.8196977567854,268.8823547363281,6857900
2025-02-10,269.2236076160228,269.2528539667919,262.8281477293246,264.2417907714844,8627400
2025-02-11,263.4813389480683,269.29184169342403,262.89638221818285,268.0926818847656,7196400
2025-02-12,267.205505594858,269.51608618824747,266.3963367662514,268.5411682128906,6683900
2025-02-13,268.5899033779397,270.02303399802724,266.9422896122563,269.38934326171875,8398700
2025-02-14,270.41302280213205,272.2263859001187,269.516114830682,269.652587890625,5688600
2025-02-18,269.81832331528267,272.9478018588014,269.09686374213265,272.9283142089844,7919800
2025-02-19,271.39767571560697,273.2207676026046,270.26676727320427,272.245849609375,7007200
2025-02-20,271.69015497097405,271.74864767378955,259.0747130267057,260.1081237792969,13846700
2025-02-21,261.5899865090395,262.44791904906305,256.2474255338871,257.6123046875,12835600
2025-02-24,258.8309374152343,260.3030729288853,252.12349766706268,254.7850341796875,10372800
2025-02-25,255.65274860472138,256.40342472680305,246.99547231748238,250.94387817382812,9608400
2025-02-26,250.70989029590592,254.36583241451373,250.48564846853006,252.29901123046875,5943600
2025-02-27,253.65413698422063,257.0273744049559,251.39232027199134,252.55247497558594,8204400
2025-02-28,254.19036230579462,258.168014364657,251.42159895805173,258.01202392578125,10467100
2025-03-03,257.3783111842207,259.64012772604815,251.35332604019254,254.0830841064453,9058300
2025-03-04,248.87705700074721,250.7781589340054,239.7810705990394,243.9732208251953,13465600
2025-03-05,244.94812402975685,246.70297923682514,241.61390657436039,245.22109985351562,7861400
2025-03-06,241.886905868188,243.10555336966488,237.73376053853926,240.3562774658203,9983200
2025-03-07,239.07913004138194,240.53176317463996,233.41485900581728,236.203125,20498700
2025-03-10,230.28537474013976,231.55275617002158,222.9637314395914,226.39544677734375,18887200
2025-03-11,225.93725209212354,227.4678805305205,221.0041692701968,223.39271545410156,18143000
2025-03-12,228.1308131535452,228.44279405563543,221.55986044493463,222.18380737304688,16054000
2025-03-13,223.54869198918365,223.74367260665568,218.6058507740928,219.54177856445312,16467900
2025-03-14,222.39828672532758,227.29237919177538,221.8718375571281,226.6099395751953,11962100
2025-03-17,225.38153653003468,229.75892371378134,224.67960925467645,228.06256103515625,9586000
2025-03-18,228.44278631946406,230.24637564186483,227.6628489667191,229.07647705078125,10344900
2025-03-19,229.8271715262197,236.25187748793,228.99848528714736,233.11264038085938,10120600
2025-03-20,230.62659068730426,235.69616111397977,230.27561962597693,233.01513671875,8328500
2025-03-21,231.8452338048883,236.2226207273677,230.5680936788464,235.56942749023438,19326900
2025-03-24,239.3228749688017,242.45236840534434,238.27972040733326,241.83816528320312,9422700
2025-03-25,243.0567884546642,245.50384199682819,241.40917476122533,244.83114624023438,9287700
2025-03-26,246.26430155091427,248.2823741474766,243.51502555215362,244.73367309570312,12779300
2025-03-27,243.27127484247194,244.353434361877,240.98021170983642,241.89663696289062,8022500
2025-03-28,240.7462457637879,243.25177720979866,235.06247221658606,236.7588348388672,11978400
2025-03-31,233.4051183081998,239.69333633486474,231.40653346417213,239.1473846435547,13603000
2025-04-01,236.53458470709884,239.52758990904476,234.8382370203243,237.5485076904297,8054700
2025-04-02,235.54017262888723,241.0484528611315,235.40368471674867,239.65432739257812,7758800
2025-04-03,228.39403885290514,229.24221273335493,221.59885935670877,222.95399475097656,17188500
2025-04-04,211.2025352982525,213.54694074239666,204.944241574114,206.26849365234375,27170700
2025-04-07,201.84453550263905,217.81396118841425,198.303402775656,210.34913635253906,22914400
2025-04-08,219.2559199603552,223.49349966875857,209.1818362465306,212.73277282714844,19485700
2025-04-09,208.4461369100307,232.9495891897229,206.9747524141952,229.86949157714844,24022400
2025-04-10,225.6123023289423,225.95563138478292,215.9011700853409,222.77743530273438,18896400
2025-04-11,221.99268738474478,234.02861709200695,220.70768061687372,231.6940155029297,20284500
2025-04-14,232.57685007270544,235.20571653709092,229.1730460537919,230.24224853515625,13017800
2025-04-15,231.5959137609775,234.0972553015322,228.37848769241106,228.6825714111328,10912900
2025-04-16,227.574126341125,229.1239864114683,223.58176271607732,225.22972106933594,9322300
2025-04-17,226.39702262242238,229.86948332210488,226.15179188192315,227.53489685058594,9557900
2025-04-21,226.23027991963676,227.38776189376563,222.02211180001825,224.62156677246094,8716200
2025-04-22,227.5545095207112,231.48802026386073,226.95614590207006,231.09564208984375,10701400
2025-04-23,235.63731625364926,242.08197236154456,235.4215120035636,236.28472900390625,14126800
2025-04-24,235.1664754342962,240.78715979495186,233.04767825191306,239.97299194335938,9055200
2025-04-25,239.98281495355522,240.93431149661754,237.13814413406232,238.90380859375,8588600
2025-04-28,239.89452661223797,242.13102985600685,236.24549185288936,238.58009338378906,7394300
2025-04-29,237.5697486449445,240.5713706917717,237.07928713486953,239.95338439941406,7216800
2025-04-30,236.60844827615284,240.541944198583,233.88146850985436,239.95338439941406,12991700
2025-05-01,238.20734299709588,243.7103217475342,237.55012636868136,242.18008422851562,8689600
2025-05-02,246.4667021122206,248.78168093946223,244.70105272563194,247.69285583496094,7165000
2025-05-05,246.388234299257,250.29231865313628,245.80949331599908,247.74191284179688,5450700
2025-05-06,245.23074839753636,247.83018834347143,244.2498254039462,244.49505615234375,6369900
2025-05-07,245.08360113069762,247.63399177935113,244.0830555467209,244.6323699951172,8724100
2025-05-08,246.7708043040648,250.9985800051324,246.75118165326785,248.63455200195312,8320100
2025-05-09,249.64490778917525,250.63563464782604,247.52611048052464,248.2519989013672,5087600
2025-05-12,257.88465637383746,258.57131446306823,253.76479764463758,255.08901977539062,9603900
2025-05-13,256.0503155003321,258.639966447806,255.4225403810428,257.9925537109375,8589000
2025-05-14,257.9827669437803,261.5533412811179,257.28631994724986,260.5724182128906,8643100
2025-05-15,261.87698531695685,264.3783267139839,259.70915411050737,262.3870544433594,9214600
2025-05-16,262.3968965278898,263.33857420454694,259.66011303826815,262.45574951171875,8932900
2025-05-19,260.4840753869021,263.2012510960716,256.933139124985,259.8268737792969,12145000
2025-05-20,257.51191281628184,261.5729486833489,257.29610854408895,260.61163330078125,8436300
2025-05-21,259.3070029050421,260.58219084007044,255.7560664091254,256.0601501464844,7464000
2025-05-22,254.49065855609336,257.29608389039316,253.93152527688756,255.69720458984375,6514100
2025-05-23,251.9108110430405,256.99198455091897,251.11626587786765,255.7364044189453,6671800
2025-05-27,257.04106526626447,260.23885381510826,256.99200115618,260.22906494140625,7506600
2025-05-28,261.16091702282114,261.63177081627316,257.8846379571237,258.46337890625,5535400
2025-05-29,259.74841937820054,260.3467980228732,257.5217347653291,259.3266296386719,5081200
2025-05-30,258.4241883810186,260.26829856132497,257.7179225906518,258.96368408203125,10977700
2025-06-02,258.00232557179766,259.9739901433687,256.90369673393997,259.6110534667969,6011200
2025-06-03,258.69884566926845,261.49445240173793,257.86505509318295,261.19036865234375,6998400
2025-06-04,260.84705493579474,262.0241445637471,259.14022857540317,259.1794738769531,5915700
2025-06-05,259.68954289634314,259.68954289634314,255.34406123341302,256.9527893066406,8173800
2025-06-06,259.28735892431575,261.56310742936586,259.2187170664052,260.6606750488281,7738100
2025-06-09,260.9255242470256,262.7892720045682,258.32608422186917,261.6513977050781,8285000
2025-06-10,260.80780989527875,263.7701865542935,260.77838340293533,263.4759216308594,7538100
2025-06-11,263.5543728329388,264.4764428071077,260.71952105435884,263.03448486328125,7434100
2025-06-12,261.76909370629187,263.17183632733907,260.0819349081481,263.1227722167969,6618000
2025-06-13,260.0230331633122,261.92602601343884,257.69825064418626,259.8955383300781,7098300
2025-06-16,261.90644458682067,266.5462212171046,261.75931212188453,265.20233154296875,8566000
2025-06-17,263.0541348281509,265.42795173106725,262.69116817138956,264.37835693359375,6739300
2025-06-18,264.84919608413435,272.42192244365935,264.5745388559813,268.733642578125,9586400
2025-06-20,270.3129479704052,272.00992553694005,268.5865139770169,269.7538146972656,13969700
2025-06-23,269.81270157543656,273.2361135654262,266.9189664982738,272.9614562988281,8094600
2025-06-24,274.8643916774201,277.31669887612225,274.1777636230179,275.8943786621094,9267900
2025-06-25,276.1298306696613,278.85679547317505,275.55108967897763,278.6409912109375,6826900
2025-06-26,279.26878993935657,283.88892888521605,279.04316687272353,283.24151611328125,8942100
2025-06-27,280.3575940845552,283.19247586135157,279.6022941678673,281.6327819824219,17868600
2025-06-30,284.86003722869964,287.0671140098136,283.4082903268862,284.37939453125,12689200
2025-07-01,285.3406963303482,285.57610826317716,281.122709609671,284.8698425292969,9338300
2025-07-02,286.4687496948515,287.2338684064349,284.17339356010143,286.42950439453125,8158700
2025-07-03,287.95726066275904,292.1462676228288,287.03074848169234,291.75201416015625,6541600
2025-07-07,291.0127726573706,291.7914435365602,285.91695574871414,287.77984619140625,8825700
2025-07-08,285.1185912184717,285.54244302383853,276.28718720828704,278.72174072265625,15440900
2025-07-09,283.0586107622728,283.078342988919,278.42607952209454,279.0963134765625,11273800
2025-07-10,278.9385584232814,284.1723501696605,278.9385584232814,284.0540771484375,8410900
2025-07-11,281.4223984494675,283.2557206237078,279.5792402426265,282.7431640625,7384700
2025-07-14,282.95018101073435,285.1481583723004,281.1661592607552,284.5567932128906,9079900
2025-07-15,283.866855384694,287.7601801900451,281.3830312287391,282.4376525878906,12526100
2025-07-16,284.2611002489253,286.5576787356624,278.9484690013939,281.7181396484375,9979800
2025-07-17,279.3722805662569,286.13381646736286,279.3722805662569,285.73956298828125,8509500
2025-07-18,285.365019447414,288.3022635940587,284.09355419862834,287.08990478515625,12217000
2025-07-21,286.8237577094983,289.95811320350606,286.4097720406625,286.794189453125,7898100
2025-07-22,287.3166222633084,289.41605899858814,285.0299098515737,287.24761962890625,6717500
2025-07-23,288.6373728619252,292.72780910920665,288.3515263055785,292.5011291503906,7083500
2025-07-24,293.1516681080147,295.2905090775473,291.9491754148663,292.29412841796875,7001200
2025-07-25,292.4420132724975,294.6104226016396,291.71261270067146,294.3344421386719,5918500
2025-07-28,293.3882007039174,295.13278810430046,292.5602593912129,293.9992980957031,5840400
2025-07-29,295.6946113524278,296.9661066035344,291.94915830714154,292.777099609375,7635700
2025-07-30,293.1516503269176,296.29584201458954,293.1122159565272,295.3299255371094,8061700
2025-07-31,294.8469611494763,296.66055111466636,291.2591855090535,291.9885559082031,14749700
2025-08-01,286.2323800564947,287.61228223789124,280.1607803787386,285.2171630859375,12007100
2025-08-04,286.0943926240756,290.0961238185278,286.0943926240756,290.0369873046875,6649500
2025-08-05,290.4608068242693,291.54502636918687,283.11771225513746,287.1884460449219,7182300
2025-08-06,288.1050798314591,289.0808924201968,285.99580742431834,287.1687316894531,6330200
2025-08-07,288.7359444448802,289.2484709612734,282.29965937267906,282.8220520019531,8057100
2025-08-08,284.83281074343716,287.0505206188896,280.62407097329145,284.615966796875,6634100
2025-08-11,285.246742053437,287.13920088726815,284.635644641562,285.4044494628906,5510100
2025-08-12,287.31661546362176,290.5199739550687,286.1732592848133,288.6472473144531,8570900
2025-08-13,289.7314666813669,290.32283187703916,283.0389031406188,286.36053466796875,8420400
2025-08-14,286.4098066006694,289.9778804180479,285.4833244293079,289.9384460449219,6322400
2025-08-15,290.6086532135509,291.2591849519308,285.660707668408,286.3210754394531,7340500
2025-08-18,285.8381195988006,287.7108460905947,284.2709417940018,287.3461608886719,5386900
2025-08-19,286.6562214265169,288.2825659770611,285.37489004447787,286.4886779785156,6031500
2025-08-20,286.63648908496583,289.1203129200321,283.1472843493455,288.04595947265625,7374200
2025-08-21,287.7502738983734,288.56834905595423,285.31572049067694,287.2870178222656,6624000
2025-08-22,288.9922055724686,292.8953659306035,285.96625689985,291.9885559082031,8552800
2025-08-25,291.9885819039242,293.08266767966575,289.9187435512912,290.6678161621094,5856300
2025-08-26,289.9384115603751,294.4526691589569,289.2878798394283,294.2851257324219,6714700
2025-08-27,292.98408908730437,296.74927450763425,292.77711127340297,294.9849548339844,6056500
2025-08-28,295.71431837356056,296.91681101607145,294.41328492266325,296.749267578125,6410500
2025-08-29,297.7053662302992,298.60231023054706,295.4285199525983,297.0942687988281,6796400
2025-09-02,295.9508866438156,296.14799833495414,290.273540537871,295.39892578125,7221900
2025-09-03,296.25645520177414,296.25645520177414,292.1265844883639,295.211669921875,6316900
2025-09-04,295.694622931837,300.0610396446901,293.99930589050996,299.4598083496094,6605800
2025-09-05,299.2922261938372,300.7706992658433,290.08627080836624,290.1552734375,9837700
2025-09-08,290.6579550877705,292.20540066234315,287.2574550934962,288.70635986328125,8188500
2025-09-09,288.40084429899173,294.7089905900123,288.1149977252914,293.57550048828125,7848200
2025-09-10,292.44198029068025,297.2125163723058,291.1606189374317,296.22686767578125,7787300
2025-09-11,296.91682530734334,301.3424087307021,296.4733014094209,301.1748352050781,7942500
2025-09-12,300.622869917122,303.13626220753474,299.3415385689925,302.5054626464844,6846700
2025-09-15,302.76170501933825,305.50180702662493,302.76170501933825,304.46685791015625,7122000
2025-09-16,305.5510890844016,306.4381668754987,302.7222822014224,304.7527160644531,10525600
2025-09-17,305.9355331009736,308.4193571478893,304.3387568426567,307.2760009765625,8657800
2025-09-18,307.3154351086428,308.94174954569326,305.16669795269365,308.7347717285156,8050700
2025-09-19,309.09945390156855,311.2678631029987,304.68373667454165,310.26251220703125,23568600
2025-09-22,305.35395817376326,309.198012204534,305.11741210895696,307.9560852050781,7520200
2025-09-23,307.34499004479613,311.77054315707727,306.12276518201463,308.25177001953125,8584400
2025-09-24,309.54299157852137,312.036681822986,307.1971727167786,308.92205810546875,7310500
2025-09-25,309.6119974927529,311.1200389596543,307.3252850484171,308.9516296386719,7083200
2025-09-26,310.3807528469309,313.2489940185383,309.1979925185918,311.52410888671875,7258100
2025-09-29,312.50978831201064,313.4461666504931,309.158588598915,311.1594543457031,6462400
2025-09-30,311.71140689202116,312.85476301381095,305.65950932869447,310.9031677246094,11823300
2025-10-01,309.46414008660315,310.0752375005356,302.99828667529783,306.25091552734375,9235200
2025-10-02,305.5511124553201,306.10307334887034,301.74652271909054,303.1362609863281,7600000
2025-10-03,304.0825131673876,307.1873007923745,303.78680048715194,305.5806884765625,6029900
2025-10-06,307.2148975143275,308.7698967102646,302.2131839322167,306.2244567871094,7214500
2025-10-07,306.39282285956295,307.04651731937065,301.7872798561248,304.7486877441406,8454200
2025-10-08,305.2637226562496,305.8282811149513,300.6482653222047,301.1236877441406,6489900
2025-10-09,302.13392206728275,305.09536030036105,300.4898171115272,302.6093444824219,7060300
2025-10-10,302.73812442433035,307.50214203189404,297.93448072337696,298.01373291015625,8597400
2025-10-13,302.6786918104351,306.5017785031187,302.53013174675476,305.0260314941406,10788700
2025-10-14,302.91638858642943,304.0653034578676,291.39755808509767,299.19232177734375,16178800
2025-10-15,303.4611428511513,309.13634876005415,302.520212088773,302.767822265625,11354800
2025-10-16,302.43105556912377,305.72920960204,294.2302082762473,295.6861572265625,10549400
2025-10-17,296.30025689141456,296.68651306450823,291.3876792596173,294.7155456542969,10153500
2025-10-20,295.6465484229892,300.78693806489423,295.3098022126917,299.4696350097656,6894900
2025-10-21,298.7763518720256,301.14348948053015,294.16089447968653,294.2500305175781,7372700
2025-10-22,294.9235089294393,295.21074518844307,287.76264219334536,291.2984924316406,8054100
2025-10-23,291.5659521228084,293.53691953831486,289.7138327608809,291.72442626953125,5438800
2025-10-24,293.24968626033206,299.7073793455201,292.6257339726554,297.5680236816406,7228300
2025-10-27,299.27155593587753,301.6188954834183,298.13255521259686,301.2425231933594,5642200
2025-10-28,301.9457281513223,305.0260143525006,300.26199714781296,302.4409484863281,6336000
2025-10-29,300.60865723546095,305.30333633604477,300.1134369007715,302.58953857421875,7520300
2025-10-30,302.8668918595425,309.6216749468322,302.1834853094115,306.48199462890625,7514600
2025-10-31,305.5905808443981,309.8791757592273,304.3129038831637,308.1459045410156,7721300
2025-11-03,308.02707397940236,309.3344630267029,303.28285431242927,306.3928527832031,7770000
2025-11-04,303.7780648320401,309.23540287266394,302.1834697809128,306.2937927246094,7085200
2025-11-05,306.6503419445097,310.107000668758,302.70840715746203,308.7005615234375,6865200
2025-11-06,308.01715622418413,311.83035912038315,307.2941538281452,310.4239501953125,7206100
2025-11-07,308.90856044061366,311.4242580235003,304.6991875199946,311.20635986328125,7302300
2025-11-10,311.9888009767473,316.505207868057,311.20634440947254,313.8607482910156,5794100
2025-11-11,314.4649080237581,316.00007894896714,312.2661285601958,312.6028747558594,5030200
2025-11-12,313.23678409164455,319.16951418656384,313.1872439213492,317.34710693359375,10578300
2025-11-13,316.17840351377913,317.565014483568,306.1452341336872,306.5216064453125,8973300
2025-11-14,304.5704148461381,304.6991769671513,298.35044875494805,300.7076721191406,10327000
2025-11-17,301.0939616708072,302.66875869849656,294.8244855709175,297.4986572265625,8344000
2025-11-18,296.6369875977812,300.05402007948175,294.1806837974681,296.5478515625,8077300
2025-11-19,296.8746866890342,301.5396841634701,296.409178349521,300.3709411621094,5546600
2025-11-20,303.411609711364,306.95740445253,295.3098117912242,295.5277099609375,7501600
2025-11-21,298.40990318772816,298.79615936428223,290.01095471385685,295.171142578125,11766800
2025-11-24,295.3890327721484,296.9539460474125,291.69470820468445,295.1513366699219,10940200
2025-11-25,297.18170363006027,301.5891765934406,292.7346348034667,300.103515625,8877200
2025-11-26,302.0844103036798,305.5806647286523,300.30162915288383,304.6991882324219,7910900
2025-11-28,306.1452235979446,310.7210547537004,305.2934288863403,310.087158203125,4322400
2025-12-01,309.95842421118846,311.038000929866,305.5905771667579,305.9669494628906,7727300
2025-12-02,305.7886541478843,307.5120415313108,304.1544330268201,304.9368896484375,7249000
2025-12-03,304.26340519365976,309.37405277594195,303.86720471987456,309.1462707519531,8535300
2025-12-04,310.26549041680175,315.4454763850748,310.0079661400671,313.0783386230469,9627800
2025-12-05,312.62274341566774,315.4355916137351,311.6718985008828,312.0284729003906,6518900
2025-12-08,312.0482477999388,313.44477282870224,310.3546026483966,312.1968078613281,7417200
2025-12-09,311.939326475107,315.7524991840304,297.15202309779255,297.6373596191406,18049200
2025-12-10,297.62741810314117,308.2152311685389,295.60691069504315,307.1455383300781,18874100
2025-12-11,306.2838676543348,314.96013772429524,306.2838676543348,314.3460693359375,9721900
2025-12-12,316.6241041512468,317.2084605896136,313.5735598207153,315.4751892089844,8982900
2025-12-15,316.5349331916296,319.79349149101296,315.3464225115248,316.9608154296875,10864100
2025-12-16,316.0397380851819,316.4656203572433,311.39456850853577,312.5335693359375,8331300
2025-12-17,315.3860269605939,316.3170436429019,311.65207637787455,311.9690246582031,8718700
2025-12-18,312.979256626897,314.66301788263524,309.2353920446346,310.0079345703125,11444900
2025-12-19,310.79038320864026,315.51477427620307,310.1961127673861,314.17767333984375,24494400
2025-12-22,314.4748493262905,320.1401715734682,314.4748493262905,320.0014953613281,8354600
2025-12-23,320.51650136966475,324.6466524002949,320.00148308544306,322.8143310546875,6668300
2025-12-24,323.1213622604756,326.8355148620812,322.3884458193645,326.02337646484375,4289300
2025-12-26,325.9639318748006,327.6972031402456,323.4185221880518,324.7754211425781,4158300
2025-12-29,323.8741142125664,324.63674268276935,320.43728371815735,320.6551818847656,8635300
2025-12-30,321.70506610211044,321.83382823915406,319.4072362471025,320.328369140625,7904300
2025-12-31,321.2395304565584,321.77437689354394,318.9615289550125,319.1398010253906,5048500
2026-01-02,319.4171281542276,322.61626252061376,317.6739428368343,322.36865234375,8054000
2026-01-05,322.3884599175412,334.026138578159,322.08142570711647,330.8468322753906,10752600
2026-01-06,330.92639220894705,334.1598441675407,328.96642165340415,332.90625,7660800
2026-01-07,329.4539672046419,330.45880399676645,322.947258062395,325.3250732421875,9815200
2026-01-08,324.7281574581884,329.7126277455971,323.99190461809644,328.11083984375,11737100
2026-01-09,327.6631156796267,330.21007865256746,326.49908990111055,327.5138854980469,6738100
2026-01-12,320.2411028663189,324.3600076252465,319.59441851466954,322.8377990722656,12805100
2026-01-13,322.64875130423195,325.1957141371429,308.9886797025588,309.3169860839844,19371200
2026-01-14,306.6307659579143,310.17263725890126,304.5613395847709,306.30242919921875,25951500
2026-01-15,306.8993776774091,311.3466191836246,306.18304245620016,307.68536376953125,14751400
2026-01-16,308.76979706409315,315.5948534301565,308.42157308655703,310.8789978027344,14652500
2026-01-20,304.65088058894946,309.56573031914434,300.323023148028,301.19854736328125,12900600
2026-01-21,301.88504309324475,303.8450138204667,299.61665319654776,300.50213623046875,10270100
2026-01-22,303.3077326815458,306.6307531542374,301.35772089620315,302.0840148925781,10535800
2026-01-23,300.4623078902987,300.8304191049288,295.000271015744,296.2041015625,11107900
2026-01-26,296.2936374196168,300.243424572115,295.9354850066467,299.5072021484375,11752700
2026-01-27,299.7957098597862,300.4324657566407,296.6319086980451,298.7809143066406,11527400
2026-01-28,298.74110176244625,300.38272473319716,296.53240414079806,299.2385559082031,9556700
2026-01-29,300.86028172816947,305.2677184721844,300.6812055104527,304.8598327636719,11580000
2026-01-30,303.6957636347891,306.36211063628633,301.0194578342246,304.33251953125,11953200
2026-02-02,302.9097896135357,307.72514241386267,299.83552643648,306.5710754394531,9839400
2026-02-03,308.15296152215484,314.6397527673971,307.5261644294422,313.24688720703125,12688000
2026-02-04,312.809117891095,317.68416242077944,312.809117891095,315.654541015625,9848800
2026-02-05,313.3961328396234,314.4009999973286,303.98430827226673,308.5807800292969,9388000
2026-02-06,313.10760555212,322.59903993155126,313.10760555212,320.7584533691406,17797400
2026-02-09,319.70385137937853,324.73808529326595,318.4801031561584,320.4599914550781,11477500
2026-02-10,320.9076714905845,324.4694603347238,313.51550984428656,316.659423828125,9902200
2026-02-11,321.5941717066872,323.6237932822943,307.15807190859783,309.2374267578125,8703500
2026-02-12,310.68996020493864,312.0231336727285,298.492374829366,301.09906005859375,13443400
2026-02-13,297.0000117729552,302.740652037527,295.0101951931391,301.0094909667969,9114500
2026-02-17,301.21844819128046,306.6705262718474,300.95976231603305,305.5661926269531,8896800
2026-02-18,306.8894162356143,310.6899733588093,305.6557396172298,307.2077941894531,7209600
2026-02-19,305.6060125002564,307.6057576457843,303.5664321569553,306.48150634765625,6737700
2026-02-20,306.829734990155,309.4165028225248,304.12358301143166,309.20758056640625,7792700
2026-02-23,307.22769310292153,309.4165036660153,293.5974666249826,296.1543884277344,12955400
2026-02-24,295.3086878147805,298.22376183621185,289.89638425356503,295.7862243652344,13554100
2026-02-25,297.1194302945208,302.113859047087,295.4977249020647,301.75567626953125,8095500
2026-02-26,303.02916294815697,307.4366298839601,302.0939770599508,304.5712890625,7007800
2026-02-27,298.4725052158334,301.4074969953331,292.9507760142178,298.7709655761719,18620800
2026-03-02,293.3089239524434,298.45261340621465,291.7170645432447,296.044921875,8508900
2026-03-03,290.80175042735664,300.8503301542204,288.0259478174434,298.7311706542969,10278200
2026-03-04,298.4625518350298,299.4674190034017,294.31380094003714,297.8656311035156,8055700
2026-03-05,296.46279534996694,299.7061758621692,290.9410358965662,292.0553283691406,12732500
2026-03-06,284.88204628210366,288.51345559776433,282.2654325280704,288.0060729980469,13496500
2026-03-09,284.04633930656934,289.61783224456605,279.02206418875625,288.44384765625,12241100
2026-03-10,287.81703392074905,291.25940817695187,285.7177615952499,287.2598876953125,8344900
2026-03-11,287.339470512306,289.00098077209634,283.40957048917664,286.0560302734375,10205000
2026-03-12,281.38992356011664,282.4345955757058,277.6789347371047,281.44964599609375,13760500
2026-03-13,283.2205743771862,285.72773249785536,281.50933079451545,281.996826171875,9091200
2026-03-16,284.88204862524725,287.7971227560318,283.16084627757465,284.7029724121094,8149000
2026-03-17,287.5285022187445,290.2744588762506,284.4940440114858,285.42926025390625,8961200
2026-03-18,285.36953215418885,287.93641255144826,283.6682474755719,286.27490234375,10057000
2026-03-19,285.4193072233837,288.0359209952396,283.1708046765218,286.5037536621094,9846700
2026-03-20,286.61317132501995,289.2297850267638,283.81748141518966,285.1009216308594,22436500
2026-03-23,292.8114588483544,294.24412922690453,286.5037438804951,288.4338684082031,11470800
2026-03-24,284.71293429347423,293.9755285514211,283.9169894005904,290.91119384765625,11092300
2026-03-25,292.6522795072885,296.1245302289603,290.950994762599,293.91583251953125,12188200
2026-03-26,291.0902559049482,293.48798854194115,289.24969984697105,290.1749572753906,8669200
2026-03-27,287.66781259849654,288.63284454259417,280.31542537678433,281.3998718261719,9873300
2026-03-30,283.2901966006573,285.787426299191,280.89246381052374,282.32513427734375,11734400
2026-03-31,287.0012007453536,293.56760164880984,283.4991344325332,292.6622314453125,12956900
2026-04-01,293.8859963972044,297.19902789200404,291.41861272257177,293.87603759765625,11267200
2026-04-02,290.4237002119346,294.1148016905453,287.2499401451481,293.1000061035156,6669300
2026-04-06,294.05999755859375,296.8299865722656,293.20001220703125,295.45001220703125,7142600
2026-04-07,293.1400146484375,298.17999267578125,292.70001220703125,297.3999938964844,7849100
2026-04-08,307.9700012207031,311.260009765625,305.3299865722656,307.9700012207031,10590200
2026-04-09,306.95001220703125,311.260009765625,306.1099853515625,310.3299865722656,6586600
2026-04-10,310.0,310.3500061035156,306.7200012207031,309.8699951171875,6069700
2026-04-13,307.4700012207031,313.739990234375,305.4599914550781,313.67999267578125,8318200
2026-04-14,309.82000732421875,314.32000732421875,308.8699951171875,311.1199951171875,11455500
2026-04-15,313.95001220703125,314.239990234375,304.260009765625,305.92999267578125,9885800
2026-04-16,305.3500061035156,309.95001220703125,305.20001220703125,309.95001220703125,8208600
2026-04-17,312.4700012207031,314.8999938964844,310.0899963378906,310.2900085449219,11082400
2026-04-20,310.8500061035156,317.1300048828125,310.3699951171875,316.989990234375,10772000
2026-04-21,317.489990234375,320.239990234375,312.75,313.0,7084300
2026-04-22,314.8500061035156,315.1499938964844,311.94000244140625,313.0199890136719,5545900
2026-04-23,313.5199890136719,314.989990234375,308.8900146484375,311.69000244140625,6969700
2026-04-24,311.1499938964844,311.1499938964844,307.8900146484375,308.2799987792969,5215300
2026-04-27,306.8800048828125,312.5799865722656,306.8800048828125,311.6300048828125,7925300
2026-04-28,315.20001220703125,315.45001220703125,311.1700134277344,311.45001220703125,7398600
2026-04-29,310.57000732421875,312.04998779296875,307.2900085449219,309.25,8031800
2026-04-30,307.07000732421875,314.1000061035156,306.57000732421875,313.2300109863281,8865400
2026-05-01,313.95001220703125,316.0799865722656,311.8299865722656,312.4700012207031,6135400
2026-05-04,310.6199951171875,310.6499938964844,306.510009765625,307.6499938964844,7338200
2026-05-05,307.7099914550781,310.9700012207031,306.79998779296875,309.3999938964844,6316800
2026-05-06,311.45001220703125,316.260009765625,311.3500061035156,314.8999938964844,8629500
2026-05-07,314.6499938964844,316.29998779296875,306.1400146484375,306.2699890136719,8359600
2026-05-08,308.25,308.989990234375,300.5,302.1000061035156,9464300
2026-05-11,302.1000061035156,303.19000244140625,298.8800048828125,300.0,9512000
2026-05-12,300.0199890136719,306.05999755859375,295.54998779296875,304.8800048828125,9498200
2026-05-13,302.2699890136719,303.0,300.07000732421875,300.25,7709500
2026-05-14,302.25,303.75,298.80999755859375,299.9100036621094,7364300
2026-05-15,300.2099914550781,300.7900085449219,296.45001220703125,297.80999755859375,8659900
