Date,Open,High,Low,Close,Volume
2006-05-25,3.6504129931658507,4.1712533568216035,3.641354689556824,4.16672420501709,395343000
2006-05-26,4.193899249791008,4.233754581661961,3.995526606839633,4.069803237915039,103044000
2006-05-30,4.0734274283031535,4.074333172575424,3.8813953890952764,3.9855637550354004,49898000
2006-05-31,4.0172654950076945,4.108752111906456,4.0172654950076945,4.070708274841309,30002000
2006-06-01,4.069803710138823,4.3569453549807,4.067086045604619,4.303502559661865,62344000
2006-06-02,4.393177407753214,4.411293586328378,4.238283929762238,4.256400108337402,37253000
2006-06-05,4.261834891486919,4.461113282424974,4.257305738982928,4.452054977416992,37188000
2006-06-06,4.527237767400874,4.586115459557108,4.329771278589702,4.375061511993408,49045000
2006-06-07,4.377775732343127,4.384116368669691,4.2346578953671745,4.311651706695557,25013000
2006-06-08,4.311654709412763,4.322524070739746,4.121434623296097,4.322524070739746,34439000
2006-06-09,4.420352847401567,4.420352847401567,4.318902139058957,4.327960014343262,13372000
2006-06-12,4.347886169388037,4.370531063414824,4.193898471233342,4.252776145935059,14546000
2006-06-13,4.1848410969953465,4.289009446720284,4.103318510171226,4.121434688568115,16716000
2006-06-14,4.0670851488513575,4.116904956371527,4.025417901212441,4.087013244628906,15971000
2006-06-15,4.112378656562785,4.177597021226389,4.087921823804434,4.162198066711426,16500000
2006-06-16,4.12143441679616,4.1667246438400145,4.0761437578285715,4.07795524597168,12280000
2006-06-19,4.116905216368101,4.116905216368101,3.99462069773995,4.016360282897949,11509000
2006-06-20,4.052592386832799,4.076143458659615,3.937554691637656,3.9873740673065186,23792000
2006-06-21,3.9873761889486317,4.155856757403437,3.985564699974603,4.103320121765137,18063000
2006-06-22,4.2029555491670205,4.2527753432394535,4.155853418296,4.221071720123291,13038000
2006-06-23,4.256399121655985,4.341545529952749,4.245529330645873,4.252776145935059,11612000
2006-06-26,4.2527804845444495,4.302599906921387,4.20567829673028,4.302599906921387,8565000
2006-06-27,4.302597956222095,4.350605867124834,4.279952617436144,4.2853875160217285,9826000
2006-06-28,4.243717613157761,4.293536982014102,4.212014417696785,4.253681659698486,8756000
2006-06-29,4.252776530298447,4.356038690379947,4.252776530298447,4.347886562347412,14470000
2006-06-30,4.316182930381953,4.347886562347412,4.221072898332987,4.347886562347412,25964000
2006-07-03,4.338828144687276,4.347886448418252,4.240095139177077,4.28447961807251,7029000
2006-07-05,4.293535109278568,4.333390846133724,4.231034489499086,4.311651706695557,13266000
2006-07-06,4.279949689822752,4.289007991910549,4.238282450450846,4.239188194274902,8097000
2006-07-07,4.234660377182915,4.24371824927652,4.1440790647046235,4.177594184875488,8380000
2006-07-10,4.184841847749917,4.218356978162422,4.177595461475923,4.211110591888428,4978000
2006-07-11,4.211109912744141,4.211109912744141,4.103318584540456,4.198428630828857,8079000
2006-07-12,4.202958530735365,4.202958530735365,4.125058897169237,4.125964641571045,7672000
2006-07-13,4.092448501311756,4.092448501311756,4.0127369750226425,4.05078125,16625000
2006-07-14,4.041724427640596,4.047159326059211,3.9765060785411164,3.9810352325439453,9663000
2006-07-17,3.977410946856977,4.000962024175439,3.9629181755489102,3.9846577644348145,6458000
2006-07-18,3.9846580804001723,3.994621699493112,3.9556721035617777,3.9765055179595947,12483000
2006-07-19,3.9774106900353146,4.116905656506329,3.967447072375796,4.10150671005249,15840000
2006-07-20,4.112377611696133,4.146798490508209,4.08520355194631,4.125964641571045,8829000
2006-07-21,4.125963530008052,4.125963530008052,4.055310734538526,4.10150671005249,8510000
2006-07-24,4.116904766526003,4.124151150145634,4.075237520808514,4.076143264770508,5017000
2006-07-25,4.094257273633891,4.202954266191134,4.090633867779268,4.173968315124512,6900000
2006-07-26,4.179404639121879,4.334298057730187,4.148607190543528,4.228318691253662,10338000
2006-07-27,4.248248002235687,4.272704821848863,4.213827133178711,4.213827133178711,6009000
2006-07-28,4.212922034068542,4.239190345993853,4.190276699278399,4.193900108337402,4339000
2006-07-31,4.193899207536314,4.203862824441793,4.1540434441431735,4.154949188232422,4616000
2006-08-01,4.159477756205484,4.159477756205484,4.048968786292284,4.076143264770508,7390000
2006-08-02,4.346980975052372,4.533578088369739,4.285386054652254,4.530860424041748,53372000
2006-08-03,4.450243322997316,4.550788258827693,4.406764151660674,4.528142929077148,21689000
2006-08-04,4.556222770005016,4.664919825308543,4.528142546211643,4.5335774421691895,14216000
2006-08-07,4.574339326408757,4.646804035972472,4.551693996689162,4.628687858581543,6918000
2006-08-08,4.6286878908319276,4.770900078707264,4.624158738471704,4.761841773986816,14073000
2006-08-09,4.800793635237199,4.93666480278678,4.710212280972269,4.787206172943115,15043000
2006-08-10,4.728326462284249,4.883219925040128,4.71926858984947,4.8515167236328125,8725000
2006-08-11,4.846081538933537,4.932133697522067,4.823436211308992,4.862386226654053,9078000
2006-08-14,4.868726487324423,4.940285440612964,4.8478930812407075,4.912205219268799,6314000
2006-08-15,4.954780996473821,4.975614846209169,4.914925649723961,4.9357590675354,8553000
2006-08-16,4.950250046309994,5.02090326364541,4.905865133506287,4.915829181671143,15344000
2006-08-17,4.9094899844839395,4.913112961664189,4.818002899901167,4.8424601554870605,10216000
2006-08-18,4.8098504800098665,4.8596698686324045,4.751878529374459,4.841553688049316,9343000
2006-08-21,4.827966226608386,5.031773347828911,4.782675995183701,4.914924144744873,12487000
2006-08-22,4.909487119045742,5.0272424471524095,4.909487119045742,5.0027852058410645,9761000
2006-08-23,5.025430789538137,5.049887600200177,4.940284824127807,4.9457197189331055,10439000
2006-08-24,4.972895572012294,5.058947744497417,4.965649186940854,5.040831565856934,5420000
2006-08-25,5.049888695995915,5.058946999944882,4.975612504078692,4.981953144073486,8016000
2006-08-28,4.968367087094662,5.022715625595505,4.961120701679308,4.983765602111816,3748000
2006-08-29,5.0045987436939745,5.040831097609284,4.996446183312607,5.0136566162109375,3211000
2006-08-30,5.0254325049863935,5.052606988288989,4.997352709484764,5.004599094390869,5801000
2006-08-31,5.004601234291312,5.08793577615366,5.004601234291312,5.063478946685791,7023000
2006-09-01,5.0698165167213425,5.208405276997688,5.0698165167213425,5.122353553771973,20559000
2006-09-05,5.154057178684377,5.184854635525942,5.095179497109159,5.1495280265808105,4618000
2006-09-06,5.154056205398964,5.333406448364258,5.124164498238081,5.333406448364258,15694000
2006-09-07,5.299892239888094,5.513663377808812,5.298986495868318,5.445727825164795,26549000
2006-09-08,5.525438573880793,5.548083900676454,5.370545126014681,5.412212371826172,15176000
2006-09-11,5.412213600329598,5.615114979735167,5.398626573937594,5.604245185852051,17064000
2006-09-12,5.524533738877541,5.629607830620161,5.524533738877541,5.6250786781311035,16992000
2006-09-13,5.616021912679045,5.64319640313901,5.51638312214821,5.557144641876221,12355000
2006-09-14,5.511852739103114,5.729246886601692,5.498265712865398,5.68757963180542,13010000
2006-09-15,5.687580954528618,5.905881328878994,5.687580954528618,5.885047912597656,19314000
2006-09-18,5.954793504407368,6.118745288609643,5.824356845131462,5.8986334800720215,23656000
2006-09-19,5.88776423683186,5.991932166006225,5.824357389558022,5.873271465301514,17263000
2006-09-20,5.896820117720951,6.041749501112703,5.842471167025411,6.028162479400635,13476000
2006-09-21,6.116932797100097,6.304435639268682,6.069831082466452,6.2546162605285645,29063000
2006-09-22,6.2500886878357615,6.295378925793422,5.895011010797649,5.9720048904418945,29874000
2006-09-25,5.910410346631978,5.951171865810466,5.634138019721715,5.83341646194458,35677000
2006-09-26,5.7428318328305314,6.098814615247656,5.6848599127518336,5.978342056274414,39969000
2006-09-27,6.068923799607441,6.150446797153446,5.9285235615267124,6.145011901855469,19633000
2006-09-28,6.127802429643607,6.241934384888965,6.127802429643607,6.218383312225342,13395000
2006-09-29,6.202078755289396,6.381429023690933,6.1196500049594205,6.372370719909668,20056000
2006-10-02,6.3723727650145765,6.3723727650145765,6.309872090175372,6.337046146392822,17393000
2006-10-03,6.195740646552249,6.42219315051192,6.195740646552249,6.3116841316223145,16733000
2006-10-04,6.340668100785377,6.377806199455099,6.227441884699924,6.306247234344482,13679000
2006-10-05,6.328921478063941,6.6118997204204515,6.259083725750481,6.583783149719238,25756000
2006-10-06,6.566548876465347,6.879457880257813,6.531176983019464,6.815968990325928,35410000
2006-10-09,6.521202817920179,6.641831370940731,6.43503925684631,6.6028313636779785,37084000
2006-10-10,6.4531796056386925,6.643645945336187,6.394226129883532,6.522110462188721,26764000
2006-10-11,6.435037835585226,6.43957284989968,6.192873866462516,6.303525447845459,35483000
2006-10-12,6.267249768096996,6.423250716516482,6.232784764131214,6.386064529418945,15117000
2006-10-13,6.439572990143403,6.503061894480132,6.332549071894996,6.357037544250488,11321000
2006-10-16,6.348876195821301,6.503970174921942,6.335271582211173,6.4667840003967285,8802000
2006-10-17,6.448642878528586,6.457712474674724,6.282665073971403,6.303525447845459,9865000
2006-10-18,6.313501429559982,6.455897656935265,6.307152583481527,6.389688014984131,8562000
2006-10-19,6.389688787083414,6.611899291645553,6.3261998861444795,6.560201168060303,13414000
2006-10-20,6.602831162103559,6.607365744798331,6.439574075571953,6.459527969360352,5264000
2006-10-23,6.4713167939970075,6.495805263080885,6.330734393348223,6.371548652648926,7389000
2006-10-24,6.362478100103983,6.484920867904066,6.341617730283595,6.457711219787598,8512000
2006-10-25,6.462248009246934,6.462248009246934,6.394224518984824,6.416898727416992,11349000
2006-10-26,6.425968995800921,6.711668443997903,6.338898527142508,6.5484113693237305,21152000
2006-10-27,6.439573708780647,6.620970413207728,6.258177436836391,6.588318824768066,26741000
2006-10-30,6.586506101296805,6.6753904192669875,6.507598731333172,6.579250335693359,17471000
2006-10-31,6.593761951249251,6.915740716668889,6.524831095927488,6.720739364624023,35930000
2006-11-01,7.414583074723608,7.93609790705089,7.414583074723608,7.715701103210449,141283000
2006-11-02,7.602323787527767,7.988697829430062,7.4826021803215195,7.945163249969482,62536000
2006-11-03,7.950609364144539,8.140169262256128,7.869888140289662,8.118401527404785,42476000
2006-11-06,8.162842412897005,8.810427682635835,8.161935063661138,8.734241485595703,97749000
2006-11-07,8.683446083943489,8.722445646057462,8.380513559960024,8.389583587646484,71623000
2006-11-08,8.344236491795083,8.344236491795083,7.985978954339044,8.021350860595703,64172000
2006-11-09,8.280749605874089,8.375982344876489,7.999584674835205,7.999584674835205,62982000
2006-11-10,8.039490703528806,8.208189279124465,7.95967599815239,8.09028148651123,27782000
2006-11-13,8.499329811415597,8.887517706729945,8.461236727992071,8.756912231445312,114166000
2006-11-14,8.779586013508325,8.819492923854394,8.561003192934294,8.634469032287598,38524000
2006-11-15,8.635376748721043,9.038077034567774,8.616330207089433,8.643539428710938,56606000
2006-11-16,8.729701187249901,8.815864713885793,8.516560742377312,8.572793006896973,35647000
2006-11-17,8.466679771570044,8.65079724001846,8.349679318282954,8.597285270690918,28516000
2006-11-20,8.523819492767307,8.726077024359395,8.500237932064604,8.724263191223145,22904000
2006-11-21,8.79682301973619,9.145104117896778,8.75238020891747,9.12424373626709,59494000
2006-11-22,9.22854984597697,9.426271598284092,9.144200074809127,9.365504264831543,42648000
2006-11-24,9.242146592665659,9.600404913092849,9.11516966084071,9.56684684753418,21600000
2006-11-27,9.614010832068203,9.849825526239789,8.978216171264648,8.978216171264648,73643000
2006-11-28,8.843079703604642,9.160523936387087,8.661683369857224,9.137848854064941,61511000
2006-11-29,9.285683131735768,9.312892353916922,8.78412246185598,8.997262954711914,48996000
2006-11-30,9.003608792115024,9.253028452819157,8.754189131410893,9.228540420532227,41254000
2006-12-01,9.271172187334196,9.292032563486213,8.987287006980239,9.175938606262207,35210000
2006-12-04,9.160522156759153,9.20496409852443,9.001800071203101,9.077079772949219,20276000
2006-12-05,9.069825005330486,9.27389641393679,8.979126409290815,9.001801490783691,21264000
2006-12-06,9.177753942779674,9.251218938897784,8.93377566482212,8.990915298461914,30071000
2006-12-07,9.006332769661775,9.154170952775406,8.944658130533355,9.04079818725586,21763000
2006-12-08,9.040797719306582,9.142379269091895,8.97277337154333,9.078890800476074,15976000
2006-12-11,9.078893041734815,9.272987025822088,8.973682935651992,8.988194465637207,30088000
2006-12-12,8.95281901183831,8.988190906230027,8.550118808185852,8.684351921081543,46602000
2006-12-13,8.795911853988343,8.856680004068828,8.619050631537888,8.686166763305664,18912000
2006-12-14,8.686166720308828,8.75056253531057,8.598189351432723,8.670748710632324,24111000
2006-12-15,8.73605353909163,8.73696088814262,8.648076144740559,8.724263191223145,14585000
2006-12-18,8.707028083947701,8.707028083947701,8.394119032424372,8.425863265991211,26059000
2006-12-19,8.385051135148494,8.844891126738904,8.208189866064709,8.834007263183594,31954000
2006-12-20,8.834006271838142,9.019937550513903,8.729703528184054,8.84398365020752,28211000
2006-12-21,8.689798944229508,8.738775905407678,8.515657965067017,8.680728912353516,31084000
2006-12-22,8.679820915467134,8.79772872615888,8.632657791190436,8.738775253295898,13194000
2006-12-26,8.752377604951155,8.775052678207556,8.560097481558005,8.6290283203125,10227000
2006-12-27,8.607260479376214,9.023565823082087,8.570981227623022,9.01268196105957,19987000
2006-12-28,9.05077021514406,9.05077021514406,8.84851282421904,8.97549057006836,22386000
2006-12-29,8.960985534336418,9.035357884808525,8.912008578417433,8.932868957519531,10887000
2007-01-03,9.029009503255724,9.04080071703151,8.673472231187983,8.744216918945312,26289000
2007-01-04,8.788656669881806,9.237613596168238,8.64353966399615,9.1732177734375,27024000
2007-01-05,9.159612418396433,9.269357517977097,8.97912265110661,9.165961265563965,29632000
2007-01-08,8.980030988757495,9.273893553519118,8.979123639791274,9.167776107788086,16006000
2007-01-09,9.169590787459947,9.591337697463182,9.124242364205786,9.590431213378906,36952000
2007-01-10,9.58770856155828,9.667590405973499,9.349876675320983,9.50782585144043,35099000
2007-01-11,9.549577491267891,9.806472000733134,9.3988899160083,9.576809883117676,37671000
2007-01-12,9.599508940543075,9.735672709804135,9.517810852126964,9.554121017456055,18233000
2007-01-16,9.55866322718178,9.755646137516573,9.497844133556189,9.622206687927246,18028000
2007-01-17,9.712977546267766,10.005275089868013,9.601323558654133,9.898159980773926,45903000
2007-01-18,9.980766775356162,9.984397532420559,9.240946782770028,9.303581237792969,42787000
2007-01-19,9.30448510214203,9.563195037201417,9.259097196796002,9.534147262573242,30029000
2007-01-22,9.621294571275444,9.803753507810285,9.486038933090885,9.768350601196289,21033000
2007-01-23,9.868203308368978,9.907236102339692,9.714792169716784,9.840970039367676,21414000
2007-01-24,9.885450323182226,10.264891173916794,9.86729481120514,10.114204406738281,31643000
2007-01-25,10.189549407817553,10.192272042368682,9.710254051188503,9.791952133178711,21785000
2007-01-26,9.911775026306554,9.974410333315483,9.667588920295836,9.850955963134766,17501000
2007-01-29,9.894530999787515,10.076082726222566,9.867298587103374,9.961705207824707,12105000
2007-01-30,9.952627713690468,10.131455943913666,9.916317540576019,10.053388595581055,11493000
2007-01-31,10.080619155604225,10.182288141053869,10.053386747200946,10.126007080078125,13665000
2007-02-01,10.179562653415282,10.255814594043525,10.131452103484264,10.159592628479004,16003000
2007-02-02,10.211334161032772,10.230397795889361,10.039769238646004,10.072447776794434,11290000
2007-02-05,10.030690949098384,10.071539985315495,9.975318022731345,10.007996559143066,9910000
2007-02-06,10.052479938699786,10.125100274812512,9.97622797978954,10.035232543945312,10621000
2007-02-07,10.030690760357588,10.224041938064465,10.015258748618837,10.15777587890625,21132000
2007-02-08,10.166858522230633,10.47821894376001,10.080621531971309,10.415583610534668,37535000
2007-02-09,10.714231825608756,10.717862582147792,9.04396261929369,9.404340744018555,282063000
2007-02-12,9.256377264161483,9.32718221601608,8.95137205022852,9.266363143920898,82177000
2007-02-13,9.440651049085984,9.5350576461471,9.3371675605402,9.503286361694336,73214000
2007-02-14,9.459714519372467,9.87818998020625,9.449729505149582,9.805569648742676,49005000
2007-02-15,9.803755640945436,9.876375982561845,9.72114941800741,9.80738639831543,34999000
2007-02-16,9.804660338643036,9.905421187837494,9.626740288405099,9.83280086517334,20471000
2007-02-20,9.832797685824618,9.84913781584726,9.67121782313819,9.787409782409668,19803000
2007-02-21,9.771982997784326,9.917223660923648,9.591339425225778,9.739303588867188,20648000
2007-02-22,9.79467760364566,9.89453035410668,9.541413671672128,9.613126754760742,21767000
2007-02-23,9.613119448853574,9.673938482514023,9.415228611257964,9.492387771606445,30432000
2007-02-26,9.515085977886732,9.622201070252286,9.395262373932209,9.446096420288086,11669000
2007-02-27,9.236409858378982,9.613128253173368,9.076644393895187,9.349879264831543,51236000
2007-02-28,9.349875905413407,9.740209934684925,9.260008188569394,9.729317665100098,35401000
2007-03-01,9.555933957494503,9.794673017203376,9.287238134401834,9.648524284362793,38166000
2007-03-02,9.56773476950685,9.758363296437444,9.332626454956337,9.35531997680664,18023000
2007-03-05,9.181943673683953,9.458809287717562,9.1592501398824,9.162880897521973,29906000
2007-03-06,9.32990349701178,9.505100023719091,9.29904034013152,9.439742088317871,31967000
2007-03-07,9.439743022950076,9.449728035620188,9.02308300534238,9.052131652832031,51432000
2007-03-08,9.186480759010893,9.38618710712275,9.012192306519129,9.32809066772461,63268000
2007-03-09,9.413413688653756,9.463340461202986,9.14562605249318,9.29177474975586,34646000
2007-03-12,9.26000972909053,9.395265387849735,9.203728665026388,9.372570991516113,20854000
2007-03-13,9.30539319631921,9.5341472343719,9.231864772562089,9.427939414978027,46278000
2007-03-14,9.414321922147291,9.640352419334551,9.290866738737487,9.576809883117676,35349000
2007-03-15,9.576813275534722,9.635816956393954,9.488760949470569,9.55502700805664,19609000
2007-03-16,9.562288207421076,9.615845747662105,9.50782254543769,9.555933952331543,15751000
2007-03-19,9.578628056381035,9.764717708792737,9.578628056381035,9.702990531921387,23120000
2007-03-20,9.712978883198293,9.795585098500137,9.658514064872136,9.757458686828613,16206000
2007-03-21,9.736575918629056,10.195900228087059,9.69118801440995,10.048843383789062,38077000
2007-03-22,10.076078517461381,10.076078517461381,9.89452686686015,9.946269035339355,13239000
2007-03-23,9.939916761010984,9.985304682709275,9.896345083370813,9.972596168518066,6348000
2007-03-26,9.867293351068321,9.917220135914816,9.763809025798171,9.847322463989258,17044000
2007-03-27,9.836430922890916,9.836430922890916,9.671219412109677,9.73567008972168,14708000
2007-03-28,9.676667064826992,9.797398805499846,9.604046742313294,9.683929443359375,14781000
2007-03-29,9.749287379091026,9.77470440537906,9.599507855820445,9.730224609375,7855000
2007-03-30,9.744750431856652,9.803754996606207,9.607679394566517,9.643989562988281,7578000
2007-04-02,9.722054329867154,9.787412269458875,9.615847353392182,9.709345817565918,17479000
2007-04-03,9.871833797663397,9.930837480832299,9.813737370681842,9.851862907409668,15394000
2007-04-04,9.898221298284048,9.90367583619462,9.658242435830687,9.74550724029541,19401000
2007-04-05,9.776414640334929,9.848226081461517,9.762779161533425,9.818228721618652,5559000
2007-04-09,9.853683948387566,9.889134991586316,9.744602681828766,9.84822940826416,6124000
2007-04-10,9.899131183745608,10.126383958577138,9.796413005809004,10.000031471252441,26531000
2007-04-11,10.000030306391151,10.045480162542765,9.908219481727825,9.981849670410156,11034000
2007-04-12,9.95912802231211,10.019122753767592,9.894588130364458,9.982762336730957,7762000
2007-04-13,9.994577878071963,10.094568796368003,9.897313362228095,9.944581985473633,7612000
2007-04-16,9.999123038026413,10.015484920341937,9.865498109447566,9.944581985473633,12008000
2007-04-17,9.955493312495417,10.070938504296553,9.900953109769754,9.967310905456543,9546000
2007-04-18,9.968218432404027,10.002760961936762,9.914586747113859,9.927312850952148,8459000
2007-04-19,9.892768254758625,10.01457558404807,9.835499937567626,9.938218116760254,6797000
2007-04-20,10.026392815558381,10.079115975851552,9.934582841307197,10.00821304321289,11008000
2007-04-23,9.99912891850175,10.053670003130076,9.953678159128334,10.002764701843262,13499000
2007-04-24,9.99912299019321,10.005486040718878,9.78459629601288,9.826411247253418,11928000
2007-04-25,9.840044575349308,9.960034007823944,9.785504397079293,9.939126968383789,10207000
2007-04-26,9.951857016523098,10.044576396652406,9.820959323076089,9.8682279586792,9821000
2007-04-27,9.844589355043235,10.422720077053265,9.813682619488407,10.37181568145752,43062000
2007-04-30,10.385453201120965,10.723605133929645,10.132748196835937,10.151837348937988,38711000
2007-05-01,10.10820588464822,10.506352597484419,10.090934620833355,10.439994812011719,34290000
2007-05-02,11.423543717005426,11.830780679194856,11.29900911053806,11.485356330871582,160434000
2007-05-03,11.5453503211796,12.285285483828332,11.49899021354783,12.255288124084473,84794000
2007-05-04,12.344370236461138,12.358005714567943,12.002582574162123,12.240742683410645,44950000
2007-05-07,12.208019474343446,12.611619761866777,12.080757606967296,12.19074821472168,44291000
2007-05-08,12.317100841307024,12.470723422272542,12.135298790806296,12.45799732208252,32483000
2007-05-09,12.451633512908947,12.937045781709637,12.392548175185889,12.685249328613281,41856000
2007-05-10,12.767972024891181,13.020677916985155,12.544355853093961,12.618894577026367,49973000
2007-05-11,12.644345298157107,12.93250219415917,12.289831494930661,12.619802474975586,59698000
2007-05-14,12.620710715463764,12.688886378702993,12.23438080124068,12.303465843200684,39195000
2007-05-15,12.238017128553999,12.581622705008478,12.180748810061111,12.311646461486816,23010000
2007-05-16,12.311643358822906,12.432542148617268,12.138022290406395,12.379819869995117,21332000
2007-05-17,12.388914943961842,12.54435631568666,12.289833390314097,12.370735168457031,15159000
2007-05-18,12.410732391997541,12.570718937522946,12.261654926336087,12.54890251159668,24626000
2007-05-21,12.47618038284556,12.841602445263993,12.439819965686004,12.68161678314209,27556000
2007-05-22,12.809784403399192,12.813420184254408,12.566169748089017,12.610711097717285,16378000
2007-05-23,12.81524207637267,13.049767352777728,12.669800393941951,12.73797607421875,43780000
2007-05-24,12.807968623671867,12.873417024354056,12.506177090441561,12.633438110351562,29119000
2007-05-25,12.674346230020983,12.74161340183376,12.56799223247595,12.641621589660645,14528000
2007-05-29,12.903412147804262,13.270652884842594,12.81887460881632,13.095213890075684,58825000
2007-05-30,13.061582159314396,13.422459018493626,12.954318811359718,13.374281883239746,46089000
2007-05-31,13.502449304831611,13.936047761287007,13.454271313269707,13.594259262084961,54012000
2007-06-01,13.726977978997581,13.837877109603616,13.604261258938102,13.735158920288086,31536000
2007-06-04,13.636987936866882,13.791519933406525,13.60426329989477,13.748796463012695,14693000
2007-06-05,13.721523720825846,13.721523720825846,13.327012863000972,13.562446594238281,37777000
2007-06-06,13.489728525091294,13.489728525091294,13.254294745782015,13.36428451538086,22644000
2007-06-07,13.364282653119835,13.560629582936686,12.553445331354192,12.672525405883789,62604000
2007-06-08,12.640709588394204,13.375190267818047,12.288012806855091,13.051582336425781,66562000
2007-06-11,13.104305578718256,13.300651634090576,12.732519643341217,12.871598243713379,47441000
2007-06-12,12.880691028734896,13.293381748878282,12.789789546057976,13.208844184875488,50805000
2007-06-13,13.330649505425155,13.771519635001273,13.236112255331195,13.66243839263916,51915000
2007-06-14,13.644262089594873,13.879695895929117,13.461550593730912,13.66153335571289,30468000
2007-06-15,13.835151393605036,14.384194268885793,13.831514745261645,14.330562591552734,47955000
2007-06-18,14.490546183893445,14.982321530458073,14.383282844482334,14.964140892028809,61167000
2007-06-19,14.930508420078844,15.199577041865474,14.681439196142005,15.023228645324707,54075000
2007-06-20,15.097765581178976,15.398649438347944,14.79688345781119,14.858696937561035,59046000
2007-06-21,14.762343001434038,14.990504333723738,14.378740303111673,14.97050666809082,57840000
2007-06-22,15.017775168932458,15.310477256774902,14.926873694806066,15.310477256774902,46219000
2007-06-25,15.362293325105483,15.362293325105483,14.603269588335776,14.721440315246582,38693000
2007-06-26,14.862333518574397,15.032318863234396,14.545087762573372,14.70961856842041,44164000
2007-06-27,14.712343448709436,14.955049580858189,14.3441942139414,14.81960678100586,32075000
2007-06-28,14.82869110752504,15.06503409452241,14.65688883645018,14.978678703308105,19710000
2007-06-29,15.11152379788899,15.211606699685607,14.897712692297791,15.091507911682129,25935000
2007-07-02,15.057842071936959,15.238901314848995,15.012350793986377,15.119711875915527,27866000
2007-07-03,15.192498571434133,15.23708050858668,14.732119353559499,14.758505821228027,13224000
2007-07-05,14.80854445717704,14.916816603501923,14.614749272029524,14.713011741638184,17590000
2007-07-06,14.739397597367507,14.815823766635514,14.516486201621712,14.73029899597168,19056000
2007-07-09,14.739398730560458,14.955030220539285,14.566528761510746,14.66843032836914,19613000
2007-07-10,14.580176737325509,14.625669750736341,14.257184151323186,14.407307624816895,24125000
2007-07-11,14.465537446776912,14.54378317373766,14.155281690201287,14.225339889526367,30506000
2007-07-12,14.374548081825829,15.33169887900064,14.312679167354679,15.273469924926758,58223000
2007-07-13,15.267100440246782,15.885789559079551,15.106058880877438,15.395386695861816,63705000
2007-07-16,15.285301696624899,15.723844620241826,15.285301696624899,15.440885543823242,28161000
2007-07-17,15.61193561535318,15.681992948167759,15.288031949317944,15.398122787475586,19898000
2007-07-18,15.268019683434032,15.429970687149629,15.154289724265281,15.360822677612305,21465000
2007-07-19,15.548246401282825,15.694729908475063,15.227981844330712,15.233441352844238,38193000
2007-07-20,15.194316840190941,15.36809613073265,14.798535499487668,15.037823677062988,37079000
2007-07-23,15.057836164267178,15.376280191128547,15.050557979141992,15.248903274536133,16295000
2007-07-24,15.059663179874981,15.059663179874981,14.312684873317897,14.445521354675293,34124000
2007-07-25,14.557427885412276,14.902256694670122,14.35999276277485,14.657510757446289,36035000
2007-07-26,14.402756382276946,14.630216212531087,13.849574255578478,14.440969467163086,36319000
2007-07-27,14.427324986257798,14.548333109815275,13.829559953699368,14.014257431030273,24598000
2007-07-30,14.235347891660385,15.0150806163482,14.111610018523688,14.97504711151123,32945000
2007-07-31,15.326249136399266,15.514586620865627,14.557435213902389,14.63022232055664,35926000
2007-08-01,13.722199182495023,13.870503118660539,12.646768744212023,13.647592544555664,128976000
2007-08-02,13.374635988211047,13.44742305436997,12.674060259508845,12.976126670837402,56492000
2007-08-03,12.792342596678177,12.796891030199774,11.661412172531307,11.94255256652832,69662000
2007-08-06,12.019886709967105,12.599453519707449,11.23287510086949,12.521207809448242,86900000
2007-08-07,12.384736194899146,13.194492827103232,12.282833743372965,13.12625503540039,70508000
2007-08-08,13.269098092928527,13.647591634107599,13.101687621667091,13.467443466186523,47432000
2007-08-09,12.971581793276597,13.330058606789118,12.828737365853108,12.854212760925293,38111000
2007-08-10,12.674059236094172,12.73319839718903,12.147261954540156,12.59217357635498,43183000
2007-08-13,12.965212637458544,13.022532275013484,12.375636867447685,12.427497863769531,36105000
2007-08-14,12.260081761876739,12.41384426555098,11.955285640047927,12.148171424865723,37510000
2007-08-15,12.188208816602495,12.34652068170405,11.736018859776843,11.740568161010742,33143000
2007-08-16,11.300207364466237,12.706818888854077,10.918074681208685,11.827914237976074,72229000
2007-08-17,12.353800652930392,12.655867162189715,11.873405513460012,12.464800834655762,50876000
2007-08-20,12.6986282311367,12.834194453667065,12.402020394087518,12.546685218811035,28936000
2007-08-21,12.646768261225395,12.977950119202635,12.5557848350174,12.752309799194336,21066000
2007-08-22,12.942460948250416,13.23542871540212,12.858755747965624,13.176289558410645,26579000
2007-08-23,13.271828308198002,13.2836566656159,12.602186399895588,12.94610595703125,28979000
2007-08-24,12.942466952447104,12.942466952447104,12.571252451480627,12.722285270690918,21411000
2007-08-27,12.594907970180593,12.820547419573273,12.45115334300643,12.578530311584473,17320000
2007-08-28,12.412937293339654,12.510290418084992,11.837009542011925,12.020796775817871,43370000
2007-08-29,12.139985486386447,12.291928474524813,11.82882045597583,12.13907527923584,32859000
2007-08-30,11.91889983698614,12.232793893471644,11.850661168654698,12.052645683288574,21816000
2007-08-31,12.34652113566498,12.686801591872104,12.279193557384918,12.46389102935791,26836000
2007-09-04,12.580354162282326,12.728658141595515,12.387468228715566,12.577625274658203,18774000
2007-09-05,12.442050589887666,12.442050589887666,12.218229894488482,12.333779335021973,18708000
2007-09-06,12.547596332431468,12.553965180888609,12.19730793190768,12.261906623840332,14021000
2007-09-07,11.927994676172093,12.01261011843882,11.78606046710644,11.84701919555664,24775000
2007-09-10,11.89341680889296,12.006237361856249,11.521293107978464,11.801523208618164,26566000
2007-09-11,11.832462786753808,12.2382512934837,11.832462786753808,12.025348663330078,21414000
2007-09-12,12.055373975486603,12.497556050044198,11.928906334219358,12.449334144592285,20314000
2007-09-13,12.619470807613743,12.952472146338387,12.288289015574316,12.69225788116455,30850000
2007-09-14,12.535771156945398,12.64586202338191,12.35289318461272,12.542140007019043,17735000
2007-09-17,12.504831357381642,12.578527769252073,12.282830179216415,12.439322471618652,13905000
2007-09-18,12.572160945062384,13.551148354198377,12.35561923971278,13.266368865966797,51943000
2007-09-19,13.55751748056022,13.829559278041112,13.365540956617403,13.602099418640137,46679000
2007-09-20,13.647593074299973,13.784068657966733,13.476543490996972,13.603011131286621,19478000
2007-09-21,13.729475496279385,13.820458907788733,13.321867522014864,13.33460521697998,20380000
2007-09-24,13.420128635422492,13.43104678253348,12.633117910133219,12.94337272644043,51088000
2007-09-25,12.770506880847044,13.083491529924345,12.663145796874788,13.009794235229492,39858000
2007-09-26,13.007976065759388,13.137173463152312,12.737753780182107,12.997057914733887,27927000
2007-09-27,13.125341546848519,13.644859882585349,12.881504931319343,13.465621948242188,41029000
2007-09-28,13.358261217420406,13.850483761506538,13.213596402681597,13.462892532348633,45856000
2007-10-01,13.441056938613817,14.09159223380845,13.441056938613817,13.954206466674805,37139000
2007-10-02,14.078853545972155,14.124345685281192,13.795893636882676,13.918722152709961,19175000
2007-10-03,13.829559233066718,14.589275195702957,13.81045268823746,14.279020309448242,52716000
2007-10-04,14.347258164562419,14.86586723490802,14.34452841023315,14.698456764221191,32499000
2007-10-05,14.948660450388331,15.000520570213403,14.514666875347736,14.78125,20242000
2007-10-08,14.830382831411628,14.911359183760409,14.442791539142396,14.772153854370117,18732000
2007-10-09,14.85313186637887,14.966861814098827,14.740311258450864,14.802179336547852,21574000
2007-10-10,14.783071048527544,15.216156221134813,14.739400183697715,14.99597454071045,35650000
2007-10-11,15.040553557933348,15.405398269510917,14.394567621742459,14.724839210510254,41314000
2007-10-12,14.796717843915129,15.007800893147149,14.708463315598909,14.8494873046875,17367000
2007-10-15,14.849488055241375,14.88952155800667,14.220789912037597,14.367274284362793,25584000
2007-10-16,14.228977548873544,14.2844776312557,14.026083762409742,14.157100677490234,22804000
2007-10-17,14.389338550370736,14.424856134506019,13.783711368625633,14.080605506896973,25717000
2007-10-18,13.956745252882534,14.158013559535704,13.751834340329937,13.99954891204834,18625000
2007-10-19,13.956745903648224,14.031424539235752,13.693548941793285,13.806477546691895,17249000
2007-10-22,13.659847601788794,13.995902661544743,13.238186114521454,13.350204467773438,55353000
2007-10-23,13.602474410360195,13.87842218118702,13.410313512372777,13.508670806884766,44903000
2007-10-24,13.478619170380602,13.478619170380602,13.036920627131712,13.414868354797363,33190000
2007-10-25,13.388456074889978,13.887528624282226,13.146205445257065,13.786438941955566,83902000
2007-10-26,14.024135948661492,14.542334318144693,14.024135948661492,14.300993919372559,28525000
2007-10-29,14.489514892027987,14.712641437765141,14.290067890019486,14.33013916015625,16100000
2007-10-30,14.394796983837235,14.419386739290085,13.995903068700082,14.311922073364258,30701000
2007-10-31,16.165237050673046,17.738957613116124,15.855592934399905,17.29543685913086,202782000
2007-11-01,16.94481252598599,18.082297574320563,16.880150617376565,17.256277084350586,96031000
2007-11-02,17.46300034175432,17.850056165762854,17.05044628623189,17.307268142700195,49532000
2007-11-05,16.903821751389845,17.35462576735113,16.60328516173062,16.932964324951172,41508000
2007-11-06,17.52766063048624,18.48755544354517,17.2416944897776,18.159698486328125,77781000
2007-11-07,18.12327744288702,18.39467155672485,17.68704368807353,18.1669921875,51340000
2007-11-08,18.216163571925062,18.302681068241323,16.64335410800279,17.43476676940918,46869000
2007-11-09,16.84826097234463,18.168801040674506,16.757188944002145,17.576833724975586,43357000
2007-11-12,17.379223418730206,17.888314550262916,16.415683723060468,16.564130783081055,42963000
2007-11-13,16.704379131837925,17.50672170300866,16.704379131837925,17.19525718688965,30036000
2007-11-14,17.688855555250157,17.688855555250157,16.942067937147744,17.00946044921875,21584000
2007-11-15,16.848274849255194,17.164293953545233,16.584165923236796,16.83734703063965,20744000
2007-11-16,16.939341438760756,17.029501558423036,16.34737556523756,16.836429595947266,25890000
2007-11-19,16.654290094788298,17.028594316019156,16.25630633121135,16.565950393676758,24432000
2007-11-20,16.711670394947284,17.058654316369957,15.99038213240503,16.58599090576172,23650000
2007-11-21,16.328248848765437,16.75719550837519,16.074157633818686,16.476694107055664,24148000
2007-11-23,16.720770918251873,16.740806116081227,16.328251967055113,16.493091583251953,6567000
2007-11-26,16.734432849824692,17.165201807008145,16.494913719995374,16.503110885620117,25251000
2007-11-27,16.801828388594387,17.084152094067477,16.34738154492144,16.74445343017578,30418000
2007-11-28,17.002175665045826,18.04130267060853,16.939335971838005,17.813623428344727,53001000
2007-11-29,17.758989130312116,18.486652131409038,17.667917043771194,18.008525848388672,38497000
2007-11-30,18.63874696153635,18.799944026393064,17.92838831014178,18.273550033569336,32381000
2007-12-03,18.214344493924315,18.623255985851678,17.945682843156725,18.38555908203125,27006000
2007-12-04,18.214351923787888,18.298137081057554,17.71436815803018,17.83094024658203,27743000
2007-12-05,18.214351018120144,18.442030405846648,17.890134750107233,18.220726013183594,28582000
2007-12-06,18.304510576022526,18.972066275306684,18.123276611340717,18.76259994506836,39270000
2007-12-07,18.817242156710016,19.284438856783428,18.624170179135515,19.088634490966797,35354000
2007-12-10,19.216142788273977,19.892806030927584,19.215232570894898,19.62232208251953,32820000
2007-12-11,19.974759590516975,20.689672408053443,19.584061158381417,19.80809783935547,87330000
2007-12-12,20.435585994454932,20.5139080900432,19.323601228740298,19.480243682861328,43313000
2007-12-13,19.3982756071912,20.48020912447626,19.266222933747894,20.327207565307617,47987000
2007-12-14,20.065835286615073,20.326299797179445,19.411939884988215,19.72249412536621,36783000
2007-12-17,19.723404636265432,19.723404636265432,18.39922122137463,18.663330078125,41145000
2007-12-18,18.988460604616325,19.006675371876344,18.077743086285142,18.375547409057617,37059000
2007-12-19,18.193397560656805,19.398276421547628,17.986665401328747,19.33816909790039,44661000
2007-12-20,19.631419065025337,19.762563254475715,18.506682805887863,18.829076766967773,41105000
2007-12-21,19.10411644190207,19.339082717895508,18.53856246295307,19.339082717895508,50920000
2007-12-24,19.307208399172723,19.48479800343009,19.095921655620113,19.31813621520996,10526000
2007-12-26,19.02489467973111,19.193378726897297,18.85185954483191,19.077716827392578,12477000
2007-12-27,19.03398601118236,19.667846037289355,18.947468516710344,19.127790451049805,20166000
2007-12-28,19.22980289277499,19.44108970633048,18.989373489742622,19.125070571899414,9901000
2007-12-31,19.1369067107341,19.799907877877462,19.1369067107341,19.59864044189453,13115000
2008-01-02,19.84454017240755,20.062200264667844,19.361859150120598,19.551288604736328,20156000
2008-01-03,19.54035077479981,19.584975730132292,18.68154533333443,19.31813621520996,28994000
2008-01-04,18.653310722295416,19.052204620991244,18.07227268182233,18.32271957397461,38427000
2008-01-07,18.370078792523373,18.395578766536136,17.070485123762115,18.260793685913086,43861000
2008-01-08,18.2972266397757,18.91560465822043,17.84915479692586,18.032207489013672,33315000
2008-01-09,17.95473327359553,18.24729438097819,17.284848024676222,17.916454315185547,38939000
2008-01-10,17.396955225067025,18.118790190825173,16.8719840248115,17.862686157226562,49088000
2008-01-11,17.27117994609538,17.27209085332011,16.063563815008152,16.329694747924805,114625000
2008-01-14,16.45546656611195,16.578506816194125,15.816569563445904,16.24310874938965,61119000
2008-01-15,15.83571332522801,16.538408779843717,15.725432697694487,15.949639320373535,48097000
2008-01-16,15.785586939788047,16.393495934241304,15.45839213559303,15.997944831848145,46756000
2008-01-17,15.884013096098915,16.377085000515386,15.884013096098915,16.12097930908203,43309000
2008-01-18,16.275921201644895,16.382556448541372,15.801988702518896,15.915003776550293,38220000
2008-01-22,14.948001960189314,16.85375749054473,14.657264320150391,16.603118896484375,52866000
2008-01-23,16.29597555662006,17.797065804944285,15.533127097979069,17.55280876159668,59780000
2008-01-24,17.68586977530944,17.689515142439767,16.854665226557444,17.478979110717773,31668000
2008-01-25,17.636652840529084,17.86359389181769,17.089807792523676,17.629362106323242,31981000
2008-01-28,17.353214798673886,17.664915573823844,16.79634427391991,17.225616455078125,33537000
2008-01-29,17.22651628154998,17.538218594566874,16.815472947939003,17.449811935424805,33954000
2008-01-30,17.32131390899492,18.019453345511813,17.134475277759257,17.225616455078125,37193000
2008-01-31,18.77682295901546,19.90970288929111,18.191698966977413,18.86614227294922,110865000
2008-02-01,19.200629638125225,19.809451183733366,19.10857759356933,19.633548736572266,45387000
2008-02-04,19.59527546219869,20.25604672662187,19.53238807657569,19.686416625976562,35336000
2008-02-05,19.482258844347076,19.685504197531777,18.764069171593118,18.84609603881836,39437000
2008-02-06,18.957282049088736,18.957282049088736,18.12334479385201,18.679304122924805,49293000
2008-02-07,18.41135093749364,18.692975988751442,17.78703702104925,18.308361053466797,38501000
2008-02-08,18.50158106534856,18.8287775829733,18.19443667731048,18.739459991455078,29215000
2008-02-11,18.87343130337146,19.13318236547509,18.479702151646567,18.785024642944336,22626000
2008-02-12,19.029290337353476,19.556996082820227,18.41044516836235,18.59272575378418,29338000
2008-02-13,18.81145971398186,18.868878165062508,18.47606155731828,18.661989212036133,21069000
2008-02-14,18.593622738587918,18.729422603071427,17.965663749778077,18.431392669677734,26902000
2008-02-15,18.281931416485033,18.86249746677241,18.030383679781142,18.77500343322754,29219000
2008-02-19,18.95818960115903,19.089431472078886,18.356660737834705,18.610942840576172,18023000
2008-02-20,18.273725115276495,19.08487921365183,18.16800252308441,18.977333068847656,23530000
2008-02-21,18.797791976711096,19.18058344649904,18.385835823344816,18.636472702026367,22454000
2008-02-22,18.692972977612268,18.72669566203132,18.04587257751067,18.545324325561523,49754000
2008-02-25,18.351194523657924,18.410436511791698,17.302163355159564,18.086885452270508,71620000
2008-02-26,18.091449066061458,18.318390157689063,17.5819719824528,17.852659225463867,30785000
2008-02-27,17.681316753458677,17.883649462469787,17.202827849685082,17.42521095275879,32077000
2008-02-28,17.24839408262997,17.968407169339642,17.066113542795126,17.7451114654541,29401000
2008-02-29,17.558270168669928,17.662170946708915,17.282114072725612,17.316747665405273,20681000
2008-03-03,17.161807422391803,17.85447750321444,16.924841204870457,17.185504913330078,28706000
2008-03-04,17.13446281663628,17.628445587172553,16.861952128882702,17.54186248779297,35603000
2008-03-05,17.567385998565587,17.753313631478754,17.304900439856564,17.40789031982422,22551000
2008-03-06,17.316748767286004,17.426118471752755,17.22834209653402,17.315837860107422,24381000
2008-03-07,17.09618530918103,17.640295823735435,16.986817357383345,17.545509338378906,46011000
2008-03-10,17.50996823269516,17.85994957065912,17.30945912331204,17.453460693359375,33419000
2008-03-11,17.763338257350924,17.953822158544146,16.731624629779468,17.849010467529297,62841000
2008-03-12,17.772446940347038,18.911706359600053,17.699534407049722,18.583599090576172,38828000
2008-03-13,18.136109106583465,19.404789304632423,17.908257091989682,19.114049911499023,56327000
2008-03-14,19.412983316654103,19.631722694444235,18.592716734243915,19.016521453857422,43383000
2008-03-17,18.40132327444894,18.84335485867752,17.592903640676607,18.366689682006836,43204000
2008-03-18,18.683855348128553,19.635365429702187,18.273721242698883,19.162343978881836,45757000
2008-03-19,19.641754590419676,20.050976245048574,18.89075319324099,18.99283218383789,94190000
2008-03-20,18.829687197868022,20.275180540008,18.44416134769737,20.085607528686523,58150000
2008-03-24,20.26059584729449,20.99427943595706,19.572483693613368,19.731979370117188,55200000
2008-03-25,19.88326918888858,20.962375855532535,19.647213899346536,20.50484848022461,43698000
2008-03-26,20.442876897117827,20.729970836157154,20.151226684037034,20.31072235107422,19641000
2008-03-27,20.500296714212652,20.64338737059031,20.055528892529658,20.114770889282227,19559000
2008-03-28,20.27426090733697,20.290665922723306,19.640831225076944,19.83222770690918,17260000
2008-03-31,19.868693245972747,20.323486328125,19.574308510489704,20.323486328125,18218000
2008-04-01,20.665254750203555,21.304151642280406,20.461100347506864,20.92591667175293,39142000
2008-04-02,20.904961226867673,20.962379668677986,20.355381732330496,20.392749786376953,21940000
2008-04-03,20.233257531286593,21.076309204101562,20.233257531286593,21.076309204101562,25037000
2008-04-04,21.141918222797212,21.222121477158446,20.532186093184343,20.649757385253906,19508000
2008-04-07,20.879592379965455,21.233453319823493,20.54214906806862,20.634262084960938,19722000
2008-04-08,20.547620670867197,21.231629327479666,20.545795910224733,21.11033058166504,23586000
2008-04-09,21.15867102325161,21.540802736498183,20.685336057371536,20.862266540527344,22073000
2008-04-10,21.086624060389724,21.192416714287063,20.61420229117893,20.87777328491211,19732000
2008-04-11,20.58866762018268,21.065648718615158,20.552186312255216,20.848590850830078,16114000
2008-04-14,20.750077049647413,20.97625506232688,20.251206176461178,20.71177101135254,23535000
2008-04-15,20.80298840662598,20.93067123988037,20.050579724900196,20.49108123779297,25930000
2008-04-16,20.6634412742274,21.145896417099717,20.34970948758769,21.019126892089844,23099000
2008-04-17,20.97626596235713,21.139516811544837,20.743703779034604,21.021865844726562,10528000
2008-04-18,21.377548074684018,21.817137897198002,21.158665543621908,21.314619064331055,28231000
2008-04-21,21.40217688479025,21.74600602013447,21.069292835729776,21.523475646972656,17696000
2008-04-22,21.589140692082086,21.79525517291732,21.33924934567537,21.39761734008789,11480000
2008-04-23,21.315536227302612,21.638388437627295,21.113069527962587,21.335599899291992,14534000
2008-04-24,21.39761864704245,22.003194019038354,21.11398225369916,21.847240447998047,16895000
2008-04-25,22.33880191471931,22.367074387234684,21.592777767161824,21.65023422241211,20232000
2008-04-28,21.825347701327626,22.11627960205078,21.48425488813166,22.11627960205078,27719000
2008-04-29,23.808969028872177,25.419580008896197,23.529892040024457,24.987287521362305,131290000
2008-04-30,25.171520868050916,25.806280171426064,25.080319358841216,25.368515014648438,43698000
2008-05-01,25.48981398944338,27.146027192115604,25.22806777750912,26.80767059326172,54672000
2008-05-02,27.185249241019342,27.214433243946694,25.705053033655574,25.99598503112793,44699000
2008-05-05,25.72967690358917,26.81314667568346,25.720556576811,26.521303176879883,21558000
2008-05-06,26.534060851664492,27.490760662501497,26.36169144005923,26.99736213684082,36255000
2008-05-07,27.000100779285244,27.446074707236157,26.540447235107422,26.540447235107422,28805000
2008-05-08,26.817711946301916,26.817711946301916,26.17474359280345,26.759342193603516,22814000
2008-05-09,26.589705092244,26.941741360589784,26.024257001559814,26.16105842590332,18315000
2008-05-12,26.134606371553154,26.720118040812686,25.746088859917116,26.472049713134766,23204000
2008-05-13,26.617974808230144,26.694583458712373,26.13916726366762,26.338897705078125,12926000
2008-05-14,26.630743565690956,26.922587044845212,26.037934541693986,26.12548828125,24036000
2008-05-15,26.234015432170875,26.32795321973978,25.923931321647963,26.153759002685547,16355000
2008-05-16,26.265933344386834,26.338894202695307,25.591044970152453,25.84640884399414,19805000
2008-05-19,25.85644717521687,26.075329805131854,25.354841365768934,25.536331176757812,19982000
2008-05-20,25.374897689121333,25.457890379577563,24.9170671466932,25.32200050354004,19104000
2008-05-21,25.299202737876325,26.08809259938669,25.188849064797385,25.413204193115234,28607000
2008-05-22,25.19888076026152,25.764328740487628,24.830428671294126,25.16240119934082,21482000
2008-05-23,24.836812426592513,25.12591959709632,24.665354491419148,24.91798210144043,12553000
2008-05-27,24.990032830020684,25.482520004418326,24.882417156430673,25.42323875427246,14332000
2008-05-28,25.727844047165686,26.164697647094727,25.382191946797356,26.164697647094727,31363000
2008-05-29,26.872425545626278,28.90712278028223,26.860568947914228,28.181161880493164,130014000
2008-05-30,28.362644598799925,29.211725286579117,27.779867605246263,28.149232864379883,60183000
2008-06-02,28.204872007460835,29.184371948242188,27.594735660853985,29.184371948242188,50620000
2008-06-03,28.625297541545272,28.636242623316694,27.57466188623333,28.035226821899414,93913000
2008-06-04,28.03978504227007,28.23586584943925,26.862378251900008,27.123212814331055,66160000
2008-06-05,27.315655315085387,27.922142028808594,26.94446702820875,27.922142028808594,45959000
2008-06-06,27.56828687187979,27.581054978449487,26.8870144520872,26.970918655395508,29383000
2008-06-09,27.0958714903546,27.25638612023731,25.208920471336477,26.576025009155273,55137000
2008-06-10,26.014226136787983,26.941742368232575,25.84367967051487,26.088098526000977,26190000
2008-06-11,26.21486086244438,26.267758049952207,25.277313052364526,25.464275360107422,23577000
2008-06-12,25.73696695910623,26.419152644056886,25.706871452753514,25.937610626220703,31296000
2008-06-13,26.10177632134147,26.788519646960978,26.10177632134147,26.67269515991211,21436000
2008-06-16,26.629822956111624,27.26914320548431,26.357131715404407,26.856002807617188,17072000
2008-06-17,27.3457524814424,27.3457524814424,26.478431078623213,26.64988899230957,15706000
2008-06-18,26.539534435261977,26.887011282545902,26.03245627467118,26.730144500732422,18943000
2008-06-19,26.684541904512038,27.1596997540435,26.31882444737982,26.685453414916992,24155000
2008-06-20,26.448338223876302,26.85600789642354,25.810842614246145,25.902042388916016,26934000
2008-06-23,26.040661856690086,26.377195340153563,25.536319996003293,25.76614761352539,18468000
2008-06-24,25.647590419083368,25.87832959442124,25.098560080515654,25.570070266723633,33647000
2008-06-25,26.548652203533432,26.918928954290497,26.22032754544721,26.42917823791504,38692000
2008-06-26,26.03884826135296,26.078064098993643,24.44282768387451,25.146900177001953,47652000
2008-06-27,25.08122606853998,25.35118276245069,24.354353884459513,24.78117561340332,39815000
2008-06-30,24.897910645379426,25.21711498483787,24.20478350878653,24.215726852416992,27996000
2008-07-01,23.940298319910795,24.695442922634157,23.575494121988307,24.017818450927734,42526000
2008-07-02,24.337032265518967,24.567771467295856,22.891494524030133,23.300987243652344,40692000
2008-07-03,23.541758428267816,23.694064219486506,22.845893036143977,23.141386032104492,15778000
2008-07-07,23.419545446372503,23.63113070719505,22.19288879441897,22.444604873657227,40381000
2008-07-08,22.6142402223729,24.1673969796239,21.652980912825807,24.09990692138672,66434000
2008-07-09,23.948423334664376,24.172905852567272,22.781298735827107,22.927303314208984,34122000
2008-07-10,22.99574113166472,23.544171137297766,22.359707692665047,23.105243682861328,38299000
2008-07-11,23.332473204546186,23.81520082558099,23.109816420835838,23.48395347595215,53063000
2008-07-14,23.999527370189575,24.033291563543845,23.10798662078685,23.497636795043945,30862000
2008-07-15,23.269500652834754,23.634512079678824,22.147089862597316,22.847000122070312,47649000
2008-07-16,23.075137641871873,24.747804641723633,22.888069134996815,24.747804641723633,69679000
2008-07-17,25.089996426607062,26.55095583164941,24.91205173294049,26.09834098815918,178722000
2008-07-18,26.04177180483227,26.29545494155243,25.45957743013864,25.629308700561523,44996000
2008-07-21,25.928629605037862,25.975169182724603,24.339915426542376,24.44668197631836,47389000
2008-07-22,23.634516971507562,25.082701390881393,23.226615769083182,24.9896240234375,58522000
2008-07-23,25.069926035314108,25.23326961818329,24.465832564434915,24.72955322265625,33621000
2008-07-24,24.650160570620166,24.988709289862513,23.45200955170998,23.58706283569336,36463000
2008-07-25,23.640907484381184,24.221276103820216,23.269508257940412,24.049720764160156,35026000
2008-07-28,24.172907197071584,24.589933863333478,23.050496285640147,23.150875091552734,33925000
2008-07-29,23.272237427127465,24.047887761970784,23.272237427127465,23.917394638061523,33567000
2008-07-30,24.454873274500496,24.820798426295596,23.83070320001088,24.704906463623047,39491000
2008-07-31,22.511197427227653,23.37718763438707,21.67075620167787,22.279415130615234,160568000
2008-08-01,21.943599364195965,22.142529445774944,20.576629066622804,21.651588439941406,111075000
2008-08-04,21.261020627888907,21.90070388204768,20.907872571464164,21.072126388549805,41515000
2008-08-05,21.24459597157477,21.63698387145996,21.033800869718014,21.63698387145996,37083000
2008-08-06,21.444448760642715,21.522012952628906,20.716249726185186,21.170690536499023,45159000
2008-08-07,20.708034598649505,20.931603372311415,20.53191566467285,20.53191566467285,34699000
2008-08-08,20.527355498006514,21.453572547317954,20.166905864048353,21.18255043029785,37477000
2008-08-11,21.222699695608554,21.93264757341686,21.1715982636444,21.458131790161133,33941000
2008-08-12,21.261932655949995,21.382386499453073,20.876846212271523,21.072126388549805,23156000
2008-08-13,20.87958757941594,21.640636834259176,20.79745978668346,21.30756378173828,23760000
2008-08-14,21.17341998725783,21.686261787980254,21.079430609756347,21.524744033813477,18220000
2008-08-15,21.618733256126294,21.900704844928846,21.517442440522125,21.804889678955078,21072000
2008-08-18,21.950897278690988,22.347847121636203,21.572196702855063,21.709989547729492,26162000
2008-08-19,21.809455997983076,22.16625573596752,21.280188926150434,21.770217895507812,23806000
2008-08-20,21.861471907778885,22.264809468632926,21.769306572978774,22.203670501708984,18713000
2008-08-21,22.047624428153334,22.149829026255883,21.681700951024503,22.01568603515625,15150000
2008-08-22,22.226484389622556,22.32868726202038,21.923523885857993,22.050365447998047,14534000
2008-08-25,21.904361689293594,22.15987062062213,21.371444702148438,21.371444702148438,12574000
2008-08-26,21.453574730968928,21.684444995500524,21.13145114291117,21.604141235351562,15516000
2008-08-27,21.513799724929715,21.650678827518604,21.199889643327808,21.624216079711914,17120000
2008-08-28,21.67257521571533,22.12701416015625,21.58770959786744,22.12701416015625,19125000
2008-08-29,21.991962809781445,22.210969695974068,21.866945312849545,22.133403778076172,13108000
2008-09-02,22.43727637244528,22.63073254298907,21.5931872200108,21.827707290649414,19330000
2008-09-03,21.809462702882918,21.902541832109204,20.426980560171494,20.954421997070312,37675000
2008-09-04,20.605835748885323,20.718077921755437,19.592015040814434,19.713382720947266,38979000
2008-09-05,19.431409058159147,20.22987258902992,18.974230414381477,20.20705795288086,54677000
2008-09-08,21.021031749298274,21.079434633765548,19.29087566809752,20.021812438964844,43685000
2008-09-09,20.169645620035357,20.28553589558345,18.837351281886274,18.861989974975586,42655000
2008-09-10,18.90761222278627,19.756265008503462,18.77073313423783,19.466081619262695,32759000
2008-09-11,18.98061389448841,20.6049171158532,18.725106735079823,20.586666107177734,39959000
2008-09-12,20.16690522456449,20.605831058767667,19.988962224724713,20.424238204956055,20259000
2008-09-15,19.442348657461192,19.873974617927214,19.17041462512378,19.32463264465332,38490000
2008-09-16,18.898486905571065,19.900445742429405,18.425796899903183,19.602048873901367,36421000
2008-09-17,19.164951007657862,19.436883445505195,17.223999444825317,17.885583877563477,75806000
2008-09-18,18.113712833392334,19.53999634167588,16.61442702703037,19.028980255126953,69888000
2008-09-19,20.1878865102563,21.809451590277384,19.619381450843676,20.548336029052734,81860000
2008-09-22,20.531918683505396,20.554731578384605,18.467777252197266,18.467777252197266,47090000
2008-09-23,18.68221544907653,18.966924894344768,17.976831254859466,18.068082809448242,35176000
2008-09-24,18.252423445113113,18.50245504553458,17.618213714836365,17.735017776489258,30168000
2008-09-25,17.902913535874692,18.06808113182013,17.20209128825394,17.370908737182617,44080000
2008-09-26,16.699300633136478,16.97306071563026,16.268586301664445,16.888195037841797,48386000
2008-09-29,16.42461606845867,16.53959426386704,13.742692223676006,15.333230018615723,94509000
2008-09-30,15.369735913180682,16.593437703705717,15.312246800942866,16.181886672973633,45565000
2008-10-01,16.172767257245862,16.172767257245862,14.905263263861942,15.63528823852539,39524000
2008-10-02,15.239242222302732,15.493837321366025,14.38055116979979,14.612334251403809,37716000
2008-10-03,14.787540384742817,15.680906843160678,14.618722915649414,14.618722915649414,41917000
2008-10-06,13.79379911821183,15.595132726808297,13.505439746666573,15.27665901184082,54245000
2008-10-07,15.487453774628927,15.648971569075789,14.169760699515232,14.48184585571289,46915000
2008-10-08,13.81232475677433,15.923176128382847,13.687189874925737,14.93762493133545,78642000
2008-10-09,15.53498270678583,15.722228142947474,14.15576037451114,14.221524238586426,46233000
2008-10-10,13.403127284063785,14.754035473297014,12.787500661619044,13.857083320617676,71283000
2008-10-13,14.655384118330305,16.258387340896988,14.30829483097223,15.85649585723877,43379000
2008-10-14,16.7972953393811,16.833831892630617,15.092904851510694,15.899430274963379,42357000
2008-10-15,15.571525505360631,15.688440056315777,13.700896174396387,14.025150299072266,51063000
2008-10-16,14.2251782750066,14.431604872443469,13.1272796822391,14.311037063598633,56496000
2008-10-17,13.681710008875614,15.27649400620856,13.655221361435242,14.317431449890137,39666000
2008-10-20,14.638033042042471,14.777783779498703,13.47254460939624,13.713680267333984,39522000
2008-10-21,13.69176313975515,14.326571972744768,13.287130119750643,13.680802345275879,35590000
2008-10-22,13.242367965517735,13.689017304302743,12.327148580141394,12.872444152832031,40966000
2008-10-23,12.87884039158831,13.134590162727497,11.925257621220146,12.422143936157227,50130000
2008-10-24,11.052962156769324,12.646831916803789,10.962536322894799,11.930732727050781,53071000
2008-10-27,11.657637501275726,12.29975301194715,11.508755176620292,11.54072380065918,32187000
2008-10-28,11.961793086311646,12.513482478110834,11.28040259341238,12.423056602478027,42837000
2008-10-29,12.398393773092858,13.181170825550822,12.098800882163426,12.397480010986328,50699000
2008-10-30,12.652317361568535,13.08526553059812,12.511654611640328,12.79297924041748,38696000
2008-10-31,12.91811672364585,13.58306740504318,12.65414655398985,13.501774787902832,32040000
2008-11-03,13.613207506533138,13.654310255110467,12.982053051277752,13.142809867858887,31438000
2008-11-04,14.522940263495238,15.707611133093561,14.213300438903907,15.549593925476074,118329000
2008-11-05,15.333126985532179,15.43633943397609,14.08451838002532,14.237054824829102,70599000
2008-11-06,13.952072565527228,14.218783926699649,12.655054915623444,13.088916778564453,92732000
2008-11-07,13.154680351714273,13.857078424733741,12.970174485754072,13.493548393249512,30609000
2008-11-10,13.746564105979129,14.02971543338042,12.817643292329283,13.047818183898926,25290000
2008-11-11,12.58655285486544,13.489898649339164,12.549104285713737,12.924508094787598,31529000
2008-11-12,12.670586471850255,13.318182594978385,12.465073585510254,12.465073585510254,46689000
2008-11-13,12.609386466811406,13.590369680301327,11.699647075359822,13.425959587097168,44355000
2008-11-14,13.193958601019196,13.810498909803481,12.931815141505341,13.123627662658691,36794000
2008-11-17,12.91537193145749,13.295342723941625,12.330800342378485,12.398391723632812,37110000
2008-11-18,12.367341456429589,13.0341188140164,12.32441204720567,12.915377616882324,38762000
2008-11-19,12.625829238933441,13.267944470888212,11.777287377575146,11.832091331481934,54451000
2008-11-20,11.431112729492323,11.909729902728401,10.990857020643816,11.060275077819824,56997000
2008-11-21,11.32606879137207,11.632969133534566,10.325904442090572,11.55807113647461,71536000
2008-11-24,11.721570647273927,12.36185923221091,11.170794171668152,12.008376121520996,52097000
2008-11-25,12.330805312321134,12.775628121637556,11.90607743441292,12.701642990112305,42357000
2008-11-26,12.46050380181864,13.45518825466202,12.396565718395188,13.295344352722168,30087000
2008-11-28,13.225016104761716,13.591286684717028,13.026809835165347,13.271598815917969,11336000
2008-12-01,12.876094938279072,12.932725527467232,11.880496915584358,11.964529037475586,38445000
2008-12-02,12.092407841195842,12.34815758698952,11.697821996466601,12.236723899841309,24865000
2008-12-03,11.926168561468533,12.655969129438375,11.7845929376871,12.59933853149414,31614000
2008-12-04,12.295182070448178,12.841390627268588,12.042171850210128,12.172786712646484,28070000
2008-12-05,11.949002642121446,12.818553023710335,11.660370573902242,12.798458099365234,39852000
2008-12-08,13.147374694405922,13.837899184792327,12.887970802833319,13.45427417755127,46684000
2008-12-09,13.244197160526474,13.737429295799458,12.99575400393912,13.080699920654297,25477000
2008-12-10,12.949168233129653,13.259721887706386,12.620347177678546,13.244194030761719,24045000
2008-12-11,13.004888322361895,13.358371459167149,12.577420930441628,12.637704849243164,27578000
2008-12-12,12.065917385265003,12.757355618879442,12.065917385265003,12.678803443908691,18186000
2008-12-15,12.596604612232936,12.915378784128903,12.330806884886394,12.722652435302734,16824000
2008-12-16,12.824951174870867,13.54105076293814,12.819470343120157,13.527350425720215,26863000
2008-12-17,13.449708378679855,13.868955309780278,13.344667552077086,13.580323219299316,23218000
2008-12-18,13.61960269529101,14.431608983293176,13.56479873426008,13.59220027923584,37306000
2008-12-19,13.769396303762406,14.019666084599123,13.42413358797805,13.914626121520996,28099000
2008-12-22,13.973082035455326,13.973082035455326,13.007625791102582,13.262462615966797,19529000
2008-12-23,13.208574773034861,13.243282928775562,12.800287697872438,12.935469627380371,15014000
2008-12-24,12.915375239094265,13.060604193832,12.788413688432783,12.991186141967773,3133000
2008-12-26,13.040508429515395,13.040508429515395,12.715339794512234,12.872444152832031,7057000
2008-12-29,12.789330166610519,12.954654096172478,12.423059509373738,12.727219581604004,17811000
2008-12-30,12.728133044929264,12.778369072357723,12.338114155142822,12.704384803771973,18063000
2008-12-31,12.740005365167177,13.235977960144728,12.562806902354817,13.055126190185547,19307000
2009-01-02,13.161995181268585,13.764834522230567,13.036860242786526,13.680802345275879,22311000
2009-01-05,13.659791049444161,14.32565457177364,13.612294575790507,13.99866008758545,24719000
2009-01-06,14.27267455670131,15.070979399174574,14.184075354189849,14.798788070678711,43357000
2009-01-07,14.45412467360304,14.683599122775886,13.63222333503489,13.902837753295898,39537000
2009-01-08,13.801357876530082,13.984205584169294,13.563656292542428,13.96774959564209,22841000
2009-01-09,14.033576391062129,14.047289425278386,13.465833407945185,13.717248916625977,20036000
2009-01-12,13.506053680930359,13.861692626415392,13.33783367665478,13.534395217895508,20687000
2009-01-13,13.382631587891186,13.83335149436733,13.302179146542773,13.753812789916992,19307000
2009-01-14,13.491429946838744,13.576454582330282,12.714326157105036,13.283897399902344,48442000
2009-01-15,13.166872393529799,13.233611808436196,11.753458253465707,11.912535667419434,80426000
2009-01-16,11.880536675615224,11.976532231876094,10.985496537442684,11.722373008728027,71298000
2009-01-20,11.536786506871605,11.647408859007113,10.702085900639362,10.895904541015625,55609000
2009-01-21,11.06229635467853,12.102700297358327,11.06229635467853,12.077101707458496,53002000
2009-01-22,11.70592029805876,12.02224684836071,11.4673041257315,11.779973983764648,22486000
2009-01-23,11.143666978360109,11.661126595440969,10.98367486859328,11.469136238098145,34383000
2009-01-26,11.376792596411184,11.763515205156448,11.113491614519791,11.256113052368164,23856000
2009-01-27,11.520328031950823,11.838483755555782,11.470044596832793,11.588895797729492,21768000
2009-01-28,12.119153974291555,12.346800028594995,12.00670329635037,12.219720840454102,27342000
2009-01-29,11.956422272534237,12.079844793938523,11.747975986879384,11.801916122436523,17777000
2009-01-30,12.100872862913478,12.758210871867245,12.079845572752458,12.413542747497559,37337000
2009-02-02,12.215152946614714,12.668615963995457,11.90979731513434,12.5232515335083,19962000
2009-02-03,12.617417938221443,12.951115989965407,12.488510368016017,12.77192497253418,28901000
2009-02-04,12.935574411064426,13.117507521489056,12.707928280887831,12.813066482543945,29432000
2009-02-05,13.456684601620493,14.663479882088794,13.323205782531502,14.613197326660156,94885000
2009-02-06,14.679023566422984,15.051118523747741,14.314241992189915,14.856386184692383,64285000
2009-02-09,14.832616325842881,14.925868060374048,14.399266132235462,14.812501907348633,33238000
2009-02-10,14.76496695905779,15.155347251090143,14.367273281438276,14.442240715026855,27107000
2009-02-11,14.62691851229132,14.993528600825236,14.328877089024068,14.991701126098633,27056000
2009-02-12,14.73936918385216,14.824393835172504,14.184426350778995,14.79239559173584,39540000
2009-02-13,14.946895210946632,15.4396696586779,14.797874146833951,14.801530838012695,44516000
2009-02-17,14.444978982810127,14.578457817212271,13.956774905946954,14.178935050964355,46498000
2009-02-18,14.357216150116376,14.673541856518487,14.051859649604589,14.540063858032227,31373000
2009-02-19,14.696393257010474,14.810673136944388,14.100309012670115,14.12956428527832,29852000
2009-02-20,13.837926080924722,14.571146058811921,13.752902319234334,14.445895195007324,33074000
2009-02-23,14.673540344268352,14.848160039911907,13.825126718221362,13.949463844299316,29356000
2009-02-24,13.98786376306183,14.787822410135862,13.844327674142386,14.743940353393555,45905000
2009-02-25,14.60497028428459,15.172713042606539,14.392866487684369,14.862785339355469,52819000
2009-02-26,15.039240525350651,15.039240525350651,14.17071229978964,14.234708786010742,46944000
2009-02-27,13.931177720254395,14.859130879909562,13.874494635221907,14.447723388671875,45445000
2009-03-02,14.14968433976301,14.508980126717022,13.631310210172387,13.771188735961914,41411000
2009-03-03,13.969575052820625,14.167964970753696,13.511541705303973,13.805926322937012,37274000
2009-03-04,14.08842423503919,14.243844950064073,13.384460589237959,13.75747013092041,39553000
2009-03-05,13.50971434926937,14.092083980560036,13.272925662219922,13.43200397491455,38804000
2009-03-06,13.530743495995948,13.557256697069459,12.722556014780466,13.02242660522461,37595000
2009-03-09,12.822207427306228,13.347895787648701,12.759125556449915,13.02242660522461,22719000
2009-03-10,13.174191221344136,13.625825937609983,13.120251076214913,13.574627876281738,39087000
2009-03-11,13.73461394240362,13.73461394240362,13.057162601017607,13.516111373901367,24505000
2009-03-12,13.522515860655359,14.44132572847589,13.295784347531532,14.35995864868164,33673000
2009-03-13,14.444981324084056,14.648857172225217,14.124997215684031,14.473322868347168,29335000
2009-03-16,14.627827941496312,14.794218758921275,14.017115922661176,14.050943374633789,22055000
2009-03-17,14.02351495114401,14.853644143245809,13.943062500871088,14.845417022705078,29737000
2009-03-18,14.625996306367542,14.734791149796363,14.407492882675658,14.604969024658203,28081000
2009-03-19,14.945067999784044,15.110545068301988,14.014372834605958,14.088425636291504,33658000
2009-03-20,14.199048439918693,14.352640820215374,13.973231605817613,14.219161987304688,24708000
2009-03-23,14.490694682105898,14.896617194520733,14.23562163418487,14.892045021057129,23535000
2009-03-24,14.640629652746597,15.321738771003947,14.546463280802321,14.891131401062012,31564000
2009-03-25,14.795132728996602,15.084946024337738,14.610455855110203,15.041975975036621,31788000
2009-03-26,15.263226108042751,15.670977832427836,15.07855006093765,15.531099319458008,36507000
2009-03-27,15.120598616133362,15.53109313227,15.045632091307189,15.310760498046875,18360000
2009-03-30,15.02460620197159,15.285164220166378,14.817074570622683,14.906669616699219,22330000
2009-03-31,14.993516533297544,15.392125418349488,14.906664471799743,15.311671257019043,31897000
2009-04-01,14.937758656195284,14.970670633895569,14.367272750901492,14.635144233703613,50889000
2009-04-02,14.902102002955994,15.318996354612906,14.820735795797336,15.14529037475586,39610000
2009-04-03,15.08494821447299,15.912335395812988,14.993523937145815,15.912335395812988,36303000
2009-04-06,15.688342585463694,16.22317335784931,15.383900802244879,15.6819429397583,43605000
2009-04-07,15.503666836945518,15.631659753035203,15.154427528381348,15.154427528381348,26152000
2009-04-08,15.36855062190562,15.36855062190562,14.988796972042786,15.311816215515137,17512000
2009-04-09,15.636668509343918,15.79497545018614,15.353912716184515,15.78125,27688000
2009-04-13,15.56529692585828,16.161921270909158,15.46097894741439,16.11067771911621,26997000
2009-04-14,16.013679685325382,16.013679685325382,15.190119364864877,15.199270248413086,33818000
2009-04-15,15.299010152299633,15.299924716943488,14.73075309039047,15.140703201293945,34967000
2009-04-16,14.732585005801418,14.949455525677218,14.44891373712905,14.796639442443848,39334000
2009-04-17,14.842391071793859,15.096779671104475,14.426950954788206,14.921087265014648,40526000
2009-04-20,14.619114732413673,14.793892569178627,13.895297050476074,13.895297050476074,36136000
2009-04-21,13.76993198518228,15.040960311889648,13.665614027735831,15.040960311889648,45720000
2009-04-22,14.744483755974015,15.098614090581327,14.600817659553142,14.711540222167969,31615000
2009-04-23,14.842389924197189,15.132467466436271,14.531267797327859,15.121485710144043,32295000
2009-04-24,15.417970428424892,15.839815130777497,15.063838419176315,15.838900566101074,39012000
2009-04-27,15.387773337491188,15.739159930122998,15.13155383794596,15.148941040039062,32183000
2009-04-28,15.040958892409096,15.625686741385298,14.888142846964167,15.331034660339355,25515000
2009-04-29,15.590918129158071,16.307415008544922,15.388687623671585,16.307415008544922,45922000
2009-04-30,16.55264938216574,17.273722353310415,16.50323497694365,16.78690528869629,69872000
2009-05-01,16.060349301022764,16.10518741043001,14.974163990496887,15.821516990661621,109205000
2009-05-04,16.173823390374793,16.39984665507093,15.70896945776753,16.378799438476562,43896000
2009-05-05,16.111592021760284,16.78325080871582,16.05577215640673,16.78325080871582,43759000
2009-05-06,16.88482736418992,16.961692708921476,16.459320782593984,16.785085678100586,32739000
2009-05-07,16.927830007862838,17.08888064731751,16.49408726816586,16.542585372924805,28138000
2009-05-08,16.727429596901306,16.936063766479492,16.593829865064873,16.936063766479492,21538000
2009-05-11,16.617620802803152,16.900376591612407,16.402579444649945,16.56088638305664,20229000
2009-05-12,16.69906414624118,16.74115681041853,16.211332395455255,16.306499481201172,20480000
2009-05-13,15.922170769007094,16.128975826489967,15.601896862963795,15.625689506530762,37406000
2009-05-14,15.55613673363311,15.90660681298633,15.484762327874847,15.862683296203613,26907000
2009-05-15,15.808709337253031,15.914858227756248,15.560726064858704,15.842567443847656,19498000
2009-05-18,15.982569431736339,16.01368209140446,15.671446325760826,15.867271423339844,26282000
2009-05-19,15.770271707577185,15.770271707577185,15.23129808400991,15.256919860839844,32262000
2009-05-20,15.459151295320453,16.15002831450459,15.387776831973031,15.52229118347168,58524000
2009-05-21,15.443591157116488,15.814192286871847,15.373129538694018,15.710790634155273,20220000
2009-05-22,15.405161074724862,15.710795040881607,15.317315722577192,15.40607738494873,22554000
2009-05-26,15.28162605645468,15.562551018112716,15.123319091369146,15.428951263427734,22916000
2009-05-27,15.464642243009003,15.75014358834745,15.250517106681642,15.316402435302734,19871000
2009-05-28,15.441764431533988,15.787660192168328,15.374049979465775,15.749227523803711,16548000
2009-05-29,15.711704267971532,16.135379791259766,15.566208216673447,16.135379791259766,15013000
2009-06-01,16.242441020458465,16.379700736349687,15.712616736859315,15.897459983825684,23514000
2009-06-02,15.841643687815747,15.931319882853597,15.391430092836895,15.408817291259766,23958000
2009-06-03,15.357576370559816,15.431696254253783,14.846968266989485,15.328292846679688,24355000
2009-06-04,15.350255807905175,15.72634962515682,15.122403514895666,15.409735679626465,46802000
2009-06-05,15.62203238361103,15.674190503584713,15.202016747972344,15.343851089477539,29600000
2009-06-08,15.2184877260003,15.39784017006075,15.057435305061432,15.18737506866455,15603000
2009-06-09,15.192868699830703,15.540593637054496,15.043712575921992,15.389608383178711,27552000
2009-06-10,15.549745862852104,16.094210530339783,15.49026597208941,15.885576248168945,58821000
2009-06-11,16.006354235046178,16.045701450109533,15.476529951588217,15.551566123962402,48560000
2009-06-12,15.465550062696037,15.55156800011296,15.171814270237666,15.28711223602295,25408000
2009-06-15,15.121489599968296,15.408821777047121,15.012597045721739,15.23312759399414,17311000
2009-06-16,15.348422641196299,15.394175302576523,14.882652729167953,14.966839790344238,26840000
2009-06-17,14.9037075601452,15.270648839613086,14.902791249794976,15.030901908874512,25635000
2009-06-18,14.934810821272954,15.113250389361424,14.834154617244765,14.95128345489502,15875000
2009-06-19,14.976909115866482,14.976909115866482,14.656635167184072,14.764613151550293,32146000
2009-06-22,14.746310792210718,14.934814102225966,14.346426963806152,14.346426963806152,20448000
2009-06-23,14.366556487760795,14.718856736309313,14.230211305973473,14.652973175048828,21099000
2009-06-24,14.760034325434125,14.878079483549126,14.618200015337761,14.73807430267334,17093000
2009-06-25,14.777421231117618,15.211162215678417,14.566040744418181,15.032724380493164,36044000
2009-06-26,15.010770178710334,15.456409454345703,14.944886587826872,15.456409454345703,20758000
2009-06-29,15.509479823257937,15.509479823257937,15.145284016589212,15.386861801147461,14673000
2009-06-30,15.464639927459089,15.464639927459089,15.14619683816766,15.3099946975708,11261000
2009-07-01,15.325550561945189,15.487517559914952,15.13521808965992,15.175479888916016,14436000
2009-07-02,14.872582488679233,15.385934025651881,14.872582488679233,15.21573257446289,18844000
2009-07-06,15.098613275997387,15.315483819878697,15.095867836215604,15.264240264892578,14977000
2009-07-07,15.272474839302776,15.299925743278866,14.71428318708905,14.732584953308105,23854000
2009-07-08,14.738076753512246,15.055901286396494,14.649233224577202,14.718842506408691,24466000
2009-07-09,14.822343714836826,14.924010958217668,14.597942397228874,14.911188125610352,14411000
2009-07-10,14.708770262211518,14.87455168222038,14.52375459171478,14.706022262573242,13306000
2009-07-13,14.706017774281301,15.160314559936523,14.69960635940878,15.160314559936523,15275000
2009-07-14,15.141081027915996,15.224429425181473,14.973467069088997,15.197868347167969,7923000
2009-07-15,15.32152189768142,15.817033579682409,15.268397980526274,15.787724494934082,21320000
2009-07-16,15.707127291196267,16.556185987064392,15.706211873448593,16.328121185302734,28441000
2009-07-17,16.398646414720456,16.601065539127745,16.329953398608854,16.471920013427734,17015000
2009-07-20,16.534199464045678,16.983000368790858,16.49573096480866,16.61663246154785,30597000
2009-07-21,16.675248821733685,16.761345226935752,16.433445854446212,16.57266616821289,14494000
2009-07-22,16.395891756330094,16.720127692011,16.30338394104054,16.62212562561035,12907000
2009-07-23,16.72379830641166,17.088333688297197,16.565343703324515,17.024219512939453,15084000
2009-07-24,16.864849065690727,17.32006144619876,16.84103423145712,16.98758316040039,20194000
2009-07-27,17.21381891613048,17.677273645266112,17.159779566076946,17.322813034057617,25343000
2009-07-28,17.305407931842936,17.305407931842936,16.996742699361953,17.122224807739258,15162000
2009-07-29,16.993071999636282,17.280672019177956,16.88774135534205,17.26968002319336,18070000
2009-07-30,18.866138576190618,19.167476989843383,17.75787510992078,17.778940200805664,68013000
2009-07-31,17.79725401918792,18.1242380143845,17.627809187210204,17.771608352661133,30839000
2009-08-03,17.97127800158484,18.39718121189317,17.90716384037367,18.378862380981445,17599000
2009-08-04,18.182854628524616,18.60326358471428,18.090346804028727,18.602346420288086,15904000
2009-08-05,18.602348436301124,18.68478143688134,18.318413515958188,18.591358184814453,12489000
2009-08-06,18.570288952629763,18.722332100584357,18.373365893022523,18.453968048095703,16211000
2009-08-07,18.669218419640874,18.86797416997676,18.599608223475915,18.715930938720703,11739000
2009-08-10,18.757142920555975,18.76721775627875,18.41092460628942,18.53274154663086,7848000
2009-08-11,18.500684176946226,18.72600096516722,18.451225416788642,18.56479835510254,13147000
2009-08-12,18.428324594511007,18.820338178907654,18.345891594696663,18.71409034729004,11993000
2009-08-13,18.736986211571736,18.954058921364698,18.63714981558886,18.682029724121094,14863000
2009-08-14,18.67378916089287,18.88902930842388,18.461295265700755,18.557466506958008,11572000
2009-08-17,17.952042552867432,18.31016641425259,17.94654655456543,17.94654655456543,12904000
2009-08-18,18.02989540648961,18.242389293988726,18.02989540648961,18.15079689025879,6730000
2009-08-19,18.037221861636272,18.15537533226565,17.8925055663367,18.071109771728516,9424000
2009-08-20,17.989599258203608,18.610593035214627,17.976776424232348,18.595022201538086,10720000
2009-08-21,18.779123593944885,19.05756254086051,18.52358231665038,18.982458114624023,15445000
2009-08-24,19.05573037199189,19.21418495996979,18.6078448578686,18.705848693847656,11758000
2009-08-25,18.94948707284497,19.335091092137393,18.893616889264464,19.136335372924805,14856000
2009-08-26,19.064895797228424,19.064895797228424,18.703106588777516,18.931171417236328,12916000
2009-08-27,18.913762717465495,18.949483220621673,18.59319011269893,18.922922134399414,8973000
2009-08-28,19.032835826666954,19.06489291654863,18.621586164504247,18.645401000976562,10355000
2009-08-31,18.508927361080968,18.613342623894923,18.281778000507398,18.559303283691406,14093000
2009-09-01,18.473197147214417,18.976037197436945,18.379772186279297,18.379772186279297,16628000
2009-09-02,18.318404567816877,18.550132623188933,18.23139277503226,18.359621047973633,8922000
2009-09-03,18.542813761860046,18.758971084564717,18.42282768519433,18.629825592041016,15115000
2009-09-04,18.634403771957597,18.950397493529284,18.597767856792405,18.872543334960938,8491000
2009-09-08,19.060317533749174,19.171144251994317,18.86797494198716,19.000783920288086,9941000
2009-09-09,19.176629421401838,19.389123317255176,18.982454356410656,19.262725830078125,18796000
2009-09-10,19.233425348906504,19.427600500721024,19.16656315864481,19.380887985229492,9053000
2009-09-11,19.498124667670414,19.498124667670414,19.08870755470514,19.12534523010254,11868000
2009-09-14,19.00077699143685,19.09511567000284,18.897277148625754,19.050235748291016,13928000
2009-09-15,19.139075280433143,19.750909522654958,19.085951372672046,19.60344696044922,22633000
2009-09-16,19.688638959323175,20.274827866423525,19.60986934451186,20.128280639648438,19989000
2009-09-17,20.135601035851266,20.28947679762935,19.994549855619862,20.168575286865234,13215000
2009-09-18,20.315119709125973,20.477237701416016,19.925852395943238,20.477237701416016,53832000
2009-09-21,20.416793016845638,20.68424175061935,20.307798905460704,20.390230178833008,13176000
2009-09-22,20.588064849635114,20.608214516844082,20.323362441493682,20.569746017456055,11804000
2009-09-23,20.68332755801511,20.68332755801511,20.072408452244357,20.094388961791992,14097000
2009-09-24,20.11361091172577,20.126435488252923,19.617182228404403,19.686792373657227,15567000
2009-09-25,19.632763233483256,19.632763233483256,18.69028127923005,18.748899459838867,41696000
2009-09-28,18.81026379785499,19.195865974814396,18.705848545778032,19.06397247314453,19454000
2009-09-29,19.183959676678917,19.49720545116595,18.854227650267344,18.935745239257812,22336000
2009-09-30,19.10427367583442,19.105189093399215,18.419165736650573,18.515336990356445,24555000
2009-10-01,18.50801129129351,18.67837155874075,18.241478017260363,18.264375686645508,18071000
2009-10-02,18.058295585042835,18.318417476582233,18.039061330547483,18.290023803710938,18824000
2009-10-05,18.365125875738272,18.474119960150297,18.121490293013714,18.36695671081543,20026000
2009-10-06,18.587696274952727,18.67104469983732,18.310171001903758,18.387109756469727,18787000
2009-10-07,18.434777554966097,19.38621458438487,18.407280496658384,19.331218719482422,32571000
2009-10-08,19.330299485904767,19.748271138375774,19.248720930022294,19.336715698242188,23425000
2009-10-09,19.340378037075723,19.691437441818522,19.270715817369837,19.65385627746582,13852000
2009-10-12,20.033338557553517,20.165328976572372,19.641947812276612,19.798686981201172,13797000
2009-10-13,19.78218129960868,20.006748676324317,19.62819049300308,19.923337936401367,11629000
2009-10-14,20.25606886907021,20.34406187752301,19.84726178902921,20.117660522460938,18604000
2009-10-15,19.93617429913653,20.82803126812077,19.883010650179315,20.656625747680664,24368000
2009-10-16,20.51362811694411,20.70703226226882,20.330308085610206,20.520044326782227,13005000
2009-10-19,20.53196264608749,20.724450708281434,20.3367262779402,20.678619384765625,9325000
2009-10-20,20.82252926387203,20.82252926387203,20.44672109481568,20.623626708984375,8454000
2009-10-21,20.471472469840492,21.279918712775988,20.471472469840492,20.685041427612305,14613000
2009-10-22,20.761119614571555,21.03426843217466,20.487054694737083,21.01593589782715,11034000
2009-10-23,21.200168422225108,21.288163165947548,20.840858883073487,21.07826042175293,15651000
2009-10-26,21.14150519529249,21.209333453132096,20.234066009521484,20.234066009521484,18327000
2009-10-27,20.26248573106311,20.45772213702386,20.09016236886872,20.21573829650879,19653000
2009-10-28,20.339482843733553,20.98110584379029,20.122245972122712,20.211156845092773,30073000
2009-10-29,20.484304151508848,20.97193801483752,20.41005966194378,20.891277313232422,17535000
2009-10-30,20.685952421258516,20.751946726595683,19.981998012515493,20.07549285888672,25534000
2009-11-02,20.256988870099626,20.674960548486048,20.02875351855726,20.408227920532227,22586000
2009-11-03,20.621792475857205,20.729035864763812,19.209304629534177,20.091995239257812,57844000
2009-11-04,20.175409096584797,20.971022924510944,20.175409096584797,20.621795654296875,34795000
2009-11-05,20.898614089235394,21.105766871448083,20.581469576650026,21.10485076904297,18812000
2009-11-06,20.876601668997036,21.740045101049308,20.83260605474338,21.714380264282227,24834000
2009-11-09,21.86104326748252,22.267098515355244,21.54023096724919,22.199270248413086,27818000
2009-11-10,22.125021221653697,22.136019689050777,21.76571172905872,21.87662124633789,19921000
2009-11-11,21.90962483475361,22.257935962299477,21.669474950634335,21.806049346923828,17284000
2009-11-12,21.76846996885794,22.149778287921386,21.597064445723937,21.713472366333008,13814000
2009-11-13,21.778546997368114,21.86104163263849,21.323910401382953,21.514564514160156,14936000
2009-11-16,21.671302996416053,21.700633994084598,20.982932785889,21.155254364013672,26591000
2009-11-17,21.059006418328483,21.21482938408904,21.003092741624446,21.173582077026367,18894000
2009-11-18,21.086507528660324,21.258830849144857,20.70703327939059,20.832609176635742,20717000
2009-11-19,20.69420666569193,21.6282288009007,20.428391920715708,21.090181350708008,43957000
2009-11-20,21.05810077097364,21.241420866929026,20.938941047730292,21.188257217407227,18119000
2009-11-23,21.401823181442168,21.658471608640188,21.337659326356373,21.64930534362793,13152000
2009-11-24,21.709807973425516,21.827133754078616,21.45040941208736,21.78313636779785,10483000
2009-11-25,21.857381168122462,22.05170148778017,21.780384873076667,21.983871459960938,11677000
2009-11-27,21.49622604752193,21.85186933261615,21.494393844031787,21.594303131103516,6481000
2009-11-30,21.71896109349558,22.077354431152344,21.639216534743316,22.077354431152344,13921000
2009-12-01,22.1772769021706,22.362430964827283,22.07736755597075,22.27260398864746,13805000
2009-12-02,22.20293574438611,22.63007356508706,22.17360474455024,22.220352172851562,13979000
2009-12-03,22.349595491404866,22.4348401962352,21.577814385406977,21.64655876159668,12077000
2009-12-04,21.998541016176702,22.2881884589034,21.586985523464595,22.12044906616211,14319000
2009-12-07,21.952698611089243,22.226763412175607,21.773959101076187,21.9013671875,7632000
2009-12-08,21.815220088219288,21.972877116880603,21.69514598604927,21.87113380432129,6940000
2009-12-09,21.80146012099965,22.2973439967642,21.76479681272628,22.26801300048828,9223000
2009-12-10,22.428426450383427,22.49992263749367,22.179110268477494,22.37618064880371,9749000
2009-12-11,22.53291196965135,22.548494444140033,22.328509345695515,22.35967254638672,8449000
2009-12-14,22.64016078620119,22.709821264759285,22.217605166021592,22.68415641784668,12555000
2009-12-15,22.620913259195405,22.882145748517182,22.431175204550748,22.507253646850586,15150000
2009-12-16,22.494418150694706,22.702486962554218,22.45775308786697,22.585161209106445,13842000
2009-12-17,22.498077831246867,22.814306039820906,22.45683052158191,22.70889663696289,12834000
2009-12-18,22.846389824416825,23.439434703186702,22.810642617966028,23.35877227783203,25076000
2009-12-21,23.46509301546224,23.510922575260885,23.255190344807446,23.406429290771484,9225000
2009-12-22,23.449521690088027,23.662174515121155,23.372527153857014,23.430273056030273,8462000
2009-12-23,23.46510089670893,23.611757635265104,23.2661966242168,23.40277099609375,8198000
2009-12-24,23.334950790938606,23.547603659742556,23.327618475965416,23.411945343017578,2752000
2009-12-28,23.45594031288702,23.598014827648047,23.190123817196064,23.554933547973633,7095000
2009-12-29,23.620929132840896,23.740087103708206,23.562265375450572,23.681425094604492,6106000
2009-12-30,23.68416853041475,23.713499526769443,23.538427902285758,23.646587371826172,4156000
2009-12-31,23.70617379176057,23.70617379176057,23.35511259517852,23.463272094726562,9898000
2010-01-04,23.647506520719183,23.666755153458947,23.471518771629004,23.542097091674805,9321000
2010-01-05,23.633760042033984,23.644758512428613,23.194705859219667,23.472436904907227,12906000
2010-01-06,23.50086779663827,23.50086779663827,23.157855882927183,23.438501358032227,10785000
2010-01-07,23.240393841524913,23.300925239697133,23.018444798456546,23.28533363342285,11273000
2010-01-08,23.14226305808449,23.379803746406605,23.084483316162867,23.29359245300293,8635000
2010-01-11,23.34770503093578,23.420157996962942,22.734135921344294,22.910226821899414,11171000
2010-01-12,22.890962765729096,23.1982064590974,22.796498235558452,22.897382736206055,8595000
2010-01-13,23.094569095646147,23.50086402170598,22.897383283817526,23.49260902404785,8585000
2010-01-14,23.50178070704581,24.014463468952048,23.341281440965915,23.889732360839844,12433000
2010-01-15,24.011714995968127,24.384991731080206,23.89615550902432,24.088754653930664,19419000
2010-01-19,24.07501067142633,24.75186319770354,24.00163928030494,24.281368255615234,14633000
2010-01-20,24.12176660364102,24.4097486068517,24.047476882015328,24.156618118286133,10211000
2010-01-21,24.17129847455831,24.487713865358753,23.48894469586786,23.70905876159668,14131000
2010-01-22,23.606338255144344,23.93651021498035,23.027620686454977,23.094572067260742,13251000
2010-01-25,23.24040440113313,23.316527440167217,22.79008788942825,23.153276443481445,10811000
2010-01-26,23.113837546543095,23.215640475381978,22.74973236380918,22.80109214782715,11194000
2010-01-27,22.89922560244634,23.51829639529636,22.777244372314648,23.509124755859375,10066000
2010-01-28,23.506372372234235,23.657701794362445,22.546124668444804,22.878129959106445,16120000
2010-01-29,23.0349625889387,23.39998615615813,22.84511506786626,22.919403076171875,15042000
2010-02-01,23.03221111881929,23.52563236209649,23.02854106369604,23.24223518371582,9329000
2010-02-02,23.497202826153476,23.506372716133612,23.09457608302144,23.163362503051758,13404000
2010-02-03,23.153265185633362,23.295421165875307,22.658923991887885,22.706615447998047,17961000
2010-02-04,21.49232612500508,21.601465651207036,20.25876958912985,20.37066078186035,108380000
2010-02-05,20.672400322160385,20.672400322160385,19.91575678423473,20.245010375976562,58136000
2010-02-08,20.268861854780642,20.95305083934881,20.192738813321473,20.764118194580078,28165000
2010-02-09,20.965882845337195,20.97046778917618,20.452281669826693,20.493553161621094,16486000
2010-02-10,20.333058038154444,20.898017347367354,20.333058038154444,20.809972763061523,18326000
2010-02-11,20.809968165661047,21.029165562874013,20.619202317842777,21.002567291259766,12221000
2010-02-12,20.887924005172657,20.887924005172657,20.603610266656492,20.679733276367188,14838000
2010-02-16,20.78244719738217,20.926438180164865,20.589848127923215,20.663219451904297,17568000
2010-02-17,20.690738774707846,20.732010266085563,20.491719676922788,20.620119094848633,12500000
2010-02-18,20.57152296780111,20.57152296780111,20.324810514826577,20.360580444335938,17281000
2010-02-19,20.35323211653309,20.53390970654888,20.140454669066656,20.418350219726562,17620000
2010-02-22,20.437619569149806,20.81456478312049,20.437619569149806,20.56601905822754,10856000
2010-02-23,20.47245602090344,20.515560782192303,20.119355936859847,20.362398147583008,16517000
2010-02-24,20.362402099947957,20.462371718724597,20.08542496008306,20.33763885498047,15190000
2010-02-25,20.13586728021321,20.46603920169009,19.849718514841353,20.313793182373047,19896000
2010-02-26,20.450445779062726,20.64854821463995,20.27435491958416,20.57792854309082,10947000
2010-03-01,20.721921837479563,21.356584061946695,20.67056207068798,21.345579147338867,24265000
2010-03-02,21.30430566942693,21.41803185632269,21.008985288606016,21.260282516479492,13247000
2010-03-03,21.262113764268367,21.506072590415545,21.18599077359993,21.291461944580078,13620000
2010-03-04,21.25294301046895,21.411608967488753,21.07776881067175,21.36941909790039,10161000
2010-03-05,21.429959047070202,21.993085048954327,21.342831106366212,21.969240188598633,32910000
2010-03-08,21.927968150159742,22.660765070856417,21.863768432348184,22.52594566345215,29561000
2010-03-09,22.474584830811835,23.10191055591622,22.438816665404534,22.605737686157227,21849000
2010-03-10,22.662605699051863,22.97443450039564,22.569057758373404,22.891891479492188,19561000
2010-03-11,22.749733546486176,22.97443261324608,22.574559238613308,22.946001052856445,11508000
2010-03-12,23.025792861721804,23.090909230685398,22.793755446044404,22.925823211669922,8736000
2010-03-15,23.018448444334535,23.018448444334535,22.557125401240633,22.93590545654297,11262000
2010-03-16,22.95149397831151,23.047793534679062,22.64608531442236,22.86803436279297,9672000
2010-03-17,22.899220548172455,23.020283363121738,22.63508333834575,22.80475425720215,11144000
2010-03-18,22.821263128926578,22.821263128926578,22.435146454643267,22.58922576904297,7593000
2010-03-19,22.411298751831055,22.75247558278057,22.245294405295223,22.411298751831055,9801000
2010-03-22,22.26730777120366,22.767150630042764,22.217783029302563,22.660762786865234,8089000
2010-03-23,22.65985050960041,22.988187488879614,22.413138143604172,22.524112701416016,11016000
2010-03-24,22.488348142861376,22.642427504464585,22.373705260912832,22.440656661987305,7700000
2010-03-25,22.60206712907675,22.955167329360073,22.56996726989746,22.56996726989746,13145000
2010-03-26,22.676352414777693,22.813923462680446,22.476414938841568,22.583721160888672,10836000
2010-03-29,22.647002478865495,22.85886149142662,22.617652544815865,22.74605369567871,7287000
2010-03-30,22.857948706997238,23.27983352569955,22.855197040884182,23.149599075317383,12046000
2010-03-31,23.130347016080233,23.3211129377942,23.058810670093262,23.295433044433594,9333000
2010-04-01,23.437587644895164,23.468770868090992,23.117503911544816,23.289926528930664,11188000
2010-04-05,23.34403300431619,23.5036173921043,23.191788725170905,23.44033432006836,7457000
2010-04-06,23.373386317004723,23.93742896526645,23.368799623096326,23.73107147216797,13992000
2010-04-07,23.758595410172376,23.81824475071031,23.392443081862535,23.46126937866211,7831000
2010-04-08,23.314446819831183,23.611772918175472,23.314446819831183,23.573230743408203,6402000
2010-04-09,23.744840864442683,23.858633069684096,23.567728859521008,23.756771087646484,4966000
2010-04-12,23.70446105032181,23.951316535950024,23.701707787428514,23.82008934020996,6537000
2010-04-13,23.74024722614573,23.909099398938615,23.603513530487984,23.721893310546875,7131000
2010-04-14,23.774190723578943,24.247711408488577,23.676918159628634,24.146766662597656,11661000
2010-04-15,24.281675584396158,24.287182109560653,24.06602318581314,24.100894927978516,6282000
2010-04-16,23.954063788012622,24.200917461371397,23.699867498672198,23.81365966796875,11495000
2010-04-19,23.752167078259415,23.999939597970275,23.37500352627129,23.61176300048828,9559000
2010-04-20,23.763188434859444,24.12383429506671,23.59984103862084,23.98710060119629,7375000
2010-04-21,24.166964133694194,24.166964133694194,23.74758784363777,23.913686752319336,5035000
2010-04-22,23.749419105683724,24.09079558681377,23.12631898624954,24.00636863708496,8638000
2010-04-23,24.190823629546056,24.555139909487686,24.043078642038136,24.522104263305664,10379000
2010-04-26,24.608366729724448,24.70564108193857,24.380784127872243,24.38995933532715,7095000
2010-04-27,24.390883942793987,24.390883942793987,23.38602871061563,23.386947631835938,10947000
2010-04-28,23.542031532285122,23.611775021503142,22.9950984199677,23.217174530029297,17995000
2010-04-29,23.28324494602738,23.71638756659631,23.106134730612176,23.435579299926758,14089000
2010-04-30,23.603520325537154,23.620955325147296,22.573889168458013,22.762012481689453,16675000
2010-05-03,23.051064861443578,23.069418771180867,22.440812240442686,23.009769439697266,16928000
2010-05-04,23.251130398334205,23.624623729543302,22.786786391789878,23.056583404541016,29370000
2010-05-05,22.758343044100343,22.849193738206374,21.658051084180705,21.835163116455078,25627000
2010-05-06,21.602979928260943,21.839739463057487,19.362936053535098,21.134048461914062,34273000
2010-05-07,20.955106365165232,21.471758853441962,20.376054753632587,20.472410202026367,29304000
2010-05-10,21.472677961595604,21.668142138876178,20.953273913925372,21.134973526000977,29826000
2010-05-11,20.86884194660312,20.876184563241797,20.30263781230912,20.48617172241211,29271000
2010-05-12,20.64767943750678,21.677310147412854,20.610054441135944,21.346946716308594,29123000
2010-05-13,21.354293245004186,22.01685456972794,21.157910191579,21.318504333496094,22049000
2010-05-14,19.757533580472444,20.19067607765665,19.1858213308512,19.495996475219727,101983000
2010-05-17,19.752029643425402,19.88325679846009,19.105069074615496,19.34549903869629,34138000
2010-05-18,19.540969466013628,19.695138173706276,17.947885818552553,18.611364364624023,70828000
2010-05-19,18.633385264107904,19.56941388826076,17.99101226706365,18.578325271606445,91584000
2010-05-20,18.04699189267997,19.270252497249984,18.04699189267997,18.85821533203125,51156000
2010-05-21,18.57282206510353,19.944745021267572,18.553550976769156,19.62447738647461,43426000
2010-05-24,19.765794717732614,19.866739493613707,19.256484985351562,19.256484985351562,17858000
2010-05-25,18.726986769938716,19.148199110944677,18.703128082477146,18.983936309814453,22472000
2010-05-26,19.299615609098087,19.541881659669944,18.81233024597168,18.81233024597168,21772000
2010-05-27,19.294109942503617,19.388631023366138,18.885744986874705,19.06928062438965,19644000
2010-05-28,19.029819890584704,19.10965749182211,18.459026462686392,18.51592254638672,25471000
2010-06-01,18.44526305048595,18.693035656092157,18.33055370533408,18.389284133911133,22633000
2010-06-02,18.4755477328275,18.526937301804004,18.318625763227683,18.447099685668945,20431000
2010-06-03,18.47370568762568,18.686606491980317,18.468199164581332,18.537025451660156,19643000
2010-06-04,18.30761546981905,18.433336136504842,18.032311941883762,18.04791259765625,33167000
2010-06-07,18.104803246437225,18.85821334963228,18.10296715499997,18.35991668701172,26819000
2010-06-08,18.4562700737051,18.56730896013722,17.92677216721025,18.127742767333984,33612000
2010-06-09,18.16996163202642,18.41039339890195,17.780867685192494,17.936872482299805,26857000
2010-06-10,18.191987001083366,18.931632759841836,18.169962649055662,18.823347091674805,45764000
2010-06-11,18.72056070533695,18.852706766370382,18.496648588409847,18.80131721496582,19569000
2010-06-14,18.981187283372886,19.02431881500103,18.638895294343268,18.736167907714844,12166000
2010-06-15,18.853627834335114,19.24731108676499,18.617785451270443,19.23171043395996,18280000
2010-06-16,19.00963074540954,19.406065470883863,18.928875977341757,19.32806396484375,15745000
2010-06-17,19.46846578987977,19.929137407486717,19.37302755231314,19.638235092163086,22337000
2010-06-18,19.774050165647033,19.862145782240503,19.490488734993455,19.662094116210938,13863000
2010-06-21,19.796995928425634,21.1505664382455,19.520775302265633,20.495346069335938,53737000
2010-06-22,20.49535202298857,20.829385999263042,20.24207459062946,20.275110244750977,22197000
2010-06-23,20.35035712771656,20.396240168075092,19.7722210173746,20.175081253051758,13795000
2010-06-24,19.982375554447465,20.28062067106329,19.579516929551453,19.719921112060547,12283000
2010-06-25,19.69973052783143,20.041107177734375,19.379462813703576,20.041107177734375,18498000
2010-06-28,20.005310064594557,20.104420511904365,19.37486897134288,19.41065788269043,12425000
2010-06-29,19.271168337730472,19.271168337730472,18.45902603345848,18.627878189086914,17984000
2010-06-30,18.6581620460814,18.872897232544084,18.301186655777187,18.310361862182617,27037000
2010-07-01,18.32597370196221,18.77780981931927,17.881485723827144,18.615259170532227,17029000
2010-07-02,18.813624878317423,18.816380211457616,18.431584713530867,18.621686935424805,8444000
2010-07-06,18.73372862448107,18.918320193895934,18.189137776843054,18.37005615234375,16346000
2010-07-07,18.419647562182803,19.062503814697266,18.419647562182803,19.062503814697266,12675000
2010-07-08,19.11852863863417,19.28567038663497,18.97985458806063,19.25536346435547,9491000
2010-07-09,19.357294808487072,19.792600631713867,19.15249982541422,19.792600631713867,11867000
2010-07-12,19.56393100638103,19.82290958283103,19.405053537874867,19.62270736694336,7162000
2010-07-13,19.87341757131075,19.917499398561333,19.359133673885704,19.710866928100586,16830000
2010-07-14,19.744856972112373,19.835776005529965,19.4822051007159,19.57679557800293,8180000
2010-07-15,19.658519587900297,19.658519587900297,19.15984810937007,19.451887130737305,8167000
2010-07-16,18.958731330491837,18.99362930796651,18.11199951171875,18.11199951171875,28878000
2010-07-19,18.15241352014039,18.319555315776164,17.8227192340938,17.984352111816406,23196000
2010-07-20,17.72444950124033,18.861386535738095,17.72444950124033,18.854040145874023,17403000
2010-07-21,19.008324681847007,19.090059837052856,18.48577460896095,18.50506019592285,11656000
2010-07-22,18.820979776820455,19.22138784251941,18.68873598778299,19.138734817504883,9643000
2010-07-23,19.120371270236614,19.5859825955294,19.07353407871546,19.55567741394043,9821000
2010-07-26,19.62087333760381,19.93311766244163,19.414240806219563,19.545568466186523,9821000
2010-07-27,19.70352442222059,19.796279149163016,19.505157912158424,19.674137115478516,7514000
2010-07-28,19.53638220840433,19.735666574220584,19.293933868408203,19.293933868408203,8818000
2010-07-29,19.29669001094637,19.445465785373766,18.780570235126532,19.135976791381836,14649000
2010-07-30,18.873322380723682,19.32332108536107,18.873322380723682,19.28934097290039,7863000
2010-08-02,19.054237675308137,19.11301403455333,18.475668453581246,18.598730087280273,29181000
2010-08-03,18.235971909347995,18.789744773904808,18.18362408775575,18.450868606567383,31650000
2010-08-04,18.605163234889964,18.862304396560408,18.368223769524327,18.854040145874023,17868000
2010-08-05,18.72913780577034,18.86230117123265,18.465568160126786,18.516996383666992,18692000
2010-08-06,18.367299684720116,19.101990971452043,18.367299684720116,19.04872703552246,18455000
2010-08-09,19.248934405307775,19.751280999540135,19.116690638789322,19.734750747680664,19632000
2010-08-10,19.630052699596956,19.966173589046313,19.441787936754235,19.86882781982422,16622000
2010-08-11,19.51710153924165,19.71363062091312,19.25444793701172,19.25444793701172,16610000
2010-08-12,19.120366028269842,19.591487894379046,19.010163168794847,19.453733444213867,11462000
2010-08-13,19.546487672015417,19.561180452013893,19.321487399771243,19.344446182250977,8246000
2010-08-16,19.211280865502747,19.500564622325495,19.10383161203002,19.32607650756836,6006000
2010-08-17,19.400465829113394,19.743934935720855,19.342609070829983,19.655771255493164,7613000
2010-08-18,19.744847712283715,19.757704766369397,19.486787018390974,19.548316955566406,5574000
2010-08-19,19.537303842507047,19.649344172582026,19.15710100892475,19.183732986450195,8567000
2010-08-20,19.126794746227457,19.321488101420016,18.809041471686115,18.95230484008789,7899000
2010-08-23,19.132294939006673,19.15158051662746,18.797091981567746,18.84392738342285,6293000
2010-08-24,18.703430192044998,18.85128813773517,18.568431058349844,18.59781837463379,15151000
2010-08-25,18.49770796277619,19.070768225718904,18.46464746746881,18.928421020507812,8058000
2010-08-26,19.010159451737444,19.118526568296456,18.630874543780912,18.658424377441406,6801000
2010-08-27,18.75393841615611,18.975265502929688,18.50506148987785,18.975265502929688,5447000
2010-08-30,19.069848869500007,19.069848869500007,18.580361202065063,18.615259170532227,4973000
2010-08-31,18.550971360893076,18.589542517870587,18.097297832917658,18.216686248779297,18184000
2010-09-01,18.458217914929033,18.639134520185088,18.321381383752882,18.466482162475586,13209000
2010-09-02,18.609753057584907,18.80169105529785,18.470161149559974,18.80169105529785,8231000
2010-09-03,18.96424373261022,19.055162755170336,18.86965326661911,19.008325576782227,6988000
2010-09-07,18.794339149948055,18.911890103698216,18.368217161558988,18.415054321289062,10815000
2010-09-08,18.3232258062171,18.523429837988296,17.845675386848086,17.853023529052734,21383000
2010-09-09,18.09271339554721,18.09914192406098,17.559143777261777,17.630775451660156,21207000
2010-09-10,17.69965883167541,18.209350209672355,17.67486257095926,18.19649314880371,14930000
2010-09-13,18.061486659990535,18.06424199357591,17.54077415505879,17.727201461791992,39157000
2010-09-14,17.757506097441322,18.48209567814383,17.74648476451626,18.344341278076172,22223000
2010-09-15,18.749345100793953,19.563934270995343,18.74750762761504,19.302200317382812,45712000
2010-09-16,19.34994921295519,19.596070697211292,19.124950781162948,19.31229591369629,21782000
2010-09-17,19.423421260028242,19.685155169965487,19.281993653060507,19.62270736694336,18033000
2010-09-20,19.653018673535552,20.085569381713867,19.425264803245323,20.085569381713867,17232000
2010-09-21,20.054341432823648,20.152606834752586,19.716383000099974,19.9276065826416,17864000
2010-09-22,19.85964856689784,20.19393381277385,19.66403737086181,20.114953994750977,13085000
2010-09-23,19.93954066682235,20.496070680385337,19.93954066682235,20.151683807373047,18314000
2010-09-24,20.323415043080587,20.4795371505772,20.16729293558397,20.34821128845215,11947000
2010-09-27,20.295869045278955,20.617297180369096,20.278419183524697,20.42168426513672,9131000
2010-09-28,20.44464190129734,20.516275313926773,20.23617369400386,20.47953987121582,9990000
2010-09-29,20.420768018010797,20.582400834774425,20.34638101362715,20.44556427001953,11578000
2010-09-30,20.553930597066977,20.782602268892852,20.457500926483306,20.571378707885742,12062000
2010-10-01,20.66322217344059,20.755059066762268,20.45199854495086,20.64301872253418,9572000
2010-10-04,20.716475836551673,20.86157660725075,20.112190866341397,20.446475982666016,14600000
2010-10-05,20.756884449084836,20.937802811094397,20.596171279559957,20.745864868164062,12251000
2010-10-06,20.75046349019902,20.75046349019902,20.363832130189408,20.507097244262695,8055000
2010-10-07,20.64677908409637,20.677106376180166,20.287457990118213,20.296648025512695,5982000
2010-10-08,20.319624982537064,20.49790783706995,20.153289350912942,20.45563507080078,8618000
2010-10-11,20.429897582561576,20.60634167607025,20.318700451062448,20.480440139770508,4560000
2010-10-12,20.368330643064102,20.462067965260662,20.21761789811428,20.413360595703125,6982000
2010-10-13,20.493309064539652,21.26617473586398,20.476767702045887,21.218387603759766,18800000
2010-10-14,21.211961079983023,21.536360835598778,21.06859964091813,21.381053924560547,19475000
2010-10-15,21.474777198070342,21.6548969334048,21.23124746326664,21.47661590576172,10996000
2010-10-18,21.586901126231368,21.765183975509107,21.52441133289724,21.6374454498291,8128000
2010-10-19,21.468351180910982,22.107043765994224,21.366344062843297,21.784481048583984,15936000
2010-10-20,21.792749493170263,22.202614862341782,21.58138220694645,22.103364944458008,9217000
2010-10-21,22.096021627837395,22.62995002611732,22.096021627837395,22.34874153137207,11449000
2010-10-22,22.42317239466283,22.536208250502842,22.15666838415727,22.29819107055664,6182000
2010-10-25,22.432359733639657,22.836712471233813,22.357002505470543,22.528852462768555,9933000
2010-10-26,22.515078487414215,22.60238122196225,22.301874156361347,22.37906837463379,9054000
2010-10-27,22.293594448498236,22.62718410155173,22.293594448498236,22.584911346435547,9034000
2010-10-28,22.506803956722738,22.506803956722738,21.81848718181493,22.011472702026367,13105000
2010-10-29,22.050987677546242,22.37630759351458,21.99125331932964,22.06109619140625,8065000
2010-11-01,22.29544566500608,22.326691450747045,21.89293137430804,21.9627742767334,8713000
2010-11-02,22.744809205426986,22.817409233145547,22.347809628468777,22.60512351989746,18490000
2010-11-03,22.67130170847246,23.158363136744775,22.652921635068914,23.14274024963379,15721000
2010-11-04,23.204309257917995,23.432216185849548,23.094030581292987,23.423946380615234,11751000
2010-11-05,23.57098093020691,23.607739316609415,23.31090802838606,23.552600860595703,10195000
2010-11-08,23.434053848718932,23.514923706089522,23.089435409767184,23.228200912475586,8045000
2010-11-09,23.261285335805567,23.32377512227527,23.035215373955136,23.114248275756836,6244000
2010-11-10,23.15927761485636,23.342154581023216,23.05727050375013,23.30263900756836,5776000
2010-11-11,23.1647891998291,23.422103140804197,23.104136377625007,23.1647891998291,4812000
2010-11-12,22.97640728840519,23.066467204605917,22.29544003803248,22.34690284729004,11052000
2010-11-15,22.31473393940908,22.743899674428906,22.030768316941266,22.32484245300293,8058000
2010-11-16,22.119913162125645,22.119913162125645,21.386564663883664,21.417810440063477,14991000
2010-11-17,21.4802981495778,21.968277998950626,21.404022431357745,21.55657386779785,10875000
2010-11-18,21.87821704443055,22.386415689435506,21.752317233182495,22.284408569335938,10571000
2010-11-19,22.444307951749217,22.514150811983775,22.216399301969112,22.41214370727539,9330000
2010-11-22,22.287161565575442,22.437874270205693,22.147475850289936,22.36894989013672,6292000
2010-11-23,22.195269284265937,22.272463490076927,21.640203681310297,21.655826568603516,11405000
2010-11-24,21.733931482034073,22.134608530119515,21.733931482034073,21.852479934692383,9015000
2010-11-26,21.774365704326563,21.774365704326563,21.412285771531923,21.609867095947266,7351000
2010-11-29,21.586899656610335,21.69350266893143,21.137516900027666,21.647552490234375,8736000
2010-11-30,21.485811045710975,21.924166811698516,21.4132127430644,21.782642364501953,15648000
2010-12-01,22.232019174526382,22.97455738814587,22.11622791010218,22.8082218170166,14105000
2010-12-02,22.799957244282325,22.900127410888672,22.540804536180865,22.900127410888672,10802000
2010-12-03,22.789846399425354,22.918503386141968,22.53161219550131,22.890016555786133,7642000
2010-12-06,22.721841080247636,23.30539513743533,22.721841080247636,23.26495933532715,7605000
2010-12-07,23.389024041111238,23.49470681934505,22.653836981960325,22.67864990234375,8389000
2010-12-08,22.670374305381998,23.043481235045448,22.6235056625011,23.033370971679688,8361000
2010-12-09,23.019591872509064,23.355020266311396,22.680487815226975,23.08667755126953,7740000
2010-12-10,23.115167434053216,23.411998748779297,23.004890512179664,23.411998748779297,8104000
2010-12-13,23.39545493763155,23.959710445727236,23.208900564300453,23.83380889892578,13835000
2010-12-14,23.85218667141273,23.89354094701073,23.314582841458456,23.353179931640625,7172000
2010-12-15,23.431301337823204,23.525957143555146,22.781581657691618,22.90288734436035,12579000
2010-12-16,22.974574034166366,23.343085346297798,20.061397976521235,20.53835105895996,90628000
2010-12-17,20.601747239660842,20.697321495574467,19.758122050316214,20.333404541015625,63476000
2010-12-20,20.337081487072272,20.66699726271607,20.310431612176465,20.54293441772461,27406000
2010-12-21,20.658725420485805,20.76900408767585,20.080685715647032,20.197397232055664,32115000
2010-12-22,20.180857105828533,20.352707104870486,19.79672305113726,19.978681564331055,24424000
2010-12-23,19.96857093698232,20.077010900626686,19.91802661875181,20.06138801574707,12985000
2010-12-27,20.06139466487482,20.693654585518193,19.99155177502437,20.644948959350586,14670000
2010-12-28,20.678027464962426,20.837930244813872,20.50158332044018,20.632997512817383,9294000
2010-12-29,20.62196630520656,20.780950574749834,20.557637815291912,20.719377517700195,6478000
2010-12-30,20.677112609022256,20.769011237848687,20.542941206894653,20.55948257446289,7649000
2010-12-31,20.54201618280608,20.739597558332513,20.497904714800736,20.59531593322754,3826000
2011-01-03,20.809430162486986,20.813107577333806,20.15603522558558,20.295719146728516,19272000
2011-01-04,20.33063855741059,20.557628631591797,20.29847432682198,20.557628631591797,13638000
2011-01-05,20.55763996321872,21.30477250755282,20.556719732681014,21.16324806213379,27856000
2011-01-06,21.296589524461847,21.39406424286726,20.975654706927266,21.253368377685547,15872000
2011-01-07,21.25519970294098,21.470381011647167,21.062086742955813,21.250600814819336,13989000
2011-01-10,21.27452343174042,21.348089899628203,21.068536269276855,21.168771743774414,10565000
2011-01-11,21.26073029848927,21.334296766485583,21.0023277069351,21.095205307006836,8972000
2011-01-12,21.205553562393142,21.410621643066406,21.125550052520754,21.410621643066406,10265000
2011-01-13,21.411536902055662,21.473148345947266,21.269001132196262,21.473148345947266,7222000
2011-01-14,21.489700931442496,21.78580665588379,21.453837657633837,21.78580665588379,10951000
2011-01-18,21.722350973020387,21.976156330213847,21.722350973020387,21.852012634277344,6672000
2011-01-19,21.768336959733386,21.839144435897122,21.634076373211077,21.643272399902344,12053000
2011-01-20,21.49429908462488,21.963285873158775,20.969217065317277,21.619361877441406,29098000
2011-01-21,21.79408385358701,21.79408385358701,21.45567780864864,21.47498893737793,7896000
2011-01-24,21.47590391375526,22.05156136002748,21.46854779582353,21.977994918823242,10130000
2011-01-25,21.97708011824854,22.24743767540471,21.626719062642486,22.211572647094727,13369000
2011-01-26,22.401005549296837,22.401005549296837,21.88695948484198,22.08650779724121,6900000
2011-01-27,22.123294972458442,22.183987344905947,21.883284466047304,21.988115310668945,5775000
2011-01-28,21.992708672476216,22.11777144578418,21.57062115482598,21.598207473754883,6191000
2011-01-31,21.518207075294804,21.75453949631279,21.402340309680163,21.749021530151367,6239000
2011-02-01,21.178885115207645,22.242840705792133,21.178885115207645,21.899837493896484,9623000
2011-02-02,21.928337198508608,22.28697335898164,21.901668203144975,22.013856887817383,10310000
2011-02-03,21.97799462538531,22.802860287657754,21.79867653696678,22.56560707092285,18662000
2011-02-04,22.603314271206436,22.937123171335408,22.437789312726785,22.735734939575195,7830000
2011-02-07,22.73849109892185,23.11551937373603,22.73849109892185,22.98769760131836,6289000
2011-02-08,23.172535685624464,23.172535685624464,22.838728526262617,22.953676223754883,5801000
2011-02-09,22.855274891062503,23.137585635048637,22.759638346748606,22.85159683227539,6012000
2011-02-10,22.75688864283542,23.26541687221253,22.75688864283542,23.185413360595703,7186000
2011-02-11,23.058510774475806,23.434618283435448,23.029082786314817,23.310476303100586,5565000
2011-02-14,23.223108956112014,23.792329379044553,23.223108956112014,23.445648193359375,11144000
2011-02-15,23.46863840071218,23.592782108521707,23.35828785356068,23.55048179626465,6887000
2011-02-16,23.619451312233966,23.801528414661426,23.33714050971863,23.392314910888672,8418000
2011-02-17,23.022643488509093,23.35737147389075,22.861717415711492,23.156902313232422,14951000
2011-02-18,23.173459025058058,23.281969691302805,22.958275845644962,23.05759048461914,8877000
2011-02-22,22.558249811304453,23.038270677909722,22.45065826211416,22.74860382080078,6916000
2011-02-23,22.7486038252654,22.925162922103908,22.446061131596707,22.448820114135742,8440000
2011-02-24,22.529740594954063,22.67227631994031,22.342145585221655,22.454334259033203,9580000
2011-02-25,22.68607738353293,22.92884686168788,22.53066752303009,22.686996459960938,9826000
2011-02-28,22.766996272604892,22.79182536384277,22.10857634043579,22.121450424194336,13373000
2011-03-01,22.300769926843607,22.712742387058896,22.103059768676758,22.103059768676758,12126000
2011-03-02,22.171112967463753,22.709067362294313,22.106742536010117,22.638259887695312,7798000
2011-03-03,22.708148044210372,23.145868727400277,22.687917838529547,23.141271591186523,10239000
2011-03-04,22.980332538803207,23.153213541009187,22.858028780064664,22.96653938293457,6887000
2011-03-07,22.981264373299314,23.255300014576378,22.663090257945925,22.738494873046875,7923000
2011-03-08,22.733890360347555,23.13298868226991,22.52974318737571,22.89757537841797,8048000
2011-03-09,22.86998801224418,23.159654862811518,22.7522813657124,22.80377769470215,8961000
2011-03-10,22.757803730851816,22.757803730851816,22.26398958313129,22.397329330444336,10315000
2011-03-11,22.25571051414368,22.897578340586016,22.25571051414368,22.844242095947266,5006000
2011-03-14,22.73205130358115,22.951831550207448,22.642851796598773,22.882863998413086,7354000
2011-03-15,22.34674197071614,22.67503276248682,22.24190942543219,22.4975528717041,9512000
2011-03-16,22.442388619393153,22.845165090392676,22.426755550449776,22.465377807617188,9587000
2011-03-17,22.672286311350717,22.89758283436705,22.280543979500745,22.415721893310547,6941000
2011-03-18,22.48652014450487,22.645608014065623,22.198691457478574,22.22443962097168,9169000
2011-03-21,22.37617718696736,22.805620884777394,22.37617718696736,22.801942825317383,7056000
2011-03-22,22.76699777115973,22.925166599714803,22.65756805200926,22.691593170166016,8083000
2011-03-23,22.679646992881377,22.8387349597217,22.597803563754088,22.70079803466797,6606000
2011-03-24,22.78079676989292,23.274610963066237,22.576649532280666,23.20196533203125,8619000
2011-03-25,23.17530045160845,23.293007161749653,22.74677569325594,22.77804183959961,11570000
2011-03-28,23.059423700251678,23.38311569801739,22.789987019864476,23.207475662231445,13286000
2011-03-29,23.116436620577357,23.257132456062223,22.936197706267738,23.14678192138672,7479000
2011-03-30,23.591857819163035,24.12797386126978,23.191838708847268,23.32609748840332,19207000
2011-03-31,23.27276786068571,23.517375460028198,23.093449758531847,23.147705078125,8263000
2011-04-01,23.17438118992315,23.46129096473365,23.167944145372203,23.315996170043945,7964000
2011-04-04,23.441053393728442,24.03142495184962,23.436456257561513,24.02406883239746,9017000
2011-04-05,23.91187682488891,24.330286316965125,23.853943445765463,24.17855453491211,14002000
2011-04-06,24.280687505726892,24.43710566245849,24.09850648235459,24.426984786987305,9952000
2011-04-07,24.42882683282912,24.473913609662873,24.184079571249764,24.39846420288086,7454000
2011-04-08,24.565928239886112,24.566849596120818,24.198805512087464,24.204326629638672,8661000
2011-04-11,24.187751680652642,24.608240884425605,24.12150357149895,24.53095054626465,7560000
2011-04-12,23.97337301956221,24.592604948209033,23.97337301956221,24.195117950439453,9672000
2011-04-13,24.38650089122306,24.839193794552635,24.334055554052675,24.820791244506836,12726000
2011-04-14,24.661606829859885,24.835507904222975,24.568676255027167,24.738895416259766,6235000
2011-04-15,24.75177980931503,24.794106020710544,24.308289985245256,24.62020492553711,12410000
2011-04-18,24.51991499183937,24.522675549645058,24.242962424850653,24.387418746948242,6748000
2011-04-19,24.461947308209886,24.73889810625718,24.42790277027617,24.572359085083008,5973000
2011-04-20,24.778470795192778,25.187917947703667,24.70854249766784,24.84471893310547,7363000
2011-04-21,24.84286882050221,25.15110357274453,24.746258085169252,25.144662857055664,7145000
2011-04-25,25.14466836031298,25.21091648831064,24.906361827668345,24.974449157714844,5667000
2011-04-26,24.945928359196042,25.588162689617103,24.945928359196042,25.428064346313477,6497000
2011-04-27,25.400457045699667,25.417938238226576,24.99008863970187,25.336048126220703,5516000
2011-04-28,25.333286341957123,25.380210553459467,25.212751945427698,25.275318145751953,4601000
2011-04-29,25.27531938160862,25.38481330871582,25.160306094325243,25.38481330871582,7510000
2011-05-02,25.484185957247803,25.762977717090216,25.30108358677211,25.329607009887695,8273000
2011-05-03,25.947001876263236,26.388652538889435,25.786901799971602,25.981966018676758,14846000
2011-05-04,25.730777937289574,26.050974600259153,25.60012263418836,25.982887268066406,10899000
2011-05-05,25.812662227890097,25.945156703161807,25.125341324101683,25.25691795349121,10772000
2011-05-06,25.304764962284924,25.551353135134573,25.198951190257535,25.233915328979492,6294000
2011-05-09,25.258771971139556,25.69766401689914,25.12903797727052,25.649818420410156,5102000
2011-05-10,25.76205349090833,25.91387009833186,25.66084124931713,25.864185333251953,5248000
2011-05-11,25.85498871268906,25.94699969842091,25.492465885196104,25.590917587280273,6754000
2011-05-12,25.493385788567316,26.016005139210115,25.459341251946082,25.95619773864746,7240000
2011-05-13,25.971841080060713,26.015086892478262,25.7132910713595,25.762977600097656,5834000
2011-05-16,25.598275153443648,25.96539770103406,25.468541239422137,25.68476676940918,6069000
2011-05-17,25.78505251857865,25.965392521085285,25.44185194549381,25.95159149169922,11190000
2011-05-18,25.764820062566603,26.032569605975578,25.571596806692973,25.88719367980957,7085000
2011-05-19,25.989326386103105,26.20003084198092,25.854990932090818,26.13654327392578,6320000
2011-05-20,26.201870382421287,26.201870382421287,25.516392068698398,25.53939437866211,9856000
2011-05-23,25.25692286776747,25.354453225284036,24.83183378423884,25.02321434020996,9176000
2011-05-24,25.133620473379697,25.137300631356194,24.69656968559087,24.85114860534668,7887000
2011-05-25,24.663456792196047,25.351695759731996,24.658855276584383,25.255084991455078,9383000
2011-05-26,25.210912131113652,26.096975644423292,25.072896537861244,25.95619773864746,14866000
2011-05-27,25.964478771609176,26.344482760346047,25.903751771677243,26.2451114654541,11587000
2011-05-31,26.386808347796467,26.551508163840477,26.26443474182992,26.411651611328125,9573000
2011-06-01,26.370246789417912,26.4769784056977,25.82370376586914,25.82370376586914,8658000
2011-06-02,25.8264613519927,26.297554929769507,25.716969190696688,26.016002655029297,8623000
2011-06-03,25.671888351237694,26.00956794066621,25.349852508418913,25.492467880249023,7016000
2011-06-06,25.464867671239286,25.554118112759095,24.939485898639315,25.019535064697266,9254000
2011-06-07,25.119826429921766,25.500750088383246,25.119826429921766,25.229318618774414,10541000
2011-06-08,25.079336083625094,25.085776799309922,23.770024578106437,24.84286880493164,30792000
2011-06-09,24.706686481676808,25.12625601109921,24.672643709789476,24.99928092956543,8317000
2011-06-10,24.8787610876903,24.991013850323334,24.395705490430874,24.569604873657227,10220000
2011-06-13,24.56868272220013,24.766505754203887,24.501514991820258,24.605487823486328,9258000
2011-06-14,24.750857096548806,25.299241024286044,24.708532645438197,25.221952438354492,8926000
2011-06-15,24.942247250528393,25.365497160424088,24.88612174987793,24.88612174987793,10766000
2011-06-16,24.886119206743235,24.886119206743235,24.39662121441443,24.537397384643555,8746000
2011-06-17,24.682776323394457,25.06369999424595,24.37085958471016,24.483112335205078,12558000
2011-06-20,24.473910058434093,24.9035988604162,24.416863211090785,24.838272094726562,6104000
2011-06-21,24.942244984902807,25.34341214754009,24.853914149652535,25.21367645263672,6106000
2011-06-22,25.125344861539226,25.422539188119995,24.947765350341797,24.947765350341797,5425000
2011-06-23,24.741667303877918,25.13087272644043,24.576047825769262,25.13087272644043,6659000
2011-06-24,25.11890507394889,25.229318618774414,24.87507742928738,25.229318618774414,12495000
2011-06-27,25.126261507871764,25.222872241059573,24.879673360560474,25.082096099853516,8099000
2011-06-28,25.28085292638398,25.670977992102973,25.20540349892448,25.600130081176758,10349000
2011-06-29,25.65716765893449,28.505817744856618,25.32408958511757,28.495695114135742,44579000
2011-06-30,28.227024836243746,28.500297262580556,27.564548832797666,27.72648811340332,37687000
2011-07-01,27.647360246182906,29.042240624351273,27.566389723438217,28.934589385986328,24158000
2011-07-05,28.745962345608397,29.234538930650388,28.707318048426227,29.071680068969727,10387000
2011-07-06,28.988830145888002,29.20700022786248,28.723713560683652,28.803802490234375,10999000
2011-07-07,28.763303192965143,29.667277255819826,28.763303192965143,29.36717987060547,21592000
2011-07-08,28.910589049917537,29.221732146367202,28.825898163691388,29.023815155029297,10455000
2011-07-11,28.830503327176793,28.845230956278233,28.260687354023887,28.30303192138672,10621000
2011-07-12,28.368386640415746,28.49082013983967,27.95966512875094,27.97623634338379,13843000
2011-07-13,28.164032191780183,28.53225105448489,28.141018951810555,28.158510208129883,12417000
2011-07-14,28.03146938799041,28.628902254240103,28.03146938799041,28.13917350769043,9649000
2011-07-15,28.221102663717765,28.47241170797729,28.11616040616107,28.311315536499023,10013000
2011-07-18,28.227546440344998,28.48806113061449,27.97992105912742,28.311315536499023,11773000
2011-07-19,28.477011251259373,28.791837997376163,28.3867983860869,28.66480255126953,10771000
2011-07-20,28.766064163485098,28.792759306783235,28.215577791310068,28.377593994140625,5922000
2011-07-21,28.531322850386555,28.990674531788688,28.40704927551475,28.584714889526367,8257000
2011-07-22,28.602204800682408,29.062476526524506,28.44663413724356,28.917951583862305,6793000
2011-07-25,28.561699209054225,29.33863767806977,28.507387136796304,29.121389389038086,7013000
2011-07-26,29.122310721538152,29.333115244518567,28.755013750250015,28.79091453552246,5409000
2011-07-27,28.663887939010266,28.859043089827466,27.8906311510032,27.9007568359375,10670000
2011-07-28,27.978079761149946,28.73200515250846,27.86577368696257,28.251482009887695,11385000
2011-07-29,27.805011778286712,28.247793957764124,27.579477885296093,27.915477752685547,8973000
2011-08-01,28.374826195737302,28.68873285234038,27.7101938192591,27.995563507080078,7046000
2011-08-02,27.885100342368023,28.482533160010025,27.4773006439209,27.4773006439209,11625000
2011-08-03,28.740284585830636,31.337136592966463,28.67860694521913,31.157630920410156,51905000
2011-08-04,30.730498974855916,30.894356987984555,29.696727752685547,29.696727752685547,24544000
2011-08-05,30.26469270849929,30.46445319017613,28.8442954629116,30.059412002563477,23768000
2011-08-08,28.98515179830763,29.669115624796845,26.84949122825299,26.87618637084961,28694000
2011-08-09,27.608940676300982,29.716062545776367,27.11368818411511,29.716062545776367,26779000
2011-08-10,28.905987257834816,29.567857946182638,27.948622875500618,27.957828521728516,29809000
2011-08-11,28.465968986473065,30.3779376630967,28.15942781058889,30.13767433166504,25496000
2011-08-12,30.28588237915023,30.628322564580174,29.289853643695395,30.20026969909668,12999000
2011-08-15,30.471822604110226,31.160386428801225,30.015231146708906,30.838197708129883,14919000
2011-08-16,30.7295735806473,31.114359970361562,30.235243025904783,30.838197708129883,14729000
2011-08-17,31.033354793272036,31.07201744008406,29.742752801243377,30.02996253967285,14693000
2011-08-18,29.230933609842097,29.457387543463636,27.865767988477604,28.068286895751953,21241000
2011-08-19,27.735061056765026,28.564471835006124,27.61631118554843,27.631040573120117,15611000
2011-08-22,28.347208580557293,28.417170062143665,27.745172175052506,28.168622970581055,10295000
2011-08-23,28.419935224793925,29.686604174649123,28.00845362332645,29.677396774291992,10723000
2011-08-24,29.67003300831892,30.360440549243336,29.36073177843701,29.936071395874023,11707000
2011-08-25,30.018916482314694,30.330981295790373,29.545757299520858,29.720659255981445,8263000
2011-08-26,29.53379664743383,30.102692546359933,28.847070944239245,29.948041915893555,10520000
2011-08-29,30.32915088207657,30.74155615824783,29.624935539194745,30.13583755493164,15119000
2011-08-30,29.948035341865292,30.543626252938953,29.550361376077042,30.353073120117188,11211000
2011-08-31,30.6485719826665,30.90724657043412,30.021682127402997,30.351238250732422,10337000
2011-09-01,30.389902867562505,30.853854766633283,30.23893238584247,30.383459091186523,10556000
2011-09-02,29.701338624891502,30.06679384331601,29.46199883453531,29.51999282836914,8722000
2011-09-06,28.82037504622998,29.763011699882544,28.676770140646347,29.733552932739258,12269000
2011-09-07,30.206722523961883,31.237730563582208,30.133080848358333,31.215639114379883,16441000
2011-09-08,31.045331019904538,31.770721219483818,30.873189116561477,31.106088638305664,16012000
2011-09-09,30.946830979382455,31.078470130776747,29.630453511818423,29.643341064453125,17671000
2011-09-12,29.452790156630734,29.96277028818945,28.969503412826015,29.64518165588379,15418000
2011-09-13,29.67463283701453,30.2757474785175,29.461988269213315,30.272987365722656,10394000
2011-09-14,30.38069698259768,31.175128615339748,30.04562059432088,31.043489456176758,17896000
2011-09-15,31.183410155730083,32.17851883018956,30.42672471300031,32.029388427734375,22126000
2011-09-16,32.20335829725321,32.4031152633024,31.131844865023524,31.93824005126953,52441000
2011-09-19,31.441166258819425,32.40313616901653,31.19998638650295,32.033077239990234,16494000
2011-09-20,32.06253520946495,33.318155216531075,32.06253520946495,32.56698989868164,22902000
2011-09-21,32.63878929811569,32.81553136259279,31.384086036430798,31.38776969909668,14182000
2011-09-22,30.56572152718242,31.116206083372766,29.75472583126728,30.466304779052734,22186000
2011-09-23,30.385300346516658,31.127258207981107,30.21407849119527,31.02507781982422,12941000
2011-09-26,31.2837561297277,31.663018957609804,30.481960596597457,30.782978057861328,15891000
2011-09-27,31.21380076710016,31.481679356242434,30.69737492478683,31.124507904052734,12272000
2011-09-28,31.119891463619535,31.298477116615217,30.29968832200004,30.36136245727539,10268000
2011-09-29,30.965232462223724,31.09502798527529,29.59270151819023,30.22787857055664,10228000
2011-09-30,29.827444935434425,29.846776260803253,28.76513681040479,29.195951461791992,17195000
2011-10-03,28.9511008359771,29.82561807651483,28.546061105599833,28.617862701416016,14377000
2011-10-04,28.349978624946424,28.414416388202305,26.9728452995159,28.321441650390625,27000000
2011-10-05,28.369325832927668,28.898897117045177,27.83975630546359,28.857452392578125,16059000
2011-10-06,28.781933824441893,29.371370172127207,28.478006393859484,29.12730598449707,13364000
2011-10-07,29.244269096554536,29.40267883251533,28.485371980198593,28.685226440429688,12340000
2011-10-10,29.06008055415312,30.007783127112347,29.06008055415312,30.00686264038086,9527000
2011-10-11,29.75910406734276,30.68470233175254,29.65595337730814,30.347618103027344,10954000
2011-10-12,30.798907285198794,31.071518831737016,30.125659283548842,30.20762825012207,14183000
2011-10-13,30.125668891140794,31.235466726408973,30.075014014069158,30.94443130493164,12993000
2011-10-14,31.157159231101097,31.766854747214616,31.066898900544434,31.459243774414062,8943000
2011-10-17,31.391110039650318,31.512681029316255,30.740888112608335,30.864303588867188,9065000
2011-10-18,30.909431080012077,31.45005184047704,30.499589684937533,31.303613662719727,10625000
2011-10-19,31.313743396710148,31.32387577522731,29.80423682271107,29.818971633911133,12912000
2011-10-20,30.067639665536955,30.334728316926693,29.70108576975092,29.994882583618164,12506000
2011-10-21,30.367880208716905,30.725225688404016,30.07960985759012,30.70588493347168,10032000
2011-10-24,30.65063008950254,31.41505557118534,30.65063008950254,31.377294540405273,8156000
2011-10-25,31.14151187566189,31.298082391010865,30.11644841821079,30.16341781616211,8323000
2011-10-26,30.63220856391607,30.667208133439473,29.893574304025396,30.306177139282227,10964000
2011-10-27,30.94625417610028,32.196959388195566,30.50233394674311,32.156436920166016,16934000
2011-10-28,31.91975808343198,32.69523287641169,31.881997054663394,32.656551361083984,9729000
2011-10-31,32.34065558343204,32.787334027902745,31.874632866037558,31.980545043945312,9254000
2011-11-01,31.013503830653026,31.40584545974429,30.70220718736744,30.788782119750977,12690000
2011-11-02,33.25244086420965,33.597813125175655,32.36644774577166,32.940223693847656,30756000
2011-11-03,32.72747240533349,33.89160701347892,32.696158291066396,33.76266860961914,14512000
2011-11-04,33.601494118715515,33.983703366593765,33.07284317296284,33.16402053833008,12421000
2011-11-07,33.33715936099869,33.70371673962176,33.03968062575636,33.70003128051758,10310000
2011-11-08,33.90358131924108,33.98370582390055,33.43663807883169,33.89897537231445,9154000
2011-11-09,33.3113773262108,33.74885088186257,32.91995620727539,32.91995620727539,11119000
2011-11-10,33.359274459695904,33.405323388244575,32.72931373403196,33.16586685180664,6778000
2011-11-11,33.39150199626854,34.11079545341512,33.38966102324235,34.09053421020508,10283000
2011-11-14,33.733185522983625,34.37143394721879,33.7092423359747,33.825286865234375,6941000
2011-11-15,33.84000953911573,34.40365620099134,33.80040755713793,34.199195861816406,8888000
2011-11-16,33.9404105435828,34.061061016986095,33.24782180786133,33.24782180786133,9753000
2011-11-17,33.333481921950444,33.781084328311586,32.84535351319235,33.09954833984375,11423000
2011-11-18,33.30125605763558,33.339937583720655,32.787339836823,33.194419860839844,10586000
2011-11-21,32.69614661724043,32.861925509672766,32.125132384032796,32.400508880615234,14079000
2011-11-22,32.42353761630411,33.003760271664035,32.418931670792894,32.653785705566406,7707000
2011-11-23,32.54235318165269,32.66853012731305,31.91884288696845,31.963050842285156,9350000
2011-11-25,31.80185902168554,32.37932362311643,31.77423038039541,31.884748458862305,3939000
2011-11-28,32.77995643509568,33.15480167114826,32.67680574919778,33.086647033691406,10898000
2011-11-29,33.1603294787603,33.29018832788762,32.69522737324595,32.942054748535156,7204000
2011-11-30,33.8943543585286,34.50958000736612,33.712920181983925,34.495765686035156,12752000
2011-12-01,34.298691315986154,35.17823754668034,34.298691315986154,35.08613967895508,12151000
2011-12-02,35.33848041939851,35.45728993877774,34.848514556884766,34.848514556884766,9320000
2011-12-05,35.27309425016101,35.306249336240334,34.07764558484265,34.338287353515625,10981000
2011-12-06,34.265528235827134,34.53537836839439,34.0923783825118,34.19645309448242,8895000
2011-12-07,34.183566685185596,34.535385874572505,33.74149060312601,34.47736358642578,7934000
2011-12-08,34.38157439320037,34.82365039982957,33.97265347223949,34.01317596435547,8544000
2011-12-09,34.39447919035635,34.93325916571,34.06108022755682,34.76011276245117,8405000
2011-12-12,34.44326748369959,34.565758920400555,33.991983243222364,34.19459915161133,6025000
2011-12-13,34.50406086022419,34.532609995227574,33.72950659610289,33.979095458984375,7006000
2011-12-14,33.712918344216824,33.80778112903988,33.15571849663404,33.25886917114258,10399000
2011-12-15,33.886997445022786,33.88884193152937,33.06086774860661,33.08297348022461,7661000
2011-12-16,33.16769180744832,33.70370993043031,32.99822747572715,33.354652404785156,8399000
2011-12-19,33.40440108538871,33.89252602542051,32.97153345128785,33.03968811035156,10939000
2011-12-20,33.46059366313782,34.46079058647149,33.156664324901755,34.43684387207031,13179000
2011-12-21,34.36591332061906,34.49116976191625,33.771872737654476,34.46169662475586,7936000
2011-12-22,34.5086525751502,34.680874827271644,33.85474555288177,34.191829681396484,9340000
2011-12-23,34.38155853656226,34.82731628417969,34.23880236673685,34.82731628417969,4655000
2011-12-27,34.88627451875944,35.119284090964626,34.45893337532019,34.514190673828125,4448000
2011-12-28,34.71220417592436,34.71220417592436,34.20473854454896,34.42485427856445,5252000
2011-12-29,34.444200412610506,34.85035988906705,34.41381029902342,34.83838653564453,4874000
2011-12-30,34.81259641842477,34.83101669060777,34.33644485473633,34.33644485473633,5216000
2012-01-03,34.84759780180969,34.872461481576714,33.672410373895275,33.926605224609375,14708000
2012-01-04,33.61345526080971,33.77646917260105,32.47142333872126,32.81034851074219,22841000
2012-01-05,32.59844690936628,32.76705832349825,32.298997508678355,32.470375061035156,14757000
2012-01-06,32.557903674904665,32.61687478915748,31.490947578539572,31.595983505249023,20887000
2012-01-09,31.775638380397755,32.04744736599945,31.519494798295554,31.863170623779297,11486000
2012-01-10,32.133143864273194,32.36625160459927,31.809737716831577,32.1405143737793,10252000
2012-01-11,31.325085868188285,31.839214795981597,31.23939537036499,31.462369918823242,14353000
2012-01-12,31.46514412536621,31.773805736019725,31.286396091120434,31.630992889404297,13262000
2012-01-13,31.473424800491102,31.876989051730174,31.07999367823175,31.242158889770508,12545000
2012-01-17,31.42553786643316,31.971918893540785,31.373940759429455,31.877016067504883,11118000
2012-01-18,31.87884724423265,32.66386463087527,31.849365201316655,32.46760940551758,12440000
2012-01-19,32.75413932315358,32.801128496793,32.296211918202964,32.5155029296875,8855000
2012-01-20,32.24553803191159,32.24830065358013,31.096575630237986,31.387733459472656,18952000
2012-01-23,31.322325615099412,31.686271293726357,30.982336726582478,31.24032211303711,10343000
2012-01-24,31.185050070515537,31.750776326955915,31.078168874834137,31.57387351989746,6830000
2012-01-25,31.52595126763867,32.23725634294855,31.419070101313295,32.13498306274414,8994000
2012-01-26,32.157089432169315,32.703466481916806,31.992161598431668,32.04836654663086,9230000
2012-01-27,32.04100953086228,32.404951749404844,31.84383344952627,32.13683319091797,7243000
2012-01-30,31.969138386997955,32.46668470789195,31.90280028346051,32.42982864379883,8240000
2012-01-31,32.7430961695126,33.04531165896804,32.47313237026979,32.76152420043945,10633000
2012-02-01,33.00752713445629,33.28301963112102,32.80113534439684,32.950401306152344,14580000
2012-02-02,33.82939759573816,35.404036138257084,33.82939759573816,35.157108306884766,35026000
2012-02-03,35.20135906231511,36.05363569405365,35.20135906231511,35.963340759277344,22332000
2012-02-06,36.21023934776628,36.21023934776628,35.65741266130336,36.054527282714844,11256000
2012-02-07,36.11719538310807,36.3466196334486,35.80945463391519,36.201961517333984,12568000
2012-02-08,36.21210202221279,36.409278135826376,35.95688269320829,36.38624572753906,10090000
2012-02-09,36.85244863517347,37.02013911532002,36.32725864114835,36.52351379394531,10000000
2012-02-10,36.30238498031724,36.576956617160924,36.155885148070524,36.49955749511719,7484000
2012-02-13,36.8109934308061,36.855220004112354,36.424015307861005,36.54655838012695,5847000
2012-02-14,36.52997946932013,36.53734998056069,36.28581414988315,36.445213317871094,7660000
2012-02-15,36.74465167812196,36.83033867832283,36.17800118034175,36.206565856933594,7305000
2012-02-16,36.3115922993313,36.47467838872347,35.9126359235829,36.22406005859375,7223000
2012-02-17,36.36872103633895,36.57787544795334,36.14482560934298,36.486656188964844,7688000
2012-02-21,36.43598947823343,36.92800702122202,36.30331327569221,36.813758850097656,11588000
2012-02-22,36.669096067460536,37.64207350773895,36.669096067460536,37.48451614379883,10087000
2012-02-23,37.480842332248926,37.57113723767582,37.24496841989807,37.417266845703125,8216000
2012-02-24,37.621819962222304,38.583740297123896,37.42556470699573,38.29350662231445,12869000
2012-02-27,37.991275535793925,38.88961992359148,37.86596635267347,38.82696533203125,8754000
2012-02-28,38.833413781811096,39.250798230115805,38.69889234628662,39.063758850097656,9691000
2012-02-29,39.07849973656405,39.487592801432626,38.47776292159272,38.69797134399414,10991000
2012-03-01,38.92740014355936,39.00018787194983,38.4215625122507,38.73759460449219,8726000
2012-03-02,38.37550428555979,38.649151630746424,38.02353691631857,38.03274917602539,9652000
2012-03-05,38.19305811141301,38.63347851095595,37.9728496690351,38.47868728637695,8318000
2012-03-06,37.865976948794916,37.97285813402488,37.433847835726965,37.623653411865234,9358000
2012-03-07,37.89729766900081,38.23636568394861,37.83648481933276,37.93691635131836,8394000
2012-03-08,38.18755612655823,38.59941565477443,38.103710821122974,38.4455451965332,7095000
2012-03-09,38.529374166966946,38.79657187236025,38.28428447866003,38.65375900268555,7354000
2012-03-12,38.52014219087382,39.03242936910407,38.47038687159843,38.6850700378418,6463000
2012-03-13,38.88225301307481,39.005716944488206,38.40313479032259,38.994659423828125,7528000
2012-03-14,38.92095179533729,39.26278243701823,38.57451326746805,38.82881164550781,6175000
2012-03-15,38.828823399925305,38.97348154581604,38.51371207612758,38.65652847290039,5888000
2012-03-16,38.577286508220766,38.82421795998374,38.52108152857317,38.71364974975586,7608000
2012-03-19,38.6767969268928,39.44430718271277,38.62612070958602,39.166969299316406,8011000
2012-03-20,38.990981739258366,39.05916159232231,38.48053614173434,38.604000091552734,5960000
2012-03-21,38.70259217808049,38.97163513825129,38.50357433869305,38.5081787109375,5995000
2012-03-22,38.46301953253319,38.820515537833,38.238203217968604,38.40681457519531,6306000
2012-03-23,38.349707993540356,39.28398794224834,38.349707993540356,39.06746292114258,6644000
2012-03-26,39.36967265142163,40.31593094314192,39.15959727928329,40.1427116394043,10460000
2012-03-27,40.12703467206078,40.16296985562035,39.68016815185547,39.68016815185547,7299000
2012-03-28,39.96947115772531,40.056079006310625,39.14114850603074,39.39084243774414,6837000
2012-03-29,39.12367390038009,39.46458381844159,38.84357334477136,39.45536804199219,5092000
2012-03-30,39.493117443184055,39.50048795032872,38.69796730902295,38.74772262573242,10180000
2012-04-02,38.86751368162105,40.01923931885779,38.60584476609065,39.80824661254883,8944000
2012-04-03,39.776918826921175,40.59602603394616,39.530908293630326,40.358306884765625,11526000
2012-04-04,40.05125347576472,40.245800052763876,39.28967184279949,39.73316192626953,9824000
2012-04-05,39.69077343489556,40.77137232984236,39.52573249675908,40.5546989440918,8506000
2012-04-09,39.917591170904075,40.83407073133661,39.84475353656642,40.50307083129883,8574000
2012-04-10,40.50304884209832,40.656103107154756,39.110809340043694,39.16059875488281,12612000
2012-04-11,39.60687213737734,39.86964542981309,39.39019874380461,39.65020751953125,5751000
2012-04-12,39.693531467330004,40.03559989409112,39.61885084191441,40.01346969604492,5312000
2012-04-13,39.981202594907295,40.91889067462727,39.73779150025611,40.610939025878906,10572000
2012-04-16,40.64873231573183,40.70405076786674,39.555225657281895,39.89175796508789,7687000
2012-04-17,40.09094343132511,40.49847416735333,40.0595981598137,40.423789978027344,5232000
2012-04-18,40.320502825884134,40.65796023371912,40.196954268220686,40.264259338378906,5208000
2012-04-19,40.30852137644106,40.641367782380435,39.86226999272727,40.27532958984375,6880000
2012-04-20,40.569443063302394,40.87186213529016,40.336175583773034,40.60908889770508,9070000
2012-04-23,40.2006594794284,40.33158364896665,38.793667823810424,39.670501708984375,12354000
2012-04-24,39.66863889794322,40.18773486835605,39.340403585811906,39.674171447753906,6525000
2012-04-25,40.07799952449229,41.03504943847656,39.806929291308286,41.03504943847656,9781000
2012-04-26,40.98251858969484,42.08893033769856,40.98251858969484,41.857505798339844,10407000
2012-04-27,42.23828671637115,42.62829804855726,41.99856165951921,42.18941879272461,11799000
2012-04-30,42.357217281704415,42.44111998269575,41.61407605818493,41.699825286865234,9794000
2012-05-01,42.029911965900716,43.05611377962925,41.828914748774906,42.034523010253906,17580000
2012-05-02,41.18535391858067,42.246590658614835,40.56852905629824,41.62423324584961,21649000
2012-05-03,41.76713004463489,41.93032791922289,40.53993478566674,40.792564392089844,15116000
2012-05-04,40.29191397762033,40.74462278570391,40.000556521543416,40.53993606567383,14684000
2012-05-07,40.07524214199917,40.82852700400404,40.07524214199917,40.210777282714844,10801000
2012-05-08,40.016238226635714,40.2135494147508,39.00571259414056,39.79772186279297,10400000
2012-05-09,39.2611015187968,39.8345907784779,38.81668981267827,38.98542022705078,9996000
2012-05-10,39.25926868522496,39.58658249012065,38.56499172154109,38.99925994873047,11555000
2012-05-11,38.724508697446204,39.42708288334891,38.63230889314064,38.94579315185547,7891000
2012-05-14,38.555772101623056,38.81669881925674,38.21186065673828,38.21186065673828,12164000
2012-05-15,38.2376856508647,38.721743406789,38.11321556581968,38.21463394165039,6769000
2012-05-16,38.621229602923044,38.770594356529315,37.68077717227054,37.7443962097168,12951000
2012-05-17,38.152855269855515,38.152855269855515,36.74217460227715,36.74955368041992,12020000
2012-05-18,37.066717929430126,37.30183192232742,36.37889862060547,36.37889862060547,11113000
2012-05-21,36.511689491325974,37.87534591004291,36.34572697859464,37.85598373413086,12811000
2012-05-22,37.82185545072716,38.56776495669992,37.642063386003294,38.119667053222656,12319000
2012-05-23,37.90852262182778,38.460806875833434,37.48624098268709,38.45619583129883,8750000
2012-05-24,38.73002933239757,39.5331001434415,38.36491273285543,38.708824157714844,10810000
2012-05-25,38.40641792188591,38.90430536511522,37.99796929379865,38.16761779785156,6948000
2012-05-29,38.478332963378485,38.70145691142142,38.09661859922445,38.360313415527344,4658000
2012-05-30,37.8854607372424,38.321571875615604,37.73793900653939,37.948158264160156,6743000
2012-05-31,38.01453333300025,38.07815235094814,36.7891813845346,37.480690002441406,10662000
2012-06-01,36.75231821738042,36.8104047167112,35.949247304107786,36.12258529663086,11237000
2012-06-04,36.115215881768094,37.02063393672818,35.967694071697665,36.90446090698242,9667000
2012-06-05,36.9754500582052,37.78313211246916,36.902608911078815,37.636531829833984,9693000
2012-06-06,38.223847481394294,38.72265625,38.057885060329355,38.72265625,9733000
2012-06-07,39.14032028467411,39.19195271663495,38.169440635245884,38.328948974609375,9438000
2012-06-08,38.02838164622816,38.41193895259072,37.88639242587589,38.40640640258789,7441000
2012-06-11,38.770584683552684,38.83973625272352,38.126100922211684,38.156524658203125,5905000
2012-06-12,38.17129342539065,38.715280577936525,37.88915801383264,38.51704788208008,5788000
2012-06-13,38.27085966452328,38.55576304173667,37.61807523673604,37.77942657470703,6123000
2012-06-14,37.76931293219226,38.722674026979924,37.76009083945703,38.636924743652344,7452000
2012-06-15,38.97806509772578,39.34133529663086,38.71989930370317,39.34133529663086,8093000
2012-06-18,39.179060535391386,39.46119601535325,38.936570900773724,39.242679595947266,6307000
2012-06-19,39.55338657642292,39.62807072150074,39.254657030504156,39.422462463378906,6877000
2012-06-20,39.44643598286919,39.64559018744495,38.827764675614674,39.53679275512695,4999000
2012-06-21,39.53588561696654,39.895469825822644,38.82040322228809,38.83238983154297,5544000
2012-06-22,38.8701838537592,40.114898681640625,38.77982706916191,40.114898681640625,8706000
2012-06-25,39.90927390202145,40.04388751774127,39.51004409790039,39.51004409790039,7000000
2012-06-26,39.62345784270772,40.044817933415096,39.37267121042302,39.8511962890625,6198000
2012-06-27,39.93971272830124,40.17482675063329,39.752545126188956,39.82353973388672,4446000
2012-06-28,39.5810553992306,39.68155226297726,38.42577232275013,38.84436798095703,9629000
2012-06-29,39.412322046926946,39.66771975569146,39.243595095032674,39.65665817260742,9351000
2012-07-02,40.11398129788375,40.56207924471551,39.66127230563436,40.5593147277832,6180000
2012-07-03,40.527025337011864,40.881998288473774,40.27347071654231,40.73170852661133,4863000
2012-07-05,40.636676993553216,41.05740120874491,40.451226512345016,40.969749450683594,5972000
2012-07-06,40.69110774349163,41.08046182893381,40.5444079230594,40.746463775634766,8164000
2012-07-09,40.07293829292977,40.13291202036959,39.05527142398268,39.790611267089844,11064000
2012-07-10,39.83953406521457,40.266716881098745,38.76189288226056,38.773887634277344,8211000
2012-07-11,38.653943111857,38.779419901286964,38.090210892199806,38.74066925048828,6284000
2012-07-12,38.38636969554517,39.35790921294116,38.24059195744018,39.1429328918457,7646000
2012-07-13,39.23242414808745,39.69651319965339,39.11617223222868,39.636539459228516,6082000
2012-07-16,40.574883948685304,41.334213810617776,40.203060658424654,40.30916213989258,17479000
2012-07-17,40.441090080011854,40.59609266716224,39.67991263858527,40.197513580322266,6192000
2012-07-18,39.98345131826944,40.54533910310033,39.85797456710119,40.30268478393555,5775000
2012-07-19,40.433699137408304,40.502894189221166,39.48337936401367,39.48337936401367,8195000
2012-07-20,39.20291889918551,39.38467742318338,38.88276316592688,39.04145431518555,8963000
2012-07-23,38.40667304267585,38.6216493967616,37.94627590976888,38.37991714477539,9147000
2012-07-24,38.49985939397308,38.54599061442632,37.33918071178731,37.81802749633789,9457000
2012-07-25,38.10495106583308,38.28947938122584,37.504312789465665,38.04313659667969,6069000
2012-07-26,38.641954340404084,39.437268456195056,38.53123868092824,39.09865951538086,7061000
2012-07-27,39.102333740055634,40.296226501464844,39.04789630722351,40.296226501464844,9644000
2012-07-30,40.24547058812659,41.21885400839486,40.24547058812659,40.702178955078125,9897000
2012-07-31,40.87473907815307,40.89688432220904,39.96502075856014,40.279640197753906,11530000
2012-08-01,39.12817782776682,39.94932555723451,38.75081830254549,39.41511917114258,21723000
2012-08-02,39.28318212592952,39.5885766754976,38.575519918780095,39.067283630371094,11444000
2012-08-03,39.52860901274369,39.58120220691301,39.02761686720145,39.131874084472656,10280000
2012-08-06,39.13832981282839,39.44833856705034,38.65856081244225,38.73698425292969,7637000
2012-08-07,38.86984298411902,39.01377297230636,38.121582320974305,38.418670654296875,12179000
2012-08-08,38.378991392432766,39.3966621854596,38.30517862765607,39.1613883972168,10101000
2012-08-09,39.12450002555651,39.47602591251773,38.80988053797328,39.29888153076172,7074000
2012-08-10,39.060835803806384,39.47602397748721,39.05991367180533,39.30718231201172,4565000
2012-08-13,39.1724535008439,39.374509394422134,38.946408111356845,39.2702522277832,4039000
2012-08-14,39.40125570344102,39.96406190162215,39.3357456771961,39.49628448486328,5696000
2012-08-15,39.49632386845675,39.77496261176828,39.32286801272435,39.40498352050781,4050000
2012-08-16,39.41878844913373,39.75647502838416,39.30715073370047,39.536888122558594,4134000
2012-08-17,39.48431446079741,39.62363378075494,39.22689892868711,39.37913513183594,5416000
2012-08-20,39.40589081486391,39.54428800235053,39.0912714418255,39.41511917114258,4384000
2012-08-21,39.39941752518263,39.65591082751503,38.976849068288274,39.05619812011719,4232000
2012-08-22,38.8523245370851,39.27858184939008,38.642884409239905,38.861549377441406,6931000
2012-08-23,38.83661369481894,39.00914731527189,38.44357097849652,38.59672927856445,5744000
2012-08-24,38.62163445458639,39.07095879397764,38.5358269646569,38.97684860229492,5130000
2012-08-27,38.980545049506674,39.32284235777363,38.79878308466343,39.066349029541016,4699000
2012-08-28,38.99253611534248,39.29516062490318,38.99253611534248,39.17521667480469,3983000
2012-08-29,39.21028710464313,39.34775861909534,38.9113510571253,39.28778839111328,4011000
2012-08-30,38.98423321449751,39.11524979135524,38.775718880599335,38.83845901489258,3801000
2012-08-31,38.96303106761847,39.085741477186936,38.65948426500176,39.01839065551758,4649000
2012-09-04,38.52384341023482,39.304392559302464,38.52384341023482,39.15492630004883,5091000
2012-09-05,39.1143435475554,39.25089296856299,38.784037336695796,38.944576263427734,5526000
2012-09-06,39.212134035733825,39.91333770751953,38.98701073311006,39.91333770751953,9617000
2012-09-07,39.94010758795702,40.29993611378815,39.772184558926845,40.24549865722656,6135000
2012-09-10,40.28423456995496,40.706803104104324,40.25747867719453,40.364505767822266,7534000
2012-09-11,40.411572488580376,41.140457872598034,40.36544125962966,40.860897064208984,7158000
2012-09-12,41.14876460033276,41.364663137210734,40.94209442189916,41.18751525878906,6168000
2012-09-13,41.1865731372918,42.12674249389824,41.142286189180695,42.004032135009766,8119000
2012-09-14,41.98559704632659,42.133219097140376,41.70326983015037,41.90440368652344,6875000
2012-09-17,41.91731276606657,42.099996911707095,41.74939328646906,41.84165573120117,5157000
2012-09-18,41.79551873214962,41.97912498411855,41.58700436882323,41.79367446899414,4771000
2012-09-19,41.782626583386744,42.01697836754112,41.675599424051306,41.69313049316406,5011000
2012-09-20,41.29084810799627,42.37863992071632,41.26501433709354,41.90440368652344,11339000
2012-09-21,42.377715584695935,42.60653098341176,42.15074796922514,42.397090911865234,12850000
2012-09-24,42.21070530384442,42.21070530384442,41.80289790660479,42.00680160522461,7608000
2012-09-25,42.219943687766644,42.23193844089778,41.63776173209559,41.65898132324219,5510000
2012-09-26,41.64051674251347,41.70417901813427,41.12845214277495,41.134910583496094,4991000
2012-09-27,41.29728674715319,41.71893310546875,41.24008644151592,41.71893310546875,4342000
2012-09-28,41.62298504908373,41.752153861537856,41.393247581396245,41.655277252197266,5548000
2012-10-01,41.812132992337084,42.45336647927015,41.74939284118681,42.1544303894043,6957000
2012-10-02,42.160889870126105,42.33065713509477,41.888713190649455,42.224552154541016,3347000
2012-10-03,42.34909860579998,43.795792646314446,42.22638472952833,43.71091079711914,11976000
2012-10-04,43.61773133396165,43.825323564062224,43.4940953118028,43.81425094604492,6340000
2012-10-05,44.130006315508815,44.59161726759952,43.65639302787181,43.877967834472656,9005000
2012-10-08,43.78287008529069,43.89735009468848,43.374804813374666,43.56960678100586,5542000
2012-10-09,43.60005640275014,43.66837247754752,42.58543344157368,42.91871643066406,8103000
2012-10-10,42.92887551263048,42.94549141412916,42.51250243368098,42.66114044189453,5058000
2012-10-11,43.13107849496611,43.92874425760881,42.931662934758435,43.62869644165039,12626000
2012-10-12,43.640698769474454,43.94905453986052,43.34249638304863,43.701629638671875,8243000
2012-10-15,43.60745686834189,44.03306073938047,43.55298501052585,43.92873764038086,8995000
2012-10-16,44.24817872750702,44.454056808427545,43.95367072793641,44.22325134277344,4557000
2012-10-17,44.8676645766294,44.87597605389278,44.23710519733126,44.59162139892578,7248000
2012-10-18,44.54267752493,44.836259227315445,43.794866702849916,43.929656982421875,8788000
2012-10-19,43.81887421985833,44.02013517687869,43.197545684320104,43.3969612121582,10070000
2012-10-22,43.666542817980904,43.666542817980904,42.652845726825,43.107994079589844,7754000
2012-10-23,42.70361640181085,42.906722760442925,42.28354888031478,42.45526885986328,7294000
2012-10-24,42.90673605484468,42.93166344039072,41.821951035276065,41.96412658691406,7083000
2012-10-25,42.14507810123556,42.33710841161971,41.303097422561166,41.485897064208984,8938000
2012-10-26,41.48589305635848,42.25585965289538,41.37972100618285,41.820098876953125,6852000
2012-10-31,41.77764019693018,42.92982224700267,41.653929493556575,42.55406951904297,11930000
2012-11-01,42.78302012268253,43.85211181688128,42.659309446670896,43.27048110961914,9364000
2012-11-02,43.533590181008,44.03674777827538,43.26954945460881,43.34063720703125,9514000
2012-11-05,43.13845248949484,43.48004348273365,42.90025833902302,42.989810943603516,6169000
2012-11-06,43.25848357284242,43.65824092987897,43.13200473888869,43.555763244628906,4120000
2012-11-07,43.39142511569688,43.50128803223619,42.60761069976522,42.90211868286133,7637000
2012-11-08,42.86705038291902,43.22618374498646,42.6343994140625,42.6343994140625,6203000
2012-11-09,42.33155801300338,43.271395519355686,42.32786363334586,42.898414611816406,6420000
2012-11-12,42.99259120806558,43.480974894221326,42.751628866121344,43.391422271728516,7025000
2012-11-13,43.12368152994497,44.03028725631345,42.90580116872461,43.504051208496094,4959000
2012-11-14,43.637917364751154,43.75978259776128,42.68330930768121,42.77378463745117,6080000
2012-11-15,42.73869214697292,42.73869214697292,41.87455606380536,42.20599365234375,7071000
2012-11-16,42.326041210865476,43.433908440317076,42.09985278143406,42.89197540283203,9029000
2012-11-19,43.33603218653589,44.19278335571289,43.24278869594877,44.19278335571289,6813000
2012-11-20,44.226933408671265,44.5528312530458,43.59637424154681,44.09029769897461,6804000
2012-11-21,44.16876930379528,44.37926443164956,44.088450879765354,44.26201629638672,2927000
2012-11-23,44.39311211344812,44.49928415259993,44.129994084554006,44.42911911010742,2391000
2012-11-26,44.331249351462375,44.571285380644326,44.15675773502021,44.31739807128906,4976000
2012-11-27,44.32294342961712,44.65438104475955,44.1207597929397,44.175228118896484,4877000
2012-11-28,43.92043060996631,44.460514495596186,43.83180070095995,44.45405197143555,6584000
2012-11-29,44.702405972724506,45.30711875622669,44.6137795658241,44.88797378540039,9080000
2012-11-30,44.84826976478403,45.22494514923524,44.66916450227502,45.116004943847656,9826000
2012-12-03,45.33018039081559,45.65423278722248,44.82887172449516,44.92858123779297,8497000
2012-12-04,45.01906019765446,45.053218245392586,44.36818720883305,44.6303825378418,6430000
2012-12-05,44.59162352911675,44.68394784558624,43.797652016542024,44.13001251220703,6645000
2012-12-06,43.92227229314221,44.3958854675293,43.74778415568676,44.3958854675293,5977000
2012-12-07,44.46697391079167,44.576836813841346,43.94627763404886,43.95366287231445,6389000
2012-12-10,44.347890287276186,44.35712447927112,43.89735891994432,44.27772521972656,5770000
2012-12-11,44.31464502448672,44.77625591015846,44.2361720191573,44.45497512817383,8577000
2012-12-12,44.49928780798105,44.99597943327419,44.333107615890675,44.632232666015625,9512000
2012-12-13,44.86025705622073,45.01628031166498,44.54728430913112,44.7236213684082,5680000
2012-12-14,44.42728296833432,44.75779444347864,44.33957576643128,44.5269889831543,5346000
2012-12-17,44.63037845182322,45.228628481522115,44.4143470450312,45.175079345703125,7181000
2012-12-18,45.23785986559554,45.69762525157235,45.035672694524905,45.503746032714844,6621000
2012-12-19,45.681012383849804,45.68932033725572,45.13815683236978,45.181549072265625,5629000
2012-12-20,45.443744666586674,46.0336833196621,45.18893455717641,46.02537536621094,9358000
2012-12-21,45.514836193886836,45.87396943476744,45.07815265622283,45.56745910644531,8320000
2012-12-24,45.50189372844083,45.81486646170368,45.46681297409972,45.70130920410156,2695000
2012-12-26,45.65607528874118,45.786251980734335,44.77624595335697,44.88703155517578,5749000
2012-12-27,44.869497521529155,45.50190210492264,44.418040072871115,45.04121398925781,6233000
2012-12-28,44.77624353543512,45.11322093844279,44.57775076858087,44.59898376464844,4686000
2012-12-31,44.62577566414787,45.41512991334674,44.58238342068359,45.356040954589844,6562000
2013-01-02,46.74271543470933,47.10923385620117,46.25340554120575,47.10923385620117,12278000
2013-01-03,47.12676544123118,47.58837618562869,46.91349868526701,47.17661666870117,9452000
2013-01-04,47.19049377604497,47.287431662803925,46.80735580327451,47.17479705810547,11475000
2013-01-07,47.34290430538079,48.15581760014006,47.26530846881177,47.9923095703125,11398000
2013-01-08,48.038507195712654,48.13273224165188,47.56831227052034,47.83435821533203,6983000
2013-01-09,48.51608294454542,49.180267333984375,48.2823686642691,49.180267333984375,11461000
2013-01-10,49.1876689530792,49.1876689530792,48.432029180196885,48.74241256713867,12564000
2013-01-11,48.72948162107107,48.94010043691384,48.54565134507399,48.837562561035156,6424000
2013-01-14,48.91792748423216,48.95764866222348,48.14935510979833,48.3599739074707,9911000
2013-01-15,48.24265344077512,48.34981111496682,47.961828376758405,48.29438400268555,5858000
2013-01-16,47.70595019439369,48.27129336471977,47.57662026212246,48.15489959716797,6190000
2013-01-17,48.46713643375186,48.6518899824401,48.155829752369094,48.34519958496094,5250000
2013-01-18,47.99508573514368,48.17429618476388,47.42789255558731,48.12810516357422,10769000
2013-01-22,48.478209185990146,48.478209185990146,47.539666069154585,48.01355743408203,7462000
2013-01-23,47.99971071177898,48.262983370394785,47.58494289359428,47.810340881347656,4991000
2013-01-24,47.84451846910271,48.56228364620354,47.826042762262084,48.244510650634766,5869000
2013-01-25,48.29438473563789,48.29438473563789,47.78077213522929,47.982154846191406,7157000
2013-01-28,48.122563551160695,48.122563551160695,47.431587062846226,47.4925537109375,8002000
2013-01-29,47.49255519902128,48.10501261209377,47.48608887899626,47.89531707763672,8833000
2013-01-30,47.725356736440155,48.18354230235843,47.47224341934412,47.66623306274414,11601000
2013-01-31,49.14424766815854,49.45370777605011,47.38909458134282,47.8879280090332,20412000
2013-02-01,48.110561905856315,48.27037341399311,47.45284016743357,47.916568756103516,9949000
2013-02-04,47.69301273102039,47.850974175062376,47.305030021198704,47.501792907714844,6152000
2013-02-05,48.06990640166218,48.222328308311326,47.74012408941915,48.09946823120117,7983000
2013-02-06,48.04958661569232,48.39322836545794,47.86021681739196,48.36366653442383,6016000
2013-02-07,48.21124127565458,48.340571194061994,47.68931589091736,47.99415969848633,6517000
2013-02-08,47.8934663289487,48.448646545410156,47.879610433531894,48.448646545410156,5214000
2013-02-11,48.55488288921124,48.6047669338078,47.96459775849847,48.1142463684082,5616000
2013-02-12,48.11518442201141,48.23250499332412,47.89810277858556,48.00248718261719,3379000
2013-02-13,48.15119600244776,48.21123939073657,47.68284770693154,47.96274948120117,4096000
2013-02-14,47.68009485337466,48.33688990315577,47.68009485337466,48.23527526855469,6656000
2013-02-15,47.694872210534676,48.49207979543548,47.694872210534676,48.32487869262695,7032000
2013-02-19,48.497612914084826,48.6352521514659,48.12441285586317,48.2999267578125,4234000
2013-02-20,48.22048886642984,48.42464136179997,47.38078689575195,47.38078689575195,5377000
2013-02-21,47.48148132914552,48.12164712936576,47.16370480899985,47.99786376953125,6814000
2013-02-22,48.30453714987022,48.44494965361435,47.78538159814346,48.389522552490234,6591000
2013-02-25,48.52901420474765,48.589980847513914,47.195098876953125,47.195098876953125,8672000
2013-02-26,47.43898726099371,47.6449862848715,46.86810095179188,47.08426284790039,7955000
2013-02-27,47.20065521717635,47.681936270951084,46.924449924367764,47.591407775878906,6994000
2013-02-28,47.5914077846041,48.16229407681341,47.42512995006696,47.83435821533203,6148000
2013-03-01,47.57384121674634,47.990458936195296,47.41587626364985,47.878684997558594,4142000
2013-03-04,47.66438562934417,48.25836745806092,47.64406340860122,48.16598892211914,3486000
2013-03-05,48.26944752777254,49.03155367082635,48.20663435528858,48.69160842895508,5895000
2013-03-06,48.54565386331602,49.07312594892593,48.34519790854487,48.7359504699707,5179000
2013-03-07,48.748888443154286,48.95950729295487,48.56228836696947,48.651893615722656,6685000
2013-03-08,48.964116030337856,48.98905805516392,48.44773013375882,48.88836669921875,5068000
2013-03-11,48.920703941657564,49.18767314463809,48.81262299624289,49.041717529296875,4091000
2013-03-12,48.94749558688196,49.0509567312401,48.24173976025529,48.32765197753906,4798000
2013-03-13,48.25096953330382,48.80892310790397,48.13919205273214,48.726707458496094,4715000
2013-03-14,48.82554649647212,49.07496320291016,48.655575665882075,48.69898986816406,5567000
2013-03-15,48.58905432260159,48.85140362506899,47.87128940940766,47.97752380371094,11598000
2013-03-18,47.60248367499069,48.004322305755586,47.54890660044077,47.574771881103516,5626000
2013-03-19,47.68655010113648,47.836198723882056,46.941996490034526,47.259769439697266,6309000
2013-03-20,47.666221770909004,47.91563847785842,47.513803386562195,47.90824890136719,4552000
2013-03-21,47.70687368932474,47.82511397076403,47.40941942465965,47.482398986816406,5505000
2013-03-22,47.64959881005917,47.92303077515905,47.622810272302516,47.80479049682617,5052000
2013-03-25,48.05882788084679,48.40154286189405,47.92210837198173,48.03480911254883,5420000
2013-03-26,48.31285514608985,49.62367856534149,48.24080237364208,49.46479034423828,9106000
2013-03-27,49.16365110402565,49.95069923777141,48.994599985720114,49.7012825012207,6483000
2013-03-28,49.73546149917725,50.06432060311363,49.59689546845613,49.987648010253906,6689000
2013-04-01,50.10866525391639,50.520663301618036,49.51376017325131,49.627384185791016,5501000
2013-04-02,49.94792990092038,50.25184699706478,49.792738192250894,49.937767028808594,3696000
2013-04-03,49.961775123843935,50.156691498669396,48.995520178173074,49.25971603393555,5330000
2013-04-04,49.21353055108381,49.480496187448296,48.97242667114798,49.34932327270508,4432000
2013-04-05,48.740783586389654,49.23648054360854,48.73616211450896,49.16249465942383,5783000
2013-04-08,49.078362253664345,49.53799079022064,48.994205561928084,49.4186897277832,3631000
2013-04-09,49.38446735713405,49.416835311677836,48.38105371059163,48.79629135131836,9011000
2013-04-10,48.98402856035594,49.75254086510055,48.869352506252376,49.42423629760742,4839000
2013-04-11,49.42330147786841,50.15389284607971,49.25221172792928,50.05401611328125,5679000
2013-04-12,49.444590475734806,49.608278878326225,48.97848828735187,49.291072845458984,6794000
2013-04-15,49.03581231389161,49.37059043872063,48.24788284301758,48.24788284301758,5281000
2013-04-16,48.37734433040115,49.16065216064453,48.28024049126043,49.16065216064453,5494000
2013-04-17,48.76021524213246,49.09406903422193,48.5225410042596,48.62242126464844,6310000
2013-04-18,48.62149617017874,48.689004952015324,48.182212829589844,48.182212829589844,6434000
2013-04-19,48.351467048882576,48.43284732689761,47.95657443574359,48.2710075378418,5106000
2013-04-22,48.279332008339516,48.43099749483127,47.97784609709999,48.28487777709961,4398000
2013-04-23,48.63907044127184,49.1245896981508,48.42174126197469,49.107017517089844,3569000
2013-04-24,49.19672997898061,49.453825027378244,49.12829689060012,49.20135498046875,2663000
2013-04-25,49.39648056444555,49.8468625156383,48.5660089142632,49.48988723754883,3787000
2013-04-26,49.40481220319246,49.76918540974007,49.33545129295446,49.50746536254883,4543000
2013-04-29,49.70629126450282,49.93841620957778,49.50930715315977,49.84778594970703,3809000
2013-04-30,49.919937726340436,51.135128021240234,49.89959265444267,51.135128021240234,7987000
2013-05-01,49.825602726938385,50.38788444690973,49.57128405686476,49.922706604003906,10110000
2013-05-02,49.5694315036025,50.61723612753419,49.54076425208212,50.45077133178711,9470000
2013-05-03,51.02506622145136,51.572548569079764,50.92241306078088,51.19245529174805,7941000
2013-05-06,51.19707761189727,51.490237779324374,50.58948086012164,50.65421676635742,6063000
2013-05-07,50.686586741965236,51.04263776831145,50.44243887789337,50.980674743652344,4333000
2013-05-08,50.97235758160683,51.322855818455515,50.70508821185427,51.20818328857422,4391000
2013-05-09,51.13695826807415,51.43474693600255,50.853968897180025,51.03800582885742,4387000
2013-05-10,51.214662352983694,51.56146344764849,49.365056514771446,51.338584899902344,4670000
2013-05-13,51.14158769611566,51.64190628660246,51.14158769611566,51.404232025146484,3441000
2013-05-14,51.59103854252657,52.82934990540598,51.45786603329656,52.68415451049805,6568000
2013-05-15,52.7451989717775,53.1715316732078,52.636072222031174,53.11697006225586,6555000
2013-05-16,52.979173692481716,53.052235310706024,52.72670364379883,52.72670364379883,4409000
2013-05-17,53.116982937936285,54.10097251360549,52.92184734255626,54.08062744140625,6242000
2013-05-20,53.928929369922706,54.428323540184664,53.8253519469661,53.947425842285156,4466000
2013-05-21,54.0574792171433,54.470868160439295,53.86049865716348,54.087074279785156,3918000
2013-05-22,54.28592240859654,54.405219931920236,53.28158444380178,53.33430099487305,5612000
2013-05-23,52.692486259704545,53.36019394380513,52.56393873665122,52.688785552978516,6476000
2013-05-24,52.41319505563569,52.97917388604551,52.09598909587518,52.848777770996094,3910000
2013-05-28,53.638547801884606,54.12591913996139,53.242731012962864,53.24458312988281,4709000
2013-05-29,52.928303412617765,53.288051584216376,52.75536506441199,52.99211502075195,3508000
2013-05-30,53.04206463573152,53.88271075519795,52.89964562418311,53.28343963623047,3784000
2013-05-31,53.194638416774815,53.69403259649665,52.67767205879958,52.73686218261719,6107000
2013-06-03,52.83766426854839,53.26029968261719,52.58981929041826,53.26029968261719,5822000
2013-06-04,53.22054547663604,53.35186587804909,52.15794526743722,52.549137115478516,6460000
2013-06-05,52.2513623821239,52.548223314447455,51.72237643643074,51.74919509887695,5421000
2013-06-06,51.58086391964035,52.26614012933963,51.52074949574268,52.24671936035156,4399000
2013-06-07,52.50566897507413,52.65548583899628,52.12834863973628,52.366947174072266,7163000
2013-06-10,52.491803512657036,52.62960104411262,52.0349514254587,52.323490142822266,4113000
2013-06-11,51.98963443297649,52.273548138581155,51.78895311456249,51.82964324951172,4334000
2013-06-12,52.230080308193955,52.2615239651555,51.60213851928711,51.60213851928711,5816000
2013-06-13,51.56331386382041,53.22610988171901,51.517074421795954,53.057796478271484,8606000
2013-06-14,53.08459827952478,53.155807773746766,52.63976560449691,52.82102966308594,6231000
2013-06-17,53.09015474332354,53.72919168830446,53.09015474332354,53.47117233276367,7248000
2013-06-18,53.78189411094698,54.089853546294435,53.659820195886056,54.046390533447266,5495000
2013-06-19,54.15089471476031,54.738142840449335,54.1268489429297,54.22765350341797,7661000
2013-06-20,53.601573260799945,54.16570357345296,52.91629682077053,52.965309143066406,9215000
2013-06-21,53.563650592043395,53.629314326493045,52.61018057056879,53.01801681518555,12178000
2013-06-24,52.10060525936471,52.67490617284694,51.55589588388084,52.02939224243164,9427000
2013-06-25,52.461262839741835,52.494555074476985,51.938747265820794,52.21249008178711,8312000
2013-06-26,52.52879530637297,52.9680787277558,52.13945555139058,52.7137565612793,5343000
2013-06-27,52.85525687021481,53.400890689701185,52.713762147866774,52.776649475097656,5942000
2013-06-28,52.63698885987328,53.12990951538086,52.387291737164986,53.12990951538086,10396000
2013-07-01,53.51001635156927,54.563366713542855,53.411988183400524,53.9354248046875,8534000
2013-07-02,53.81426496962455,54.46625253167673,53.6117350800619,53.92154312133789,5605000
2013-07-03,53.61820608966025,54.346024583535794,53.61820608966025,54.210079193115234,2434000
2013-07-05,54.619260532233085,55.08491134643555,54.248959048245446,55.08491134643555,5465000
2013-07-08,55.28395407481132,55.7986710066949,54.54242931215887,54.55353927612305,7052000
2013-07-09,54.96364577055005,55.22007545574161,54.792380701723054,54.95161056518555,5922000
2013-07-10,54.952541878009235,55.09510681176584,54.376723629092986,54.703514099121094,5330000
2013-07-11,55.25063307985129,55.69499283554273,54.81923377289097,55.63945007324219,4652000
2013-07-12,55.614457339033635,55.71351119340831,55.20805366634327,55.439491271972656,4498000
2013-07-15,55.47468056553627,55.54503781119212,54.989588845663555,55.16270446777344,4306000
2013-07-16,55.19508955041283,55.35154017485579,54.56187452361962,54.599830627441406,4682000
2013-07-17,53.97124983551957,54.98402245340823,53.96662009452088,54.92940139770508,9218000
2013-07-18,55.177495269503325,55.61352427874675,55.03770607130221,55.2598876953125,3487000
2013-07-19,55.43206431778403,55.63295475005194,54.86550569475544,54.92753219604492,8235000
2013-07-22,55.02105075214187,55.901439631988865,54.90255621957501,55.78572082519531,5362000
2013-07-23,55.8995950965637,55.99402275477035,55.31359553338495,55.35988235473633,4649000
2013-07-24,55.39042024947407,55.54502038670712,54.58686892629471,54.71091842651367,7752000
2013-07-25,55.008090359486545,55.71721766614944,55.00253890793416,55.450599670410156,7277000
2013-07-26,55.231206694557955,55.520041140194806,54.88960519850227,55.37377166748047,3848000
2013-07-29,55.44041487470026,55.636672093861776,55.03863742335206,55.26914978027344,3266000
2013-07-30,55.5126194376064,55.90606262693652,55.45892716080631,55.676475524902344,6028000
2013-07-31,57.812182642560465,57.97326299962643,52.4918940560858,56.52724075317383,40090000
2013-08-01,57.27987226534667,60.14136242874959,57.27987226534667,59.838645935058594,30337000
2013-08-02,59.64423687115436,59.89789435423704,59.28504533137454,59.76365661621094,6684000
2013-08-05,59.36095470857683,59.79049991144868,59.28781824055411,59.474822998046875,5878000
2013-08-06,59.452622037573164,60.8199530632094,59.24340081931161,60.54408264160156,8199000
2013-08-07,60.45150762139578,60.45150762139578,59.71460539889709,59.833106994628906,5860000
2013-08-08,60.08674844462739,60.17377061303315,59.385959014273695,59.788658142089844,4532000
2013-08-09,59.93029905569719,59.93029905569719,59.03324887288311,59.05916976928711,3933000
2013-08-12,59.21193110759207,59.21193110759207,58.248224421037136,58.388938903808594,5240000
2013-08-13,58.9527034576063,58.9527034576063,58.3417084129977,58.63054275512695,3245000
2013-08-14,58.84161263536912,58.98232706944788,58.14359544677539,58.32041549682617,3943000
2013-08-15,57.75386184083455,57.83995523761722,56.991967592142004,57.279876708984375,5329000
2013-08-16,57.23915775787759,57.78812644544037,57.03734199241556,57.2308235168457,4834000
2013-08-19,57.31783407064749,57.95289957689775,57.16508441454066,57.38633728027344,3907000
2013-08-20,57.50296964211925,57.866787344762656,57.302079212574355,57.61961364746094,2985000
2013-08-21,57.36041298049538,58.09916203064139,57.21229307375812,57.3326416015625,9306000
2013-08-22,57.674239867522395,57.674239867522395,57.10583068312018,57.496498107910156,3926000
2013-08-23,57.58445495492553,58.00567310867309,57.212302875058455,57.962162017822266,4587000
2013-08-26,57.92884263025876,57.92884263025876,56.89107420705747,56.95032501220703,5829000
2013-08-27,56.3023068114154,56.71056109029121,56.08845933200426,56.278236389160156,5471000
2013-08-28,56.09121173322481,56.76885952304417,56.04677540733174,56.52724075317383,6406000
2013-08-29,56.51705583600748,57.24839942996861,56.5124260956399,56.70868682861328,5060000
2013-08-30,56.836444016760396,56.93179689752919,55.87736728952546,56.107879638671875,6123000
2013-09-03,56.65593094050034,57.84274092671146,56.51614171184965,57.71591567993164,11390000
2013-09-04,57.71591437862511,58.10657836613496,57.16509171703415,57.71128463745117,4018000
2013-09-05,57.674245854628644,58.473167442741186,57.625183318167316,58.229698181152344,3822000
2013-09-06,58.50740209517853,59.22393100184403,58.05563704501026,58.935096740722656,5874000
2013-09-09,59.063789256262964,59.330403655866824,58.83420571343813,59.2850456237793,6169000
2013-09-10,59.61647407587392,60.36818009053433,59.58406942309498,60.31263732910156,7172000
2013-09-11,60.40519203431246,61.398520050771104,59.69051004249351,60.956939697265625,7539000
2013-09-12,61.26153449969191,62.23820143754096,60.59035982081399,61.79568862915039,10857000
2013-09-13,61.729030117192224,62.006758031596114,61.53369816050756,61.69292449951172,6090000
2013-09-16,62.3770602427209,62.48815283485453,61.90029934538448,62.11785125732422,7003000
2013-09-17,62.3316802018981,63.02969373234176,62.16689538708063,62.874168395996094,4810000
2013-09-18,62.85843280666899,63.73974305409353,62.62143677082727,63.65827941894531,4670000
2013-09-19,64.03877355584416,64.34056479039182,63.424074060766976,63.54071807861328,5099000
2013-09-20,63.84621999177366,63.84621999177366,63.18060392505014,63.48239517211914,6726000
2013-09-23,63.44721222938812,63.87583215588748,62.9611920105205,63.22780990600586,5171000
2013-09-24,63.18248071807164,64.03046863713199,62.797368115627194,63.44817352294922,6000000
2013-09-25,63.29170712617053,63.51018430221126,62.18636785829487,62.20487976074219,8780000
2013-09-26,62.509422661892586,62.929708322660474,62.255765228678825,62.72697448730469,3815000
2013-09-27,62.71311999681752,63.19266378453106,62.500201311999376,63.1223030090332,3133000
2013-09-30,62.734388438565475,62.748274126855314,62.041926255802274,62.282623291015625,4362000
2013-10-01,62.43444965874569,62.9121357146049,62.25485388407374,62.74642562866211,4121000
2013-10-02,62.52796854542706,62.61961694556702,62.1493397357243,62.609432220458984,4632000
2013-10-03,62.319663014036045,62.57146298537548,61.47445107691733,61.93825149536133,5547000
2013-10-04,61.84567109192548,62.46222109860614,61.78827785350947,62.33354187011719,4077000
2013-10-07,61.874903501459414,62.17325972811144,61.63306565016772,61.716461181640625,5289000
2013-10-08,61.73776734927075,61.8350609570823,60.36087511107567,60.586036682128906,7294000
2013-10-09,60.75838153592872,61.56820967280934,59.99025470215012,60.897369384765625,6541000
2013-10-10,61.92677649018256,62.87651824951172,61.79150002138471,62.87651824951172,4913000
2013-10-11,62.90063440548966,63.52051276552382,62.61246487672904,63.39449691772461,5458000
2013-10-14,62.95345940640504,63.93840639924267,62.479051295083345,63.85038757324219,3598000
2013-10-15,63.678934973152764,64.23395309915276,63.253636923218856,63.59925079345703,9156000
2013-10-16,63.883703888494765,64.8223257669838,63.72711374245624,64.443359375,5440000
2013-10-17,64.18300957530865,65.32362757457159,64.17560103695583,65.29026794433594,5420000
2013-10-18,65.50890308985129,66.37896049544585,64.9622267872973,66.26776885986328,5959000
2013-10-21,66.43735571066094,66.70142619520671,65.71091622297769,66.5133285522461,4799000
2013-10-22,66.87654721979524,67.39913175074554,66.39936117726226,66.59115600585938,4306000
2013-10-23,66.34280545904089,66.40025693006656,65.50981214824475,65.87673950195312,4414000
2013-10-24,66.20847015430964,67.36112634138175,66.15843427338689,67.14801788330078,4020000
2013-10-25,67.17674158289965,67.86704305856436,66.7180840437277,67.0636978149414,4640000
2013-10-28,67.08686625365414,67.78828762719385,66.83947210328027,67.63447570800781,4411000
2013-10-29,67.95876790897663,68.36553033199198,67.4130106517359,67.8661117553711,4655000
2013-10-30,68.00976255467586,68.06628092686364,66.83857039555011,67.23977661132812,5562000
2013-10-31,67.64376685735051,68.06813892653943,65.54507233024502,66.44477844238281,10221000
2013-11-01,67.0794683893899,68.49620958232794,67.00812588093659,68.3331298828125,8304000
2013-11-04,68.41184561251158,68.54990727787701,67.29161622880457,67.49175262451172,4568000
2013-11-05,67.39081399386313,68.40355682708042,67.01276650546926,68.23121643066406,6120000
2013-11-06,68.38130442293739,68.4146569704487,67.64838254483678,67.99862670898438,4849000
2013-11-07,68.32200159783262,68.3396039387144,66.67918007178591,66.83577728271484,4743000
2013-11-08,66.75888854205091,68.05701556722946,66.75888854205091,68.05423736572266,4558000
2013-11-11,68.02087209049638,68.88351410088131,67.84667252629878,68.67410278320312,4068000
2013-11-12,68.51751194309267,68.6314818053532,67.78181181064538,68.35165405273438,4520000
2013-11-13,68.10333183853292,68.3303454895782,67.81609555823299,68.1478042602539,4843000
2013-11-14,68.10334837397323,68.9372683393343,68.06258021019383,68.89371490478516,3384000
2013-11-15,68.89557105695607,69.82677751999023,68.89557105695607,69.7026138305664,4843000
2013-11-18,69.83788894295408,70.3919810041546,69.60531887212778,69.914794921875,6949000
2013-11-19,69.9101488072339,70.1881244048393,69.03083059708837,69.21058654785156,3141000
2013-11-20,69.30788313600728,69.86290121917851,68.88628938671843,69.11608123779297,3059000
2013-11-21,69.01508109614826,69.45520323918056,69.01508109614826,69.21521759033203,3685000
2013-11-22,69.26339975262796,70.03708977069985,69.17074357768286,69.905517578125,3796000
2013-11-25,70.34285605383863,70.37343039774285,69.71556241668621,70.09453582763672,4461000
2013-11-26,70.13532163495566,70.89696584674584,69.95649172224223,70.14551544189453,5048000
2013-11-27,70.51245571972584,70.8349038794671,70.05843530757618,70.45686340332031,2596000
2013-11-29,70.55227933590734,70.88306908412069,70.38549536117613,70.49483489990234,2388000
2013-12-02,70.49483805145167,70.76725023954111,69.86383994819842,70.06027221679688,4185000
2013-12-03,69.7618857629262,69.9712899496863,69.23836822681433,69.87307739257812,4184000
2013-12-04,69.67850578922605,69.84065940159165,68.94280570236148,69.3236312866211,5091000
2013-12-05,69.51636489118569,69.94721933224452,69.21614952065859,69.63218688964844,3597000
2013-12-06,70.21036164937597,70.38733232387574,69.74522158223786,70.27799987792969,3310000
2013-12-09,70.68846102185334,71.02017670605316,70.23444090810061,70.31412506103516,4348000
2013-12-10,70.28076032466582,71.26293530236637,70.28076032466582,70.75424194335938,6168000
2013-12-11,73.54606049706129,74.27713048300227,73.15041064623409,73.25233459472656,25460000
2013-12-12,73.33847030719696,73.33847030719696,72.39614437503974,72.50825500488281,10075000
2013-12-13,72.78256242734066,73.36537681391694,72.59353867930972,73.01142120361328,6828000
2013-12-16,73.47752311320994,74.16874418500865,73.35706363762264,73.82498931884766,7478000
2013-12-17,74.10754806790163,74.45408091519943,73.7665645532258,73.93612670898438,9610000
2013-12-18,73.92872900102073,74.45131361863795,73.07256935565195,74.31696319580078,10444000
2013-12-19,74.31137020657728,74.97943192539738,74.03617993123969,74.62455749511719,9530000
2013-12-20,74.91829872681794,76.27665511616613,74.77838485877676,75.70588684082031,13154000
2013-12-23,76.44807985330775,76.50090102170795,75.28985980102051,75.52521514892578,8946000
2013-12-24,75.47149370309694,75.59194607349545,75.14997162372225,75.34918212890625,4048000
2013-12-26,75.5205490243683,76.15525817871094,75.43901273895105,76.15525817871094,5940000
2013-12-27,76.16456014856927,76.75201194261368,75.98295200670404,76.70846557617188,5710000
2013-12-30,76.916918871034,77.73230311068419,76.77144860510089,77.2115707397461,7068000
2013-12-31,77.77398744070932,77.77492057671192,76.96323363868255,77.41169738769531,6759000
2014-01-02,77.59236932767755,77.64425733806968,76.91504699256828,77.28938293457031,7214000
2014-01-03,77.2894154707459,77.44322743333086,76.5351798000005,76.98086547851562,6438000
2014-01-06,77.08741943331927,77.2653232771838,76.4110228828684,76.59911346435547,7022000
2014-01-07,77.1019739527321,77.86092363378776,77.10104665194754,77.66608428955078,7635000
2014-01-08,77.68740678295245,78.30811062570237,77.56585962449272,77.64286804199219,6936000
2014-01-09,77.93606068208379,78.32945556759263,77.58813183975306,78.27007293701172,7025000
2014-01-10,78.5707083605851,78.63009101174273,77.15673020863741,77.44991302490234,8211000
2014-01-13,77.51486006996919,77.75052899594367,74.93276590199129,75.15265655517578,12354000
2014-01-14,75.4142742990122,76.35600118280516,74.60893847339003,76.23909759521484,10869000
2014-01-15,76.55457744694807,76.98786055494016,76.1955138028883,76.39313507080078,7750000
2014-01-16,76.52769029676648,76.82180755773517,76.30501061456303,76.59078216552734,4965000
2014-01-17,76.54436504603487,77.38125050027492,74.95595536377787,75.93386840820312,13330000
2014-01-21,76.3606660664757,76.68910754838683,75.52656245261518,75.93943786621094,10103000
2014-01-22,76.27528133190798,77.84328295099837,76.08044202493832,77.2865982055664,7220600
2014-01-23,77.75053165520555,77.75980466465455,76.00624318468158,76.41448211669922,6590300
2014-01-24,75.87634456731585,76.0619109218564,72.83312713917731,72.8424072265625,9460200
2014-01-27,73.25063466186826,73.2784749223563,69.53939273693749,70.55998992919922,13707500
2014-01-28,71.16309386644947,73.38056137197076,71.05176108773122,73.13933563232422,7735000
2014-01-29,72.54550596428967,72.99085104457808,71.45068928051808,72.09087371826172,7908500
2014-01-30,74.64236656419153,74.73515329533426,72.59190580561794,74.00218200683594,8702200
2014-01-31,70.05898683402,71.43214268432709,66.5704166750256,70.21671295166016,23252800
2014-02-03,70.56001562418585,70.89402808535347,68.51882757497985,68.57450103759766,9828200
2014-02-04,68.86211259039362,68.98272543536906,67.54462307032084,67.84152221679688,11378100
2014-02-05,67.50745325297419,68.19403062693013,66.90437537592197,67.58167266845703,7768100
2014-02-06,67.94353972086924,69.50226104045493,67.86003312731539,69.49298095703125,6804600
2014-02-07,70.20741797902802,71.37646117677328,69.70639946570863,70.80121612548828,8437500
2014-02-10,71.12595921000839,71.75686358008771,70.37442786108379,70.83833312988281,4885600
2014-02-11,71.25585300172507,71.2836861856166,70.51360173099832,70.68988800048828,5322900
2014-02-12,70.92185096273269,71.37647621595607,70.20743277189077,70.48577880859375,4775200
2014-02-13,70.0311587909365,71.10741558413983,69.70641936429406,71.00535583496094,4912300
2014-02-14,71.05171384385413,72.05375065785455,70.95893423040167,71.80323791503906,4731900
2014-02-18,72.79601156553585,72.82384474817833,71.62696834412462,71.89603424072266,5811700
2014-02-19,71.75686846097864,72.37850694321386,71.00534413956811,71.11668395996094,6032800
2014-02-20,71.33005327118299,71.33005327118299,69.4465994959392,70.3836898803711,8711100
2014-02-21,70.38369781335895,70.83832292929971,70.0496855016302,70.23524475097656,6551800
2014-02-24,70.1146406697697,71.41357681269061,70.10536058255836,70.47648620605469,7942200
2014-02-25,70.51360222459391,71.41357959609431,70.06825004331384,71.20018005371094,7435800
2014-02-26,71.2836751310044,71.82180686489666,71.07955570927757,71.7754135131836,7437200
2014-02-27,71.7568672142629,72.37850568569769,71.44141501324694,72.14655303955078,4931400
2014-02-28,72.55481183473127,72.99088410405348,71.39504817318739,72.10946655273438,5916500
2014-03-03,71.0053287534553,71.52490031210321,70.18885815006124,71.1908950805664,6154600
2014-03-04,72.19293076080525,73.11146822724058,71.82181223388464,72.83312225341797,5302700
2014-03-05,72.99088182602499,73.18572126564719,72.21152406753617,72.5548095703125,4230200
2014-03-06,72.7403350078936,73.0279539597414,71.97025069573765,72.02591705322266,4593400
2014-03-07,72.43415038926733,72.60115652768391,71.9238518889303,72.31353759765625,4133600
2014-03-10,72.18364353241415,72.31353640697375,71.69189813171765,71.80323791503906,3314700
2014-03-11,71.89604534627938,72.78674272158416,71.33936037154308,72.27645111083984,4834400
2014-03-12,71.64552628893797,72.6846694946289,71.25584758680387,72.6846694946289,4739700
2014-03-13,72.72179351585264,73.08363908971282,71.01462538057726,71.08885192871094,6521400
2014-03-14,70.98680425616497,71.64554905585503,70.72701837218968,70.82907104492188,4856900
2014-03-17,71.20947995624886,72.22079034550498,71.2001998660935,72.21151733398438,3910900
2014-03-18,72.4620044499748,73.2784822858289,71.94243279343704,73.22280883789062,4523500
2014-03-19,73.24137029524135,73.853721604216,72.29499952868998,72.65684509277344,5929300
2014-03-20,72.56404458890465,72.972283396617,72.00735981024388,72.7496109008789,5197800
2014-03-21,73.61250590807883,74.06713829937507,70.42084155074082,70.50434112548828,15077700
2014-03-24,70.95893423040167,72.1001369252654,70.39296938612166,71.80323791503906,8816800
2014-03-25,71.97953254785456,72.15581171042668,69.79917952306644,69.84556579589844,7128300
2014-03-26,70.33734033005433,70.67135281211192,68.36110571007633,68.3889389038086,7611000
2014-03-27,68.23122074120586,68.3054473189382,67.12712340300443,68.045654296875,7690100
2014-03-28,68.0920141158652,68.46313974296741,67.21059694530095,67.93428802490234,5245000
2014-03-31,68.52807674339789,69.46516722986746,68.19406443294599,69.30743408203125,5843600
2014-04-01,69.8177696977287,69.90126928035312,69.01057167251601,69.40953063964844,4105600
2014-04-02,69.48372032327853,69.91051225804893,69.14970801282664,69.30743408203125,4271600
2014-04-03,69.62289691973969,70.09608223059266,68.88064572932844,69.14971160888672,4133300
2014-04-04,69.9569032431343,70.040402778607,66.53328071612698,66.96935272216797,8287100
2014-04-07,66.58839244021873,66.86715621211005,65.44544041609558,66.28174591064453,9699100
2014-04-08,66.17953394268157,66.84857837412765,65.9751029120244,66.45829772949219,6280200
2014-04-09,66.83926795606027,68.45612021472897,66.54191573504721,68.3539047241211,6984700
2014-04-10,68.45613897827029,69.06013783666053,65.92864086216461,66.13307189941406,8982800
2014-04-11,65.0923294039635,65.39896880924647,63.81928634643555,63.81928634643555,11610500
2014-04-14,64.85070240346069,66.8764159609304,64.67414714308059,66.14232635498047,10893900
2014-04-15,67.18306364516616,67.59191839220904,65.49187207987637,67.0436782836914,7009600
2014-04-16,67.72204013587988,68.71631243293142,67.36893653794733,68.6977310180664,7002300
2014-04-17,68.82782410387102,69.52474415639684,68.40038065572102,68.88357543945312,5552300
2014-04-21,68.99506807522823,69.34817159533561,68.60479464414604,69.05081939697266,5991600
2014-04-22,69.19951294927668,69.47827670346312,68.62338984752544,69.25526428222656,5049800
2014-04-23,69.06940346063475,69.22737025505432,67.8892819036528,68.16805267333984,5056400
2014-04-24,68.49325515122106,69.43177549960463,68.14015178453545,69.08795928955078,5191700
2014-04-25,67.09944601927259,67.83353581928205,65.60339075802125,65.65914916992188,9657700
2014-04-28,65.78926511592557,67.05301422405527,65.25031183080941,66.1981201171875,8649400
2014-04-29,66.43042945018156,67.47116613592895,66.2817568318969,66.93221282958984,6030500
2014-04-30,67.22024181441063,68.41894485384027,66.47686486577904,68.34461212158203,6552600
2014-05-01,70.22164799044427,71.28096565846718,68.80922679622562,68.96719360351562,9752000
2014-05-02,68.94860013085884,69.2273709031557,67.38749940275389,68.5583267211914,5977100
2014-05-05,68.02867909167905,69.56190441210668,67.78707818866081,69.52473449707031,4776900
2014-05-06,69.07871648364915,69.19952050414541,68.53047607795565,68.58622741699219,4290100
2014-05-07,68.69772673338701,69.1065887292882,67.88000983102138,68.64197540283203,4411900
2014-05-08,68.64196951375253,70.12873061296952,68.29815312947517,68.98577880859375,4628200
2014-05-09,68.77205833157946,69.17162602806071,68.3167322217836,69.1158676147461,2975600
2014-05-12,69.40393951740623,69.89642849879937,69.22738418844015,69.71057891845703,2975200
2014-05-13,69.86853390537142,70.09154625192728,69.18090127855265,69.53401184082031,3268500
2014-05-14,69.37605403492816,69.71056905333212,68.72559122993545,68.85568237304688,2595900
2014-05-15,68.7628003760828,68.9858128787459,67.72206354792219,67.90791320800781,4301600
2014-05-16,67.86141986240459,68.63267966913122,67.42468221065731,68.53046417236328,3703800
2014-05-19,68.27027737499539,69.11586986895713,68.21452604929833,68.63267517089844,3428800
2014-05-20,68.59552790307235,69.21810821034535,68.3074698392914,68.43756103515625,3764700
2014-05-21,68.9486029863932,70.28669140573926,68.92072732589608,70.27739715576172,4365800
2014-05-22,70.44469025016151,70.82567668874309,69.78493999037661,70.3889389038086,4625400
2014-05-23,70.62124131301834,71.24382160733897,70.45398019475209,71.03939056396484,3376100
2014-05-27,71.43894557188081,72.37746651640964,71.29027298757833,71.57833099365234,5598000
2014-05-28,71.65268898706714,71.78278018983536,71.29029105229299,71.48542785644531,2733300
2014-05-29,71.59692473428312,71.76418583475525,71.09514143286671,71.3553237915039,3375600
2014-05-30,71.36462563629914,71.5783438438715,70.94646929591433,71.03939056396484,5003500
2014-06-02,71.336719180006,71.74558113094565,70.83494308131674,71.59690856933594,3046400
2014-06-03,71.32744325793918,71.55045568021175,70.8442414053387,70.94645690917969,2619100
2014-06-04,70.90930010661857,71.11373115211404,70.45398092583945,70.91859436035156,2794700
2014-06-05,70.91859196795977,71.7084333620979,70.75133085360032,71.40178680419922,2680300
2014-06-06,71.55044500040772,72.36816181964397,71.45752376245024,71.9871826171875,3113900
2014-06-09,71.84783083422698,72.00579772161342,71.31817173165416,71.4203872680664,3499900
2014-06-10,71.30884099598411,72.07080645705669,71.1508741894115,71.88496398925781,3396100
2014-06-11,71.51329925680542,71.95003702119018,71.29028679244837,71.42967224121094,3427500
2014-06-12,71.53187344745655,71.68054603079209,70.11944491386548,70.36104583740234,3836400
2014-06-13,70.3610216406425,70.7512950133021,69.81277439762918,70.5654525756836,3194900
2014-06-16,70.2495160439899,70.41677708342891,69.59906038474652,69.79419708251953,5673600
2014-06-17,69.82208871263047,70.09156528722681,69.27384840149199,69.67341613769531,4163700
2014-06-18,69.64552342129593,69.88712429662259,69.13445309935503,69.80349731445312,3820800
2014-06-19,69.76634269730485,70.08227637400456,68.85569740725562,69.01366424560547,5501900
2014-06-20,69.25527184318194,69.70130382378773,68.2795879628534,68.58622741699219,9339300
2014-06-23,68.38177536767844,69.04153242751417,68.0193775964648,68.89285278320312,4899900
2014-06-24,68.84636473751674,69.49682732156282,67.41536264936838,67.55474090576172,5943800
2014-06-25,67.42467280994906,68.34461215259769,67.40609139923497,67.8707046508789,3813600
2014-06-26,68.07515348100463,68.09373489659508,67.42469050433952,67.61982727050781,4085000
2014-06-27,67.38755203290393,68.40041334649477,67.32250641382494,68.20527648925781,12447500
2014-06-30,68.05657651142545,68.6512811632455,67.88931538501114,68.27030181884766,4737000
2014-07-01,68.94861326698553,70.53759704660239,68.89286193767848,70.18448638916016,6330900
2014-07-02,69.56190006820046,70.98361555473763,69.56190006820046,70.80706024169922,3973700
2014-07-03,71.17876198189579,71.45753282054177,70.94645531283643,71.30885314941406,3213400
2014-07-07,71.13203097674644,71.31814019526095,70.66675083084854,70.89008331298828,3591100
2014-07-08,70.82493083395437,70.86215409046204,69.91297879854176,70.43409729003906,3903600
2014-07-09,70.60160957442541,71.34605352363253,70.35035432811435,71.30883026123047,3337000
2014-07-10,70.39689415773373,70.68536560362014,69.55938839592058,70.2293930053711,3318000
2014-07-11,70.29455914090893,70.58303069838844,70.03400326968679,70.56442260742188,2759000
2014-07-14,71.13204497043822,72.31385364968509,70.75981936057025,71.96024322509766,5585800
2014-07-15,72.5744287605941,73.71902157311087,72.45345842252928,72.88151550292969,7508400
2014-07-16,73.18859431537898,73.22581759220003,72.53719762043163,72.87220001220703,3623200
2014-07-17,71.94162414047082,72.46274280588575,70.95523236245567,71.08551025390625,5467000
2014-07-18,71.42054101267169,72.25804714805281,71.1413699343395,72.11846160888672,3485700
2014-07-21,71.75552639798263,72.06261309117673,71.27163092392884,71.9788589477539,3101300
2014-07-22,72.13706329147975,72.94665366701754,71.9788696743011,72.8349838256836,3467200
2014-07-23,72.73259946590744,72.93731677670603,71.82995480161294,72.34175872802734,3525800
2014-07-24,72.51856551324252,72.63953579813429,71.57869760873952,72.18356323242188,5149600
2014-07-25,70.37832036725071,70.75054615804858,69.9967940789048,70.489990234375,5870200
2014-07-28,70.4434342588577,70.91802215058499,70.27593306763713,70.8994140625,3209100
2014-07-29,71.01108065478694,71.29025168855219,70.39691431996341,70.62024688720703,4017200
2014-07-30,70.78774862261298,70.99247310230639,70.21079846162377,70.63886260986328,5521200
2014-07-31,71.00175907189741,71.02036715546832,68.68465863884228,69.00105285644531,7393700
2014-08-01,68.71259187541254,70.20149452765472,68.52648259368927,69.7734375,6029500
2014-08-04,70.15495654541807,70.58301352967828,69.86648505810678,70.42481994628906,4924000
2014-08-05,70.08051928146823,70.40622118402074,69.61523896309521,69.97815704345703,4639000
2014-08-06,69.65244922439476,70.3317614861049,69.50356324213749,70.12703704833984,2782900
2014-08-07,70.29452980739184,70.42480768863868,68.69396486680269,68.91729736328125,4708000
2014-08-08,68.86144929877976,70.00604137716911,68.62880926736497,69.95020294189453,3614300
2014-08-11,70.29451837065986,70.78771414079723,69.78270742073754,70.37826538085938,3546600
2014-08-12,70.1270172506499,70.55507409076179,69.72687608060453,70.37826538085938,2752400
2014-08-13,70.58299077549748,71.19716392423334,70.34104313209146,71.00174713134766,3389600
2014-08-14,71.28092320848442,71.29023080011324,70.40620128490607,70.76911926269531,2411400
2014-08-15,71.10413418178567,71.25302017620359,69.77343232723734,69.98745727539062,4351900
2014-08-18,70.43411761437335,71.48564829060464,70.43411761437335,71.43911743164062,4030300
2014-08-19,71.42049751640245,71.46702836765823,70.80632435795947,71.09480285644531,3562200
2014-08-20,70.69467657955451,71.16926438390311,70.62953763382922,71.08551025390625,2608200
2014-08-21,71.19718716139828,71.76482964487955,70.99246271166886,71.64385223388672,2690000
2014-08-22,71.4205369116336,71.54150725216975,70.86220188664481,71.1692886352539,2500700
2014-08-25,71.75548465819068,71.8485392414982,71.08548029900116,71.1227035522461,3386300
2014-08-26,71.45775845499222,72.44415054513162,71.22511827527143,71.6531753540039,3849000
2014-08-27,71.67176380174928,71.76482552782441,71.18787548437795,71.31815338134766,1980800
2014-08-28,70.80635967321001,71.12275400040915,70.40622539112894,70.87150573730469,2991600
2014-08-29,71.00175604074873,71.16925718418489,70.47133693646957,70.5457763671875,3231600
2014-09-02,70.65746664065703,70.73191319256297,70.2014939345575,70.33177185058594,3613200
2014-09-03,70.81563399589882,70.8993881106589,70.47133124524989,70.666748046875,2870200
2014-09-04,70.75053044848754,71.48567426968631,70.72261476280903,71.07622528076172,2680300
2014-09-05,70.89943697504054,71.58805005054663,70.59235017529272,71.52291107177734,3487400
2014-09-08,71.27162549837193,71.51357321698055,70.62954357920634,70.93663024902344,2845600
2014-09-09,70.9645590442195,71.19719921290665,70.43413974359738,70.78775024414062,4144700
2014-09-10,70.80635770052854,71.58803235212578,70.61094081253285,71.32747650146484,4188000
2014-09-11,71.0203544515721,71.14132472217473,70.17354835813188,70.36896514892578,4673100
2014-09-12,70.42480983319211,70.78772781337577,69.72688954828321,70.2293930053711,4239500
2014-09-15,69.9688418382985,70.18286676396872,69.58730864963277,70.01536560058594,4046800
2014-09-16,70.396899705814,71.4670456469365,69.73620263598323,71.27162170410156,4870400
2014-09-17,71.54148862539212,71.56010381116022,70.22940201326841,70.92732238769531,5549400
2014-09-18,71.31813733421441,72.40689112803153,70.93661132168172,72.39759063720703,5782900
2014-09-19,72.5278848621267,72.92802614577516,71.87648827732463,71.91371154785156,8492600
2014-09-22,71.8951210789684,71.98817572828062,70.79705917800905,70.87150573730469,3432900
2014-09-23,70.7040043698335,70.95525263237343,70.25733211467795,70.26663970947266,3908100
2014-09-24,70.44341438414891,71.69967651367188,70.30383601385694,71.69967651367188,3618900
2014-09-25,71.22508300885013,71.31813761474038,69.53146362304688,69.53146362304688,5006100
2014-09-26,69.55942117938693,69.95025501922959,69.3267809747736,69.84789276123047,3767500
2014-09-29,69.00107976301746,69.6896927174569,68.66607733121126,69.34538269042969,3905900
2014-09-30,69.29885190159222,70.08051943030416,68.78704071044922,68.78704071044922,9347500
2014-10-01,68.69394059486734,69.02894277102341,67.99602057781047,68.2286605834961,6619400
2014-10-02,67.80995040850115,68.61023305624616,67.5493874886196,68.3217544555664,5607000
2014-10-03,68.90800803805661,69.44772773370725,68.7684225427831,69.16856384277344,5338000
2014-10-06,69.43841414483958,69.58730010533618,69.2243821458366,69.33605194091797,4783400
2014-10-07,69.05646796751795,69.26149506013802,67.97542572021484,67.97542572021484,5842000
2014-10-08,67.79836135928907,69.02851690985737,67.54674170331091,69.01919555664062,4116100
2014-10-09,68.9446825462493,68.95399679428583,66.92237443457984,66.9410171508789,5790800
2014-10-10,66.91301203308072,67.37898006364505,65.70149230957031,65.70149230957031,5981300
2014-10-13,65.78534515908129,66.36314791867123,64.90000898706847,65.03047943115234,6039500
2014-10-14,65.27281490488151,66.79186841183585,65.23553660218144,66.16747283935547,8181000
2014-10-15,65.19825383244414,66.84778484088625,64.91867724651257,66.44705200195312,11596100
2014-10-16,65.31010852440924,66.62413522973942,65.09576001114117,66.03701782226562,9418000
2014-10-17,66.81983208979906,67.24852905896314,66.03700898459844,66.68936157226562,5888500
2014-10-20,66.36316435632484,67.15530856592957,66.29792911812463,67.13667297363281,3281600
2014-10-21,67.91022010539498,69.22424696583572,67.61200068876143,69.11241912841797,4556400
2014-10-22,69.06579660160702,69.29878066594651,68.19909559785974,68.23637390136719,4155400
2014-10-23,69.05647101103538,69.57836011800815,68.74893035855109,69.04714965820312,3604100
2014-10-24,68.81416651727065,69.03783632754632,68.39479806569462,68.9632797241211,3374400
2014-10-27,68.9632899604334,69.45721508874861,68.73962722706823,69.06580352783203,3402600
2014-10-28,69.46652249178211,70.83646978996694,69.40128724473088,70.8271484375,4992800
2014-10-29,71.0042474094258,71.73115677455986,70.4357655500032,70.81785583496094,6213500
2014-10-30,73.01721556510577,77.55574839567487,72.97062301114198,77.47187042236328,16292400
2014-10-31,77.54640572838096,79.0561448420662,77.53708437610585,78.04965209960938,11664600
2014-11-03,78.11490297699183,78.60882809478512,78.11490297699183,78.40380096435547,6661300
2014-11-04,78.15216628954487,78.47834252078164,77.07111694017885,78.2733154296875,5977100
2014-11-05,78.74859383219467,80.51927369541346,78.636758949954,80.13717651367188,7999000
2014-11-06,80.14652014195745,80.50065336899178,79.67123064795936,79.91353607177734,5147900
2014-11-07,80.09062821305288,80.09062821305288,78.83250820082993,79.0282211303711,4926000
2014-11-10,78.95365703474418,79.3171116807592,78.4783674552973,79.0748062133789,4526100
2014-11-11,79.19595838027546,79.32642890743338,78.51564168000014,78.8324966430664,2679900
2014-11-12,78.05900183010279,78.91638168829085,77.65826885788928,78.60884094238281,3121300
2014-11-13,78.78592496230041,78.97230944758854,78.04969415822133,78.46906280517578,3096500
2014-11-14,78.58088914774531,78.59952475018619,77.94717201308157,78.32926940917969,2224200
2014-11-17,78.09627693005291,78.52496684151221,77.50915241926951,77.537109375,3368500
2014-11-18,77.58369313793717,78.50630803847662,77.51845788456791,78.189453125,3142700
2014-11-19,78.00308472525636,78.73931543724808,77.73282938842569,78.54360961914062,2501100
2014-11-20,77.81669112251392,79.07480386834082,77.62098532739513,78.8418197631836,3452200
2014-11-21,79.90423113075474,80.03470166804594,78.4783694659929,78.95365905761719,4969500
2014-11-24,79.04685661412944,79.39167569171886,78.88842910960653,79.20528411865234,5150400
2014-11-25,79.30779489345896,80.83617018783913,79.28915929186903,80.46339416503906,5623400
2014-11-26,80.38881939938885,80.98525800449013,80.10923569257493,80.66839599609375,3327600
2014-11-28,81.07846197211413,81.9078847499166,80.78024262627626,81.34872436523438,2452800
2014-12-01,80.66838954067374,82.15949304421167,80.4726838056088,81.50713348388672,4989800
2014-12-02,81.92654665165637,81.96381785727144,80.64979100093254,81.72151947021484,5458300
2014-12-03,82.20612593243159,83.16601948463587,81.71220067625751,82.30863952636719,6085400
2014-12-04,82.3645193861942,83.35237660014259,82.140856687423,82.72797393798828,3527900
2014-12-05,83.75312974373385,83.75312974373385,82.80255060097498,83.01689910888672,3739900
2014-12-08,82.9796278569368,83.46423171458325,81.8985780904859,82.04769134521484,4473300
2014-12-09,80.67771884008435,82.05698758369056,80.51929138801266,81.86127471923828,3732400
2014-12-10,81.57239961529996,82.03836785906162,80.3422437361736,80.4540786743164,3277400
2014-12-11,80.85481818237406,82.17816639517258,80.84549682591442,81.72151947021484,4078500
2014-12-12,80.67772788714264,81.37668013536558,78.38516536618457,78.40380096435547,6644500
2014-12-15,79.34507573685812,79.48486763862965,77.85397870822187,78.85115051269531,4921600
2014-12-16,78.02170589371046,79.1866262346698,76.46537402461506,77.01521301269531,6970300
2014-12-17,77.15502310613843,79.09345271794118,76.79156844268931,78.96298217773438,6443700
2014-12-18,80.25836143225175,81.00390625,79.58736611920123,81.00390625,6442100
2014-12-19,81.05984142130053,81.34873946649239,80.27701104933584,80.55659484863281,6262000
2014-12-22,80.84548732262296,81.05051447996377,80.34224078463482,80.9200439453125,2561600
2014-12-23,81.50713043079683,81.87058494089011,80.84545665318832,81.66555786132812,2749700
2014-12-24,81.73081576472532,82.2899832676967,81.57238829026817,81.79605102539062,1219500
2014-12-26,81.91720730241916,82.07563477687631,81.56306693585593,81.79605102539062,1508400
2014-12-29,81.67490278334769,82.46704727471375,81.54443226053965,81.7121810913086,2376100
2014-12-30,81.40464751266978,81.77742351481648,80.6218243072615,81.0505142211914,2493300
2014-12-31,81.2461878240522,81.58168538201286,80.29561614990234,80.29561614990234,2811100
2015-01-02,80.78028738578584,81.41400473559118,79.14007651979898,79.84835052490234,4505800
2015-01-05,79.48484838854849,79.54076229167096,77.39731305402863,77.60233306884766,6441400
2015-01-06,77.96581914565947,78.07764698686765,76.23241650581275,77.43460845947266,7690000
2015-01-07,78.52705606582863,78.6951285309043,77.56531084160643,78.63910675048828,5846800
2015-01-08,79.54482320248792,79.94632921577568,79.39542230274039,79.86228942871094,5174200
2015-01-09,80.27315610217163,80.30116699735808,78.80719322217301,78.84454345703125,4582200
2015-01-12,78.816544832608,79.2273832323533,77.41594286459764,77.83612060546875,4030100
2015-01-13,78.51769892661824,79.5914945920537,77.25715928624876,78.01348876953125,4222100
2015-01-14,76.56621498200657,77.94814492348301,76.41681406992151,77.9294662475586,5084300
2015-01-15,78.246958772131,78.55508576201184,76.73430622432319,76.79966735839844,4331500
2015-01-16,76.6129055163048,78.30296239361914,76.40748282150528,78.24694061279297,4763700
2015-01-20,78.79785845235952,79.26472572942,77.67737983694612,78.67647552490234,3540600
2015-01-21,78.22827826224403,78.76050666264742,77.78008967444599,78.17225646972656,3598400
2015-01-22,77.83607699586284,78.92854420910969,77.03306508087132,78.78848266601562,4796200
2015-01-23,78.6951249617216,79.20868167166832,78.24693649106564,78.79783630371094,5012200
2015-01-26,78.71384506288187,79.08733327704763,77.37860403812923,78.06022644042969,5440400
2015-01-27,77.13581938068928,77.32256345964242,75.59515579592097,76.35147857666016,5486000
2015-01-28,77.80806152269875,78.0134841572769,75.3243254847274,75.38968658447266,5070200
2015-01-29,74.97886939784114,76.14603730799541,74.53067378585777,75.98729705810547,6277200
2015-01-30,78.46173068812789,79.18071044217048,76.09004354452642,76.5942611694336,13332400
2015-02-02,76.29543088307128,77.71471104719937,75.24031365981587,77.48127746582031,10576500
2015-02-03,77.76143121646749,78.32167065882146,76.97709742193813,78.25630950927734,8490400
2015-02-04,78.35897271767145,79.3393964817488,77.98547761117405,78.60174560546875,4923200
2015-02-05,78.97525847902845,80.21712695988913,78.43369080896208,80.13308715820312,5426000
2015-02-06,79.94633536426461,80.08638981376545,78.3963329673983,78.58308410644531,5540900
2015-02-09,78.40566271360157,79.20867470369895,78.06951782826654,78.98457336425781,3951100
2015-02-10,79.5261582629991,79.53549760180306,78.33097935390849,78.64845275878906,4441800
2015-02-11,78.6484424291724,79.17133135226672,78.3776586300479,78.86319732666016,4051300
2015-02-12,79.76893451114883,82.14996021303654,79.65688381234203,81.7204360961914,7053500
2015-02-13,82.00991024628844,82.15930407538052,80.88009225417942,81.36563110351562,5510900
2015-02-17,82.10327064090991,82.32736491469498,81.45899158947073,81.7204360961914,5083400
2015-02-18,81.72044390123068,82.01923866942455,81.09484346842308,81.91653442382812,2974300
2015-02-19,81.83247734975284,83.50386268060703,81.77645556872983,83.28910064697266,5271700
2015-02-20,83.12106628661738,84.91384246334987,82.99034398841607,84.7737808227539,6276500
2015-02-23,84.8951351257956,85.10055784616046,83.9800793472249,85.0818862915039,4316300
2015-02-24,84.54965857853254,85.57676506433448,84.26019605044183,85.26863098144531,5547500
2015-02-25,85.95025639291464,86.613206977662,85.33398825496937,86.52916717529297,6144400
2015-02-26,86.73459293410667,86.83730429403816,85.0258571721503,85.21260833740234,5666700
2015-02-27,84.97916145427047,85.60476173156354,84.00807691807964,84.157470703125,4675300
2015-03-02,83.62523303563522,86.05294766524224,83.56921126301637,85.9222183227539,5568300
2015-03-03,85.81019920866022,85.8475494423157,84.52164108094661,84.94182586669922,3444400
2015-03-04,84.63367890717204,85.80084681699495,84.15747240529258,85.63277435302734,4733900
2015-03-05,85.90358930921302,86.79063439276521,85.39003239315849,86.659912109375,4651300
2015-03-06,86.37980577074813,86.39847733170649,84.66173008551095,84.7737808227539,4963200
2015-03-09,84.52163991820757,85.38068103280862,84.10146226206388,85.0818862915039,4144800
2015-03-10,84.20418038951125,84.40026378639224,82.95297241210938,82.95297241210938,5050200
2015-03-11,81.78581245907105,82.32738025178526,81.0948508306118,81.20690155029297,9452300
2015-03-12,81.91650443434446,83.57855016919028,81.86981487485153,83.33577728271484,7035500
2015-03-13,83.33580532236995,83.33580532236995,81.56170832211393,81.9352035522461,4609700
2015-03-16,82.63549012732601,83.03699618351924,82.10326183179804,82.83157348632812,3843900
2015-03-17,82.41140885951394,82.69152493485917,81.9352022704495,82.140625,2880800
2015-03-18,81.90719000226967,83.34514196118958,81.4403227606916,82.99031829833984,5437300
2015-03-19,82.96229957740022,83.7279614964063,82.76621620929441,83.12103271484375,3172500
2015-03-20,83.63458551630363,84.37223650829584,83.45717371002654,83.8680191040039,4372000
2015-03-23,83.98007815336713,84.64302875359284,83.40116023364412,83.4104995727539,3395200
2015-03-24,83.47584282577085,83.98006017231401,83.13969792807542,83.55987548828125,4050500
2015-03-25,83.63458846606953,83.68127803478741,81.58037567138672,81.58037567138672,3813600
2015-03-26,80.96411430153621,82.44875579970714,80.82405270754596,82.103271484375,4141800
2015-03-27,82.0752591977415,82.4674259551973,81.11351385853057,81.46833038330078,4927400
2015-03-30,81.83247037408327,82.43939907079749,81.6830765961475,81.86048126220703,3451100
2015-03-31,81.54301090579271,82.41138401282696,80.66529846191406,80.66529846191406,5985500
2015-04-01,80.98280187775457,80.99213409423828,79.71292230068983,80.99213409423828,4736900
2015-04-02,81.16019757501334,82.04724958654583,80.9267639599514,81.26290893554688,4628400
2015-04-06,80.62795037098137,81.85114707218922,80.5065674841005,81.5523452758789,5853800
2015-04-07,81.814277923667,82.79650113881065,81.63654052702728,82.24458312988281,4091200
2015-04-08,82.69361913816763,83.90034812634843,82.58136278918461,83.55422973632812,3659900
2015-04-09,83.34842341871234,83.90969084551428,82.45039410844873,83.31100463867188,3482100
2015-04-10,83.70389173677714,83.70389173677714,82.61876861088552,82.85263061523438,2575300
2015-04-13,82.90876667667312,83.65712804882985,82.55329895019531,82.55329895019531,3526000
2015-04-14,82.32877110274396,83.69452417078398,82.32877110274396,83.36711883544922,3453500
2015-04-15,83.39518039374212,83.78806679267358,82.93681292832211,83.48872375488281,2683600
2015-04-16,83.20812243740325,83.42327868407384,82.87136048246914,82.99297332763672,2952100
2015-04-17,82.31009248925601,82.6094356545814,81.00046346461842,81.31851959228516,4352800
2015-04-20,81.58978050188091,82.21652898589646,81.39333726675225,81.69268035888672,2681000
2015-04-21,81.85171831756242,82.48782338539218,81.63656208917587,82.10428619384766,3148200
2015-04-22,82.76846810767987,86.46348601039332,82.76846810767987,85.31288146972656,12232000
2015-04-23,85.31283176341728,85.4999255951585,84.35867820068678,85.01348876953125,4322300
2015-04-24,84.8638687133789,85.27546823849603,84.38678809443897,84.8638687133789,3519200
2015-04-27,85.0602879846309,85.3783368828783,83.9003344485199,83.95645904541016,4854300
2015-04-28,83.8629178573989,84.60192266229022,83.54486181395986,84.40547943115234,4786300
2015-04-29,85.24736301557786,87.54856395152065,84.01257209539145,84.4241714477539,9364700
2015-04-30,84.42419093615065,85.49060119807613,83.87227998344476,84.38677215576172,7470700
2015-05-01,84.52706354251131,85.41573609526537,84.43352019015305,85.35961151123047,4663100
2015-05-04,85.58414556577094,86.05186962066274,84.94804056564196,85.29415893554688,4596900
2015-05-05,85.2567371594046,85.98638551749667,84.71417556193525,84.91997528076172,3707000
2015-05-06,85.17252884646572,85.54670227364683,84.15288698776548,84.7235107421875,3495800
2015-05-07,84.85452008060196,86.2109244879646,84.51775809925017,86.10802459716797,4369800
2015-05-08,86.84701437367701,88.24083744116957,86.65992757354977,87.47377014160156,9933400
2015-05-11,87.44572046951131,87.85731291663929,86.52897788786653,86.54768371582031,4731400
2015-05-12,85.95831664670615,86.74409668244442,85.66833004883587,86.42604064941406,5191800
2015-05-13,86.76283999026617,86.97799626471203,86.07995951102103,86.54768371582031,3443200
2015-05-14,87.09021063792538,87.83857192074471,86.80958050954472,87.78244018554688,3467200
2015-05-15,87.78244209883928,88.39984124115729,87.0247314577238,87.20246887207031,3403800
2015-05-18,86.90314460180227,87.14636314723275,85.90221525114676,87.07152557373047,4281200
2015-05-19,87.56730345806797,87.99760875833303,87.13699815780289,87.74504089355469,3279700
2015-05-20,88.02567745905495,88.02567745905495,86.81894837984753,87.22119140625,2701100
2015-05-21,87.08083692785466,87.32405536717866,86.74408226781465,86.90310668945312,2891000
2015-05-22,86.9498916474,87.26794768920483,86.6692615201744,86.70668029785156,2448200
2015-05-26,86.62250325246286,86.6599220374787,85.64028690918558,85.95833587646484,2965400
2015-05-27,86.16413278929583,86.79088135964706,85.95833304693495,86.61314392089844,2597800
2015-05-28,86.6224855103021,86.9592473695649,86.16411797732296,86.82828521728516,1777700
2015-05-29,86.81893553017701,86.92183539171793,86.20154349783408,86.304443359375,3561400
2015-06-01,86.43540739096915,86.94055023030157,85.69640252251446,86.58507537841797,2635400
2015-06-02,86.19221288537713,87.48312907634468,85.53740187624246,87.15572357177734,2795500
2015-06-03,87.27733731077223,87.9882729459046,86.9031565288103,87.46442413330078,3638000
2015-06-04,86.94986607657668,87.61404026389374,86.36053655950519,86.59439849853516,3320300
2015-06-05,86.47283150654738,86.84700506670349,85.78059471907157,86.6412124633789,2655000
2015-06-08,86.42605712586557,86.63185686819546,85.84607668265436,85.96768951416016,2561500
2015-06-09,85.80866149346777,86.3512159935998,85.40641850558362,86.14541625976562,2375100
2015-06-10,86.52895171776831,88.26888580434267,86.435408332481,88.09114837646484,3727600
2015-06-11,88.25952267278696,88.98917101469955,87.91341145961944,88.39984130859375,3403600
2015-06-12,87.97890383543589,88.1846964392224,87.19312365615727,87.71697235107422,2777500
2015-06-15,86.93119485563703,87.50181878489978,86.20154645740669,87.27731323242188,3229000
2015-06-16,87.30534368354444,88.32497834577886,87.07148173676771,88.0724105834961,2446100
2015-06-17,88.25950687044488,88.83948713071653,87.83855817529515,88.3530502319336,2962100
2015-06-18,88.46531113440467,90.09298854677961,88.43724883819324,89.84977722167969,4208000
2015-06-19,89.63464691154813,89.76560908957919,88.6056553112026,88.6898422241211,5011200
2015-06-22,89.41948437101303,89.92462722357311,89.11079190853431,89.26045989990234,3290100
2015-06-23,89.49432234110232,89.78431611921701,89.1949792201055,89.52238464355469,4195400
2015-06-24,89.22303744761139,89.94333648320547,89.13885054409923,89.34465026855469,3682500
2015-06-25,89.68139651928604,89.68139651928604,88.1940305844559,88.36241149902344,3214900
2015-06-26,88.68049868870538,88.70856099484948,87.8385938198631,88.40921783447266,3201100
2015-06-29,87.63280729666903,88.04440688070198,86.44479095671706,86.54768371582031,4426500
2015-06-30,87.18377010595695,87.9695503116425,86.75346478682818,87.4457015991211,4750400
2015-07-01,88.37177900881285,88.82079007911186,87.93211728050595,88.39984130859375,3737000
2015-07-02,88.3905241052632,88.64309918932544,87.83861293259574,88.15666198730469,3034700
2015-07-06,87.37087392842513,88.56824662807651,87.21184942795048,88.41857147216797,3042000
2015-07-07,88.58720777138437,88.58720777138437,86.47888097261789,87.97813415527344,4859200
2015-07-08,87.11606984023364,87.3971758079996,86.32895740268113,86.66629028320312,4367200
2015-07-09,87.82821940396192,88.21239971150877,87.13480894321278,87.1816635131836,2986000
2015-07-10,88.50289202464812,89.01826377981739,88.15619388844767,88.66219329833984,2721800
2015-07-13,89.3649663703671,89.67418226513998,89.12133544354202,89.48677825927734,3454400
2015-07-14,89.6741498767669,89.86156096394525,89.15878547228093,89.27122497558594,3148400
2015-07-15,89.49613332118243,89.58046296283388,88.69028338338701,89.25250244140625,3969400
2015-07-16,89.72104423018477,89.92719294301402,89.44930339500125,89.78663635253906,3100400
2015-07-17,89.54300392239767,90.19893228408047,88.51226752433045,90.03026580810547,2726300
2015-07-20,90.4800351015281,91.60448061780599,90.33948566737256,91.1359634399414,4621700
2015-07-21,91.07972736702476,91.26713850874536,90.25513979046632,90.6205825805664,3836200
2015-07-22,90.23638710294797,91.22964096581687,90.09583055750356,90.77986145019531,3809900
2015-07-23,90.79862772994879,90.8642198468886,88.89644918968942,89.1681900024414,4896900
2015-07-24,91.17343916813083,91.3514708216961,89.50551212875159,89.7959976196289,6798800
2015-07-27,89.45865389896616,89.79598677414238,88.36232562914515,88.4466552734375,4538900
2015-07-28,89.08385319551617,89.45866835617424,88.74652026582436,89.1681900024414,6528700
2015-07-29,88.45604388560933,91.7825115317798,87.14419436854004,90.63933563232422,11420600
2015-07-30,90.5549621083176,92.59769644480457,90.05833524904814,92.21351623535156,4407300
2015-07-31,92.43844386464939,92.56025576152486,91.14533183302574,91.26715087890625,3956700
2015-08-03,91.58574012443668,91.7169243683303,90.24578064837615,91.30463409423828,2989800
2015-08-04,91.31398080863326,92.11046560549653,91.02350249152066,91.17343139648438,2976200
2015-08-05,91.90435049874222,92.51342438683199,91.63260962100966,92.08238220214844,3306100
2015-08-06,92.3541015631681,92.40095613941506,90.81736582912872,91.0422592163086,4109900
2015-08-07,90.97666217726197,91.63259051575486,90.48003511250602,91.61384582519531,3114900
2015-08-10,92.17603759417898,92.9350328501258,91.64192849758639,91.904296875,3445500
2015-08-11,91.07975006103516,91.61385943726384,90.611232813501,91.07975006103516,4178100
2015-08-12,90.48000718459292,91.21089261271165,89.2712323807802,90.9297866821289,3924200
2015-08-13,91.16406125791872,91.73565271116314,90.49876781130718,91.10784149169922,2440200
2015-08-14,91.10784133801945,91.89494665978019,90.76113609924171,91.72628021240234,1849200
2015-08-17,91.41706038452776,91.78250317507322,90.7049194921338,91.69817352294922,2423900
2015-08-18,91.52950088970636,91.93242588143647,91.3608344478425,91.45453643798828,2215000
2015-08-19,91.03288884370865,91.34211189602759,90.11459203200522,90.51751708984375,3737000
2015-08-20,89.92717102164114,90.06772757785289,88.56846717693212,88.60594940185547,4884000
2015-08-21,87.64083023888423,88.0156454455814,84.93280127273052,84.97028350830078,7992200
2015-08-24,80.11644407679117,84.84847082630905,69.91213966629924,82.29973602294922,11374700
2015-08-25,85.11081880616709,85.16703857095123,81.20338787558872,81.35330963134766,6600600
2015-08-26,83.31171795556489,86.08533845626238,82.41215879138912,85.93540954589844,6591600
2015-08-27,87.28473482931763,88.27798876711681,86.25399866663876,88.12806701660156,5435400
2015-08-28,87.79074615849942,88.2405186206135,87.20040997209364,88.15618896484375,3136600
2015-08-31,87.53772984899352,87.74387850882898,86.20714305242345,86.55384826660156,4963100
2015-09-01,84.38928561096039,85.30758214027311,82.96499697764149,83.44288635253906,6341900
2015-09-02,84.48301158796306,84.86719191378334,83.38667607993037,84.73600769042969,5175400
2015-09-03,85.26075766369738,86.53512501377988,85.21391023331506,85.87920379638672,3617900
2015-09-04,85.03586059874863,85.20452705449144,84.23001054897789,84.8297119140625,3595400
2015-09-08,86.40391263464208,87.26598228221641,85.81358373121671,87.05046844482422,4176300
2015-09-09,85.45750240558853,87.65953813984746,84.11754342961504,84.3049545288086,8118200
2015-09-10,84.14569560785759,84.97965568789648,83.91143699775665,84.03324890136719,7370000
2015-09-11,83.87392883152494,85.66366034189407,83.82707426438829,85.59806823730469,4572400
2015-09-14,85.53248592125703,85.69178002934649,84.84845491640043,85.21389770507812,3740400
2015-09-15,85.53248628724755,86.76937122706562,84.50175002889985,86.31022644042969,4670200
2015-09-16,86.50700969494618,86.92867228694102,86.08534710295133,86.89119720458984,4128600
2015-09-17,86.81625869076112,88.86835964056982,86.7975139949782,87.34099578857422,4627000
2015-09-18,86.25400765829617,87.44403803901726,86.05722416991314,86.34770965576172,8342900
2015-09-21,87.02238881695439,88.14682725693207,86.76001317522136,87.19105529785156,3998800
2015-09-22,85.95417021364159,86.49764474223653,85.65431948617342,86.27275848388672,3457100
2015-09-23,86.12281165069962,86.90054455737578,86.02910251704904,86.33832550048828,2557000
2015-09-24,85.65430916543225,85.80423093659918,84.43616171055554,85.382568359375,3513900
2015-09-25,86.2914975544492,86.30086990050623,84.9890202637298,85.5512466430664,3880800
2015-09-28,85.2420042800529,85.36381615521562,82.59956806118598,82.78697204589844,4966800
2015-09-29,83.08684390616023,83.91143880685695,82.4777700769653,83.17118072509766,4501200
2015-09-30,84.52050633558721,84.60484315537136,83.34921324807074,84.44554901123047,4550800
2015-10-01,84.86720668219185,85.15768506316566,83.7708781323824,85.01713562011719,4496000
2015-10-02,83.64905925678629,86.319613064337,83.32109864065005,86.27275848388672,3543600
2015-10-05,86.94743081635214,88.42794702003663,86.72254454142721,88.39046478271484,3837600
2015-10-06,88.0812358319655,88.8777136623471,87.86571476894198,88.00627136230469,3641700
2015-10-07,88.71024393261183,89.42360015486311,88.41926271131025,89.33912658691406,3754300
2015-10-08,88.88859444984679,90.10882093110443,88.84166706900191,89.98680114746094,2970500
2015-10-09,89.76149199185558,90.28713146315872,89.27340586979173,89.93983459472656,4733200
2015-10-12,89.94922777723971,90.87847270727924,89.93983943942418,90.70951843261719,2577900
2015-10-13,90.4091648869605,90.73768513049512,89.99616391725742,90.04309844970703,2415100
2015-10-14,89.8365970753319,90.28714423429268,88.97305611196151,89.19832611083984,2832500
2015-10-15,90.07123722895373,91.19760131835938,89.65823634671807,91.19760131835938,2896900
2015-10-16,91.39471976300221,91.69508210877335,90.72829103211009,91.64814758300781,3388300
2015-10-19,91.24453754627446,91.976670336871,91.05681376039965,91.74201202392578,4024100
2015-10-20,91.49797984514827,91.8265000772794,91.1131367437918,91.67631530761719,2451600
2015-10-21,92.08932794935212,92.3239863108251,90.55935801058206,90.67198944091797,2899600
2015-10-22,91.46046547726547,92.68068492994003,91.19764920011114,92.00486755371094,4033400
2015-10-23,93.15936634511178,93.73193330058264,92.15502887851947,93.66622924804688,5240400
2015-10-26,92.4553537208098,93.79759924401682,92.4553537208098,93.51600646972656,3652000
2015-10-27,93.253227600663,93.36586618759397,91.83588915023446,92.38968658447266,3789300
2015-10-28,92.67126503560424,93.9853458724122,92.323968150903,93.94779968261719,4583800
2015-10-29,93.75070066725414,95.41208578229595,92.9247058598667,94.41712951660156,4940600
2015-10-30,94.58605664552125,94.80194541472146,92.66186304026073,92.91529083251953,5539000
2015-11-02,92.83082451710936,93.55356892710371,92.63371240529273,93.28136444091797,5480700
2015-11-03,93.34707008318159,94.37957234550183,92.9340763394566,93.97595977783203,4497500
2015-11-04,93.95717807340777,94.510975362751,93.40338794526727,94.35140228271484,3292200
2015-11-05,93.86331950257774,94.98967647212748,93.6849769039379,94.51097869873047,3032300
2015-11-06,94.6142379466474,95.28066671933014,94.11675629042735,95.27127838134766,4333200
2015-11-09,94.83953285025287,94.9615526312729,93.67562927672131,94.30451202392578,3722700
2015-11-10,93.83515599824264,94.58605821229396,93.69435959523223,94.47342681884766,2991700
2015-11-11,95.07412820837219,95.5152868213777,94.57665391241305,94.68928527832031,4663300
2015-11-12,94.62362737971101,94.62362737971101,92.23011659199942,92.24888610839844,5274800
2015-11-13,92.07056912402281,92.4554123488437,90.75648777391795,90.91605377197266,4363900
2015-11-16,90.64381569131966,92.32397012423978,90.5781116480749,92.26765441894531,3979900
2015-11-17,92.51168607623727,92.9434564897135,91.80771117489934,92.0517578125,3767500
2015-11-18,92.38966946649599,93.1311905803587,92.10807663194444,93.07487487792969,4502400
2015-11-19,92.93406300697718,93.16872127634856,92.31456173845976,92.85897064208984,3620800
2015-11-20,93.31892006920566,94.00412552254087,93.17812364331994,93.39401245117188,3319700
2015-11-23,93.82577041622022,93.82577041622022,92.98099913455982,93.27198028564453,2115900
2015-11-24,92.67127976551129,92.8496152438793,91.57307323275919,92.45539093017578,2588400
2015-11-25,92.49294677085672,92.77453252663456,92.04239953592469,92.13626861572266,2196200
2015-11-27,92.24887045072968,92.87775298081658,92.23948211352155,92.61493682861328,1502600
2015-11-30,92.73695140268664,92.82142494272297,91.91094970703125,91.91094970703125,3847500
2015-12-01,92.18321117728908,92.61498180289341,91.20703130849415,91.92039489746094,4891600
2015-12-02,91.74199811570794,91.9860447293101,90.96293807735101,91.14127349853516,3584400
2015-12-03,91.3571888572598,91.9391369713654,89.82721186028162,90.07125854492188,3479200
2015-12-04,90.51240264294941,92.64309692382812,90.33406003768881,92.64309692382812,3868100
2015-12-07,92.26766295132204,92.63372939199505,91.45104934301838,91.8171157836914,2855600
2015-12-08,91.21638077518476,92.52108043772111,90.82215652345509,92.15501403808594,3664000
2015-12-09,92.55863700385589,93.79763276333478,91.50736505352062,91.8171157836914,5111300
2015-12-10,92.09869242630342,92.60555521510219,91.46980273798458,91.61998748779297,2907900
2015-12-11,91.61998879452086,91.61998879452086,88.70083891961404,89.01058959960938,4558700
2015-12-14,89.24526226448465,90.39977729576819,88.8885770018082,90.39039611816406,3930200
2015-12-15,91.42289532056343,92.79329923613624,91.31025673363246,92.38968658447266,4579900
2015-12-16,93.53478968260691,94.13551429265337,92.8214265227259,93.9008560180664,4493600
2015-12-17,94.3701967749417,94.61424344825127,93.16874724665475,93.23445129394531,4581200
2015-12-18,92.58679122989021,92.85899575532156,90.30591194830042,90.3810043334961,6039600
2015-12-21,90.96294120710175,91.7420012722637,90.32467038424448,91.0849609375,2748400
2015-12-22,91.52611766484816,91.7889337930248,90.840912335357,91.55427551269531,3341900
2015-12-23,91.92977378917962,92.81208447201769,91.71388491796678,92.67129516601562,2054200
2015-12-24,92.71820622423826,93.02795696532166,92.27704737988394,92.53986358642578,932700
2015-12-28,92.12683489896357,92.5679935763846,91.85463045627397,92.48351287841797,1673400
2015-12-29,93.1405889441282,93.85394512236373,93.1405889441282,93.60051727294922,2362300
2015-12-30,93.55358334504506,93.83517621172514,92.671272874442,92.80268096923828,1856700
2015-12-31,92.2207208860943,92.79328776678213,91.38533782958984,91.38533782958984,3219200
2016-01-04,89.51746080908887,89.7239541206236,87.96871442475373,88.9918212890625,6378700
2016-01-05,89.52683298052027,89.94922222168906,88.61636478234523,89.1607666015625,4352500
2016-01-06,87.92869140368148,88.77515581955582,87.44903421431569,87.7970199584961,4370000
2016-01-07,86.11351595867183,86.87533767713352,85.28586567965887,86.18875885009766,6600000
2016-01-08,86.49912634111556,86.75306211832876,84.3829685539642,84.54285430908203,5912100
2016-01-11,84.88143147922823,85.68086734890754,83.97853844311977,85.19180297851562,5845600
2016-01-12,86.16056481631502,86.40510068316158,84.75919971793974,86.00067901611328,4441800
2016-01-13,86.59317803276936,86.66842092211908,83.47066988032483,83.8844985961914,4895000
2016-01-14,84.08199240515785,86.23577133469664,83.85627094862204,85.3140640258789,6235800
2016-01-15,82.84990768029559,83.96912208043771,82.59597195680846,83.43302917480469,6459800
2016-01-19,84.23245493514705,84.40174778918171,80.40456217916464,81.09114074707031,10175200
2016-01-20,79.67096472384759,80.84660758751355,78.55175042146014,80.06597900390625,11672100
2016-01-21,80.16005870866132,82.32323788060364,79.52990850316216,80.99711608886719,5989700
2016-01-22,82.51131547812639,83.54587968251144,82.20094406414468,82.76525115966797,4912500
2016-01-25,82.79349455410059,82.94398032612362,81.49558706040646,81.60844421386719,5110500
2016-01-26,81.82475280761719,82.29501000766096,81.26044560267573,81.82475280761719,4872500
2016-01-27,81.72129391051759,81.87177965559584,79.32297937110877,79.76502227783203,6750900
2016-01-28,80.26347268454504,80.55503694521887,78.39185156859648,78.46709442138672,9169600
2016-01-29,76.60489285652852,83.94090784054625,76.18166425864702,83.73399353027344,16410500
2016-02-01,83.25432330871577,83.89387332457723,82.04106616702352,83.35778045654297,5956400
2016-02-02,82.46431318648783,82.52074176136327,80.29172694710739,80.81841278076172,7096900
2016-02-03,81.41093681019015,81.59904402473472,79.43585769858966,81.3262939453125,5253600
2016-02-04,81.10996818910247,81.70249691440024,80.63971094073595,81.19461822509766,4490600
2016-02-05,80.92186916662122,81.1852120808934,77.29148259002628,77.83698272705078,8474000
2016-02-08,76.5954774646033,76.87762741455748,75.11887048229308,75.85247039794922,9213800
2016-02-09,74.17839255015139,78.27903697174138,73.84920668432922,77.09398651123047,7802700
2016-02-10,78.11914227934128,79.7932571599594,77.99687796156884,78.3542709350586,4858900
2016-02-11,75.38224684181823,77.86520481891162,75.22236108149227,77.22565460205078,6285400
2016-02-12,78.64582080319016,80.19766390348917,78.3542564446422,79.84027099609375,5213300
2016-02-16,80.9970916425257,81.43912732265268,80.28229878705035,81.05352020263672,4908000
2016-02-17,81.75891968095033,82.38906262687094,81.43914104348474,82.02226257324219,4143400
2016-02-18,81.42974605495382,82.24798906677387,80.7243601892849,80.92186737060547,3551500
2016-02-19,80.55508735084857,81.69310930306874,80.15066573348454,81.62727355957031,3490500
2016-02-22,81.62725659859822,82.9815998126475,81.62725659859822,82.59598541259766,3010800
2016-02-23,82.06930743866364,82.62420761808878,80.8184212766807,81.0817642211914,4236900
2016-02-24,80.07541638800143,81.59905269775261,79.55813046246813,81.2792739868164,3361300
2016-02-25,81.40153690481095,82.2291871228866,80.43280089403177,82.21977996826172,3280500
2016-02-26,82.86873379745717,83.32017674256909,82.28561221983499,82.36085510253906,3294900
2016-02-29,82.10693477919203,83.54592109754867,81.7307274704999,81.7495346069336,4302900
2016-03-01,82.54895590118801,84.76857073269977,82.50193448072798,84.7403564453125,4967500
2016-03-02,84.42058999791371,84.7309543532728,83.69638975911015,84.54285430908203,3898300
2016-03-03,84.39236393800688,84.77797112748145,83.63054236151078,84.40176391601562,4202500
2016-03-04,84.64630026483022,85.17298605918909,84.17604304113672,84.69332885742188,3181300
2016-03-07,84.35473875719983,84.41116732497193,82.23858135908075,83.04742431640625,4939800
2016-03-08,82.25739205574533,82.53954925794845,81.64605623467571,81.68367767333984,4251700
2016-03-09,82.02227862138402,82.38907874677938,81.5426141591143,81.99406433105469,3477800
2016-03-10,82.44550604391584,82.95337756884918,80.81841277148293,81.72130584716797,3239100
2016-03-11,82.68062519512048,83.85626820716197,82.55835372951266,83.3107681274414,4003200
2016-03-14,83.2637555486639,83.82806286785109,82.7840910983542,83.58353424072266,4407400
2016-03-15,83.10386564441237,84.36415168853696,82.95337987317309,84.04438018798828,4468800
2016-03-16,83.91270103063475,84.94726549858119,83.72459383383621,84.65570831298828,3005000
2016-03-17,84.57105570305919,86.2075559753293,84.32652711800739,85.97242736816406,4568900
2016-03-18,86.53674338069135,86.94116491311911,86.01005036776168,86.81889343261719,5972900
2016-03-21,86.39566387411169,87.11985689301598,86.1135066495454,86.85651397705078,3176900
2016-03-22,86.22637759432997,86.72484917718408,86.09470612623858,86.30162048339844,3541300
2016-03-23,86.41446854604547,87.1386687198806,86.18874707815482,86.64959716796875,2816100
2016-03-24,85.86897359014965,86.49911656004636,85.86897359014965,86.44268798828125,2618700
2016-03-28,86.69661633606106,86.8094806455127,85.75610195062995,85.81253051757812,2304300
2016-03-29,85.7937476216116,87.50548399959492,85.68088328027872,87.26094818115234,3326300
2016-03-30,87.98512383040841,88.56823815836637,87.74999523350786,88.22965240478516,3477900
2016-03-31,88.10740989040356,89.2924603207835,87.95692410693312,88.87863159179688,5647100
2016-04-01,88.07920849458135,90.39287393747908,87.93812984581334,90.16715240478516,5276900
2016-04-04,90.29879758425149,90.38344044351295,88.84099726437384,89.39590454101562,4449900
2016-04-05,88.50241257489941,89.73449144315234,88.30490539194805,88.73754119873047,5378300
2016-04-06,88.77524938115894,89.37839277033598,88.43598032599232,89.2935791015625,3334200
2016-04-07,88.74698086401702,88.83180172541293,87.6820573578536,88.12499237060547,3046500
2016-04-08,88.67155906324774,89.20874091129924,88.04014462470793,88.38883972167969,2564000
2016-04-11,88.51134760711568,89.22758285598186,88.01187031686587,88.08726501464844,3858200
2016-04-12,88.36059417647438,88.57734501564217,87.77629586343215,88.454833984375,2673700
2016-04-13,89.05793168588345,90.23594665527344,88.9542657933745,90.23594665527344,3698600
2016-04-14,90.20770749748766,91.19723610933814,89.91556198208923,90.63179016113281,3292200
2016-04-15,90.7071815621493,91.70613627386669,90.60351563658975,91.11241912841797,4127600
2016-04-18,91.07475680660932,92.15853277885823,91.03705943826594,92.04544067382812,3079700
2016-04-19,92.35641026465856,92.50719969181796,90.80142844974647,91.64017486572266,3635900
2016-04-20,92.03600715883833,92.73339038772963,91.46113496514627,92.2621841430664,3627300
2016-04-21,92.30926732320711,92.44120444915691,91.7438214705602,91.92288208007812,2913600
2016-04-22,90.83913410815882,92.81819878525748,90.83913410815882,91.83808898925781,7176300
2016-04-25,91.21611143410983,91.7155889344198,90.98050829697969,91.39517211914062,3276100
2016-04-26,91.56478303371091,91.9888656950797,91.15954545483251,91.66844177246094,2929200
2016-04-27,91.64021907017707,92.93132720038713,90.98995912448451,92.71456909179688,5211900
2016-04-28,92.29986882958687,94.24123599017301,91.15955073691006,91.58363342285156,6261400
2016-04-29,91.25379691329267,92.03600095229368,90.54698759396227,91.40457916259766,5338500
2016-05-02,91.5553422445627,92.29984870939643,90.9333467713975,92.13963317871094,3813100
2016-05-03,91.42340848616377,91.92288579602695,90.39617546113291,90.8956527709961,3362100
2016-05-04,90.20772164426744,90.8391362656174,89.74594155298546,90.70719909667969,3187500
2016-05-05,90.79200613077539,91.25379337834214,90.43389201126682,90.65065002441406,2848600
2016-05-06,90.28309891397666,91.18781383610401,90.14173563457409,91.11241912841797,2042700
2016-05-09,91.23494489292486,91.64960866223396,90.94279934093139,91.15013122558594,1972600
2016-05-10,91.20664534936367,92.07366278866341,91.12183170836073,92.01712036132812,1903500
2016-05-11,92.01714972061912,92.20562933189633,90.81086295235787,90.85798645019531,2540600
2016-05-12,91.16900800816022,91.24440275425441,89.75538887406825,90.33026123046875,4216800
2016-05-13,90.08517423062858,90.73544091684042,89.66109163790252,89.86842346191406,3371600
2016-05-16,90.09461590719695,90.96163351168876,89.95325262189093,90.61294555664062,2273600
2016-05-17,90.45273338798108,90.74487889264552,89.77419539905137,90.09461212158203,3463300
2016-05-18,89.84017488406874,90.63179784062562,89.40666604737771,90.12289428710938,2469900
2016-05-19,89.66111609266419,90.00038513539316,88.66216123909335,89.24645233154297,2268900
2016-05-20,89.68940317283466,90.36794137826722,89.55746598733803,89.97212982177734,2446700
2016-05-23,90.00983673748286,90.21716867669996,89.51977811932638,89.60459899902344,2231800
2016-05-24,90.02864656002087,91.16896458897438,89.84016697458743,90.92394256591797,2446500
2016-05-25,91.2066505190358,91.31974257015052,90.60350729315938,90.8956527709961,2689500
2016-05-26,90.98049371948862,91.15955437582915,90.53755874224795,90.82970428466797,1738300
2016-05-27,90.97106395090829,91.58363342285156,90.8297006589159,91.58363342285156,2724300
2016-05-31,91.58362110272142,91.60246618376866,90.09460804877506,90.37733459472656,4028800
2016-06-01,90.37735409439124,90.98049747852187,89.76478457268587,90.85798645019531,2677500
2016-06-02,90.72600848365485,91.3008804321289,90.48098651777323,91.3008804321289,2662100
2016-06-03,90.66948954877151,91.04645591937012,89.84016928548293,90.4998550415039,2814800
2016-06-06,90.84853013484081,91.38570475758381,90.45271876861628,91.07470703125,2160700
2016-06-07,91.0275982847624,91.57419913043364,90.8862421953949,91.11241912841797,2394900
2016-06-08,91.08414823086221,92.34697723388672,91.00875352291102,92.34697723388672,4365200
2016-06-09,91.89462564506759,92.00771051976358,91.39514827506626,91.4328384399414,2044700
2016-06-10,90.4715956300661,90.55640929975182,89.43494336814555,89.72708892822266,4080700
2016-06-13,89.27474992588272,90.12291552491394,88.73757502447872,88.7658462524414,3082200
2016-06-14,88.4642451194941,88.89775391434725,87.97418669746169,88.69042205810547,5338200
2016-06-15,88.92604752859451,89.05798470851526,87.96478271484375,87.96478271484375,4025900
2016-06-16,87.57836444423945,88.67155883758237,86.74904431170228,88.66213989257812,4976200
2016-06-17,88.56791513271992,88.78466594512628,87.35220234780303,87.91764831542969,6941700
2016-06-20,89.05796637777932,89.6988070583637,88.82236329212381,88.9166030883789,4949500
2016-06-21,89.22759021234063,89.81188838327677,89.02968450687067,89.63282775878906,4203000
2016-06-22,89.7459308261495,89.88728692594692,88.64330291748047,88.64330291748047,2876700
2016-06-23,89.67053174749296,90.19828033447266,89.16162824289027,90.19828033447266,2992400
2016-06-24,86.21187974942353,87.76685428124522,85.89145583090284,86.20245361328125,8356800
2016-06-27,85.07155038994628,85.57103492058461,83.70505550753921,83.94065856933594,7444800
2016-06-28,85.0809839915971,85.28831585457743,84.55323538767294,85.21292114257812,4820400
2016-06-29,85.79722161664611,86.89984234580463,85.61816096847936,86.82444763183594,3987900
2016-06-30,87.27680970344531,87.39932072249029,82.54589560442214,82.98883056640625,12706800
2016-07-01,84.02549778146525,84.32706947889834,83.18674408325444,83.73334503173828,8342100
2016-07-05,83.04538526472412,84.1951223806214,82.85689846618966,83.1584701538086,7077000
2016-07-06,82.31790972720944,82.71457528370556,81.83624029114958,82.00624084472656,9412800
2016-07-07,82.11956159759106,83.41345497177693,82.11956159759106,82.9317855834961,4707200
2016-07-08,83.51739180367358,83.76294987453656,83.05461510537916,83.64016723632812,5621800
2016-07-11,84.10290144179017,84.34845216199756,83.70622872924432,83.81956481933594,5274700
2016-07-12,84.13126386854694,85.07571000841239,83.93293104384146,85.00015258789062,6122200
2016-07-13,85.4345793936287,85.52902254709991,84.66013400628361,85.32124328613281,3996900
2016-07-14,86.24680012630982,86.55846900562874,85.4818012457547,86.36957550048828,4240100
2016-07-15,86.91737593209562,86.91737593209562,85.68015381125784,85.87848663330078,3262400
2016-07-18,86.11457257194719,86.54901679667047,85.79345723725174,86.51123809814453,3407300
2016-07-19,86.14291710629148,87.27625660740027,86.14291710629148,87.24791717529297,3423800
2016-07-20,87.41791843978149,88.2490355216895,87.03069933116157,88.11681365966797,3794100
2016-07-21,87.83348041743335,88.46625752551694,86.91736661933103,87.32347869873047,4305900
2016-07-22,87.51238670351843,88.45683288574219,86.99293842107434,88.45683288574219,4348200
2016-07-25,88.40013933352442,88.40013933352442,87.3990289339469,87.8334732055664,3773500
2016-07-26,87.62569456451708,88.46625088814297,87.59736233875115,88.23958587646484,4469600
2016-07-27,88.33402981716394,89.06125724419951,87.59736311848958,88.54180908203125,5696800
2016-07-28,89.72238452862763,91.13905375802702,89.30682591556041,90.67627716064453,5209400
2016-07-29,90.73291986340138,90.76125208830604,89.83569911551812,89.94902801513672,4364100
2016-08-01,89.9395745608943,90.16623952993827,89.20290080178991,89.78845977783203,3512100
2016-08-02,89.75070156360881,90.09070269753937,89.25014634019746,89.95848083496094,3948600
2016-08-03,89.78846612166008,90.14735294846524,89.51457596217062,89.79791259765625,3006100
2016-08-04,89.80738769658291,90.71406240963303,89.53350463337831,90.58184051513672,2875600
2016-08-05,90.94070512993721,91.55459646379254,90.75181160883885,91.4979248046875,2632200
2016-08-08,91.61123685746513,91.70567999043516,91.26178933937194,91.40345764160156,2873000
2016-08-09,91.261792831395,91.74346219518657,91.18624264545764,91.3279037475586,1937100
2016-08-10,91.34679341522875,91.44123654841827,90.88401701871565,90.94068145751953,2004700
2016-08-11,91.13902617531247,91.53569171016315,90.82735730983688,91.1673583984375,2971100
2016-08-12,90.62902131637719,91.05402626477454,90.20402357352972,90.78013610839844,1988600
2016-08-15,90.95961483849423,91.19572639789688,90.73294975902253,91.0823974609375,2081200
2016-08-16,90.85569552611511,90.91236718165356,90.15680755591286,90.30792236328125,2866200
2016-08-17,90.46848030927745,90.7329240279259,89.75069935469527,90.27958679199219,4054700
2016-08-18,90.00571064973249,90.54404460524057,89.78848488971452,89.97737121582031,3134200
2016-08-19,89.89234368212146,89.99623328749298,89.16512365006982,89.93012237548828,3090800
2016-08-22,89.90182439537045,90.6195982260526,89.67515214884287,90.46849060058594,2390800
2016-08-23,90.66679132738548,91.3845721096144,90.65734485240178,90.94068145751953,3099700
2016-08-24,90.94069655077169,91.11069710094716,90.0906937998943,90.22291564941406,2008100
2016-08-25,90.16625788717194,90.48736605823052,90.03403602784772,90.27958679199219,1983000
2016-08-26,90.51568937133429,91.61125004705598,90.44957844818214,91.1106948852539,3123100
2016-08-29,91.09178881780622,91.4695685552355,90.88401680749183,91.40345764160156,2590200
2016-08-30,91.41291385703266,91.79069363471613,90.98790890505755,91.69624328613281,2634100
2016-08-31,91.43182615056301,91.69626991005744,90.78960250369708,91.26182556152344,3499300
2016-09-01,91.29957241182004,92.27235041860303,91.14846483293167,92.1968002319336,4198100
2016-09-02,91.98903624982347,92.6501455274194,91.96070402443375,92.45181274414062,2572400
2016-09-06,92.376251066885,93.41514732012939,92.2629221705677,93.30181121826172,3879300
2016-09-07,93.01846422051709,94.06679962815467,92.8012457230352,94.03846740722656,4198200
2016-09-08,93.92511980581193,95.07734468599382,93.86845537090092,94.4256820678711,4605400
2016-09-09,93.57571516943368,94.15182782902738,92.69738006591797,92.69738006591797,5458500
2016-09-12,92.12125899457051,94.74681758743934,92.07403381476463,94.5484848022461,4264300
2016-09-13,93.83069816723386,94.5012538875897,93.48125779785917,93.86847686767578,4732200
2016-09-14,93.82124031274442,94.09513045357009,92.91457322874363,93.22624206542969,4400300
2016-09-15,93.09404316810917,94.27460068378751,92.9807070526056,93.94404602050781,3485700
2016-09-16,93.54735777975202,94.15180250501852,93.11290637826407,93.84013366699219,4498800
2016-09-19,94.39737701623842,94.8129355716929,93.89682177746897,94.14237976074219,3056900
2016-09-20,94.68072173284212,95.31349889189873,94.45405668589908,94.90738677978516,3848700
2016-09-21,95.20960797351756,95.68183101825169,94.41627671702912,95.63461303710938,3251900
2016-09-22,95.92739772970428,96.55073566402008,95.87073326496738,96.44684600830078,3390600
2016-09-23,96.2579026803471,96.42790319221253,95.62512579945034,96.0123519897461,2759400
2016-09-26,95.21903814111829,96.1729305456357,95.15292721440227,95.54015350341797,3468900
2016-09-27,95.38904333180369,96.00293465574232,94.97348479765122,95.81404113769531,3547700
2016-09-28,95.795154873461,95.93682320984661,95.2284887334695,95.87071228027344,3629500
2016-09-29,95.93681988736687,96.62626138538869,95.00181322293355,95.02070617675781,3010000
2016-09-30,95.18124972900544,96.55070050777042,95.08680658698196,96.11624908447266,5503900
2016-10-03,95.7573924815405,96.69239213207354,95.61572412102286,96.22016906738281,3696700
2016-10-04,96.36183128565071,96.53183186632536,95.42683169471597,95.59683227539062,2881900
2016-10-05,95.87122111842261,97.1486194860877,95.87122111842261,96.89314270019531,3768100
2016-10-06,96.89315292472638,97.62174082879301,96.5335838751772,97.40411376953125,3875600
2016-10-07,97.50819366757159,97.92452649699244,96.49573627429272,96.75121307373047,4225600
2016-10-10,97.17700648042323,97.81098077197073,97.03507894114558,97.12969970703125,2376500
2016-10-11,97.0256036453038,97.11076015916905,95.39810066871559,95.89959716796875,3412900
2016-10-12,96.0983220532626,96.42950559072624,95.61575394040854,95.9090805053711,3467800
2016-10-13,95.3318796803947,96.03208203585501,94.4140430584403,95.23725891113281,3657400
2016-10-14,95.66308035519477,96.70392352046319,95.38867500105152,95.45491027832031,3280200
2016-10-17,95.5305605096347,95.81442996237752,95.2088485343529,95.42647552490234,1975500
2016-10-18,96.30650020181777,96.62821952326294,95.62521902144248,96.25919342041016,2623700
2016-10-19,96.32541928673166,97.3189482285419,96.16455603216048,97.20540618896484,3305200
2016-10-20,97.26217124037582,97.81098179499516,96.84583120320228,97.03507995605469,2945300
2016-10-21,96.63768088620954,97.46089688596818,96.47682482781747,97.31896209716797,3018800
2016-10-24,97.6028286486483,98.33141662054851,97.42304410713525,97.64067840576172,2565600
2016-10-25,97.64066194945013,97.6879687235416,96.78906060568401,97.34732818603516,4869300
2016-10-26,97.04453445511295,97.89613577304308,97.01614894769888,97.6690444946289,3356000
2016-10-27,97.64064771565911,98.69095468334278,97.64064771565911,98.02859497070312,5096100
2016-10-28,99.4006439566069,102.03114049000102,98.98430388285448,101.15115356445312,9282800
2016-10-31,101.62427091786498,103.0719898028019,100.7442839381245,101.26470184326172,5820000
2016-11-01,101.2457928388217,101.35934212125659,99.15464228292913,99.31549835205078,7076500
2016-11-02,98.67202259172784,99.35330354250394,98.4070816040039,98.4070816040039,3527500
2016-11-03,97.95292428509268,98.84237551149046,97.94346726033308,98.19894409179688,3127300
2016-11-04,98.31248129845685,98.81397787509405,97.48926544189453,97.48926544189453,3067200
2016-11-07,98.9559043934329,100.32792348760752,98.90859040297114,100.26168823242188,3067500
2016-11-08,100.0535357903503,100.74428118921186,99.85482998990857,100.01568603515625,2864300
2016-11-09,99.26816124124518,100.72533688228921,98.27462517597726,100.47932434082031,4775000
2016-11-10,100.92404632002525,101.37822885683661,96.94044517611407,98.88020324707031,6584300
2016-11-11,98.27465105653857,99.41011495663851,98.08540947955639,98.99378204345703,3300300
2016-11-14,99.37225992500919,99.44795943942702,94.96286788716414,95.70092010498047,7106800
2016-11-15,95.9280216835609,97.45144028332955,95.9280216835609,96.9688720703125,4633100
2016-11-16,96.92151344932286,98.4070816040039,96.92151344932286,98.4070816040039,4567900
2016-11-17,98.78560185052682,99.58988929890647,98.16109171611973,98.8329086303711,3096800
2016-11-18,99.02215057831593,99.44794766306418,98.70043128968878,99.14515686035156,3275000
2016-11-21,99.14516137106386,100.29955361489547,99.0600048378808,100.24278259277344,2650800
2016-11-22,100.29954214269956,100.42254841626212,99.10730028078693,100.23330688476562,4570100
2016-11-23,99.92106076405749,100.2143945488467,98.68151201837173,98.9369888305664,4952300
2016-11-25,98.99374515917052,100.04405212402344,98.90858142788748,100.04405212402344,1566900
2016-11-28,99.75074438765127,99.75074438765127,97.50820235349485,97.80152893066406,5401700
2016-11-29,98.10432298084838,98.75721864221069,97.78260366253113,98.2367935180664,3356600
2016-11-30,97.97185239349263,98.67205483544429,95.92800887328413,96.70391082763672,6889200
2016-12-01,96.82692070389122,97.0634762569336,94.15857435433729,94.79254150390625,5452100
2016-12-02,94.85876049202125,95.70089753881133,94.45188472184503,95.66304779052734,3981100
2016-12-05,96.39163944766467,98.0948347463976,96.32540419525452,97.98129272460938,5427900
2016-12-06,98.23680333002224,98.38820237002345,96.32543737418018,96.51467895507812,4975200
2016-12-07,97.47981824864515,99.89268800324314,97.10133510362081,99.58989715576172,5423500
2016-12-08,99.52363152974453,99.81695804340767,98.27461876243237,99.18299102783203,3024700
2016-12-09,99.17354995149358,99.44795526541368,98.40711225271512,98.7950668334961,2541000
2016-12-12,98.72880790942538,98.78558614295416,97.61227279048146,97.72581481933594,3827700
2016-12-13,98.0002350594496,98.97484279122006,97.40411765958777,97.76367950439453,4297700
2016-12-14,97.3757172715659,99.20191894725649,97.3757172715659,97.72581481933594,3515800
2016-12-15,98.81398075561285,100.02514396900968,98.40710493682151,98.73828125,3774100
2016-12-16,99.18300794837074,99.18300794837074,97.50819787749727,97.86775970458984,4659700
2016-12-19,98.1232622559216,98.5963734668356,97.8867066504646,97.97187042236328,2980900
2016-12-20,98.45440589628133,98.9369739376866,97.60280461865257,98.91805267333984,2354400
2016-12-21,98.86128112674352,99.32492790129551,98.31247061533844,98.56794738769531,1952500
2016-12-22,98.8139810825254,99.12623612988482,97.61228210813006,98.70043182373047,2463900
2016-12-23,98.69095593826516,99.50470742301795,98.416550696281,99.07890319824219,1610700
2016-12-27,99.25869088714087,99.95889315738512,99.06944215254711,99.16407012939453,2160700
2016-12-28,99.06946016649368,99.14515967409574,97.97184618267337,98.10431671142578,2552300
2016-12-29,98.22731813571691,98.75720744360491,97.87722056381278,98.18946838378906,2858600
2016-12-30,98.27464488887433,98.46388645397981,97.44197189566604,97.69744873046875,3834700
2017-01-03,98.79505741676681,100.24277614051466,98.51118788622321,99.72235107421875,4711300
2017-01-04,99.67502024339575,101.00919670485308,99.22083773416406,100.6685562133789,3299000
2017-01-05,101.50297132644219,102.5459709564736,100.94353971442368,101.44607543945312,3262200
2017-01-06,101.75899043861529,102.50805581168872,101.33231101927318,102.17619323730469,3044600
2017-01-09,102.1762141429879,102.54600497782825,101.74952740228233,101.97709655761719,2500700
2017-01-10,101.97707267436192,102.9442160388073,101.37971282408971,101.75898742675781,3162200
2017-01-11,101.49350460090731,102.26153048129511,101.29438704799425,102.22360229492188,2499000
2017-01-12,102.09083910508149,103.21917893833412,101.74949272248507,103.07695007324219,3288500
2017-01-13,103.00107135622846,103.73117599599318,102.90625454476861,103.06744384765625,4661900
2017-01-17,102.62183067491839,103.21918325239828,102.03395471719627,102.78302001953125,2898200
2017-01-18,103.0769534455607,103.56052870906996,102.3184115303545,103.02954864501953,2652300
2017-01-19,103.20022252869488,103.70276553824058,102.71665446213149,102.90628814697266,1885300
2017-01-20,103.57948376187092,104.30010469255642,103.26658894567919,104.26217651367188,4173300
2017-01-23,103.97775424076981,104.28117252012787,103.47521115971401,103.94930267333984,3678200
2017-01-24,104.11996535109824,104.42338359969334,103.52261270875651,104.2242660522461,2899600
2017-01-25,104.92592514390077,105.31467637844156,103.73121264207441,104.48027801513672,3848300
2017-01-26,104.27164311228483,104.60350558003324,103.3519048201969,103.71221160888672,2568700
2017-01-27,103.89238555936052,104.14839172363281,103.27606531359187,104.14839172363281,2591600
2017-01-30,103.70274792907631,103.88289772886681,102.4985518092222,103.6363754272461,4304400
2017-01-31,100.47895839581732,101.55040263197525,100.03331120739597,100.82030487060547,6470200
2017-02-01,101.10472412245193,101.21850865681967,98.6204899449356,99.55918884277344,6149100
2017-02-02,99.48335415831978,100.02381815469751,99.18941975641351,99.69195556640625,4112000
2017-02-03,100.80134429683409,101.96761270729274,100.12813515556851,101.05735778808594,7132600
2017-02-06,101.05732635887064,101.09525453963299,100.21344423057542,101.06680297851562,3445100
2017-02-07,101.45556088754337,101.5977897561605,100.54530625607887,101.07628631591797,3204800
2017-02-08,101.0288893809318,101.36075194416699,100.31775221654436,101.19007873535156,2993600
2017-02-09,101.19006538514662,101.96757495960271,100.98146402033102,101.7400131225586,2679200
2017-02-10,101.97706036401219,102.06239334142917,101.64519060545153,101.71156311035156,2078400
2017-02-13,102.11928745430366,102.71664726441084,101.96758196387354,102.66923522949219,2337100
2017-02-14,102.4132219202067,103.55103833843889,102.17617623023662,103.2381362915039,2336800
2017-02-15,103.3519180906672,104.35698947463132,103.13383287868207,103.97772216796875,2920000
2017-02-16,104.06305476271746,104.48973409818882,103.24761703505472,103.6363754272461,2146400
2017-02-17,103.57949464080369,104.30011564717586,103.3329723032526,103.75016784667969,2850900
2017-02-21,103.77861180201837,104.52767713433192,103.67431110802148,104.45182800292969,3117200
2017-02-22,104.11048092983619,104.6888730532067,103.50364447811322,103.76913452148438,3049300
2017-02-23,104.13891979445023,105.011246243777,103.92083456508816,105.00176239013672,4162200
2017-02-24,104.81211259926413,105.24827575683594,104.48972673163128,105.24827575683594,2471700
2017-02-27,104.67940967848556,105.23883420302582,104.07257310804144,104.8405990600586,2361200
2017-02-28,104.77418000412068,105.12501017943656,104.29060484010351,104.73625183105469,3367200
2017-03-01,105.64652015382312,107.06879427727489,105.03968377320852,106.49040222167969,3218700
2017-03-02,106.38610979937714,106.4714500151206,105.53275104630761,105.56119537353516,2690800
2017-03-03,105.52327937547356,106.0447756476618,105.21037727172362,105.94995880126953,2938200
2017-03-06,105.38104399609462,105.99736431076393,105.25778282678526,105.58964538574219,2175800
2017-03-07,105.59913904081657,105.9120339202669,105.00177914519107,105.21038055419922,2474200
2017-03-08,105.52325867719989,105.67496415485829,105.04916730416946,105.22932434082031,2355400
2017-03-09,105.32415297240995,105.59912686767146,104.91643405654784,105.04917907714844,3195400
2017-03-10,105.6749877265625,105.76981180956811,104.87851751456085,105.44742584228516,2735400
2017-03-13,105.52325452066071,106.0068297276407,105.37154181491799,105.75081634521484,3123000
2017-03-14,105.5611790527942,105.69392404870634,104.42335550118489,104.76470184326172,2891400
2017-03-15,105.30517661797293,106.59470576997984,104.76471272588626,106.2154312133789,3305500
2017-03-16,106.30077652750343,107.1162143314174,105.79824079035988,106.83175659179688,2746400
2017-03-17,107.00241994432483,107.61874016742608,106.91708697072596,106.98345947265625,4119200
2017-03-20,106.97400976669634,107.13519914654272,106.05427106488916,106.58525848388672,2435400
2017-03-21,106.58525064826429,106.92658986058437,104.70784519316325,104.97333526611328,3734000
2017-03-22,105.23881690239902,106.11115065881076,105.04918321808333,105.67498016357422,2576200
2017-03-23,105.54223343476191,106.62316133285503,105.5043052516985,105.81720733642578,3107000
2017-03-24,106.16804452644814,106.64213599456012,105.88358675195626,106.17752838134766,3221900
2017-03-27,104.96384303950069,106.48094145089613,104.61301999996611,106.13959503173828,2724200
2017-03-28,106.01632382743385,106.9076180354896,105.69394512566288,106.64212799072266,2986100
2017-03-29,106.2249126084675,106.50937032785058,105.7413373791404,106.25335693359375,1783800
2017-03-30,106.19647583857997,106.86020091894676,105.78875693662299,106.83175659179688,2029400
2017-03-31,106.78435686729385,107.31533695682775,106.61368366222065,106.64212799072266,2507700
2017-04-03,106.86022797577314,107.11624145306595,105.58966614763526,106.42406463623047,3170100
2017-04-04,106.41455919359394,107.00242790182037,106.10165713234142,106.28180694580078,2169700
2017-04-05,106.64284113016338,107.52638567177465,106.31032592596297,106.47183227539062,2486600
2017-04-06,106.47183269194842,106.98485925827384,106.12981498106481,106.81385040283203,2238500
2017-04-07,106.57633076724923,107.11785756211067,106.25331084229842,106.63333129882812,1995100
2017-04-10,106.68084268911984,107.4218786352721,106.68084268911984,106.70934295654297,1862800
2017-04-11,106.31030993824511,106.94683998317241,105.90178924929583,106.50981903076172,2045800
2017-04-12,106.07282619616363,106.69035864524123,105.78780898942361,105.90181732177734,2651200
2017-04-13,105.67379388701035,106.58583867998534,105.46478226289963,105.66429138183594,2690300
2017-04-17,106.18680305216328,107.10835026229779,105.95879368776812,107.0418472290039,1731200
2017-04-18,106.87082987691788,107.51686239812658,106.5003119711953,106.89933013916016,2141000
2017-04-19,106.87083850499246,107.50737582236803,106.50982307363337,106.68083190917969,2242400
2017-04-20,107.26036849818229,109.16046357432977,107.04185437517883,108.8659439086914,3459600
2017-04-21,109.06545140884536,109.83498753270993,108.31491304495225,108.56192016601562,4067400
2017-04-24,110.01548172131467,110.19598578191194,109.25544097176201,109.92047119140625,3207800
2017-04-25,110.53802161275523,110.66153242267835,110.10100064663467,110.32901000976562,2873700
2017-04-26,110.25302621031089,110.73754526460354,110.15801565225703,110.36702728271484,2202700
2017-04-27,110.69004760130856,111.45008133024697,110.3195296181899,111.25057220458984,3350800
2017-04-28,110.95606793592445,111.50709732255842,110.27203245572896,110.5095443725586,3536000
2017-05-01,110.71852841831992,111.43106399118241,110.41451353049673,110.55702209472656,3556600
2017-05-02,111.94408986904047,113.73017641932265,111.7730810425453,112.2196044921875,6802600
2017-05-03,112.2671145073342,112.60913219686033,110.72804215275404,111.46907806396484,3640900
2017-05-04,111.67808910655731,112.18161313347393,111.06055676762116,112.02960205078125,2560400
2017-05-05,112.36211812526899,112.46662393337749,111.3455675586305,111.63058471679688,2335900
2017-05-08,111.83010803341632,111.83010803341632,110.57604542510438,110.7850570678711,2562400
2017-05-09,110.80401316598412,111.0700324965667,110.24348874232776,110.59500885009766,2350700
2017-05-10,110.31003248466287,110.93706016036536,110.21502916995502,110.82305908203125,1812500
2017-05-11,110.75654305669237,111.04155296741393,109.99650213152663,110.70903778076172,2239000
2017-05-12,110.51902671753545,111.36456840733958,110.34801787868254,111.27906036376953,3195200
2017-05-15,111.4975985397471,112.63765287928524,111.24108160196336,112.30513763427734,2998200
2017-05-16,112.35263720338034,112.64714965565052,111.82060559014243,112.5711441040039,2375700
2017-05-17,111.43107453917389,112.02010661121413,110.82304470597181,110.9655532836914,4195000
2017-05-18,110.13901266466,110.82304805978501,109.77799720536073,110.43352508544922,5088400
2017-05-19,111.07954631839353,112.0010935063117,110.69003063228737,111.70658111572266,4360500
2017-05-22,111.91560229275889,113.15065973675311,111.7065906757616,113.05565643310547,2578200
2017-05-23,113.09366233173836,113.93920407967381,113.02715929251717,113.62568664550781,2857100
2017-05-24,113.62567222842517,114.68972796924196,113.55916919764205,114.67072296142578,2509000
2017-05-25,114.9747364445204,116.36181206665253,114.90823341455132,115.82978057861328,4689200
2017-05-26,115.8203025498196,115.98180889686832,115.25977071532013,115.55428314208984,2141600
2017-05-30,115.23125504628422,115.70627876702166,114.98424068198045,115.57327270507812,3405500
2017-05-31,115.81079403809291,116.83684709839976,115.0982583987055,116.74183654785156,4708500
2017-06-01,116.66583568264966,117.2358627319336,116.01030058941518,117.2358627319336,3279000
2017-06-02,117.22636957959986,119.04096392517376,117.18836680684416,118.94595336914062,3731900
2017-06-05,119.26897472109043,119.88650710115539,118.99346005157568,119.61099243164062,4617400
2017-06-06,119.26896490533731,119.6489853578163,118.73694062083906,118.98394775390625,2712100
2017-06-07,119.21196943147697,119.59198265178932,118.53742929436116,118.93645477294922,3219700
2017-06-08,118.75594823386184,119.13596871786777,117.8629011836911,118.52793884277344,3332400
2017-06-09,118.67993128494327,118.69893629387593,115.63027969709485,116.89384460449219,3556700
2017-06-12,115.88678111644005,115.99127965847741,114.1956907131526,114.72772216796875,6574200
2017-06-13,115.18375532379822,116.5803262897711,115.04124675105439,116.20980834960938,3938200
2017-06-14,116.71332875925724,117.0078484000562,115.6777805092716,116.38081359863281,2940000
2017-06-15,115.02226688189297,115.55429123805172,113.9012103826383,115.35478210449219,3492600
2017-06-16,115.42128194516623,116.09581487751198,114.68974847575373,115.86780548095703,3804900
2017-06-19,116.50433182834941,116.96986036012721,116.15281886355172,116.94135284423828,2547100
2017-06-20,116.7513267622473,117.58736588173595,116.5423151703035,116.7893295288086,3015300
2017-06-21,117.3688823367059,117.3688823367059,116.32383141778973,116.95085906982422,2384100
2017-06-22,116.7323635981683,117.34988880501228,116.18133419215518,117.14088439941406,2160600
2017-06-23,117.50187412850369,118.75593652831117,116.96984985230874,117.81539154052734,3381500
2017-06-26,117.96739345459656,118.3569163992621,117.03635098637385,117.34986114501953,2376700
2017-06-27,117.32137664573077,117.34038165686133,116.60884094238281,116.60884094238281,2516400
2017-06-28,117.03633684796097,118.63241670610327,116.44730487411918,118.57540893554688,2574900
2017-06-29,118.38539951317924,118.45190253698934,115.14573460745027,115.44025421142578,4147400
2017-06-30,115.69676473953707,116.30479446165751,115.15523804176463,115.38324737548828,3574000
2017-07-03,116.14330558839573,116.2003061183124,114.68973408922396,114.74673461914062,2314200
2017-07-05,115.29877424517989,116.2695951378011,115.27974181620357,116.09827423095703,3856500
2017-07-06,115.4891140903876,115.8127234372977,114.832390075461,114.97515869140625,2702600
2017-07-07,115.53670733650515,116.80257794433287,115.23213767446897,116.30764770507812,2119000
2017-07-10,116.26961868443979,117.2499523593268,115.94600923419137,116.8121337890625,2886900
2017-07-11,116.88825693078651,118.69664281907595,116.59320705702086,118.23979187011719,3885700
2017-07-12,118.97265341915997,119.68648933967492,118.59193947591575,119.23915100097656,2770400
2017-07-13,119.56274389746896,120.30513199053041,119.32479862346139,119.41997528076172,3330900
2017-07-14,119.50563235020427,121.38064227524777,119.50563235020427,120.8857192993164,2690800
2017-07-17,121.1236603874646,121.42823003786025,120.43837685869607,121.28546142578125,2291700
2017-07-18,120.98092263799418,121.98029591597704,120.87622611319541,121.57102966308594,3732800
2017-07-19,121.57100815214687,122.0849708388955,121.40919983966972,121.86605072021484,2550400
2017-07-20,122.20868268558893,122.62746867701236,121.7708715294837,122.27531433105469,2350300
2017-07-21,122.33245787155039,123.9219310108046,122.13259191748746,123.03678131103516,4375500
2017-07-24,123.15095253376501,123.63635565301766,122.39905187574307,123.27468872070312,3065400
2017-07-25,123.73154884462036,123.90286247965962,122.98916071339487,123.71250915527344,2476000
2017-07-26,123.65540767421206,124.85464671828485,123.5031192017186,124.67382049560547,3547800
2017-07-27,125.63514106540036,125.82549443513564,120.4479354942003,122.71316528320312,4914500
2017-07-28,122.74172866371809,123.72206228740441,121.17128073036322,121.74235534667969,5257900
2017-07-31,121.82801816870418,122.25631689047223,121.25695078584152,121.63766479492188,3347500
2017-08-01,122.45620495574015,123.71254891892481,122.30391643807158,123.24618530273438,4010500
2017-08-02,123.48408127596298,124.31212615966797,122.95107167730896,124.31212615966797,3578600
2017-08-03,124.11227242351279,124.27408802049338,123.00821718225801,123.62686920166016,2568100
2017-08-04,123.94092540928126,123.96947767799843,123.19853737658329,123.56021881103516,2208100
2017-08-07,123.72202952637139,124.20743265558629,123.30324352170273,124.09322357177734,1585600
2017-08-08,123.85530174072522,124.02661539886336,123.06532154113015,123.57927703857422,2062800
2017-08-09,122.86545335181445,123.76013016172688,122.56089086592597,123.46508026123047,1789900
2017-08-10,122.9415647989798,123.16999749471576,121.43774889552942,121.5138931274414,2590400
2017-08-11,121.98028448226353,123.17952358961521,121.69474721202869,122.35147857666016,2484300
2017-08-14,122.99869857677089,124.95936581468183,122.77979293488598,124.76901245117188,2793300
2017-08-15,125.0830707299897,125.6255929293905,124.63573245003617,125.23535919189453,2155600
2017-08-16,125.79695130392201,126.2347771568804,125.45430940426873,125.9873046875,2000700
2017-08-17,125.78740103199557,126.11100313943044,124.51201776879142,124.56912231445312,2673000
2017-08-18,124.26453931050474,125.60655416018726,124.07418599324409,124.81657409667969,3167300
2017-08-21,125.0165011277232,125.7208101164669,124.80710804376355,125.57804870605469,1807600
2017-08-22,126.12050664248915,127.76709838000158,125.90160105887041,127.34831237792969,2180100
2017-08-23,126.75821592765494,127.04375319830376,126.27281273367215,126.65353393554688,2006400
2017-08-24,126.80581386875627,127.02473401628626,125.61608728751327,126.54884338378906,2046600
2017-08-25,126.87241282430082,127.15795003480177,126.16808964146858,126.34893035888672,2215500
2017-08-28,126.72963857096131,127.53865825717618,126.31086711632436,127.3958969116211,2154700
2017-08-29,126.68204396575996,127.7385213487378,126.33940225984757,127.3863525390625,2122000
2017-08-30,127.47203404361322,127.76709838000158,127.04373545895854,127.34831237792969,3224500
2017-08-31,127.72904915373357,128.01458645191266,126.85341208953989,126.87245178222656,4374700
2017-09-01,127.38639050339924,127.44349505089922,126.72014657751889,126.8153305053711,2446600
2017-09-05,126.43462695986233,126.52028379306498,125.33055714403805,126.26331329345703,2726500
2017-09-06,126.57737691477932,127.2150685251249,126.19665575134566,126.48219299316406,3652100
2017-09-07,129.51835673956106,131.95491371034942,129.10908336859458,129.9466552734375,7269000
2017-09-08,129.65164282382938,131.09835438790068,129.49935433855254,130.60342407226562,4451300
2017-09-11,132.64022816351059,135.14341735839844,132.46889999611622,135.14341735839844,5457600
2017-09-12,135.78110605036832,136.59963844262944,134.97208624157682,135.55267333984375,3775000
2017-09-13,135.17196150216097,135.27665800843013,132.81153381955258,133.34454345703125,3613800
2017-09-14,132.77344311708572,134.96254221645268,132.64970694566603,134.64845275878906,4179400
2017-09-15,135.45752776813302,135.8096822178326,133.06854730138193,134.75320434570312,6152500
2017-09-18,134.8293205370623,134.85787280958084,133.73476350608297,134.58184814453125,2843500
2017-09-19,135.08631399893713,136.66627445487364,135.02920944417343,135.61932373046875,4179000
2017-09-20,135.39087549873463,136.17134305262815,134.60089536114555,135.38136291503906,2749700
2017-09-21,134.85786130413615,135.32422473083628,134.38197077205749,134.88641357421875,2835300
2017-09-22,134.67703894749735,135.53363621286368,134.67703894749735,135.04823303222656,1860400
2017-09-25,135.21957059195347,135.2481228679138,131.76459997045956,131.88833618164062,5541200
2017-09-26,132.3166187280306,132.6592605208505,131.10785260849542,131.6979522705078,3162600
2017-09-27,132.10725758654837,133.42070600671624,131.86931224310106,132.935302734375,3716800
2017-09-28,132.71634891239242,133.4492243706448,132.14527448619103,133.439697265625,2732000
2017-09-29,134.0393403747437,134.90546470210165,133.64910661982051,134.39149475097656,2603200
2017-10-02,135.05771233809642,136.03804556449774,134.64845349658077,134.98158264160156,2300700
2017-10-03,135.14341532322393,136.27602273098609,134.8673906474199,136.12374877929688,2514500
2017-10-04,135.8477411367891,136.10472615471846,134.50574053878043,135.2386016845703,3245700
2017-10-05,135.89636786632565,137.05934301731702,135.77243975408052,137.03074645996094,2723000
2017-10-06,136.7924389576691,137.05934987003977,136.09656511795657,136.81150817871094,3067400
2017-10-09,136.77332760116647,138.39386179719784,136.22043672571118,137.79331970214844,2557700
2017-10-10,138.01257458710623,139.52825002588608,138.01257458710623,138.84190368652344,2593400
2017-10-11,138.79423796502144,140.2431782673852,138.79423796502144,139.98580932617188,3341900
2017-10-12,139.9667253069422,141.23455884656957,139.5949556634084,139.8809356689453,3226200
2017-10-13,140.61493280156748,141.510996695906,140.4052151009543,140.452880859375,2337300
2017-10-16,141.1201897080587,141.1201897080587,138.37481885875118,139.38526916503906,2590100
2017-10-17,139.49007611442093,139.61400415905868,138.72746772799923,139.1087646484375,3002400
2017-10-18,139.01350101608367,139.90956512293963,138.79425593000744,139.35667419433594,2525900
2017-10-19,138.5940554723906,139.28992911419462,137.8981818305866,138.20321655273438,4169900
2017-10-20,138.82283270173613,138.91814968205452,137.81238252795964,138.5845184326172,3547300
2017-10-23,139.1755236691539,139.65215217487017,138.50824667026063,138.75608825683594,2514500
2017-10-24,139.35663290206966,139.64261289013396,138.55590057192674,138.98486328125,2918400
2017-10-25,139.65213843719496,140.10969768491884,138.42244341345386,139.404296875,3439700
2017-10-26,140.12878443272464,140.4814848818235,139.50917317692162,139.73794555664062,2574900
2017-10-27,139.96669150579274,141.57769775390625,139.23267972946866,141.57769775390625,3491900
2017-10-30,144.22783135544807,144.3994106863415,141.63497035456638,141.9876708984375,6555700
2017-10-31,143.5890830922558,144.8950403141975,139.3184819575712,141.81602478027344,7613700
2017-11-01,142.9408852807271,144.40890921691295,141.82557632807936,141.93043518066406,4531700
2017-11-02,141.3966816542576,142.2355528787787,140.5768796518087,141.32041931152344,3883600
2017-11-03,141.47291109425365,142.3785025670796,140.8056339324635,142.311767578125,2338700
2017-11-06,142.23549971368462,143.42707110060275,141.997185436301,143.07435607910156,3142900
2017-11-07,143.28408013691742,143.4461321072316,141.95905327794873,142.95997619628906,2683400
2017-11-08,142.48334762046508,143.21735969998795,141.27270696511823,142.95997619628906,3786800
2017-11-09,142.29271290603901,142.86465852519433,140.69123317219146,142.311767578125,2716400
2017-11-10,142.03534204678184,142.75981238055445,141.75890382136478,142.5500946044922,1795900
2017-11-13,141.80650238983745,143.17919476136925,141.78744772312797,142.6930389404297,1750500
2017-11-14,142.302191801683,143.45563907449963,142.08294678291648,142.9408721923828,3062300
2017-11-15,142.3880180139787,142.52147343519343,141.17739188779854,141.39663696289062,3058100
2017-11-16,142.03525213643852,143.50326109405125,141.65395526435668,143.30308532714844,2715400
2017-11-17,142.34987441823682,142.53099558171166,141.34895162493513,142.0543670654297,3186400
2017-11-20,142.3784890516213,143.26501122265583,142.25456096707032,142.5691375732422,2048700
2017-11-21,142.95995911017556,145.4956263214363,142.92182068315992,145.3812255859375,3999000
2017-11-22,145.28595781040588,145.41941325905896,143.89419566397825,144.18017578125,2658600
2017-11-24,144.32311881882973,145.84833599384774,144.13247030833972,145.60049438476562,1577500
2017-11-27,145.91507945836824,146.74440852728193,145.58143363644558,145.8197479248047,3260200
2017-11-28,146.33448941258598,147.42120190417842,146.1915066685141,146.9827117919922,3874500
2017-11-29,147.1352536092187,147.24963981784254,138.48920388382123,141.41571044921875,7217000
2017-11-30,142.3404052903074,144.10392279436144,141.2822889696534,143.4366455078125,6943700
2017-12-01,143.36984324729374,143.93227591725963,140.46242110946406,142.6930389404297,3933000
2017-12-04,142.91233809734783,143.55101876713422,136.67804151865562,136.72569274902344,7490100
2017-12-05,136.98302634890527,139.48056954994007,134.03746574514446,138.34619140625,6807100
2017-12-06,138.28899907890295,141.14877006043682,137.86002179523493,140.52914428710938,3752000
2017-12-07,140.6149579633227,143.37941244537564,140.6149579633227,142.4642791748047,3417900
2017-12-08,143.38898382958743,143.4080530513355,142.19741201753573,142.88375854492188,2521500
2017-12-11,143.19828516683484,144.1801388329292,143.08389896746053,143.8274383544922,3394800
2017-12-12,143.7797665299817,146.54420623238212,143.57004880960113,145.3717041015625,3360300
2017-12-13,145.37163811733765,146.26770168941323,144.57090602781815,144.59950256347656,3618700
2017-12-14,144.81878077324222,146.37259411334526,144.6853253943438,144.82830810546875,3016700
2017-12-15,145.51468671020578,146.43934723678822,143.80836294564918,146.22962951660156,5067300
2017-12-18,146.9350490949452,147.42120498048314,145.90552967949807,145.9627227783203,3531500
2017-12-19,145.81019391173533,146.00084239843093,144.35169735192338,144.5900115966797,2712700
2017-12-20,145.38120806757505,145.59092575424592,143.9799192273407,144.37075805664062,1992500
2017-12-21,144.3707691047324,145.11430839781227,143.3984428962636,143.4937744140625,2789000
2017-12-22,143.88466357004668,144.43755456634642,143.28410679818526,143.7988739013672,1892300
2017-12-26,143.5414327632918,144.26590280630492,142.88368314285583,144.20870971679688,1200700
2017-12-27,144.47567529500117,144.685393066437,144.03718507876422,144.32315063476562,1730200
2017-12-28,144.76161667021734,145.4860867941991,144.13246352421962,144.6758270263672,1570600
2017-12-29,145.0953087515965,145.75304410985504,144.2850341796875,144.2850341796875,2258800
2018-01-02,144.9046126409842,146.23918136455325,144.05621436805404,144.80929565429688,3168900
2018-01-03,145.1715233366404,146.78253022926418,145.04760979951138,146.63002014160156,3732400
2018-01-04,147.31639755938724,150.04271440446794,147.10669430566176,148.52703857421875,3247200
2018-01-05,148.89878610674853,151.6060333251953,148.8892587702269,151.6060333251953,2747700
2018-01-08,151.4055304230391,153.21956485598247,150.9281514071644,152.06431579589844,3143100
2018-01-09,152.42709763256724,152.86629269029916,151.36731574797804,152.2838897705078,2573900
2018-01-10,152.02613746886612,152.73266375066027,150.44124999809262,152.6276397705078,2416900
2018-01-11,152.85676967068775,153.84016929695807,152.2266258611014,153.63966369628906,2804000
2018-01-12,154.19338909892872,155.16724616187693,152.99994181488128,154.98583984375,3041000
2018-01-16,156.23657603647874,156.52300630891799,154.01198846864392,154.94764709472656,4673400
2018-01-17,155.74015798459547,157.0577290053298,155.51102533295781,156.88587951660156,3136000
2018-01-18,157.37274510668013,158.4707108552407,156.68531825887635,157.9933319091797,4150600
2018-01-19,158.77628220577722,159.39686917178057,157.68785850473316,159.2823028564453,2947800
2018-01-22,159.04357099553343,160.7143973023098,158.76668304922177,160.66665649414062,2275900
2018-01-23,160.87673784453432,161.306376070488,159.11042955417187,159.62600708007812,3035300
2018-01-24,160.34204927276656,160.49481403816375,158.44207574531998,159.45411682128906,3912400
2018-01-25,160.40888510042413,161.2872607054477,159.568707973439,160.962646484375,2088900
2018-01-26,161.36362364375634,162.6525526058578,161.15357574521462,162.63345336914062,2191600
2018-01-29,162.4233853240403,163.08217050880273,160.67617687658918,160.92442321777344,3082800
2018-01-30,159.8360550249359,160.39935880048523,158.7762729644089,159.62600708007812,4227100
2018-01-31,159.93148572775314,161.9937662255562,159.463663694767,161.3540802001953,5815300
2018-02-01,164.70532655925223,168.7248648625629,163.26364696809534,165.1063232421875,6848400
2018-02-02,164.12289897003456,169.09719469949306,162.70986116961876,162.833984375,6556500
2018-02-05,159.79784179716472,164.1801920891619,156.58985433444536,157.14361572265625,7196000
2018-02-06,153.23867002453773,161.69782709585778,149.7060680840799,161.62144470214844,7259900
2018-02-07,161.35408693286757,164.80076357375734,159.87420925736734,161.09629821777344,4364800
2018-02-08,161.13454423594635,161.58328175192148,153.20050598680277,153.35325622558594,6557700
2018-02-09,154.35570379391325,158.9576437410154,151.39596312457508,157.7259979248047,6303000
2018-02-12,159.25366674675945,161.18228234237012,158.0888606060053,160.58078002929688,5227400
2018-02-13,159.7596779115311,163.04404817412646,159.45414832038142,162.42344665527344,3471000
2018-02-14,161.6978051656991,164.84850927875004,161.35409172484898,164.71484375,4203700
2018-02-15,166.0801711381752,166.79623972419932,163.6073511175338,166.7866973876953,3915000
2018-02-16,166.46202781202427,168.67705832650526,166.26152226444364,167.7032012939453,4213100
2018-02-20,166.96805647095104,168.44791947483827,166.1660488097284,167.4167938232422,3750100
2018-02-21,167.41679513018246,168.37155298192357,164.48568153248192,164.5238800048828,5999500
2018-02-22,165.4977517737652,165.96558844844338,163.07267281186176,165.12539672851562,5605800
2018-02-23,166.03242272061982,167.82737255601637,164.68622491252444,167.8082733154297,3093800
2018-02-26,168.51477075185076,170.08057313813848,168.09467494140412,169.82278442382812,4088100
2018-02-27,169.67955992426226,171.06395584131897,167.9705352783203,167.9705352783203,3815900
2018-02-28,168.31429392758687,170.8730531334789,167.79873097936235,167.8082733154297,4145700
2018-03-01,168.3716155227151,169.32637372909636,164.3616194011506,165.64100646972656,4658500
2018-03-02,163.79826163005077,167.39770296226493,161.61187246736188,167.1017303466797,4190100
2018-03-05,166.2519977052361,171.1594527260284,165.08719190234635,170.4529266357422,4826500
2018-03-06,171.07351365408323,171.94234684014563,168.94440761469414,169.4981689453125,3820900
2018-03-07,167.80821645045967,171.57952120771873,167.6077254818216,171.10214233398438,2766100
2018-03-08,171.23586249197712,171.75142543005396,169.52683742018093,171.140380859375,2235300
2018-03-09,172.09509796010713,175.03575380938685,171.827766934577,174.9498291015625,4168900
2018-03-12,174.55845849476216,175.217244040478,173.4795769738968,174.2815704345703,3589000
2018-03-13,175.16946629436663,175.41769815079493,171.99966247244808,172.8207550048828,3286600
2018-03-14,173.75643110532602,173.76597344164148,171.4936445116537,171.9710235595703,2820700
2018-03-15,172.4006448895159,173.9282488229471,171.8755251189662,172.76344299316406,2258200
2018-03-16,172.82077143481192,174.88305258235187,172.82077143481192,174.29110717773438,4605000
2018-03-19,173.56546641334253,174.05240236204864,171.00672173027203,172.41021728515625,3770000
2018-03-20,173.10719234005055,174.9594254230947,173.02126760571207,174.25289916992188,2859300
2018-03-21,174.68253137121803,175.1980942848807,172.56296743019735,172.572509765625,3238400
2018-03-22,171.09265018645945,172.10469145085392,167.18769301782328,167.5791473388672,4387300
2018-03-23,168.20923349988362,168.86801875704722,163.89373844354768,164.05604553222656,4324100
2018-03-26,167.39774378588152,169.44092559041658,165.2304387632053,169.1544952392578,5470100
2018-03-27,170.2906266185017,170.42429214725175,163.23496603054954,164.71484375,5069100
2018-03-28,164.45707031439642,165.1062987805458,160.9244685246715,162.64303588867188,5166600
2018-03-29,163.95105774861207,168.66756496845733,163.0917813087857,167.2354278564453,3719200
2018-04-02,166.73900698779048,167.81788864554363,161.3923541013435,163.8365478515625,4222400
2018-04-03,164.56212079265774,165.06814146351968,162.12748451545286,164.66714477539062,3612600
2018-04-04,161.5259415399845,166.13742414535432,160.34205101640677,165.8319091796875,4628300
2018-04-05,167.20674952566773,169.4122378624216,166.64343131341008,167.846435546875,3434100
2018-04-06,165.76210851372912,167.4639967245967,161.5456408616342,162.25315856933594,5005500
2018-04-09,163.75427881413057,166.45052308000558,162.67386116932784,162.86508178710938,3910700
2018-04-10,165.54221923486716,167.75084880414505,164.47137207138658,167.05288696289062,3149900
2018-04-11,166.07761121876138,167.89424327026114,164.56694377815677,164.79641723632812,2783000
2018-04-12,165.72383967478177,168.73560381233912,165.56130145867562,167.12933349609375,3065600
2018-04-13,168.27672982627817,168.37234744026838,165.12153822419555,166.62265014648438,3059600
2018-04-16,167.91339466188444,168.37234168631392,165.3796884589259,166.2401885986328,4668200
2018-04-17,168.05679294744488,171.3267133558677,167.00505776233962,170.51400756835938,4210200
2018-04-18,170.66702043203304,171.9099764398541,169.29977903586936,171.58489990234375,3150600
2018-04-19,171.2215220191681,171.69002484181414,170.4374986738252,171.1545867919922,3560400
2018-04-20,170.69566316880585,171.61354242602044,168.75474573065412,169.30929565429688,4233000
2018-04-23,170.34190078573727,170.52356544872444,167.0337277488229,167.731689453125,4355000
2018-04-24,168.92683409236983,169.75866624390795,163.67775831731677,165.63780212402344,5369000
2018-04-25,165.76209603415603,166.24015481221076,163.16145511440257,164.90159606933594,3396200
2018-04-26,166.86168128074354,171.74744378541152,166.57484302506992,170.34194946289062,4784400
2018-04-27,170.70524227975778,171.14506282693998,167.4926863269244,168.21934509277344,3781000
2018-04-30,169.70135756151137,172.1012080437877,169.32847219431784,170.44712829589844,4323900
2018-05-01,170.44708596875867,172.4453682200699,169.1467654695463,172.34019470214844,4828300
2018-05-02,178.0291321054399,179.98917652058236,175.08428751976436,177.6658172607422,10133100
2018-05-03,176.49929250691105,179.64491259442778,175.86825146919324,178.29678344726562,5785700
2018-05-04,177.6370487901306,180.50540104605463,176.9868959482676,179.91261291503906,3593600
2018-05-07,180.03695234467867,181.20341701845675,179.39635528435747,180.80184936523438,4077300
2018-05-08,180.60102012795807,182.29335205802428,179.76920263535337,182.16905212402344,3396400
2018-05-09,182.14993493740843,183.26859063262253,180.70620280205247,182.26467895507812,2933900
2018-05-10,182.6566705477293,185.21907289055667,182.56106755660247,184.57847595214844,2821200
2018-05-11,184.53075512023705,185.57292013220206,183.61287551489812,184.8654022216797,3301700
2018-05-14,185.00874743542414,186.17521202308293,183.18255939860796,183.68930053710938,2877200
2018-05-15,182.62803843523216,183.76582084378242,181.80577662151336,183.57460021972656,2747500
2018-05-16,184.23432139793826,184.44466845844693,183.03917427650185,183.93792724609375,2109300
2018-05-17,183.62236757050246,183.99525280945244,182.22642961054902,182.80966186523438,2378300
2018-05-18,183.21121846769367,183.66059482987163,182.03519810606764,182.0447540283203,4208500
2018-05-21,183.096500031164,184.3681380484024,181.67187971353712,182.80966186523438,2632600
2018-05-22,182.79059428522274,184.18653269463982,182.46551773412557,183.21128845214844,2620200
2018-05-23,182.36985382885396,184.53067408677543,181.94915980236422,184.5211181640625,2529900
2018-05-24,184.44462761727405,184.9131158480539,181.66232223324232,183.48851013183594,2912900
2018-05-25,183.33552522617003,183.46938108866044,181.3946079254614,182.78097534179688,2459600
2018-05-29,181.90137275564248,182.13084623094045,178.41154936368335,181.2129669189453,4545000
2018-05-30,182.07346985751286,183.50764627556933,181.56672869026866,183.34510803222656,2764200
2018-05-31,183.4694012882583,183.99526887350862,181.49024549002073,181.77706909179688,4641400
2018-06-01,183.6033075877555,186.79673767089844,183.47900760005217,186.79673767089844,4194900
2018-06-04,187.34168699938496,189.41646046417227,186.66283707645232,189.05313110351562,3917200
2018-06-05,189.41644063599082,190.94623448885073,189.14872890011964,190.61158752441406,2655500
2018-06-06,191.08963376967958,194.36910961400105,191.00358670075326,194.29263305664062,3233100
2018-06-07,194.45519392257424,195.04798214093037,189.59811496953773,190.78369140625,4084100
2018-06-08,190.4585988281345,191.73023682543501,190.2673782502446,191.26173400878906,2296700
2018-06-11,191.80671892926878,192.1796041447879,189.55983712473412,189.77975463867188,2616900
2018-06-12,190.3821815080439,191.3669817258109,189.49299891089925,191.34786987304688,2660500
2018-06-13,191.82591923095777,192.7724665175891,190.46823370319578,190.65945434570312,2686100
2018-06-14,191.86410215697362,192.5525079427046,190.3151964336767,190.56378173828125,2846900
2018-06-15,189.83716344553224,190.90801055130788,188.90017222797854,190.77415466308594,4162100
2018-06-18,188.96708410396116,192.60988986855367,188.7471811383487,192.30393981933594,2081300
2018-06-19,189.75108830703533,191.1565676309951,188.61330613074819,190.92710876464844,2666200
2018-06-20,191.70155184782092,194.5316659651691,191.46252248142713,192.69590759277344,3898600
2018-06-21,193.52777574402987,194.74203464718943,191.20440228368065,191.96929931640625,2678200
2018-06-22,192.72464199868318,193.01146562274985,190.85064498266144,192.63858032226562,2993600
2018-06-25,191.59642846842203,191.64423727204746,185.20956913026578,186.423828125,4780600
2018-06-26,187.57114084161188,189.9423229568752,187.1695732065745,187.8388671875,4271200
2018-06-27,188.79498601995564,189.50250370051654,184.68367745903393,184.70278930664062,3233000
2018-06-28,184.97050784425144,189.07224571898468,184.7314784564904,188.45077514648438,2621100
2018-06-29,189.50251084570135,189.60768436829036,187.57114915324706,187.896240234375,3006900
2018-07-02,187.1504732616469,189.2826115270408,186.20391154008942,188.9957733154297,3018300
2018-07-03,189.62684961313252,189.86587906891634,187.53294924619414,187.67636108398438,1567400
2018-07-05,189.31129449655432,190.22917385881485,188.4985886592487,190.1431121826172,3101900
2018-07-06,189.65491897555572,191.71315388030274,189.0518018959742,191.00474548339844,2050300
2018-07-09,192.23005039667677,192.98632752266468,190.74619999714463,192.3544921875,2377300
2018-07-10,192.74703190128386,194.09685819404604,191.57909895957548,192.9193572998047,2265100
2018-07-11,191.91416755842653,195.437102295261,191.70355574181565,195.1403350830078,2827900
2018-07-12,196.2508491180555,200.2620273469955,196.01151881425298,198.91220092773438,3970800
2018-07-13,198.2611777870677,198.6728187905817,194.75737954771813,197.12196350097656,2590800
2018-07-16,196.84437007150706,197.20815678271038,195.06375214926362,195.37010192871094,2955000
2018-07-17,194.3361950433667,197.87828040589602,193.02466973153315,197.56236267089844,2919000
2018-07-18,197.8304121310613,199.48658825748305,196.6146247737073,199.46743774414062,3595400
2018-07-19,199.4674206270916,199.80248884780332,196.97837997838857,197.2655792236328,2264600
2018-07-20,197.39005206649574,198.50054811649778,197.38046950606847,197.8878631591797,2801000
2018-07-23,197.8782590741914,199.08449295188606,196.87306904529916,198.9696044921875,2717900
2018-07-24,199.8312296858898,201.42037175339195,199.4195739798508,200.6353759765625,3509100
2018-07-25,201.0373931524974,205.13472552052463,200.7023249875534,205.0198516845703,4967900
2018-07-26,201.18105095157688,202.7606397480493,195.8296287734432,198.5196990966797,7279900
2018-07-27,202.65527540140937,202.71271232152841,192.6321238289964,194.27871704101562,4913000
2018-07-30,194.28834946005222,194.6521362182616,187.82643086643034,189.42515563964844,5939300
2018-07-31,190.52600139532134,192.05770600476123,187.85506801922202,189.54953002929688,4416600
2018-08-01,190.7653838402021,192.76618147694617,189.88465016193524,192.61300659179688,4614200
2018-08-02,190.5930368720049,193.56073785376608,189.42510406815506,193.38841247558594,3615000
2018-08-03,193.38843436246873,193.79050748031483,189.81763067184704,192.61300659179688,2722800
2018-08-06,192.42152962665025,193.81922477663784,191.9524370568986,192.9384765625,3061300
2018-08-07,193.85747724360385,194.479729969511,193.34053039827944,193.97235107421875,2422200
2018-08-08,193.7809248390491,194.89142076086324,193.4554391884498,194.2021484375,2697900
2018-08-09,194.51803265168562,195.92529551900708,194.0010711943738,194.91053771972656,2444900
2018-08-10,194.30746365336677,195.20734781910127,193.53203590429447,194.00111389160156,2567000
2018-08-13,194.00112961348088,195.6190047309597,193.273570781668,193.67564392089844,2014000
2018-08-14,194.15424849727918,195.3413316665308,192.79485457844913,195.1785888671875,2076600
2018-08-15,194.00110232421528,194.384039503589,190.98554690039091,191.6939697265625,2955700
2018-08-16,193.32138154733454,195.51363994318046,192.24918683225437,194.91053771972656,2894000
2018-08-17,195.1594384082118,195.86786112984674,193.3883889079032,194.5371856689453,2308900
2018-08-20,194.7861655524526,196.23171545281753,193.72353832802585,196.01153564453125,2469300
2018-08-21,196.25085031930834,197.14115204327322,193.98200369979295,194.42236328125,1979600
2018-08-22,193.85746165324588,196.46137539319272,193.61813145367395,195.5902099609375,1905300
2018-08-23,195.7625855093785,197.16984861239803,195.46580371544417,196.46142578125,2247600
2018-08-24,197.2081271198532,200.55875063887984,196.7964860991441,200.4630126953125,2722600
2018-08-27,201.20970138557544,202.7127022224178,201.20970138557544,202.50209045410156,2550200
2018-08-28,202.66487481729078,203.93811363865632,201.9373160368937,203.55519104003906,2240200
2018-08-29,203.43073756618875,206.64733710683186,203.38286858877862,205.4123992919922,3172100
2018-08-30,205.1060387513286,206.09207828243848,203.74664458812435,204.6752471923828,3083000
2018-08-31,204.4646159779268,206.58986971502827,204.3880285468757,206.360107421875,3020000
2018-09-04,206.47503079261338,208.07377006201736,205.51770958617678,207.56639099121094,3776500
2018-09-05,206.55161799863154,206.5612005595245,201.33422035121288,202.14794921875,3869500
2018-09-06,202.41597020317727,204.16786952132628,201.48736759288693,203.689208984375,3032800
2018-09-07,202.01391247405897,204.13916658841475,200.75024154873975,202.08091735839844,3298500
2018-09-10,203.58390731640284,204.3689030173992,202.35853748492517,202.6361541748047,3326300
2018-09-11,201.53520562158545,204.44545481204284,201.13313258519347,204.34014892578125,2728500
2018-09-12,203.95727613033523,205.30710247221876,202.81806161232979,204.89544677734375,2291300
2018-09-13,205.6038612193265,209.3565582602288,205.22092400644192,207.9492950439453,3898000
2018-09-14,208.6960470454579,209.4810575368009,207.183477612129,208.6577606201172,2638000
2018-09-17,210.58186994555697,210.59143789540022,206.88661085564468,207.2312469482422,2500900
2018-09-18,208.17906526828185,211.52968931842136,208.0258903773178,210.6585235595703,2851000
2018-09-19,211.2137341996404,211.96044340147338,207.8918292035756,208.87786865234375,2883000
2018-09-20,210.5914732982519,212.44867840904735,209.55756484664744,211.94129943847656,3108500
2018-09-21,212.65928194727866,213.83678266275254,211.4626307220852,212.4295196533203,7177800
2018-09-24,211.00316142224807,212.6593229471003,208.89705778137144,211.90304565429688,2520000
2018-09-25,212.44869068452567,213.52088561144885,211.77856885519867,212.64015197753906,2181300
2018-09-26,213.11879079841793,214.78453455378244,212.2380572542492,212.77415466308594,2963600
2018-09-27,213.18586926513828,214.06660305299906,212.58275220953988,212.82208251953125,2645200
2018-09-28,212.64971243512485,214.1431308159936,211.61580403124063,213.10922241210938,2955000
2018-10-01,215.24403711582704,215.73228014513506,213.568725467153,214.21971130371094,2955500
2018-10-02,213.96127892630602,214.1814587026454,211.57754398290152,212.87950134277344,3060700
2018-10-03,214.2292779119263,214.7558073482931,213.0517772506392,213.60702514648438,2662400
2018-10-04,212.5923112434427,212.6688840795104,205.43153864352928,206.92495727539062,5664900
2018-10-05,207.4520919782499,208.16133517435395,203.04332442327734,204.3946990966797,4268300
2018-10-08,202.89953915755834,202.99538796534657,194.80081213159485,199.6025390625,5611000
2018-10-09,199.4108642227121,202.2190706115809,198.0978203242937,201.04019165039062,5659400
2018-10-10,200.62810125567722,200.62810125567722,187.86180997017613,188.5135498046875,8455000
2018-10-11,186.55837393677962,191.42719957723367,184.89071527266734,186.4241943359375,9185200
2018-10-12,192.23222199861536,196.3247056503757,191.2450261069038,195.73048400878906,6160300
2018-10-15,195.25126937089254,195.32794548993743,191.23544721082195,191.99261474609375,3969200
2018-10-16,194.2545198880223,199.46837967010484,194.11076128628247,199.14251708984375,4694900
2018-10-17,198.99876269772335,199.35337700583392,196.18097704820542,198.7591552734375,4431200
2018-10-18,198.3661709620212,198.60577835656153,193.85196121411212,195.15542602539062,6264500
2018-10-19,195.39508497851605,198.81668649515257,194.56125570532637,194.61875915527344,4832500
2018-10-22,195.25131206483806,197.68571722280794,193.48780481461753,195.99888610839844,4045100
2018-10-23,191.1971519759294,195.26088466877366,188.42729064304226,194.01492309570312,5076800
2018-10-24,194.21616679151364,195.01166508673134,187.25797340278453,187.55508422851562,4415900
2018-10-25,188.81059941859678,196.5738837216378,187.57423187747648,195.71128845214844,4940700
2018-10-26,190.9191799198039,193.99574547571513,187.5934279241877,189.2802734375,6523600
2018-10-29,192.02134873828987,193.92861400976327,179.83012480046716,183.09835815429688,6623800
2018-10-30,184.574368892318,185.58072286869412,176.11143400921054,179.9259796142578,9239200
2018-10-31,185.21651704299532,191.64758598414718,185.21651704299532,189.45277404785156,7683500
2018-11-01,190.62205498265277,191.68591238134823,186.90334360262275,191.40797424316406,4439000
2018-11-02,190.65081450075127,192.63477079482706,187.1333796195613,189.50070190429688,4261500
2018-11-05,189.96076415181952,190.85211138006576,186.21330050435705,189.74990844726562,3110800
2018-11-06,190.248303374311,192.32809415500222,189.3186253566295,190.87127685546875,2916000
2018-11-07,193.78490197329936,199.71758411306052,193.35361153633195,199.58340454101562,4922800
2018-11-08,198.7399527162452,200.17759704589844,197.43648793904725,200.17759704589844,3922200
2018-11-09,198.75914165362585,199.33419065782118,194.96375387824406,197.07229614257812,3229700
2018-11-12,196.11386944121082,196.71768479788923,190.46871941250134,190.86167907714844,3507300
2018-11-13,191.47510996233598,193.84243280862205,189.33781553969564,189.93203735351562,2852000
2018-11-14,192.2226786025759,193.8232546157576,187.47845401119042,189.36656188964844,3218600
2018-11-15,188.82981675561092,192.78812132872645,186.251638615992,192.36642456054688,3424600
2018-11-16,190.7274926145818,192.5580966817114,189.2419237924375,190.7658233642578,2939500
2018-11-19,190.76584407262845,191.11087935506868,180.71192572016238,181.4115753173828,4488100
2018-11-20,174.41501972569446,180.95151681279154,170.02541027157008,179.28384399414062,7892900
2018-11-21,180.70232540997944,182.18789433869014,178.49794884583437,179.85891723632812,3950200
2018-11-23,177.1944496451583,178.48832068821108,174.6833544246122,175.0092315673828,2601000
2018-11-26,177.86536763102055,184.23891864660365,176.04434260908596,183.87472534179688,6917200
2018-11-27,182.82045440402837,185.01525185175038,181.5744929432211,184.95774841308594,3976300
2018-11-28,186.89372903594898,194.05319767205307,185.2356503039693,193.87109375,6203000
2018-11-29,193.65070677202476,193.65070677202476,188.14931551323923,188.48477172851562,5447700
2018-11-30,188.41766602834187,193.28649000848935,187.66051310131618,192.71144104003906,7944700
2018-12-03,197.44607237425757,201.18395650835396,197.37898990843092,201.1360321044922,6599900
2018-12-04,198.7687220057683,200.81018181419057,191.32171962493166,192.1555633544922,6628600
2018-12-06,186.70208009411934,194.91581376937341,186.14618919771348,194.55162048339844,6558900
2018-12-07,195.30883485544473,197.9349379252901,186.79797305565083,188.3314666748047,4968100
2018-12-10,186.55833507852554,190.45915097358,184.9769319248139,189.8265838623047,4101000
2018-12-11,192.72104920510907,193.02773910975077,187.9097279320187,189.5198974609375,3582400
2018-12-12,192.1268130967101,197.3981761449026,191.93511546810427,191.9638671875,5160100
2018-12-13,192.45265479512796,193.79445030299925,187.1908713492038,190.68914794921875,5246200
2018-12-14,188.42727751536853,189.04067191444832,185.1590288560557,187.21006774902344,3801700
2018-12-17,185.45611089073753,185.49444163651495,180.92274338603883,182.53289794921875,5459900
2018-12-18,184.0760047931157,186.27081698331534,182.19749078152742,183.64471435546875,4345200
2018-12-19,182.9929534871257,186.27079553454817,177.07944470769192,179.34133911132812,6100600
2018-12-20,177.88456161911355,180.51064968837045,172.73778408566935,175.1147003173828,6562600
2018-12-21,173.66744435350276,177.56825992966972,167.72518362979926,167.90728759765625,8374300
2018-12-24,165.95209545109873,170.58131262205265,164.74447930303637,167.38973999023438,4351900
2018-12-26,168.68362389665765,178.74713554958325,168.68362389665765,178.68003845214844,5261400
2018-12-27,176.33184496241665,180.85563310677554,172.67065209209753,180.84605407714844,4695200
2018-12-28,181.8236927830549,182.19747975632706,176.52356343846287,178.4212646484375,4830300
2018-12-31,179.14966013487518,181.14319546958328,178.61294189562207,180.8077392578125,3658500
2019-01-02,178.10501394773405,182.8875839805711,177.60662634999977,181.85247802734375,4294000
2019-01-03,179.70552022383376,179.71509925343554,173.45655617239797,173.6482391357422,5070900
2019-01-04,177.16568929777375,183.29963191467172,176.77272971425316,181.87156677246094,4452900
2019-01-07,182.7054498132266,184.9960961037069,181.82369628556012,183.2709197998047,4219200
2019-01-08,182.32042758557236,184.80706285116187,180.97631229316556,184.60543823242188,5069700
2019-01-09,186.5448178529332,188.70501257026055,185.56552547914586,187.95614624023438,5471500
2019-01-10,185.32552758671147,189.36749888819352,183.68378759507704,189.0890655517578,3693600
2019-01-11,188.24414493597777,188.84898939797,186.93842686363283,188.08091735839844,2500100
2019-01-14,186.62162059085583,189.1370425603348,186.25678302895915,187.62969970703125,3336500
2019-01-15,187.42809308032696,189.47308207193134,185.39271432984307,188.67620849609375,3783000
2019-01-16,189.62671086609203,190.4907976495989,188.65702861379725,189.8763427734375,3546300
2019-01-17,189.56905138264165,192.40130325249885,189.23302994200918,191.3548126220703,2764100
2019-01-18,193.15014594427706,194.44626824973878,192.03645702116398,193.9374237060547,4866600
2019-01-22,191.81568652120941,192.97739769952304,189.76110187796104,191.49887084960938,4457700
2019-01-23,193.0253662368225,193.03496182654186,188.75298485085423,190.43313598632812,3086100
2019-01-24,190.5003448675944,192.20929751576062,190.02989724993398,191.81565856933594,2792000
2019-01-25,194.11990091143667,195.7520451082703,191.81568441317913,194.8399658203125,4677500
2019-01-28,192.7277656136554,192.9581769934228,190.15472622478185,192.17091369628906,3277200
2019-01-29,192.19972269625512,192.66056012371556,189.770704973729,191.2876434326172,3661900
2019-01-30,192.42051416140646,196.65449869323677,191.92126513243124,195.8768310546875,4079500
2019-01-31,201.4261168583855,204.46958879513912,199.69795851818103,202.70303344726562,11316200
2019-02-01,203.52871830282766,206.07294136658513,202.770241853798,205.2376708984375,6470100
2019-02-04,205.79453776632758,206.37058085024938,204.6904295517365,206.33218383789062,4397500
2019-02-05,206.41858775828908,208.05073180131026,206.37058050560324,207.2442626953125,3091500
2019-02-06,206.65861200939682,207.28266235300674,205.1512692244136,206.7066192626953,2698000
2019-02-07,204.94007915637275,205.89055545458072,203.15431760700994,205.42971801757812,2742900
2019-02-08,203.53834871553306,207.98355413247887,203.53834871553306,207.935546875,3248400
2019-02-11,208.32918908615866,209.92292165079994,207.70512402883526,208.43479919433594,2974400
2019-02-12,209.8364950059823,210.72938303443163,208.95321721800715,210.1725311279297,3411400
2019-02-13,211.01743806525542,212.447972445687,210.68141652807677,211.7375030517578,2996600
2019-02-14,210.74857696236054,212.1599052533212,209.89410058515878,211.03660583496094,2875600
2019-02-15,213.32165121786753,213.47526859500888,211.67989663040817,213.24484252929688,2758500
2019-02-19,212.59194582545086,213.10080514622263,211.56466089237247,211.7854766845703,2836700
2019-02-20,212.39038490523257,212.9760383891404,210.64302004677427,212.28477478027344,3103600
2019-02-21,211.4206662773797,212.20792963294815,209.894117524327,210.55657958984375,3528800
2019-02-22,211.21903043968433,214.7041491298615,210.93100155913328,214.40652465820312,3295300
2019-02-25,216.01946294967715,216.40349169057362,214.09928994568003,214.40652465820312,3359200
2019-02-26,213.29281633746618,216.19226696501468,213.1872062384656,215.0593719482422,2852300
2019-02-27,214.13766746706216,215.6450101698711,212.8895668478837,215.6066131591797,2119500
2019-02-28,215.14580901201415,216.59554919654065,214.7329787937446,215.79867553710938,3240400
2019-03-01,217.82442966557636,219.04372897195427,216.36509408459796,218.17965698242188,3001400
2019-03-04,218.23719609805025,219.37970104262664,214.74248284686243,217.25790405273438,2977700
2019-03-05,217.2003914907043,217.86285360109338,216.29790772581245,217.1907958984375,2779100
2019-03-06,216.8355288365921,217.46917475464613,215.01135580650921,215.51060485839844,2849300
2019-03-07,214.69450266402782,215.48178049471443,211.92946396664638,213.53280639648438,3879600
2019-03-08,209.66369649792694,213.32162375281231,207.31147283135604,213.01438903808594,2691800
2019-03-11,214.04171073865555,217.10438936223963,213.94569621794872,216.63394165039062,2670100
2019-03-12,217.54596769380217,219.091707339979,217.19074042379282,217.8820037841797,2478700
2019-03-13,219.25491431161467,222.0967763437863,218.70767271185917,219.37973022460938,2690400
2019-03-14,219.57174341792214,221.02148316973947,218.3332384830152,220.3494110107422,2838700
2019-03-15,219.6869970728453,223.46972552730355,219.67738683212693,221.9431915283203,3894200
2019-03-18,223.01846372257532,223.2200883127504,219.96539599818053,221.19430541992188,2734100
2019-03-19,222.2984259815012,222.8360867374978,221.1367294983259,221.78958129882812,3212000
2019-03-20,220.56066182284698,222.6824593787116,218.7460989708978,220.7142791748047,3747400
2019-03-21,219.09175002658029,227.61732336592277,219.07254419345108,226.4556121826172,4441100
2019-03-22,225.46674637182858,226.5804504067192,221.47278237414068,221.54959106445312,3709400
2019-03-25,221.19434310628304,222.6824802118631,219.42778734276942,221.22314453125,3506500
2019-03-26,223.6617457647566,224.30500192807548,222.21200584988642,223.9785614013672,3046900
2019-03-27,224.58343409838466,224.85225714853033,220.48386060902678,223.23931884765625,2640700
2019-03-28,224.10334373704515,225.93711209702477,223.09525018602596,225.48587036132812,2712100
2019-03-29,227.05083569617256,227.19484279480272,224.6314138908958,226.05233764648438,3453900
2019-04-01,228.78863258219874,230.18075517887635,227.48291426088716,229.50869750976562,3475900
2019-04-02,229.68149520709835,230.29594999692955,228.56780597223778,229.71029663085938,3386400
2019-04-03,230.6895857850465,231.31363615754762,228.3277811708889,229.39346313476562,2911700
2019-04-04,229.1726435087896,229.23985659534725,224.42981387782643,226.6380157470703,3096300
2019-04-05,227.74210884620996,228.462173669785,226.68600791173066,227.1852569580078,2590000
2019-04-08,226.62764515450078,227.16604209722584,224.12792829731572,227.15643310546875,2714500
2019-04-09,226.21417743501775,228.09858101866436,225.93537002902477,226.81027221679688,2491300
2019-04-10,227.8582712987749,228.77162430453683,227.00260158408182,227.91595458984375,1984200
2019-04-11,228.81973754545913,228.81973754545913,225.97390578327472,226.93533325195312,1908200
2019-04-12,227.88710376778846,229.78111665610248,226.9737507988053,229.61767578125,3452100
2019-04-15,230.2810768308662,230.6079586002859,228.04094940475434,229.9253387451172,3437500
2019-04-16,230.7425461109821,231.6751317417979,229.73304453770334,230.82907104492188,2564300
2019-04-17,231.3867067224984,231.93472732565678,229.73305059150942,231.7039794921875,2829200
2019-04-18,233.17493027901716,233.29029684490527,231.18478366637515,231.5981903076172,3016800
2019-04-22,230.550272729897,233.76143643639344,229.84843489864613,233.67491149902344,2217700
2019-04-23,234.49204380103026,235.06890587986322,233.09797755909804,234.09786987304688,3108400
2019-04-24,234.23253307445523,236.58802697795653,233.44415566263459,235.8284912109375,3255200
2019-04-25,235.2612518315715,237.32832927998666,234.60748832468258,236.1361541748047,3152400
2019-04-26,236.55916679345032,237.61672791713056,233.8383260420791,237.16485595703125,3349300
2019-04-29,237.35722308390078,238.6359234041859,236.37656293785145,237.5975799560547,3274900
2019-04-30,241.4048289052497,247.50027577103722,240.84719919147142,244.43333435058594,7179600
2019-05-01,245.06784794565908,246.36578085434496,239.07815911781753,239.1550750732422,5146000
2019-05-02,238.01092052091172,238.6935403028236,234.85744040915358,237.6551971435547,4747300
2019-05-03,239.02047090952522,240.21264618879323,237.91483524721897,238.38592529296875,3194200
2019-05-06,232.1750716668906,239.47230096672212,230.7906140809494,239.0492706298828,3022000
2019-05-07,237.73213692537732,238.1743852761423,233.2422731127102,235.6073760986328,4257500
2019-05-08,235.10743805403337,238.00134377065646,234.34791690133073,235.86697387695312,3050700
2019-05-09,232.5596227914902,236.05921718213833,230.7040753533879,235.8477020263672,3891000
2019-05-10,234.46321672627482,239.1261439208479,232.02119840399754,237.88589477539062,2816200
2019-05-13,232.19428098189337,234.5017150957346,231.08864555478397,232.06930541992188,4136900
2019-05-14,232.78077088432124,237.8955711115494,232.56925570679127,236.45343017578125,3862100
2019-05-15,234.9055098177893,241.356678122196,234.79014324811985,239.53958129882812,4186900
2019-05-16,240.77983321925356,245.30814717054875,240.67407563916944,243.64488220214844,4911900
2019-05-17,241.42401399690056,244.48134582120787,241.16442451382386,242.8084716796875,3129800
2019-05-20,240.8279221691855,244.57748265449783,239.7126630150151,243.7122039794922,2951500
2019-05-21,245.16395639318222,246.0773093751136,244.0006229295195,245.51007080078125,2881600
2019-05-22,244.92356858122005,248.8750201184967,244.68321179164084,246.99063110351562,2936000
2019-05-23,244.92359802655517,245.83695100271896,238.75123668852973,240.09722900390625,5072500
2019-05-24,243.3756815398691,243.5968056888619,240.67407344712575,241.7797088623047,2710800
2019-05-28,242.914222049019,247.8175070847365,242.90459838720295,243.65451049804688,6252100
2019-05-29,242.51999750801994,244.44285179946112,241.5778030128737,243.7794647216797,4014300
2019-05-30,244.4621240744333,246.18307248932422,243.03920110557385,244.3852081298828,2817400
2019-05-31,242.2604729732427,243.8756786392825,241.16444632030135,241.7893829345703,5041400
2019-06-03,242.08739950529394,243.22187668898349,230.9829111447298,232.91537475585938,5452100
2019-06-04,235.67463701201876,239.75107865325538,232.39616697869306,239.5684051513672,4862200
2019-06-05,241.77013625968488,247.0579866711589,240.50104511922692,246.37538146972656,4742400
2019-06-06,246.4714664470926,248.72123194696977,245.02934029660338,247.884765625,3443500
2019-06-07,249.97111163211184,256.5761128488447,249.6057645437185,255.54737854003906,3691800
2019-06-10,258.62399506168026,259.44121429706325,255.04748362178222,255.8358612060547,4469000
2019-06-11,257.152949440038,257.55676179751134,249.18270926925072,253.4899139404297,3119600
2019-06-12,252.32653913600413,254.01863077995702,251.27855783970773,253.6725311279297,2295300
2019-06-13,254.7782288168644,254.9993676534874,250.21144924373192,251.12481689453125,4331000
2019-06-14,249.96145797150993,251.874718124731,249.41346674511925,250.06723022460938,3158200
2019-06-17,250.93246125904312,251.61506625251303,248.0962397117076,249.201904296875,3332200
2019-06-18,251.60555024449727,252.13432355295316,245.23128219385586,248.82701110839844,3921300
2019-06-19,248.8461920800997,250.56715500288024,248.336636831955,249.84608459472656,4326500
2019-06-20,253.32647873787175,257.3741089373849,252.37467506655955,256.49920654296875,4667300
2019-06-21,255.5665634583732,257.8066757327356,254.2205713617331,254.2686309814453,4285800
2019-06-24,255.59542242787003,256.79720640642836,254.90319368260327,255.06661987304688,2538100
2019-06-25,255.77812110744327,256.0376959097986,249.12503143771676,249.71151733398438,3138000
2019-06-26,250.81714898714446,252.51886467956467,249.961464639936,251.22093200683594,3869400
2019-06-27,252.31701098647935,253.41302297319876,250.35569086129576,251.02870178222656,2186900
2019-06-28,252.94191253786843,254.62441036409808,251.24979104940726,254.3263702392578,4400300
2019-07-01,259.5758396848862,259.5758396848862,254.65333485212278,256.48004150390625,2646800
2019-07-02,256.5857533411596,260.16226450040983,256.15309926801336,260.1334228515625,2649100
2019-07-03,260.54678354567386,262.5465393066406,260.3352683780343,262.5465393066406,1896800
2019-07-05,261.02749475076155,262.2484967787533,258.71045158958077,261.642822265625,2561000
2019-07-08,259.9968275263427,261.893140210651,259.38075283399206,261.0845642089844,2291700
2019-07-09,259.72730834351665,263.4140331096718,259.41927099004613,263.1156311035156,2477400
2019-07-10,263.9145231359622,266.7349177157819,263.8952524470302,265.0792541503906,2323000
2019-07-11,267.21626299830007,268.22697556336504,265.7531004266336,267.9093322753906,2583900
2019-07-12,268.7948832188176,269.27618047676617,265.92637036211784,269.08367919921875,2299700
2019-07-15,269.96932978892005,270.0944718132783,268.1307701930262,268.92010498046875,3349500
2019-07-16,268.56386781349744,270.1329015621821,265.01189172781534,266.27288818359375,2976000
2019-07-17,267.01415279762426,268.05374212816236,264.97342739698706,264.9830627441406,2318900
2019-07-18,264.7135236490282,266.879361569793,264.4632396445128,266.42694091796875,3241000
2019-07-19,268.97783198081936,269.02597934181455,265.1178471806938,265.2911071777344,3048200
2019-07-22,266.5520226495198,268.91036133769114,265.7434468670568,268.18841552734375,2092400
2019-07-23,269.5264136162854,269.9307161621709,266.5423653046098,268.5349426269531,2275400
2019-07-24,267.76490634860573,269.81520781497886,266.04185408827027,269.76708984375,2805200
2019-07-25,269.52652909886785,270.3928584957593,267.16816021882863,268.9008483886719,2312200
2019-07-26,270.1039367754594,271.73072331378745,269.6033689937932,271.5189514160156,2942100
2019-07-29,272.5297493613781,272.7318859805059,269.94036781369016,270.91259765625,3677700
2019-07-30,268.8911646049378,271.8078249872597,265.1466869900091,267.75531005859375,3957900
2019-07-31,268.24623029240644,268.5446322462793,255.75174273198053,262.0856018066406,5513100
2019-08-01,263.6834999198905,268.86226294335086,261.47917970255554,263.9049072265625,4988100
2019-08-02,261.8256671111696,262.3069642933593,255.74206367804072,259.3710632324219,4438000
2019-08-05,250.27452869387878,252.82539782266446,244.40269733777433,247.23272705078125,6861300
2019-08-06,252.00727885860675,255.23197695513343,250.44788015622981,254.77955627441406,4918500
2019-08-07,253.54736113235393,259.9004900988696,250.51519462307712,259.2362976074219,4476000
2019-08-08,261.82572162863585,267.6782836572236,261.44068967792236,267.6398010253906,4135500
2019-08-09,265.20442533642813,266.54241644232263,262.86529832940107,264.6653747558594,3410500
2019-08-12,262.64388203148695,264.6942127577236,258.83201651817393,259.9004821777344,3322600
2019-08-13,259.73687179261407,265.06965376930134,257.9753367099465,264.2610778808594,3899800
2019-08-14,259.7272446296321,262.27811407717525,255.9057434427668,257.1571044921875,3750300
2019-08-15,259.2074011101228,262.9326364829038,258.0619115024657,261.71978759765625,3364300
2019-08-16,264.6942453734286,265.63756917986115,263.5487555718582,264.097412109375,2718100
2019-08-19,266.63871784690576,268.14999849650843,264.91566519942205,267.668701171875,2502300
2019-08-20,267.98623812639164,269.1028510015238,265.53163449532974,266.6771240234375,2583600
2019-08-21,269.17998954446887,271.5479642243082,268.84307553234765,271.4613342285156,2492200
2019-08-22,271.5575122267087,272.30836411541213,266.40765530554967,270.26763916015625,2975800
2019-08-23,269.52641354666565,271.53823217979897,260.10260679057996,261.71978759765625,4415000
2019-08-26,264.59798658105296,266.0899963378906,262.7690628667203,266.0899963378906,2184400
2019-08-27,266.38841124888904,268.6505143580585,264.62687611556845,266.29217529296875,2169400
2019-08-28,264.93482564261933,268.2268815225575,263.14438506451046,267.83221435546875,2306900
2019-08-29,270.4890982466872,271.43245158463645,268.4484022768102,270.8548889160156,2297200
2019-08-30,272.01958133081393,272.37573660232414,268.303980591644,270.84521484375,2600300
2019-09-03,269.51684808645444,272.2602485251762,268.0825915570971,269.6323547363281,2350800
2019-09-04,272.19288918755035,275.5042172623742,271.59608518151674,275.3983459472656,2631000
2019-09-05,279.4315789643194,282.4829872243381,278.76738637754096,281.15460205078125,3808300
2019-09-06,281.0197938883633,282.1075301924162,279.20047648578674,280.4807434082031,2783300
2019-09-09,282.5118600222024,282.7043906791779,269.62273450396594,272.7607727050781,4795900
2019-09-10,270.81632670482634,270.97034534631285,260.22778745505923,262.1433410644531,8683800
2019-09-11,264.63651319983416,265.6761024142518,259.130471061714,259.8524169921875,6342300
2019-09-12,263.1637371004812,268.34247108343413,262.971206440809,266.0611267089844,5497900
2019-09-13,267.59158588967347,267.74560450615644,262.8267616264371,265.98406982421875,4631100
2019-09-16,263.240742779618,265.44509260828676,262.5091614934446,263.8279113769531,2755100
2019-09-17,264.28029520946524,268.2076970266406,263.70276203874954,265.9167175292969,2929500
2019-09-18,266.41730048881124,266.4943245084498,260.32408951343297,264.8097839355469,2975900
2019-09-19,265.6375649951576,267.7456492605657,264.5690992207725,265.5894470214844,2623800
2019-09-20,267.3991035536411,268.1691673144445,260.77644945695414,261.0267333984375,5540800
2019-09-23,260.1892780597689,263.5006054448034,259.90051146411867,262.93267822265625,3092000
2019-09-24,265.31997967444914,267.06227371700476,258.9957254973184,260.9786682128906,4120300
2019-09-25,260.1411517988532,262.77865120861424,256.63729387763493,262.5476379394531,4083600
2019-09-26,263.00970364136305,265.1370292435244,262.4321410709156,263.64501953125,2924600
2019-09-27,265.0889624352799,265.3199757576267,257.67697166536516,259.0631103515625,3175700
2019-09-30,260.85348291986844,261.8931014653913,259.2459665014422,261.41180419921875,3128700
2019-10-01,261.3347741167919,263.4139817834962,259.93902970293857,260.80535888671875,3066400
2019-10-02,258.1293927616579,258.8802154365727,252.7003446691525,254.58705139160156,4308900
2019-10-03,254.3656562029828,258.4951958005058,250.66929598234097,258.2545471191406,3948100
2019-10-04,259.4288914309566,264.21298797794117,259.09197743096047,263.8086853027344,2671400
2019-10-07,261.1615180753567,263.26960243396155,260.2951888785727,262.00860595703125,2861900
2019-10-08,260.0425295427704,261.2568508752867,256.92956458637104,257.3921813964844,2818900
2019-10-09,260.1775293242981,263.2423189369466,259.73420644653595,262.3749084472656,2169600
2019-10-10,261.7195252626135,264.7553733793456,261.4304080750078,263.9072570800781,2194700
2019-10-11,266.1912731036965,269.8535596485308,265.1503929030695,265.9117736816406,3493000
2019-10-14,267.5019790481029,268.4657417711215,265.5744536020658,266.36474609375,2042500
2019-10-15,267.16473437344314,269.81508263712044,265.96003061722615,268.4658203125,3006600
2019-10-16,267.0587236154061,268.91877907996167,264.8420511477871,268.1863098144531,2689400
2019-10-17,269.22728814482366,270.2777866296146,265.93120466370635,266.4902038574219,2396600
2019-10-18,265.2661454298591,266.6539666425984,260.1196540208324,260.8232116699219,4052300
2019-10-21,262.0761154529702,264.41805293026505,259.7341779756754,264.3602294921875,2921200
2019-10-22,264.93838814623115,265.3720931714189,251.5517381327272,251.7926788330078,5619500
2019-10-23,253.1612870783386,254.61657878850065,249.14241137381237,251.39761352539062,5367000
2019-10-24,254.00932953750672,259.57023048749153,254.00932953750672,259.0112609863281,3791900
2019-10-25,256.61149754999894,262.31695696684045,255.9368518121441,260.3990783691406,2760200
2019-10-28,263.3579212674521,265.93115234375,261.53639484137733,265.93115234375,3796600
2019-10-29,267.54054675185114,268.20554540594014,263.1843202744326,264.3504943847656,4706700
2019-10-30,264.68787800492595,267.4153142874876,263.10729260571674,267.1069030761719,3485500
2019-10-31,266.36485527546773,268.97664509013146,265.0926809008158,266.7792663574219,5356000
2019-11-01,268.8899339560429,270.22957892742744,266.1142912222345,268.9381103515625,2880000
2019-11-04,270.4704345154193,272.01243162686006,265.81544323542147,266.31658935546875,3726600
2019-11-05,266.48051248429874,266.91421766894206,258.69331912934905,259.2522888183594,4717500
2019-11-06,260.50508216966244,261.82546195759096,259.13655541644226,260.0810241699219,3742900
2019-11-07,260.2352347846731,265.1118724642778,260.08102919890314,262.9048767089844,4277800
2019-11-08,261.8544265941249,264.98665643658234,261.8544265941249,264.9288330078125,2241300
2019-11-11,263.18437754458984,267.0876351999193,263.16511287350573,266.96234130859375,2132600
2019-11-12,267.54061278063176,269.37175658527326,265.7769100326093,267.0972900390625,2217200
2019-11-13,266.490123343159,270.2969696432904,265.0348317642687,267.99359130859375,3320600
2019-11-14,267.3960738916332,269.4970703125,266.6732515935787,269.4970703125,2365900
2019-11-15,270.47049617210746,270.7210545833938,268.05144132864234,270.60540771484375,2544200
2019-11-18,269.85361210532835,271.55946185077875,268.31158558238457,270.68243408203125,2715900
2019-11-19,271.318551882061,276.19519035783816,270.7595822776309,274.9712219238281,3013800
2019-11-20,274.67252258822595,277.3036068138691,272.6100551430958,275.03875732421875,2903900
2019-11-21,274.2869841197543,276.13739280104113,273.31357397708547,274.1424255371094,2777000
2019-11-22,274.5086204120293,275.01941365917196,271.0198028283326,272.3305358886719,2968100
2019-11-25,273.7086958496261,278.5178638755175,273.4195787102448,277.1878662109375,3760200
2019-11-26,278.04565208358554,280.11773684935235,277.39030023973925,278.8937683105469,5712800
2019-11-27,278.55643936510177,281.4188168637807,278.44079250240196,281.12969970703125,2163500
2019-11-29,279.7130070272605,282.38262053074874,279.7130070272605,281.6405334472656,1754400
2019-12-02,280.05984003911163,280.2140456228576,273.6026466606053,276.0891418457031,3062300
2019-12-03,271.9738909327607,277.1782044958748,271.29924516588864,276.6866760253906,2528300
2019-12-04,278.0456203434068,279.12503017751425,275.7518597400725,276.4457702636719,2743300
2019-12-05,277.5155663954655,280.40685538276307,276.0217161050009,279.3467102050781,2580300
2019-12-06,281.7176223201466,281.9007396834768,279.1829203651517,279.8768310546875,2425200
2019-12-09,278.710621042837,280.4164709445445,277.8143285221963,278.5853271484375,1903000
2019-12-10,278.52746243803114,279.6550779087761,277.2842001316628,278.1515808105469,2514300
2019-12-11,279.2599891221087,279.799694073968,277.66975656967674,279.5394592285156,2298100
2019-12-12,279.3948950678996,282.1416255715192,277.82395663126005,281.6211853027344,2746400
2019-12-13,280.25266334294173,285.78465379473045,279.2985179309724,285.360595703125,3565400
2019-12-16,287.3073877836627,288.6277678637092,286.1026839750799,286.1990661621094,4210700
2019-12-17,287.6833339381862,287.6833339381862,283.1247231170434,285.27392578125,3354500
2019-12-18,284.50289201782306,286.52677109187624,284.0595397949219,284.0595397949219,2902700
2019-12-19,283.8185652400043,287.37485317297796,283.4523305827984,286.7484130859375,2536900
2019-12-20,289.6589951011295,289.6589951011295,286.05453042977064,287.7507629394531,5099400
2019-12-23,287.9145354531592,288.9650335435662,286.3339795027607,286.497802734375,3590500
2019-12-24,287.1628132433581,287.50013617334963,285.852109690115,286.7002258300781,641100
2019-12-26,287.30729135271883,288.52164179593785,287.0085272614037,288.3578186035156,1369200
2019-12-27,289.1288050065309,290.6033607355961,287.37474986401594,289.84197998046875,2042600
2019-12-30,289.92883817228267,290.1408672290989,284.57996477365543,286.9315490722656,2717600
2019-12-31,285.37025883207417,288.0976954547415,285.0522005395837,287.77001953125,2478600
2020-01-02,289.57226976265184,292.5310297118775,288.64706536770564,292.3961181640625,3272400
2020-01-03,288.60848359720677,291.46124348941055,287.77966146632957,289.5433349609375,2501300
2020-01-06,286.584603892943,290.4107448780677,285.29316476653077,290.31439208984375,3307200
2020-01-07,290.8058551274467,292.38644065702783,289.0132699607755,289.331298828125,3182000
2020-01-08,290.26738338955,296.2217475773795,290.00683081005496,294.4364013671875,3224400
2020-01-09,297.5052836666721,300.072317360664,297.2543615199721,298.296630859375,3292600
2020-01-10,300.68989458265,301.04698738034404,297.9491595025508,300.29425048828125,2948000
2020-01-13,302.3112265229795,304.6080476071391,301.96379360599445,304.19305419921875,3236400
2020-01-14,305.12915613282325,305.3607878969903,299.03003997663563,299.7828063964844,4951400
2020-01-15,301.2786336021532,304.69491512626826,300.16883320151845,303.2666320800781,4664200
2020-01-16,306.40309882531614,309.13417490524125,303.98081608431045,309.105224609375,3323300
2020-01-17,310.1956477269183,312.70478065088747,308.08218836931326,312.34771728515625,4821000
2020-01-21,311.141303970875,314.27771173248124,310.25344635378946,310.6780700683594,5998600
2020-01-22,313.5925903797762,315.36827647367545,312.7915834572168,312.9749450683594,3518500
2020-01-23,313.640841886215,313.8821040722813,311.0545183198122,313.6215515136719,4188300
2020-01-24,315.15599649460995,315.6578112727421,310.4176033102414,312.35736083984375,3634700
2020-01-27,304.0868627940856,308.19795038537217,301.57773018872535,304.7334289550781,4367500
2020-01-28,304.76240251488514,310.282482887885,304.4342894534947,309.076171875,3486200
2020-01-29,311.7107744997592,313.1004471817787,305.6985096400368,309.12445068359375,4389400
2020-01-30,307.8505023323666,313.35129111366814,306.89511364598263,313.1196594238281,3512100
2020-01-31,311.8458227266975,313.1196645122617,303.5077885796605,304.8974609375,5586800
2020-02-03,307.6576221706017,314.1041721405096,307.3005587379564,313.1777038574219,4240100
2020-02-04,316.76757372664,320.14524415385273,314.8857464449051,317.6168212890625,4158200
2020-02-05,323.29133680783093,323.29133680783093,312.83987162407385,316.8448181152344,3868000
2020-02-06,317.8099997636591,319.6532472126547,316.22730498824217,317.7906799316406,3422000
2020-02-07,316.5360327671063,318.3213790860141,314.48047393972814,315.57098388671875,2584200
2020-02-10,314.23916693166973,318.7362976074219,314.13302570641343,318.7362976074219,3848100
2020-02-11,323.2913596764613,323.7931744682428,318.1380024324494,319.3539733886719,3449300
2020-02-12,319.25739298416784,322.7605242028028,317.7133092949775,322.48065185546875,2451000
2020-02-13,320.69536861505867,326.02242745919847,320.5216668969889,324.10198974609375,3001000
2020-02-14,325.6654064445957,329.1202981359498,325.25044246939177,329.033447265625,2716300
2020-02-18,329.68001676927486,331.1082998140773,328.4930254123308,329.31329345703125,3597300
2020-02-19,331.9670660960751,335.10347411793975,330.6546141064569,332.51715087890625,3040300
2020-02-20,333.6559941596602,335.11322740941785,326.3505964373052,332.4111022949219,4316000
2020-02-21,330.5774221333895,331.8706133149875,323.879981764289,327.8270568847656,4997100
2020-02-24,306.41263517571736,317.82914882319886,302.8708933378696,313.3223876953125,7816000
2020-02-25,310.10875050362876,311.93270671119717,290.2480609099312,292.3036193847656,12715700
2020-02-26,291.44469231812866,297.12884300343705,287.47835650283673,287.62310791015625,9403300
2020-02-27,275.0678339819866,287.0537519773742,271.12078827284716,275.8302307128906,13814600
2020-02-28,265.28230152908685,280.24055921247196,263.989110109296,280.1054382324219,12846000
2020-03-02,288.44337439909117,296.2312937920082,279.3236538479886,296.01898193359375,9688100
2020-03-03,303.59479805041576,303.59479805041576,280.6652216161952,281.7943420410156,8051100
2020-03-04,288.65573613514886,292.21676860891495,282.518039824856,291.7921447753906,6463800
2020-03-05,285.37465108643823,288.26979828470047,278.1657333847269,280.5687255859375,6621300
2020-03-06,272.80968034624823,278.75438520131326,268.88192419096237,276.97869873046875,7061500
2020-03-09,255.73796488609224,269.48025214094844,252.0514709278067,252.85247802734375,8498300
2020-03-10,266.75884664899115,271.0532968531113,253.67275564830018,270.7637939453125,8131400
2020-03-11,263.410081511732,264.4619811687047,254.1069969513504,260.3315734863281,8366800
2020-03-12,235.9833615709551,253.3156282806125,232.50918029984516,233.05926513671875,15031500
2020-03-13,249.73533643558477,260.5921358333483,236.9194890800851,260.5728454589844,9934900
2020-03-16,226.29434220850945,248.72208596218096,221.24712540536555,227.41378784179688,12111500
2020-03-17,232.07499088126085,241.74478646291166,223.85278359672407,229.5658721923828,12665200
2020-03-18,214.56891308044737,221.09265137186597,205.7676741138871,219.96353149414062,11352800
2020-03-19,216.18059307042685,230.16415656277076,204.15609234071036,219.21084594726562,9126400
2020-03-20,227.7708999278049,227.7708999278049,202.6603174264077,204.0306854248047,10518600
2020-03-23,196.17507661889329,208.14167327042955,193.00007323017581,196.1943817138672,11588700
2020-03-24,208.3733283600877,230.10623075324355,207.48548525998575,228.78411865234375,11654800
2020-03-25,239.23561119655847,256.9925046786797,231.9591491286362,247.5157470703125,12642700
2020-03-26,248.886095316899,256.51963534014914,243.79063850977457,253.98155212402344,9957900
2020-03-27,241.49382667259573,247.12006316869466,236.14744786048126,238.9943389892578,7819300
2020-03-30,237.25727983778353,245.3636847719153,236.09920936821237,244.3986358642578,5765800
2020-03-31,243.63621238594476,244.56265093390533,232.65395296723065,233.11717224121094,10373900
2020-04-01,222.86836212202476,228.81306599457415,219.1625784321792,220.6197967529297,6646200
2020-04-02,220.40751562152766,231.0037483213363,219.40387125412025,230.5308837890625,6446600
2020-04-03,228.69727378690612,231.4959243047778,222.26039968401668,228.7455291748047,4163000
2020-04-06,243.19226900268316,257.7741405195236,241.27181681534043,256.6450500488281,8636700
2020-04-07,271.7673573938744,272.9833282120501,249.4458051165985,250.02481079101562,8627300
2020-04-08,253.72666951733558,262.7831533314206,250.24711626257542,261.88427734375,5690100
2020-04-09,265.9244606189888,266.76534666621507,258.7623874460884,260.38616943359375,6662900
2020-04-13,259.2263979269737,259.7096685946254,247.19294650384597,254.52899169921875,7114400
2020-04-14,260.8500963837727,266.4173821231782,260.1928555663405,261.6619873046875,6354400
2020-04-15,251.79364645299344,254.1520092377042,247.0672460331156,248.53640747070312,10240700
2020-04-16,249.744537912613,249.744537912613,236.5222496407206,238.50364685058594,11455400
2020-04-17,249.60923092170083,251.97726833794806,243.09473881112302,251.2716827392578,10412100
2020-04-20,245.99435597121564,248.0434330147368,241.316300854561,243.307373046875,6042700
2020-04-21,238.39737613474742,241.04570427717277,235.93270792447973,237.14088439941406,5964600
2020-04-22,243.04644066986612,249.9475437944425,242.601825257854,248.3140869140625,5083200
2020-04-23,250.7111442283133,253.63976298026296,246.7289843252284,247.2992401123047,4270600
2020-04-24,249.78319778535024,251.1363493631648,244.37057672584592,250.1021728515625,3824200
2020-04-27,251.51331387269528,256.8292896616838,250.82707798440725,256.2493591308594,4099900
2020-04-28,261.3526913712931,263.5274087117473,254.16162367247165,255.74676513671875,4344000
2020-04-29,269.13345284187596,275.4642869360154,267.016724908858,274.1981201171875,8505000
2020-04-30,269.1139989342381,272.2069418797754,264.26197381621034,265.769775390625,5898900
2020-05-01,259.7095590632554,264.82253933315286,258.2693930234166,259.7481994628906,5067800
2020-05-04,256.6167108612018,261.03381160753935,254.21003250330418,260.25091552734375,3747100
2020-05-05,267.5771279797281,268.5533435406746,264.1555655898855,264.8128356933594,3926200
2020-05-06,267.69328014553236,267.69328014553236,262.4642879784659,263.32452392578125,3261900
2020-05-07,268.5148197200717,272.9995852352541,267.9638841337113,269.1527404785156,4371400
2020-05-08,273.9178312165311,273.93718092260053,270.1483255958891,272.9899597167969,3215400
2020-05-11,270.14827708566526,273.3475262363338,268.34084968292177,271.8204040527344,4056900
2020-05-12,271.0665036115302,272.88357637274373,263.0055236816406,263.0055236816406,4031400
2020-05-13,263.1890364092247,266.83291394192605,255.35040502598167,260.15411376953125,4802100
2020-05-14,261.1594312217805,268.2731599463445,255.12819437215543,268.0315246582031,6294200
2020-05-15,266.80400095247904,269.8002841208317,264.1460130525116,269.6069641113281,3813300
2020-05-18,275.9087514440526,282.3169222001728,275.4641508981106,280.2001953125,6037800
2020-05-19,279.4947614044791,287.8553377712685,277.87094959904334,281.0025634765625,5211800
2020-05-20,285.8545212539416,291.0738371290177,285.50658062729974,288.8024597167969,4592200
2020-05-21,289.35347123217815,289.89473201349733,282.95497239147625,284.4144592285156,3944100
2020-05-22,285.18760831914585,286.86938035719226,283.20621090642436,285.0426330566406,2897000
2020-05-26,294.4277851681374,294.79507555548224,291.8374617473339,293.1809387207031,5246900
2020-05-27,293.82850030586803,294.5340859417878,282.3459870876339,289.7400207519531,5147900
2020-05-28,290.90958231465817,299.62777335947567,288.84116997895495,292.1853942871094,4520800
2020-05-29,291.8952947615128,294.2439816104051,288.8700176162362,290.82244873046875,4930100
2020-06-01,290.7355906021037,292.9199832239137,287.93262693038577,291.3155212402344,2841800
2020-06-02,294.7854028107937,295.8679242781787,291.5958285232132,293.4322509765625,4131300
2020-06-03,295.25900994989007,297.8009884733472,292.09840141712135,296.7958068847656,3429700
2020-06-04,295.2203285475427,296.360840015076,289.3244216865304,291.2864990234375,4147700
2020-06-05,296.5445741536044,301.73489691982775,295.42338255380605,301.4449462890625,5058200
2020-06-08,300.6522937122028,303.0879668396909,296.7764541850826,300.0240478515625,3724300
2020-06-09,299.41509410858424,302.98163304785805,297.8879721830585,301.06787109375,3314800
2020-06-10,301.93772071476434,305.48490923870537,299.90797896038663,302.6722717285156,4089000
2020-06-11,294.804775379272,296.2352376450541,281.32151226147437,281.5051574707031,6505300
2020-06-12,288.79280446393005,289.95263600947,281.1571361772824,287.8262634277344,4512200
2020-06-15,280.29696743583446,288.9185285161133,279.08879085205933,287.2270812988281,5932900
2020-06-16,295.6746579912644,298.748252301913,290.068700651575,294.2925109863281,4013100
2020-06-17,294.7950898809758,297.1921228698952,292.9393176481836,293.5965881347656,2566400
2020-06-18,291.73114241492283,294.89175128750173,290.4456554872326,294.6501159667969,2776600
2020-06-19,299.14447160434565,299.14447160434565,286.5794372558594,286.5794372558594,4533500
2020-06-22,289.575758679252,294.74676016390777,287.76833129689413,294.2538146972656,3489200
2020-06-23,296.75712737245266,300.04336137504555,294.2344691354944,296.6121520996094,3801500
2020-06-24,294.79500566735726,295.2975963697585,283.2545037415126,284.1727294921875,5086000
2020-06-25,284.31778118901053,288.4062613462906,280.94456162327856,288.0389709472656,3294800
2020-06-26,286.9467873150753,288.13561424232967,279.4947621133961,279.6590576171875,4922500
2020-06-29,281.59204857981615,283.34148541257343,275.6091574900254,283.12884521484375,3642200
2020-06-30,283.28352578464376,286.67609446446477,281.2731332869864,285.80621337890625,4283500
2020-07-01,286.0574702455818,293.12288269823114,285.24557933339736,291.0931701660156,3801300
2020-07-02,294.1473978460309,296.62176984433523,291.228454760926,292.30133056640625,3290100
2020-07-06,296.38982921669833,297.0374247470153,293.02628498927385,295.3459777832031,3013300
2020-07-07,293.04558922146003,297.4916840404591,289.3823903090367,289.8753356933594,3633100
2020-07-08,291.23031270268115,291.8400515508177,287.8332131407128,290.4947509765625,4115000
2020-07-09,289.9818105786283,291.04643165446885,281.21325527960227,285.1136169433594,5042800
2020-07-10,284.5425676257286,287.40734166919174,282.1229879690473,286.16851806640625,3030900
2020-07-13,288.2783697035883,289.0139313331056,280.69057183237834,280.8454284667969,4853700
2020-07-14,282.60695994709675,289.47857344202953,279.36471665696394,289.3334045410156,4795900
2020-07-15,293.25308547267656,296.9018013487735,291.6948901858399,295.8855895996094,5257300
2020-07-16,293.22406719319343,293.7660507595119,289.2946715694397,289.72052001953125,3312100
2020-07-17,292.0239258808482,295.42099571962336,289.7785488145232,294.2789611816406,3169800
2020-07-20,292.20779453234024,304.8573339050305,292.20779453234024,301.9248046875,5279400
2020-07-21,302.9313951761393,303.9476068919283,296.44690940753503,297.7051086425781,3562100
2020-07-22,298.2180298341603,303.4830374110309,298.2180298341603,303.2894592285156,3303100
2020-07-23,303.46364085818067,307.0349424663443,298.7890263865525,299.9310607910156,3118500
2020-07-24,296.62114864660225,300.73443446152703,294.74355228821264,297.0469970703125,2500300
2020-07-27,297.18247485911434,300.0279031421072,296.1759213656215,298.924560546875,2311600
2020-07-28,298.5760683020747,300.22139394499504,296.18552291089526,296.4758605957031,2116300
2020-07-29,294.7047913586213,301.6344707851202,294.3370105385736,299.3503723144531,3542400
2020-07-30,294.22092909334543,302.75721445368015,293.29181863994165,299.0600891113281,3941600
2020-07-31,300.02796958351064,300.11507093359864,295.77917222411526,298.6052551269531,4684400
2020-08-03,300.99569684472704,303.41527640135666,299.3503709318656,302.5345458984375,3907800
2020-08-04,302.44748630645205,305.5348726095393,301.09252747497663,304.2767028808594,3409200
2020-08-05,306.19293375882296,319.0747723139584,305.7090178715951,317.4488220214844,5677200
2020-08-06,316.8682309840553,320.56535678044133,315.41648280037526,319.5201110839844,4839800
2020-08-07,317.4489157104687,317.76828729450756,313.50983213727693,317.46826171875,3662500
2020-08-10,316.6649138129359,319.132873281927,311.5063533747113,312.4935607910156,3752100
2020-08-11,314.54533324155955,323.78811506553546,313.1709990974543,317.9714660644531,5273300
2020-08-12,318.0875943052938,320.73944391388926,315.70673641191337,317.0907287597656,3125900
2020-08-13,315.44540628661804,319.2199443372344,315.14538079643324,315.6970520019531,2526700
2020-08-14,315.19381985929374,317.10044983527916,314.36146908778437,316.2874450683594,1444900
2020-08-17,316.48103946621455,320.57497914177003,316.1713261616104,319.6071472167969,2904100
2020-08-18,319.5781022584983,320.7394828062977,315.8519435705521,320.35235595703125,3021700
2020-08-19,319.4232974866298,323.70109859995904,319.3845759346491,321.7073669433594,3421000
2020-08-20,319.56846892607564,327.1272349203885,319.56846892607564,326.4691162109375,2966000
2020-08-21,327.1271462226509,327.9013998431444,325.16244886316315,326.256103515625,2680900
2020-08-24,328.44352623111826,332.7697374126287,327.85316275733106,332.58587646484375,2753900
2020-08-25,333.62135478142113,337.2507247197549,332.28574191837225,336.4764709472656,2862700
2020-08-26,336.8054909038018,340.9574978979223,334.38591122776876,339.72833251953125,3512000
2020-08-27,340.4155553056822,346.4838512292069,339.30252489229673,344.5481872558594,3811700
2020-08-28,345.98050875328386,355.43621443075034,344.7029637394209,354.3425598144531,3544700
2020-08-31,354.8361660644624,354.8361660644624,346.1837476898957,346.66766357421875,3948200
2020-09-01,346.203100320288,347.8774599450182,342.18660431068855,345.4191589355469,4409600
2020-09-02,345.8934635754952,349.96802768286875,344.8191547871579,349.09698486328125,4127200
2020-09-03,346.93868144350097,347.3935635904932,330.28230371943414,332.779296875,6297400
2020-09-04,331.96639768882255,335.8280381696361,316.0455484342881,324.2334289550781,6571200
2020-09-08,318.184404648748,324.91081820420095,316.38422207063684,319.26837158203125,4425700
2020-09-09,326.5368252045618,331.7340778818752,321.6782900700607,328.7144470214844,3344900
2020-09-10,331.48247558722136,334.02787859265544,320.48791772745346,322.17193603515625,2845900
2020-09-11,323.9429737341485,323.9429737341485,316.78102431632414,319.5296630859375,2920400
2020-09-14,324.19465123558024,329.0628444887878,323.2751991204486,327.7078857421875,3416100
2020-09-15,331.7147627330131,332.8664852887407,327.6401978837982,328.2305908203125,2396400
2020-09-16,330.3016307952369,334.90851954878485,328.8595708853583,330.8533020019531,3049000
2020-09-17,326.29485568415294,332.66317648772156,325.191513158711,328.51116943359375,3713000
2020-09-18,327.33042826438714,330.16619826213514,322.6461252748043,324.475341796875,4006000
2020-09-21,318.8716553086065,321.00089782402824,310.49022545919934,317.30377197265625,4466000
2020-09-22,318.91035892968017,325.2206134741374,314.6518741383195,324.5237731933594,3375300
2020-09-23,324.0689235841017,324.38832474358,313.06467642401867,314.090576171875,2893900
2020-09-24,312.8031917198534,320.1393424112076,310.84815294248267,317.6520080566406,3706300
2020-09-25,315.1744549647308,322.7525953452293,311.73866350533945,321.1072692871094,3077500
2020-09-28,325.7818695993181,329.61450504701264,325.0076159223876,327.504638671875,3122500
2020-09-29,327.50461322592605,329.7596482982944,325.01727843981985,325.4140930175781,2679500
2020-09-30,325.86900349437286,332.5954172910366,325.5980117513342,327.2917175292969,3285200
2020-10-01,331.23083844251136,335.5473907439045,329.33389585388784,332.3244934082031,2503600
2020-10-02,327.38852790440666,331.58891534142253,325.20124761604893,327.9305114746094,2184600
2020-10-05,330.68880975577446,332.20831298828125,328.06599347171283,332.20831298828125,2081600
2020-10-06,331.05662864041307,335.2182946408092,325.4044930130565,326.5755615234375,2553400
2020-10-07,330.7856336609605,333.56330689179157,329.3919531595995,332.8374328613281,3068200
2020-10-08,334.30054886279294,336.8973518456123,333.5544315193952,334.4361877441406,1991800
2020-10-09,337.1879735109223,342.3912776924836,336.22871373250257,341.451416015625,3116500
2020-10-12,343.98038402180646,343.98038402180646,339.93014321666965,341.1122741699219,2942900
2020-10-13,340.521212932103,340.58904715073527,334.3101829477202,335.104736328125,2523800
2020-10-14,335.0272987767796,336.4129031552684,330.5991487132111,332.0622863769531,2234300
2020-10-15,327.79872598788944,329.0680595564649,322.4888510812605,328.06036376953125,3727300
2020-10-16,329.44600524085917,334.27143090409857,328.69991758017227,328.8646240234375,3324600
2020-10-19,329.5622880278906,330.70565240419734,320.1730741579874,321.3746032714844,2937600
2020-10-20,322.7021593788585,326.3454256274563,321.38435957552946,321.4231262207031,2677800
2020-10-21,322.1691277528365,325.8802568134246,321.01606432286275,323.0702819824219,2725300
2020-10-22,323.0218797456356,324.9694969346722,319.0297731169964,323.2447509765625,2256000
2020-10-23,325.26985799759325,325.26985799759325,318.11893565020233,319.3785705566406,2945400
2020-10-26,316.27788567685377,317.0821085722038,304.4759730888946,308.18707275390625,5173300
2020-10-27,309.000954536563,309.6404708911968,302.66395572271506,307.2665100097656,4314900
2020-10-28,292.32516741693144,292.6255422635668,279.6415009381124,282.335205078125,11518200
2020-10-29,284.0987743245704,286.13356445157456,278.62413263251744,284.0793762207031,9582300
2020-10-30,280.8527297853894,282.7906474936615,272.47124161116807,279.6802978515625,6892800
2020-11-02,285.1064686814539,285.68784995877246,279.17644470742096,280.9690246582031,5094900
2020-11-03,285.31000133152986,291.0171547040915,282.7228676822146,286.2208251953125,4097700
2020-11-04,295.6196053080224,303.0127648970941,292.8580671076232,297.66412353515625,4790100
2020-11-05,305.357752215757,309.43706130953973,303.8461489772259,306.70458984375,3794400
2020-11-06,306.17159576115927,306.6657446147282,300.4644145431463,303.90423583984375,2978500
2020-11-09,336.1512297833326,345.91832234448975,330.31807836391783,333.8644714355469,10933700
2020-11-10,329.43636013894627,335.12414472374115,323.0896905326362,324.3880920410156,5330400
2020-11-11,326.93645967635297,327.21746606597856,320.7932631659533,322.0722961425781,2969900
2020-11-12,318.8455749226594,322.75047763722813,316.1712392177971,318.0994873046875,3207700
2020-11-13,320.0471236613548,325.6767726950476,317.179013500074,324.63031005859375,2393700
2020-11-16,331.1901270780378,332.01374802448134,322.82803694117854,325.0372619628906,3312800
2020-11-17,322.8281578459925,327.2853466225774,320.4541959177902,326.0547790527344,3412700
2020-11-18,326.0837672157163,330.36657895579214,324.4655926940042,325.5120849609375,3203400
2020-11-19,325.07593946343815,328.6320308449745,321.1323000925919,323.51593017578125,2718700
2020-11-20,324.3880590122141,324.7562681250649,312.9737243652344,312.9737243652344,4142400
2020-11-23,316.084076791791,322.85711965991794,314.30119595123733,321.7331237792969,3219000
2020-11-24,326.45196561051955,333.4284523557425,323.7485618419768,331.7618713378906,3529700
2020-11-25,333.0408635912015,333.0408635912015,328.80651782325873,330.7250671386719,2535200
2020-11-27,332.18818745914814,332.2366531493477,327.1302205018896,328.544921875,1402300
2020-11-30,327.17859712442424,327.5564756396512,319.93077542674075,326.0643005371094,4276200
2020-12-01,329.1262645774154,331.99437448491005,327.1398811988628,328.36077880859375,4210400
2020-12-02,326.32598910147266,329.6785787384865,323.6322844437045,329.6592102050781,2972100
2020-12-03,328.0507000904627,331.6939947645383,323.74852050690276,324.73687744140625,3080300
2020-12-04,326.4616231886824,333.6609802246094,325.37636445614663,333.6609802246094,4323600
2020-12-07,332.70168543384654,337.18796949080047,329.4944341130541,330.3761901855469,2389800
2020-12-08,327.7793604061985,332.1881108319319,326.2484186124879,330.2114562988281,2224600
2020-12-09,329.8433516940642,331.1029866230653,324.30090477994946,326.39385986328125,2962600
2020-12-10,324.26209417443516,325.1244818003484,320.90950461665284,321.229248046875,3506800
2020-12-11,316.9366967970547,321.2776424068819,315.4251235946709,317.2564697265625,4179400
2020-12-14,318.78750217834596,328.2348521669139,317.4212664777193,320.8707580566406,3552400
2020-12-15,322.81837142643434,324.8144245231383,317.4503304956448,323.29315185546875,3104600
2020-12-16,323.59347845510075,323.6322450874833,319.02969070375406,321.7912292480469,3393300
2020-12-17,324.155501535329,327.8278342814332,323.0508742540385,326.4422302246094,2725500
2020-12-18,326.064346796653,330.99634371486536,323.9713921661069,329.7657470703125,8443700
2020-12-21,322.8667574036948,325.7154986760398,317.08207211437514,323.9907531738281,3642500
2020-12-22,323.78732458557573,324.814418701577,321.30679205218246,321.9269104003906,2403100
2020-12-23,323.75826906965375,324.8047317582645,318.81657235223986,319.0103759765625,2760600
2020-12-24,320.3862844318168,325.9287310426589,320.0956085626551,325.5702209472656,1308900
2020-12-28,327.37241889984153,334.8624813648693,326.41315911245556,333.7772521972656,3449100
2020-12-29,336.9844906003932,337.92438182009454,334.0582456669207,335.8992614746094,2822700
2020-12-30,337.8565631272117,346.7128611681631,336.43219244162043,344.5133056640625,4200600
2020-12-31,344.0095142448358,348.2535594165313,342.2847683993362,345.8602294921875,2881700
2021-01-04,346.8872463626179,347.01321573639586,336.5775106568793,340.5793151855469,4638400
2021-01-05,337.9728501034381,342.0424892827895,334.71716241617986,336.6357116699219,2990700
2021-01-06,339.542594628654,343.04052210388863,333.86448003322886,336.76165771484375,3966800
2021-01-07,338.5468127440301,341.8648361667819,337.99379897098424,339.4296569824219,3100200
2021-01-08,340.8849038366998,344.39700578865865,339.07065881087607,343.3006896972656,3371500
2021-01-11,341.6125891172665,342.8835615450168,337.42140305825836,337.8191833496094,2403000
2021-01-12,336.7325158849463,337.6251010185014,326.01196058364087,332.6965637207031,4858100
2021-01-13,339.18709529248355,339.33264704260773,333.967513603886,336.0048828125,4125700
2021-01-14,338.29457114691536,339.15802234359035,316.95045312482563,317.18328857421875,8712200
2021-01-15,317.7750801253358,319.86097639724306,312.2838177747402,313.6226806640625,7911500
2021-01-19,317.2415241400737,319.3177390978031,314.9810008412362,316.22283935546875,4625200
2021-01-20,320.15205067843107,327.85533907879284,319.31770393457805,324.9253845214844,5081000
2021-01-21,324.44037798364786,326.8173193929196,321.8596758990157,324.469482421875,3484900
2021-01-22,320.54017056295277,325.1582416074685,319.1042828152632,319.181884765625,3846600
2021-01-25,317.74603855624696,320.1132978359839,307.77251472159475,319.3759460449219,6257700
2021-01-26,320.16180834663646,320.685717777742,316.1064325467764,317.9303894042969,3503100
2021-01-27,310.809188506483,313.37049718436185,303.78504194500925,306.0843811035156,7449400
2021-01-28,317.33849757453834,319.19155850358464,312.3808556648249,314.6122741699219,6906400
2021-01-29,314.1466832920931,315.97064042851554,303.06715923487855,306.860595703125,7627200
2021-02-01,311.34280337940805,313.87497796686733,308.112063158717,311.9734191894531,4930700
2021-02-02,313.807002574565,326.13807127371683,313.807002574565,324.40142822265625,5686000
2021-02-03,323.88728534515116,325.9828932115858,321.19987750931466,322.897705078125,4036800
2021-02-04,325.3717005814729,333.0167810199155,325.07094489585916,330.6689147949219,4537500
2021-02-05,332.30847360089257,334.0645098767597,327.33143866686805,328.65087890625,2964800
2021-02-08,329.8636347872684,331.30920418288156,325.5268969926665,326.982177734375,2652800
2021-02-09,325.9343857705645,326.1963256429814,320.1617603692861,323.49920654296875,2993300
2021-02-10,325.0127330833621,325.4687222812524,322.3447181102897,324.24627685546875,4246300
2021-02-11,335.19963753978135,339.16769916062066,330.10615534851115,332.6480407714844,5110800
2021-02-12,331.15394998528063,332.8905931853435,326.6620085804977,330.83380126953125,3025100
2021-02-16,332.9682291097343,333.74436695722807,327.99116448153154,331.03753662109375,2916900
2021-02-17,328.9322959216843,330.2323432932045,325.82768485600604,327.27325439453125,2267000
2021-02-18,324.51789315022074,329.8151363528612,322.9170902603566,328.3695373535156,2393700
2021-02-19,328.35024292502226,328.89354552836477,321.13204592887536,323.23736572265625,4095800
2021-02-22,320.1617684249227,333.8608066275591,318.9684275383624,330.50396728515625,4940300
2021-02-23,330.49430393331085,343.71796181401993,328.3210938156199,339.9730529785156,6326600
2021-02-24,342.3499248742631,357.7953168781146,340.11850633760605,356.369140625,7467400
2021-02-25,353.6914278081222,356.369153837598,341.7096104901391,343.999267578125,5207500
2021-02-26,346.43437488450337,348.6755341838983,336.77132026551624,343.3006896972656,4868500
2021-03-01,349.92708549560484,355.5250841615248,348.47180480662234,352.0809020996094,4382900
2021-03-02,351.20776580749447,355.6803145802225,348.6270643069166,352.0033264160156,3559200
2021-03-03,349.2674019235774,354.5355114633945,344.8530618812602,349.50994873046875,3692300
2021-03-04,349.3643722351752,350.84875727819013,334.4040744853058,339.08038330078125,4572000
2021-03-05,344.33884747378494,351.00402867322305,336.092256431313,350.12115478515625,4643200
2021-03-08,351.5957289975273,371.05767597348944,351.0039291962787,360.2594909667969,7213300
2021-03-09,363.82027819044345,375.77299416912496,361.6082520833563,365.2949523925781,5832800
2021-03-10,365.37256467928285,372.5519452017206,361.879884271463,370.3205261230469,4509500
2021-03-11,374.00722888993124,377.88797834663615,371.193691455374,372.9206237792969,3729700
2021-03-12,369.77715213155017,372.4839530178659,367.933772822609,371.3003234863281,2467500
2021-03-15,371.8824097326666,376.29674913284043,367.3516526193622,370.3786315917969,4216200
2021-03-16,371.2906611082034,373.79373110954054,367.400200879726,370.9801940917969,3445100
2021-03-17,370.4658864658774,373.6189939996448,364.6641579449535,367.390380859375,3240900
2021-03-18,363.8493181456398,364.2859142452011,354.1571571268141,356.0587158203125,7205200
2021-03-19,353.92423834436187,355.36012589536347,339.70132166961787,345.88140869140625,12224300
2021-03-22,345.3284053515439,350.8681655083913,343.446239972902,347.7150573730469,4140400
2021-03-23,348.5882282416885,348.5882282416885,342.97086600767415,344.6783752441406,3756300
2021-03-24,346.43443767950293,354.1086221025246,345.3866485147956,348.9278259277344,3550000
2021-03-25,347.3367276986807,348.75319271541827,343.5917897240973,347.67626953125,2961800
2021-03-26,349.19945124173717,355.68029425051316,346.6090681505141,355.2243347167969,2741200
2021-03-29,353.38103440309897,354.4579577683461,347.9188748310471,352.0906982421875,4054900
2021-03-30,350.02412700723426,353.70114468220174,346.453845317308,347.52105712890625,2885800
2021-03-31,348.86968286040656,350.72274434334105,345.17327124300283,345.4352111816406,4372600
2021-04-01,346.3957024504394,352.5660798330957,344.64934744208443,352.46905517578125,3701800
2021-04-05,355.8646823721257,359.47378023713605,353.4780299540955,357.3393859863281,2180300
2021-04-06,354.0212459539535,359.69684607520844,351.6928029730629,358.5520324707031,2661900
2021-04-07,358.1348626489485,362.8111417385004,357.9990222499206,360.0169982910156,2958300
2021-04-08,362.30943697191674,368.43858352083976,362.066602228638,366.91357421875,3528400
2021-04-09,365.3011673389904,369.44880394561477,363.7081867529171,369.1865234375,2429300
2021-04-12,367.24377279191503,370.0218172675043,365.3982349385297,368.9533386230469,2896600
2021-04-13,368.1957881785368,369.2059891186947,366.0005523786504,367.2924499511719,2652800
2021-04-14,366.1947542871985,370.03155468397637,364.8348857966769,367.4769287109375,2317400
2021-04-15,370.2453101812465,376.2675943664237,370.0510305185669,375.4128112792969,2942200
2021-04-16,377.8508045546636,377.9479443661643,372.6735816379641,375.1019287109375,2725500
2021-04-19,373.8683685065095,376.62696766018263,370.3909879913825,371.2069091796875,3360900
2021-04-20,369.29335242408496,370.38124728946485,362.8533705359783,365.83538818359375,3135900
2021-04-21,367.7392163678414,373.09130356768827,365.8742621491611,372.1199645996094,2466300
2021-04-22,372.1004323437416,378.33644011195724,371.0416766718222,372.3724060058594,3713700
2021-04-23,373.33414086017945,378.70564420463523,372.4696349440851,375.9664611816406,2294800
2021-04-26,376.7143528342659,381.67791003140246,376.0052944081827,376.36468505859375,2255000
2021-04-27,377.0932401715984,379.23989113220455,375.0728680280128,377.91888427734375,2270000
2021-04-28,379.50207151025506,389.9925184302958,379.50207151025506,384.3101806640625,4065300
2021-04-29,380.2792403818436,381.14374637018716,372.80964067059836,377.8023376464844,4637100
2021-04-30,371.8868616439502,373.9655414797359,364.84465339530584,371.10980224609375,4043200
2021-05-03,374.42200465992636,375.78187318295886,366.0490681364219,368.5259704589844,3344100
2021-05-04,366.26283477315735,367.37014591234845,360.9301630556615,365.1360778808594,3321200
2021-05-05,367.09810624898404,368.75911712393935,357.48185699195915,358.56005859375,2993900
2021-05-06,360.50271569414406,364.961157466862,355.21862996879474,364.71832275390625,3787300
2021-05-07,366.4473001385152,367.7877524801211,362.8533345745836,364.6405944824219,2935900
2021-05-10,365.01949760166127,365.223470495273,354.936993859484,355.84033203125,3193700
2021-05-11,350.6630399848805,358.35602690706236,348.97289026600487,357.0738525390625,3073100
2021-05-12,354.2958233268217,354.90777150682436,345.4469411866514,346.3988342285156,3293200
2021-05-13,349.0311288928544,352.44053728264,347.661567384674,349.70135498046875,2626000
2021-05-14,352.6251669586654,354.25700923004433,351.129296721779,353.4799499511719,2959700
2021-05-17,351.9161425935362,353.62570888808335,347.79767431258176,352.8874816894531,2511600
2021-05-18,356.48141770609556,359.2400169453636,352.47950571613046,352.6640625,3421200
2021-05-19,347.0885005918353,350.79902213840796,345.1846847328819,350.6339111328125,3577900
2021-05-20,352.5377635133365,358.8223277524175,352.10064912541196,357.1613464355469,4087500
2021-05-21,358.56004864306,361.8528720342542,356.9281767949047,357.0641784667969,2708700
2021-05-24,359.473086585152,363.028190511515,359.0457247412053,361.7071838378906,2351500
2021-05-25,362.43571576495395,363.03794118539207,356.3065692163072,356.6950988769531,3916300
2021-05-26,358.4241124635676,359.30803456364936,351.6732941521418,352.256103515625,3101900
2021-05-27,354.10150505615223,355.8984875484133,350.2064570942148,351.6246032714844,5416300
2021-05-28,353.081714673583,354.936975658591,350.090003696672,350.2453918457031,3624300
2021-06-01,354.03360910681437,354.92722428510035,349.2351926213816,349.47802734375,3119700
2021-06-02,353.1108409887855,360.5318846625822,352.4794766111664,356.335693359375,3531000
2021-06-03,352.9457615270056,356.1803373335179,351.36250369235285,351.4499206542969,2605900
2021-06-04,353.86843788779254,356.1219510310257,353.2759354449872,355.5294189453125,2295200
2021-06-07,357.2584010761614,360.7066716240413,352.86796034342495,353.64501953125,2133400
2021-06-08,354.53876315499247,357.14194476741966,352.81950365990986,354.79132080078125,3224200
2021-06-09,356.4230831174046,358.7348743435519,352.9165344238281,352.9165344238281,2520900
2021-06-10,354.237539963846,355.16032365657543,351.5857744386133,353.85870361328125,2460200
2021-06-11,355.06324540264393,356.3356970461052,353.3730954852225,355.0243835449219,2708300
2021-06-14,355.5100511426732,356.1219994161945,351.72183521481725,356.01513671875,2515300
2021-06-15,356.8116621909721,358.1812537284801,352.34349689384425,357.5693054199219,3562500
2021-06-16,358.79318985459633,358.79318985459633,350.9447544563012,353.3925476074219,3081000
2021-06-17,353.0817393149635,358.56979893556775,350.87681037638544,356.76312255859375,3824900
2021-06-18,351.74128958214504,359.76455956474246,351.62473363982696,356.889404296875,5009400
2021-06-21,358.0549340784241,365.6605341274547,355.70431058310487,362.3968200683594,3094600
2021-06-22,363.2709856404501,367.904290653655,361.3574470328814,367.2049255371094,3582700
2021-06-23,367.1660455877965,367.8654106698704,363.56238714407806,364.3880310058594,2241800
2021-06-24,368.1374062200321,369.1670229794524,362.2122335950332,364.00921630859375,2788200
2021-06-25,364.68920616525526,368.7688118076455,362.6299427729123,368.7299499511719,3983900
2021-06-28,370.0023916743327,370.0023916743327,354.6552207268297,357.141845703125,4800300
2021-06-29,358.4337288794189,360.74551989408417,357.3652503042072,357.4526672363281,3394300
2021-06-30,357.404143169433,359.5605166109266,353.8295936582722,354.6260986328125,2884900
2021-07-01,355.55860944323416,360.5707219633943,355.12152470313754,360.0850524902344,3108500
2021-07-02,362.00832038440444,364.7280576228317,361.48378904452466,364.28125,2786500
2021-07-06,365.854835349501,367.39926083159764,360.852445333355,365.34002685546875,2740500
2021-07-07,365.9907711855742,367.3117777842937,361.7751641614357,363.2030334472656,3176600
2021-07-08,357.3876185803156,360.3925884649976,355.58851851039856,360.00360107421875,2809000
2021-07-09,361.61794469305505,363.20309732418934,359.7118856101785,362.6779479980469,2404800
2021-07-12,364.68127227000696,365.7218366228985,361.8416077050158,365.2258605957031,2648300
2021-07-13,365.21599357735175,376.00085660083914,365.21599357735175,373.1514587402344,5161000
2021-07-14,372.44168109041874,380.8536560651218,372.44168109041874,380.0464782714844,4140500
2021-07-15,379.40460653895735,382.4776273072959,376.7886243798593,379.49212646484375,3773000
2021-07-16,382.33184722057996,382.6333147038587,374.7270198214621,376.4677734375,2706500
2021-07-19,367.598665259966,368.1821611403898,353.371230689414,355.3940124511719,6814400
2021-07-20,356.9013174261649,366.2371616377288,355.21891088615877,364.0879821777344,3542200
2021-07-21,365.6829437375143,370.4189333027662,364.72989929015915,369.60205078125,2393100
2021-07-22,369.83539168142937,372.32494658591554,366.67482091743824,371.64422607421875,4180300
2021-07-23,374.49366998408044,383.6447433422544,374.49366998408044,382.4388732910156,3720300
2021-07-26,380.8925129420961,382.07894364859635,377.5860462769484,381.99139404296875,2285800
2021-07-27,379.2684460807232,384.40315616362585,375.27155439430874,379.531005859375,2783800
2021-07-28,380.8439140240431,380.95090262199693,371.8095356478671,372.8890075683594,3372600
2021-07-29,376.8372857996601,383.8780555264676,376.8372857996601,378.1112365722656,3774000
2021-07-30,378.2959560611402,378.2959560611402,372.5388425918868,375.3201599121094,2533300
2021-08-02,378.5876624790096,379.2489735483086,363.51417428885503,364.93402099609375,3430300
2021-08-03,366.29559078271086,366.3053251133474,349.67585350187744,357.4848937988281,6328500
2021-08-04,357.1736519727964,359.09917951931016,353.42958547126995,357.8835754394531,3203200
2021-08-05,358.06836625706165,361.72488331809745,356.90137441508796,361.7054443359375,2562400
2021-08-06,361.1997732035928,365.16749215060315,360.79131714480366,364.22418212890625,2038500
2021-08-09,363.8934976125853,364.1949650358517,358.7393484298064,360.4800720214844,2400800
2021-08-10,362.0458243741829,362.49315839265347,354.0908882424968,357.71826171875,3225000
2021-08-11,358.4087164170125,359.7799214622391,353.7408083430021,354.2173156738281,3267700
2021-08-12,352.5931705918619,353.2252786101676,348.0030496166402,352.0194091796875,3802900
2021-08-13,352.29177275924417,353.4976424277034,350.70662039825413,352.7682800292969,2304600
2021-08-16,350.58020345443947,353.79912056269325,346.8069637839245,353.5559997558594,2937300
2021-08-17,352.03894232057763,354.4312428453383,349.8897626123367,353.235107421875,2812800
2021-08-18,351.2414438703787,355.6176178818654,350.66768239465665,351.0177917480469,2774500
2021-08-19,347.07933608696067,350.23020263424905,344.9593292964757,347.4780578613281,2727900
2021-08-20,347.52658219393834,348.4601874342119,343.6074760840671,345.2218017578125,4135900
2021-08-23,347.6336032325291,352.27233784673393,346.93341407587224,351.0762023925781,3537900
2021-08-24,353.04064697274265,356.0261781288391,351.52357524529936,351.8250427246094,3032000
2021-08-25,352.00003792123454,352.42793293647594,348.6352540994132,349.21875,2340400
2021-08-26,348.1490301937744,348.3435387298215,342.1196217103457,343.15045166015625,3946300
2021-08-27,342.7614886291396,346.6903298494299,341.9737794544801,345.9415283203125,3698300
2021-08-30,345.03711213076525,348.1879786526378,342.5572912335671,343.33526611328125,4032100
2021-08-31,343.2282661600441,345.4455269478603,335.19554442062844,336.7029113769531,6780400
2021-09-01,337.82124800297504,342.36272832045546,337.74343272065414,339.95098876953125,4499600
2021-09-02,340.8650679697049,340.8942412761987,329.9926841303517,331.8890380859375,7412000
2021-09-03,330.5762181805113,334.67039395836025,329.6037349477775,330.86798095703125,5171000
2021-09-07,335.39970940510216,338.4241175899302,333.5811410852283,335.2246398925781,4764300
2021-09-08,335.5067166228559,342.3140992789718,335.5067166228559,341.3805236816406,5054500
2021-09-09,341.0595453577144,343.9089434432055,340.29130506398735,341.74029541015625,3716200
2021-09-10,345.16346531267175,345.231546261375,337.471119410691,337.8309631347656,3437700
2021-09-13,340.36912125134876,342.3043533295573,336.8292681449753,338.2491149902344,3234200
2021-09-14,340.05793827291615,340.2524467954999,335.7498445659735,336.2846984863281,3281900
2021-09-15,337.45169822023433,337.96711317161294,333.32837860920534,335.26361083984375,3833500
2021-09-16,335.9054411811751,338.112967463071,335.205252057736,336.7806701660156,3771100
2021-09-17,334.5341919367372,336.47915816892754,331.3930607877312,333.6006164550781,5527500
2021-09-20,329.01053718108824,331.7237440551355,326.3848205595479,330.34283447265625,3956600
2021-09-21,332.7837195297787,333.7367339477322,327.99908975125214,328.0963439941406,2967300
2021-09-22,329.9635882592856,334.4078442844008,329.22452109538943,333.96051025390625,3238800
2021-09-23,336.22634641629094,345.02733755848703,335.7012268339256,344.3271484375,4783200
2021-09-24,344.28823547356706,350.02588057406524,343.0531924599933,348.3045959472656,3306200
2021-09-27,347.22514447404114,352.61271017398263,345.387166500851,346.9528503417969,4158000
2021-09-28,345.717828277746,346.20406994902265,339.44529884714177,341.5166931152344,3266900
2021-09-29,343.10182611420305,347.3515733299638,342.7128387349678,343.47137451171875,2808800
2021-09-30,344.97870558382226,346.2040440005063,337.8406819458261,338.11297607421875,4393300
2021-10-01,340.2038344443485,353.1864929944991,337.6073205410202,350.26904296875,5227300
2021-10-04,350.0258709873513,350.72606007833264,330.002445464465,334.7287292480469,7901500
2021-10-05,337.9962995791703,338.9785172271104,333.49369706905173,333.7659912109375,4724100
2021-10-06,330.6540369008497,339.27995851654146,329.7787782400114,339.0951843261719,3712000
2021-10-07,339.82542515803544,348.49145441241,339.82542515803544,344.6063537597656,3209200
2021-10-08,346.6414835312456,350.89660035834163,344.89853067297224,345.6288146972656,2336700
2021-10-11,344.64533708361233,345.55088201418414,337.7806503954173,338.0240783691406,2769800
2021-10-12,339.4846108564845,340.79912772075824,335.56055351734136,336.2616271972656,3042900
2021-10-13,337.14768956487825,340.31225271602875,328.1213924435749,333.3502197265625,3755700
2021-10-14,334.8011301102443,336.7193439365434,331.87024748487397,335.52166748046875,4083800
2021-10-15,339.8255252623826,347.2354601315338,338.59863849894634,346.6415100097656,4053600
2021-10-18,344.6550633616192,350.47787134882554,341.0231369127856,349.0173034667969,3280900
2021-10-19,348.9783996976536,352.76615391063,348.20915884260506,352.5811462402344,2835400
2021-10-20,352.1916583136725,352.9608694336387,346.6414877749625,347.3912353515625,2796200
2021-10-21,345.27828519060733,347.01149138231165,338.1409595063538,346.845947265625,2516300
2021-10-22,347.3035346719224,352.13316683107684,345.5703287717994,349.2412414550781,2774400
2021-10-25,352.93169414726094,354.7233209200519,349.35818723199225,351.3737487792969,2447900
2021-10-26,353.82748083156605,357.69311876415577,347.43018568781446,347.9267883300781,3320100
2021-10-27,338.85177440008624,341.8897510712891,325.0250521792373,326.89459228515625,9652700
2021-10-28,335.12249631656186,341.27633401732623,320.22468381147513,324.27532958984375,9505100
2021-10-29,322.5322828067909,329.2606348205874,322.4056955200328,326.69976806640625,5843700
2021-11-01,326.4369906085701,331.9384581835892,324.1292976218089,325.2685241699219,5126200
2021-11-02,326.32011927991135,326.9432795307887,318.1117339506072,319.8449401855469,5375300
2021-11-03,319.86438297574324,320.91597883132874,314.8400256316544,320.7699279785156,3952500
2021-11-04,322.366812903844,329.7280726513573,320.6725339544242,326.6121826171875,4819500
2021-11-05,333.43795528204,340.9550134629006,332.0358075591091,339.62103271484375,7201500
2021-11-08,338.86157007884015,343.86643500768616,338.52076488805164,340.4779357910156,3862200
2021-11-09,340.7992090311136,340.99396332240735,330.7212836209841,335.58984375,4247800
2021-11-10,340.89655844747017,350.16628548157627,340.31232533644453,348.53045654296875,6337100
2021-11-11,348.9588900093397,350.1857765633404,343.3016260119613,345.02508544921875,4472200
2021-11-12,346.6999157903283,354.27539447404985,346.57332846731396,353.9443359375,4724200
2021-11-15,355.54119435187107,361.3737194015735,351.1789541347253,351.86053466796875,4693200
2021-11-16,355.1808823388484,361.3152851945808,352.4837110485095,359.844970703125,4969000
2021-11-17,350.12731462907533,358.32598196508656,341.9870973456178,349.7281188964844,11727300
2021-11-18,351.2471567141663,352.9511527930317,335.5216834140842,339.0660095214844,6533700
2021-11-19,336.9043697215536,337.5372766117788,330.21497268413685,330.7894592285156,6954800
2021-11-22,330.86737332246116,332.5032323014977,311.35420342974504,312.85369873046875,11378200
2021-11-23,316.41748255226014,321.0231515825825,313.233454613785,320.3512878417969,7116200
2021-11-24,318.3551139719182,331.4125642529853,316.47582744263275,331.0620422363281,6414400
2021-11-26,313.1262837132786,318.2772283791421,310.6141198935872,315.6482238769531,6613900
2021-11-29,321.3346285848036,323.0970444995305,309.88376873702333,314.5186462402344,6362200
2021-11-30,309.64040774475086,312.32786230200753,301.95780600621555,306.6413879394531,10237600
2021-12-01,312.3473718455371,313.55476536226206,297.95590793830684,298.2285461425781,8008800
2021-12-02,301.4514930515889,313.73001676398906,300.86725991135705,311.7825927734375,6717600
2021-12-03,311.82152777898824,314.207134114145,305.7455742830344,313.6423645019531,4732900
2021-12-06,316.21297730467325,327.9072681297587,313.535269259753,324.5674133300781,6055000
2021-12-07,328.4331270423234,333.4185586777229,328.4331270423234,330.5850524902344,4939500
2021-12-08,330.31237623150236,334.98618256475635,325.3172282550773,333.3406066894531,4226900
2021-12-09,331.11064240024376,337.42030473656484,330.0980036557143,335.463134765625,3389600
2021-12-10,337.8780916467465,341.04265590568576,335.7651233591076,340.7213439941406,3405900
2021-12-13,340.0104901635669,340.341548672378,331.38338653098515,336.23248291015625,4358300
2021-12-14,336.2421893245391,339.05620117054536,328.97827739562496,331.5975646972656,4518500
2021-12-15,331.06207073504845,337.4788290696322,326.70957702824205,337.2451477050781,4918700
2021-12-16,342.4545262124543,344.4700874919109,336.0474845384102,343.6424560546875,5369900
2021-12-17,340.0104481491381,343.51581680241554,335.0737218672444,340.1272888183594,5898200
2021-12-20,332.2694661296862,334.4992748813832,327.3911893224281,328.160400390625,5013900
2021-12-21,331.3833399409225,342.74657027448245,330.44858488773826,341.5196838378906,3105100
2021-12-22,337.4690958688554,349.19259680753663,337.4690958688554,348.08258056640625,3456400
2021-12-23,348.14104127323674,352.9414349147787,345.6678041570024,351.1011047363281,2627000
2021-12-27,350.5362864517401,351.5878822363505,346.25196000484027,350.838134765625,2677100
2021-12-28,349.3581295538634,354.5674945888765,348.9881142470852,351.2958068847656,1920100
2021-12-29,352.26946769032526,353.603448154415,350.72126943318506,351.7923583984375,1535200
2021-12-30,352.483702654173,355.06403320843754,349.6696610408966,351.500244140625,1558000
2021-12-31,348.54022584380544,353.82747492609457,347.40096971743054,349.87420654296875,1984000
2022-01-03,350.3319157992605,362.53252830394433,349.8061028984089,361.19854736328125,4708200
2022-01-04,362.2111144872957,372.3474598924335,361.8800559757713,365.5217590332031,6854500
2022-01-05,364.1682999978371,372.4448522705152,362.7174785789448,364.0709228515625,5976600
2022-01-06,359.468920779641,364.860612119095,357.3336911588102,360.74615478515625,4781100
2022-01-07,357.22652179390894,362.4914606847802,355.0035165187996,360.40496826171875,4551200
2022-01-10,361.6334611422304,361.6334611422304,340.047173234105,354.80853271484375,6009300
2022-01-11,354.43804690460905,358.85474958445866,347.1841202874043,357.1290283203125,4131200
2022-01-12,359.7127121362502,362.81317232600793,357.88948610807813,358.12347412109375,5783100
2022-01-13,359.3909844501282,368.23414928765135,358.67926092195734,360.2782287597656,3892900
2022-01-14,355.2082457157666,365.4066293901875,355.04248437903084,362.8326721191406,4029900
2022-01-18,361.516488004738,362.8327302283167,356.06629841639386,357.1387634277344,4933900
2022-01-19,353.34601385308036,360.06367728275757,350.71352981271525,351.7080383300781,4464800
2022-01-20,352.78052989210533,363.7394349691458,352.62455771514215,354.8962707519531,5043200
2022-01-21,353.43380887631145,358.9230063100346,345.25363002465537,346.1993713378906,4867100
2022-01-24,334.00219300288,341.34386346971064,322.32180693263894,340.6808776855469,7472800
2022-01-25,334.733456564162,338.3604192825128,325.0518164001441,330.2875061035156,6994400
2022-01-26,334.7725038749776,345.8971417423634,332.71528955351596,336.0400085449219,7438600
2022-01-27,340.3494668312054,350.63562829898905,325.96836556826884,341.7632141113281,8416100
2022-01-28,350.07004850872823,373.19680595272683,346.49185288398587,372.9433288574219,8813400
2022-01-31,369.2091195908685,376.88228433313424,366.8789095088528,376.716552734375,6345200
2022-02-01,376.1120624469574,385.60845326644574,372.855600192167,382.2544860839844,5841100
2022-02-02,379.5537638332209,389.91790951966595,373.1773226088372,386.8271789550781,6115000
2022-02-03,378.8225672465586,383.112516665095,376.82382018776235,380.3143005371094,4209200
2022-02-04,377.87677279766496,378.44225374317676,366.99588395550995,372.6410827636719,6045400
2022-02-07,372.64115734984006,372.8361374802076,363.97348272492064,366.72296142578125,4767500
2022-02-08,368.0976582551236,370.2718664712678,361.27272963969904,365.0069274902344,5825300
2022-02-09,375.95609648717567,378.73482354288717,371.0811471804289,371.8318786621094,5492800
2022-02-10,362.423192487997,370.4961064596285,361.2922008030222,365.02642822265625,3995000
2022-02-11,368.4095743070889,371.37355116979523,358.4452086633807,360.52191162109375,4345600
2022-02-14,359.5956528807002,367.8538155572754,357.5871767885559,364.8020935058594,3678400
2022-02-15,365.21160922120305,373.4892915648752,364.0611285777099,371.99755859375,5800400
2022-02-16,370.4570627239902,375.37101893949955,367.35660274755344,373.352783203125,3424800
2022-02-17,369.13111186310863,371.75383657547764,362.86193513986836,364.3536682128906,3972500
2022-02-18,365.143399349012,365.435884355104,359.77119662063717,360.69744873046875,4083800
2022-02-22,355.87128516297514,364.9581974484493,354.70128547440675,359.0790100097656,3897900
2022-02-23,362.66693699073033,364.21716711626976,351.1230619692162,352.195556640625,3802500
2022-02-24,337.2879897750946,361.27274594250315,332.7737820264917,360.1417541503906,7425000
2022-02-25,358.0357217606447,363.271411731894,352.65378928406096,359.85894775390625,3817900
2022-02-28,353.1315074410943,356.22220800179537,346.76482614956785,351.7957763671875,4952400
2022-03-01,348.90004760601073,352.53673990982446,332.6859651794673,335.86444091796875,5894200
2022-03-02,334.382387972305,339.6083471236583,330.2191935514359,335.484130859375,4997900
2022-03-03,338.93564578736516,340.75887161298635,332.17897487324365,332.4617004394531,3975900
2022-03-04,328.47403128212926,330.35575430392794,315.89666982336047,322.48760986328125,4670900
2022-03-07,321.33711437242334,321.5516133113741,304.30404194976717,305.09381103515625,6874300
2022-03-08,303.6020634540877,316.6084227595591,297.96659430348717,306.468505859375,5048200
2022-03-09,315.0679110145014,321.21036388761814,313.0789237242645,319.9233703613281,4015900
2022-03-10,313.88823717362004,317.96368763783636,311.7530070048744,316.4719543457031,3771300
2022-03-11,321.77592997177885,322.69242289932487,315.92599030880365,316.6669921875,2987700
2022-03-14,320.869172079558,328.45459207589715,319.0751942897712,320.3719177246094,4122700
2022-03-15,324.10612144661485,329.9170523061681,322.92636236899824,326.62158203125,3738900
2022-03-16,333.43675380464526,342.1629244588777,328.2595603217755,336.0594787597656,4340800
2022-03-17,333.0565048366265,338.20444953087036,331.2527678467137,337.77545166015625,3244200
2022-03-18,338.02893738641376,343.91785369023296,333.9242093688658,341.3341369628906,6790800
2022-03-21,337.36594856154164,341.2464185468606,333.92423587322776,336.93695068359375,6053800
2022-03-22,338.10695558833436,345.0781265824091,336.86872927610546,340.7881774902344,4669900
2022-03-23,334.8114674208574,338.0581998850496,333.20274031679133,333.6219787597656,2527800
2022-03-24,333.6902079108794,340.7101452967819,332.1789858542101,340.6126403808594,2482700
2022-03-25,341.6461435164665,342.74788663547844,337.00518303437184,340.2908935546875,2173800
2022-03-28,339.7937212736266,341.7924385592702,334.938261121518,341.72418212890625,3134600
2022-03-29,349.74830643205604,361.48719075320963,348.1688278784865,358.3574523925781,5512400
2022-03-30,354.9059875177909,359.0691825589467,350.6257687264877,353.18023681640625,2614200
2022-03-31,350.58682374895517,355.01328582970115,348.4223451746486,348.4418640136719,4095700
2022-04-01,350.2358032921857,358.6889771330013,349.21207600287073,354.86700439453125,3806800
2022-04-04,355.1400440010057,360.5122474618432,354.06754924190096,357.7335205078125,3027200
2022-04-05,354.22345591501437,358.43541797013546,352.87796555676846,354.23321533203125,2215900
2022-04-06,347.55453268081004,348.15902145260173,340.83684027162747,344.7075500488281,3864500
2022-04-07,342.87208330017006,344.55139423507796,337.629126834704,341.2806396484375,2848500
2022-04-08,339.08382413459964,347.4706345519602,337.47286456107906,343.9362487792969,2235100
2022-04-11,342.34491277342835,343.1845534244313,337.6389325143544,339.1522521972656,1809200
2022-04-12,341.72000624118914,346.0940330474995,336.3306042977513,337.6193542480469,4038500
2022-04-13,336.2622341375978,348.55438666321567,334.7586578523559,346.7384033203125,3048500
2022-04-14,348.7300458620648,354.36356178406186,348.4273820369841,349.35491943359375,3358900
2022-04-18,345.61560972507306,352.2254701524666,344.86383642700434,348.359130859375,1871400
2022-04-19,348.3689230624435,356.04299408713945,347.6464388193174,355.26190185546875,2999300
2022-04-20,357.98583920562487,363.0921225561282,355.26183456817023,356.64825439453125,3377300
2022-04-21,360.7391352494278,366.3433331814378,354.8615327396451,355.818359375,3605300
2022-04-22,351.9716240308683,353.53377866807693,342.31557821256143,342.8721008300781,2968800
2022-04-25,341.01703051160086,346.6602910102416,338.9374154673655,346.211181640625,3380400
2022-04-26,339.70877055930674,341.7786128591233,335.45189977660834,335.9693603515625,3116400
2022-04-27,348.5544626122749,364.89843544218337,347.5781195797475,353.016357421875,5702300
2022-04-28,360.39741289253266,372.9336505337791,360.0654599248848,369.867919921875,6843300
2022-04-29,363.24838504809986,368.1984509885114,353.19206451438436,354.78350830078125,4741800
2022-05-02,354.4124827465276,356.29681744599384,342.29606343858904,350.5461730957031,3903800
2022-05-03,353.03589752126913,354.842138213183,345.07870722513724,349.3258056640625,2686900
2022-05-04,350.8682589007091,360.5047562409971,345.29335062399593,359.8017883300781,3346600
2022-05-05,353.5337686331124,359.06961616839203,340.77295983027443,345.0102844238281,3424800
2022-05-06,338.05872853562397,342.9502159906947,332.71813169011,338.90814208984375,3635200
2022-05-09,332.9329124074117,334.2900432730811,317.2040433694749,320.2306823730469,5777400
2022-05-10,324.4484897695157,325.78607470535474,315.40754545312245,317.63360595703125,5003500
2022-05-11,317.7800389523956,323.1694400356318,311.01396126408173,318.1607971191406,4263900
2022-05-12,314.15778026407196,317.87764357229514,305.37069595256236,313.64031982421875,3891500
2022-05-13,319.9183263187394,327.29947707043146,318.3756876816238,324.92694091796875,3536000
2022-05-16,320.7677453653541,325.65920365331317,317.34077181739434,321.9295959472656,2062300
2022-05-17,332.0639956158189,333.1086897521907,324.66332896000466,330.84356689453125,2802300
2022-05-18,325.72752208503533,333.5187493580739,325.6689438931466,327.9535827636719,4521400
2022-05-19,322.19317419279577,328.25625558255865,316.75493679865286,324.36065673828125,4380700
2022-05-20,327.75824226904774,331.5757158423892,319.93772804243497,328.22686767578125,3428700
2022-05-23,331.009516911932,342.9892330153857,330.9411657611389,340.1871337890625,3420800
2022-05-24,335.7545888759881,335.86197229778935,328.0317126235497,332.6302795410156,2561500
2022-05-25,332.52286774355446,339.51348681880006,331.18528267360733,336.60400390625,3033400
2022-05-26,339.76727724497687,344.89307668617266,337.8243647056732,341.6125793457031,2817400
2022-05-27,345.0297585233397,349.32566041269683,343.7800112727193,349.3158874511719,2658700
2022-05-31,344.7369512141314,352.4305389312234,342.8331002143366,349.40386962890625,3873800
2022-06-01,349.7259906114967,355.81835993520724,346.4552363870959,348.6129455566406,2190000
2022-06-02,351.96178491133463,356.41390542339246,349.29638829954627,354.4905090332031,2484200
2022-06-03,350.97565173968366,352.41087656645163,347.35339920817614,349.35491943359375,2076600
2022-06-06,353.4360391788269,359.59675891456567,350.04812899266386,351.62005615234375,2196100
2022-06-07,348.4859978907154,355.8574032616113,347.9001863029677,355.40826416015625,2158800
2022-06-08,356.3651493675181,358.43499149517544,352.44026173652367,353.75830078125,1709600
2022-06-09,351.2491108732442,353.64113296218284,340.685074156796,340.74365234375,2250600
2022-06-10,333.25513420572827,336.1646469946759,326.68436505989945,326.830810546875,3300500
2022-06-13,314.3824480492954,323.07189484681265,310.39898169340375,312.1759033203125,4825100
2022-06-14,312.5273865461033,316.33511811990354,312.097793261303,314.5191345214844,2788400
2022-06-15,319.66440144724385,322.80822647202143,311.8731751348078,317.69219970703125,2357800
2022-06-16,308.61219164827486,308.96369054950827,297.86264790059397,301.4751281738281,4528500
2022-06-17,299.7372281250092,306.7083297520275,296.46647391110156,303.3399353027344,6235300
2022-06-21,308.5731056812531,312.6542409079992,307.4308013809049,309.89117431640625,3193700
2022-06-22,306.05424528013606,311.492483009999,303.9941460303062,308.67083740234375,2671500
2022-06-23,311.3557462611943,312.41021328351826,306.122562595388,309.2663879394531,2387600
2022-06-24,311.6681295381394,322.983938278729,311.6681295381394,322.6812744140625,4318900
2022-06-27,324.1165426711112,324.1165426711112,319.3812738081871,321.0508117675781,2810800
2022-06-28,324.8292658670802,329.1739735084118,310.5941709652011,310.7601623535156,3394200
2022-06-29,311.56081160543255,318.39521285061863,310.87738935828884,314.95849609375,3779500
2022-06-30,307.8408677343705,310.76015291819806,302.36359902056364,308.0166320800781,3411500
2022-07-01,306.66932050652747,311.3948167158648,303.9453153869713,310.71136474609375,2287700
2022-07-05,305.67339315854394,312.7323623854203,302.13903696157683,311.70721435546875,2112100
2022-07-06,311.45339928746887,314.7338972790057,308.25099562141634,312.5957336425781,2219200
2022-07-07,315.20657309534624,317.660929981765,312.43927056145253,316.8884582519531,2202100
2022-07-08,315.62702401220923,317.77828279008224,312.2730417805507,315.90081787109375,1662100
2022-07-11,312.3023625420216,318.9907806754167,312.0774487298146,317.0057678222656,2073800
2022-07-12,313.11396213692774,320.10550824081355,313.11396213692774,315.7052307128906,2761500
2022-07-13,308.9483967188558,317.7293761814204,306.85580590054496,316.2039489746094,2442600
2022-07-14,309.15365810672057,320.32056553111516,308.4007326337912,317.82708740234375,2743900
2022-07-15,326.2365500576552,328.13356080106877,322.45231651362883,325.2000427246094,3387400
2022-07-18,328.06514176507596,330.03060864647375,322.4816867540847,323.6746520996094,2468500
2022-07-19,324.4275206603339,334.4308274082798,324.4275206603339,332.8369445800781,2689800
2022-07-20,332.8369833151871,335.7020456259958,328.83762370726197,333.7072448730469,2563600
2022-07-21,334.293978893405,339.5352140337179,332.52409181851783,339.2320861816406,2230800
2022-07-22,341.1485961489621,343.3096127502269,332.85650774370845,336.2593994140625,2253000
2022-07-25,336.81676349491,337.88260476574425,332.57291461369306,336.5820617675781,2180100
2022-07-26,335.0566456262115,336.99277827235005,331.7808778519083,333.7170104980469,2254200
2022-07-27,335.40874588211364,341.18778107068226,323.8995555448345,335.6629638671875,4580300
2022-07-28,340.2881288746586,345.43157393502344,333.07166895322723,344.6395263671875,3635500
2022-07-29,346.28226038836465,348.89307479149085,342.2046570910006,345.9497985839844,3176800
2022-08-01,340.10224729373573,346.9764556261409,337.9998989972669,342.7717590332031,2289400
2022-08-02,339.38853436221433,343.3683484513291,336.35725566170385,341.2757873535156,2878800
2022-08-03,342.2437455899329,348.58015482257537,340.8161086067466,346.2822265625,2921200
2022-08-04,346.8102911489233,350.6629506867723,341.90151857359297,348.17926025390625,2339500
2022-08-05,342.63488829620326,349.9002272084522,342.63488829620326,349.58734130859375,1848700
2022-08-08,351.0443444253902,351.0443444253902,342.1362418196404,344.3559265136719,2477600
2022-08-09,342.6349193885516,343.33896494937477,337.6968423608785,338.8604736328125,2467400
2022-08-10,346.48754542006105,346.69288330057464,343.2704460326863,345.548828125,2443700
2022-08-11,347.9641456624814,347.9641456624814,342.58602912934043,342.8109130859375,2609400
2022-08-12,346.87868353828605,347.572970886593,342.4979828277445,346.4190979003906,2514200
2022-08-15,344.52210609788267,353.9289451939506,343.0455890527049,351.9732666015625,2526300
2022-08-16,346.41916721169537,352.02219793841334,345.27511177951874,351.288818359375,2448700
2022-08-17,345.666255362563,349.04957159980006,343.9550362766097,347.4556884765625,2439900
2022-08-18,346.46803327845316,351.55277981205836,345.73465379214866,349.4406433105469,1934900
2022-08-19,348.72688372685826,348.8637657307767,345.7249094887533,346.428955078125,1740700
2022-08-22,342.2437604622356,343.221599777842,336.65051838331556,337.853271484375,2312400
2022-08-23,335.09570033822314,337.5598442506951,331.84926720182796,333.3356018066406,2240700
2022-08-24,332.64134833568,334.7046046671291,330.8519156413981,332.1817626953125,2218400
2022-08-25,332.46536812386097,337.48168859986527,329.8447659134996,337.0318908691406,2228500
2022-08-26,337.4034598058114,337.98041128952786,324.3493282006219,324.6035461425781,1925000
2022-08-29,322.6772544135158,325.43476902830344,320.5064494803651,322.05145263671875,2308200
2022-08-30,323.66484230862255,325.591187125682,318.3551815136264,320.5455322265625,2618900
2022-08-31,321.01490628909306,323.8408466491325,317.09376072990887,317.1817626953125,3129000
2022-09-01,316.63417571356416,318.3942747080926,312.13610847708094,318.0422668457031,2493200
2022-09-02,322.1100708963596,322.3643186821225,313.42685250419225,315.411865234375,1936800
2022-09-06,315.35315943297644,319.7436481344753,313.45614889280546,316.89813232421875,2043400
2022-09-07,316.898125934601,321.90468788109916,314.9131134825431,321.3375244140625,1998300
2022-09-08,317.33828394631183,322.97064958712434,316.3115643036329,322.7555236816406,2114000
2022-09-09,323.21502411956834,329.5514039506251,322.83365245277184,328.4073486328125,1815700
2022-09-12,330.5976759677152,331.95688687993413,328.4953275006752,330.9203796386719,2097800
2022-09-13,322.6869722087866,325.42491033949767,317.3870700199182,318.22802734375,2316900
2022-09-14,319.79253727420706,321.20062809608305,316.18430827331025,318.62890625,2657900
2022-09-15,316.419116560348,318.71704561749164,308.18572373598244,309.93603515625,2486800
2022-09-16,305.91707269574124,308.6354651268375,302.2599329228871,308.14654541015625,3650900
2022-09-19,305.0369692844987,308.45940669664145,303.3746306049435,307.07086181640625,2369700
2022-09-20,304.2645015274695,307.403357545248,302.58261661975445,306.3277282714844,2769600
2022-09-21,307.51092242569416,307.9998420893975,297.47828137729016,297.7520751953125,2366300
2022-09-22,296.2363853963655,296.36347942046115,290.01731282260306,291.7480773925781,3176500
2022-09-23,286.6340563549081,288.0421474205302,283.808086280852,287.0740661621094,3245900
2022-09-26,283.62236228510494,288.7951420925982,282.712978624654,283.6810302734375,3635600
2022-09-27,288.92217430121923,291.2983165983126,278.4886160156811,280.13140869140625,4073300
2022-09-28,278.7917674167033,286.48738829657384,275.4475734949026,283.7494201660156,5611400
2022-09-29,281.95998090248855,285.5975444570048,278.5375431973739,280.41497802734375,3439700
2022-09-30,280.5029933995945,284.31659089781414,278.0388488769531,278.0388488769531,3804200
2022-10-03,281.4710936160464,286.2625009862426,278.60603116945197,284.0428161621094,5285200
2022-10-04,289.62621753790796,297.2338059113307,289.4208796455137,294.5936279296875,3949200
2022-10-05,291.3765484304651,299.80551793221065,290.66271504006914,297.4587097167969,2845200
2022-10-06,296.3519763370504,298.7711374706156,292.7085439798072,293.0709533691406,2494400
2022-10-07,290.5538376516823,291.0729274426027,286.95936427307356,288.89862060546875,2210800
2022-10-10,290.9260039258036,291.1316731054664,283.580377186389,285.7742614746094,1783500
2022-10-11,283.8644266491621,284.41292768809905,278.5658067823154,280.1622314453125,3554900
2022-10-12,280.6420796098895,281.5725075744634,277.38060514433084,277.547119140625,2646800
2022-10-13,271.57272603845513,289.34913739790875,271.1711615091166,287.9093933105469,3322800
2022-10-14,289.77026611795407,292.4734662932768,281.91535343689895,282.74786376953125,3106300
2022-10-17,289.3394073944076,292.5812755433126,285.3433689634391,288.96722412109375,3417600
2022-10-18,296.92987806144095,297.44896789862514,290.4461121300088,294.1972961425781,3096000
2022-10-19,289.3785181924019,293.47250368176424,288.72232558642355,291.6311950683594,1914300
2022-10-20,291.6213540079248,296.4988604623575,289.52538769600494,290.1816101074219,2463800
2022-10-21,288.44815776315806,296.4793605528245,287.4589368655418,296.1463623046875,3599600
2022-10-24,298.2520578592155,300.68102281019156,294.31481222951976,299.3098449707031,3184100
2022-10-25,299.61345077160536,305.6760442453476,299.5644619891356,305.000244140625,3012400
2022-10-26,305.8621110082368,317.7718240576239,305.8621110082368,312.9335021972656,5278000
2022-10-27,309.6720744680575,316.43004610838295,307.5957151125976,312.7964172363281,4725800
2022-10-28,312.7376863304754,324.97059691283795,311.2783643483382,322.6885681152344,3644400
2022-10-31,322.11068323445164,322.65915438967596,317.11565031632506,321.4250793457031,3157900
2022-11-01,325.38190404931294,326.7726892855843,320.3574902559878,326.3319396972656,3660400
2022-11-02,324.5983952769938,326.1458609855741,313.05106047846283,313.2371520996094,3074900
2022-11-03,308.6339102673456,310.2499424965916,302.24812156662745,302.806396484375,2860900
2022-11-04,307.38019817800995,316.4789896033676,306.7925420565509,311.81695556640625,3414000
2022-11-07,315.8129751916322,319.0939977271034,311.1705189985052,318.43780517578125,2742100
2022-11-08,319.5151748009603,322.6199095265987,315.62688864924223,319.0450439453125,2387500
2022-11-09,315.6465016510153,317.0274831731256,308.66325383377904,309.1431884765625,3001200
2022-11-10,324.36323636011235,330.45520982085895,322.38482525927054,330.327880859375,3255000
2022-11-11,332.02238768179654,335.57767643839827,329.43671226265457,332.3064270019531,3734700
2022-11-14,329.80886367246194,337.41895272226793,329.1036822525848,332.3847351074219,2348900
2022-11-15,339.45607431691144,343.9907790060088,332.502208870732,336.4394836425781,2983600
2022-11-16,336.0967168482913,338.02616939345853,333.09970343754486,335.7049560546875,2579600
2022-11-17,332.02240042351,334.8823115372128,330.0635662027223,334.24566650390625,2004500
2022-11-18,338.54529749012494,341.4541672932736,334.30440497063216,336.6158447265625,2737700
2022-11-21,335.94007313031227,337.16434453384835,330.6708042271826,331.287841796875,1965100
2022-11-22,332.83526618012826,338.212285838522,330.61200034884536,337.85968017578125,2510700
2022-11-23,337.5365171547785,343.5795038735548,337.0663861904815,341.4639892578125,1937300
2022-11-25,341.7773289855802,344.167108724125,340.91543729109736,344.05938720703125,944400
2022-11-28,339.5442617786926,343.0212098922884,336.1652912276262,337.4972839355469,2226200
2022-11-29,336.5766689268858,337.62465236151206,333.7363654119059,336.0673828125,1724200
2022-11-30,335.7930620213982,349.06414794921875,334.451265763078,349.06414794921875,4252300
2022-12-01,350.6214977263583,354.13760132467195,346.7625921850415,353.3736572265625,3374700
2022-12-02,350.09266144537764,354.83303671870846,348.7312573018587,352.64892578125,2015500
2022-12-05,348.67241514807955,351.51271816999497,347.154330914303,348.76055908203125,2202500
2022-12-06,346.53731097840085,347.69301580112085,337.2622313049739,340.37677001953125,2353300
2022-12-07,339.7400885172269,340.6901239644843,334.4414402896806,340.26898193359375,2454300
2022-12-08,342.7959634449536,344.92131156966417,340.0731852737397,343.94189453125,1998600
2022-12-09,341.2288517908421,345.5088989845643,340.2102498165212,341.6499938964844,2301100
2022-12-12,343.0995575736219,351.06222234997557,341.91447140480443,350.79779052734375,2427100
2022-12-13,361.63994629661386,361.6595537670873,348.41781596369583,349.7987976074219,3072200
2022-12-14,349.65188544696286,354.6469183598067,346.48835762795994,350.1513977050781,2587200
2022-12-15,344.18670652835266,346.51769368643147,335.5090570910205,339.12310791015625,2774900
2022-12-16,337.6736047204323,341.0721830709762,336.31223056685747,338.7215881347656,5947100
2022-12-19,338.2513636818498,338.73129822728305,332.55118075695486,334.23577880859375,2457300
2022-12-20,334.343587116486,337.28183820971736,333.6090243431782,335.8910827636719,1895900
2022-12-21,336.56688355188663,340.4453666333499,335.3230047907938,338.5746765136719,2087000
2022-12-22,337.105504265128,338.4864856770212,329.5052195776358,334.4904479980469,2276100
2022-12-23,332.0419329483733,337.4483337933545,330.73932151966295,336.5276794433594,1914500
2022-12-27,337.0173766297203,339.7695358530139,334.77450345744535,339.03497314453125,1637700
2022-12-28,339.41694585277236,342.31604166291646,334.7451375717142,334.9116516113281,1854100
2022-12-29,337.2916618629168,342.52174553099127,336.46895509496056,341.0428161621094,1459800
2022-12-30,338.22209840643904,340.7392075597598,336.5473035126206,340.5727233886719,1617600
2023-01-03,342.756765511008,347.36003737430343,336.86068592157056,339.66180419921875,2933600
2023-01-04,344.15737796841205,349.6323157933422,342.4923569965682,347.8399658203125,2661000
2023-01-05,348.78998046511254,350.2003433492368,344.0398019935436,344.5295104980469,2608500
2023-01-06,350.5233737178539,361.71665967431466,348.5711806771195,360.6866149902344,4432800
2023-01-09,364.57144859225974,367.87743569093146,362.54075796213965,363.9239807128906,3913500
2023-01-10,361.80496973518893,364.6204533267074,360.23535350002544,363.96319580078125,3485900
2023-01-11,365.54267103127694,370.7420239246789,364.208516438158,370.6831359863281,3370200
2023-01-12,370.68309472187445,373.89100507659737,369.7609761721897,372.5960693359375,3291200
2023-01-13,367.9362881262706,370.692913941028,367.2005332660056,368.3875427246094,4261000
2023-01-17,367.87744140625,371.1441799132426,366.8768255432844,367.87744140625,2814500
2023-01-18,367.396787105335,368.67208369543624,361.5009279272475,361.9129638671875,2747100
2023-01-19,357.674979931446,363.75720233744585,356.6939734203548,360.9515380859375,3111200
2023-01-20,363.1980404376502,369.4666562869513,362.3837882927258,369.13311767578125,3863400
2023-01-23,369.58434963779274,374.13623380354255,369.21156240757045,371.3796081542969,2743900
2023-01-24,382.5925429210399,382.5925429210399,368.0932677483706,372.79229736328125,2756200
2023-01-25,367.975559643904,375.2938600596698,367.975559643904,375.1271057128906,3501900
2023-01-26,376.12774455636014,376.8144312144286,365.9154622453767,370.0749206542969,3718400
2023-01-27,369.0448505092371,373.29259562978336,366.28822454306976,366.9258728027344,3405600
2023-01-30,362.4426924329425,366.6413995109907,362.38383443159177,364.0711669921875,2688600
2023-01-31,362.96260559015724,365.40533226914107,360.04901492520577,363.56103515625,3137400
2023-02-01,361.56961892298654,369.6236749307568,360.02943133679287,366.9749450683594,2951900
2023-02-02,372.3116312965837,373.2435995849226,365.7192654417647,367.8186340332031,2761600
2023-02-03,363.757190270315,371.0362715138334,363.45308065700056,366.8081359863281,2739600
2023-02-06,362.9724261732273,367.2201713933158,362.04045796868587,365.8860168457031,2068300
2023-02-07,364.45380903654564,369.90820389858925,361.834507972409,367.9363708496094,2309100
2023-02-08,366.08221091209504,368.65244316700966,363.1097623972822,363.3157653808594,2193600
2023-02-09,366.2097341733191,367.45563165561936,362.23666960978414,363.38446044921875,2287600
2023-02-10,362.6192349860289,363.21763454443885,356.0268705092712,359.8625793457031,2270700
2023-02-13,361.5597471539245,364.0907606465334,360.09805707369054,363.78662109375,2286400
2023-02-14,362.5603487471815,366.3176201965377,360.7455107744004,362.9331359863281,1841400
2023-02-15,359.3230349959125,362.7761668615893,358.07716760395857,362.6192321777344,2203300
2023-02-16,357.96930818181704,365.99393511538835,357.96930818181704,360.5689697265625,2792700
2023-02-17,357.14524658269784,359.7351182767073,352.96614904824827,354.2709045410156,2718900
2023-02-21,349.983950499016,354.8987735765841,348.443762836157,349.1991271972656,2730900
2023-02-22,348.6104211679071,350.94522119824285,346.50126338802835,348.22784423828125,2109300
2023-02-23,350.9452682570302,350.9452682570302,344.9807616968188,348.7772521972656,1975500
2023-02-24,344.1567521524549,347.27634604196203,342.95010322329244,346.4130554199219,2016100
2023-02-27,348.885175085846,351.2297651139719,348.08074254986,348.72821044921875,2200800
2023-02-28,348.07091518259614,351.0041150485161,346.53072778668167,348.54180908203125,2732900
2023-03-01,347.2763003682483,348.5614164858751,342.7538747816877,346.7857971191406,1968100
2023-03-02,346.91331239527017,349.84651207265694,345.01015750538414,348.81646728515625,2526000
2023-03-03,351.3180433343349,354.82024372787436,350.30760783586203,354.63385009765625,2174900
2023-03-06,354.9477647165263,361.53030968373366,354.39840349369194,359.960693359375,2789400
2023-03-07,360.19623520354975,362.13860926607833,352.7209391678692,353.1035461425781,1660800
2023-03-08,351.7987185013159,354.8300548619664,350.49399305902705,352.21075439453125,1634400
2023-03-09,352.42655472267353,357.1059445463433,347.1879840571356,347.7079162597656,2414700
2023-03-10,345.71653426047436,346.3443629072302,338.6729141643018,340.5171813964844,3176400
2023-03-13,337.10327637173424,343.21492785124855,333.7482208895515,338.1627502441406,3308200
2023-03-14,344.33330476076634,349.3462339441926,341.939646344032,346.1187438964844,3413300
2023-03-15,339.4772472028715,341.7826181928243,337.1130481628537,341.46868896484375,3082600
2023-03-16,340.03649543828453,342.0671862408187,333.81691732335486,341.3902893066406,3768100
2023-03-17,343.5975586068672,345.25546214121937,340.2719318921074,343.0187683105469,8426800
2023-03-20,341.39027536583615,347.11934995758315,340.7428074579339,342.6852111816406,3864200
2023-03-21,347.63923596200283,349.43449445362626,344.1664648955681,347.83544921875,3766800
2023-03-22,347.8746914207034,353.1623306864712,344.3627014160156,344.3627014160156,2596400
2023-03-23,345.7165481426895,353.02502953265997,345.157367181601,347.6393127441406,2598100
2023-03-24,343.79374396431257,345.7263279896762,339.7323626360888,344.9513244628906,2971500
2023-03-27,348.81645903855235,351.09240111214683,347.55095237741597,347.8844909667969,2420300
2023-03-28,348.8067466985791,349.14028539056744,346.099158573328,347.60009765625,1695900
2023-03-29,350.5921357892776,353.19179723452737,349.0617679219629,352.7012939453125,2327000
2023-03-30,354.0943353923515,355.7031706083968,351.43578601749795,352.4364318847656,2480500
2023-03-31,354.27090510942196,356.7430308720792,353.5351501867085,356.5075988769531,3376600
2023-04-03,355.72275971568604,359.6958540829854,354.87910847901014,359.50946044921875,2978000
2023-04-04,359.8331635260592,362.1091057361458,356.47813814241283,356.9882507324219,2198700
2023-04-05,357.135659866671,358.7568539934069,355.29827453913305,357.44024658203125,2239600
2023-04-06,354.9052646494627,355.7207942358618,349.7567356361872,355.1607360839844,2357600
2023-04-10,353.43139504584707,354.63010162512927,351.3385685604285,353.8539123535156,1559100
2023-04-11,357.0766626360418,358.8157572003264,354.85610043578555,357.7742614746094,3033800
2023-04-12,359.69026595163075,362.16629995689226,354.72842286014327,355.46533203125,2268800
2023-04-13,357.4698000656937,363.2962891359154,357.04731259181415,363.1980285644531,2611700
2023-04-14,363.5418041581522,366.87264751332935,362.66732434458424,365.92938232421875,2254600
2023-04-17,366.84319597516316,367.5703000794736,361.95997332632857,366.2536926269531,2432700
2023-04-18,367.422996024041,367.422996024041,363.5026180830742,365.8214416503906,2087800
2023-04-19,366.47962427001016,367.61938061031987,364.6815792581275,366.2929382324219,1795300
2023-04-20,364.966534825181,368.6412453683565,363.23724516490597,368.4545593261719,2124800
2023-04-21,369.1620012930864,370.84214572431114,366.74494772721283,368.69036865234375,3537800
2023-04-24,368.6018917682801,371.0484501439826,367.0985985425641,368.1892395019531,1886300
2023-04-25,366.98072522578065,368.04186111741154,361.8911469960017,362.09747314453125,2245000
2023-04-26,363.18813428499794,365.7230884905179,359.70007975683393,360.3583984375,2594200
2023-04-27,360.1815225267095,368.4349288596876,354.69893173371474,367.1477966308594,3859900
2023-04-28,366.0276978195328,375.2636201257153,365.02551213865104,373.39678955078125,3107300
2023-05-01,373.8487142508639,375.78433001562775,372.3454208893403,373.2297058105469,1745100
2023-05-02,371.1761721683908,372.22750296317577,364.4654001494856,369.466552734375,2478700
2023-05-03,370.0954480680421,372.92515408426146,367.79626507844074,368.3563232421875,1970900
2023-05-04,367.96330421835825,370.27229223112977,365.6445111399394,369.5550231933594,2814900
2023-05-05,373.9273458963496,378.42739106609207,371.6379981034844,377.9459533691406,2683100
2023-05-08,377.3072792706204,380.6970430051009,377.0714479782455,378.7810974121094,1719600
2023-05-09,377.17960721954705,379.42964502437286,376.0202106156292,376.2560119628906,2036400
2023-05-10,379.25270937467025,380.0092885629561,371.0582839042085,375.8629455566406,1940800
2023-05-11,375.53872410392023,378.98746855970205,372.6402327390827,376.6981506347656,1901200
2023-05-12,377.77893400620144,378.2996819553101,372.18824735270283,375.2538146972656,2044000
2023-05-15,375.20467536799435,376.9634403497711,373.88806789062954,376.7178039550781,1957400
2023-05-16,375.92200345374465,376.9045491867733,370.73416318275,373.6031799316406,2762700
2023-05-17,375.52894081277844,380.75606062318843,372.5125186203929,380.2451477050781,3260300
2023-05-18,380.35318805434787,385.177490234375,379.0758908514913,385.177490234375,3729500
2023-05-19,385.157817437182,385.3543385216742,378.417570024787,378.8400573730469,3369100
2023-05-22,378.27016930562996,380.6086323119581,377.47430987707736,377.8182067871094,1808800
2023-05-23,374.86074710938345,375.3618549078753,363.9741561992212,367.22637939453125,3979000
2023-05-24,362.9228028957928,363.15860420526127,359.19894729759875,362.0679931640625,2655700
2023-05-25,361.4882891798375,364.5145158809949,358.54065291894506,363.58111572265625,3752200
2023-05-26,364.52439759635246,369.1227035556368,363.59096733361054,367.8355712890625,2691300
2023-05-30,369.7122282296799,370.0561251597441,359.80818255027236,361.0854797363281,3430100
2023-05-31,358.629102560619,359.31689639510967,351.6039083293585,358.64874267578125,10695300
2023-06-01,360.75142353776624,364.6128203079488,359.66078239780563,364.406494140625,3389700
2023-06-02,368.0517007782454,369.26024249030337,365.6542874536979,367.20672607421875,2501500
2023-06-05,366.2438522546249,366.2929675379585,362.09750885129955,364.0527648925781,2316200
2023-06-06,366.4403789374091,373.7406852586328,365.32026260520814,373.3280029296875,2758700
2023-06-07,372.66972750242934,373.8585992778134,361.83225077795123,364.9076232910156,3714500
2023-06-08,362.9130145285822,363.3158618073481,359.46429999436157,361.1739196777344,2594700
2023-06-09,363.9938291082469,365.6150233268928,361.34097401907496,362.7754821777344,2201800
2023-06-12,364.20018981086776,369.40766948354116,363.4829207301398,368.7591857910156,2407500
2023-06-13,368.7591628750338,370.5965182305537,363.3551624247233,364.89776611328125,2444100
2023-06-14,366.4207053665768,371.4808089604005,365.52658531641987,368.2187805175781,2775400
2023-06-15,366.75479532614435,372.9448507660178,364.052794852407,372.4241027832031,2558100
2023-06-16,374.94914223261816,376.2166342164707,369.5942877002836,369.95782470703125,5886900
2023-06-20,368.4644144307029,372.88586938326387,367.2263974488145,368.0812072753906,3961700
2023-06-21,367.43273488888127,371.78543457534687,367.1379832102995,369.57470703125,2301300
2023-06-22,368.56269920808097,371.87390336913666,367.4229725949474,371.20574951171875,1933300
2023-06-23,368.4349515970066,374.46776585318315,366.70566178472393,373.1806335449219,3739700
2023-06-26,371.46114995468395,373.35745557648863,368.7984600409893,370.83233642578125,3327800
2023-06-27,373.70139549752975,376.1577595342845,372.3946230233377,375.1260986328125,2197300
2023-06-28,374.5364663463878,374.74279247520593,372.0604628458567,373.5932312011719,2012400
2023-06-29,374.202474608953,381.2375042679581,373.858577673244,380.9034423828125,2524600
2023-06-30,381.3259313127921,388.27253549959255,381.3259313127921,386.4351501464844,4407100
2023-07-03,384.5093537424715,387.4275150872702,381.8957791049658,387.0836181640625,1304600
2023-07-05,382.0234971384532,388.35109228696894,380.37282796533805,387.8401794433594,2781800
2023-07-06,387.5154875827528,387.88939963228614,383.49106847011996,386.8365783691406,2156600
2023-07-07,384.3963233944523,386.1576316857094,382.1725496868853,382.44805908203125,2654400
2023-07-10,382.25126440046347,387.12187989171764,381.7887990076434,385.87225341796875,2148600
2023-07-11,387.3088719000073,392.0712659472673,386.04939603650286,391.4218444824219,2106200
2023-07-12,392.6026884623616,396.7058425542229,392.31732972949595,394.2655944824219,2273400
2023-07-13,396.5384536267052,396.77459595033935,394.0391705979162,394.1375732421875,2354900
2023-07-14,395.6725741297882,397.0206033279007,393.88174802899,396.05633544921875,1978500
2023-07-17,395.50535114566395,397.5224704820973,394.6886421256217,395.7513427734375,2344500
2023-07-18,393.9998663561778,395.4954845774625,388.8733794371872,391.7760925292969,2676200
2023-07-19,391.6186172326892,393.43896103201286,389.955711656751,391.88427734375,1809700
2023-07-20,390.7724410432742,393.3110612112661,389.2079080002216,391.67767333984375,2570700
2023-07-21,392.2779245414034,395.07238570379246,391.04796645787263,391.1168212890625,1868100
2023-07-24,391.1070120335507,398.41787586201104,390.25093596179704,398.2998046875,3029800
2023-07-25,396.9025556832585,398.3686561347676,394.5705599216618,394.8460693359375,2490500
2023-07-26,392.7797243013224,396.84351058570104,389.4047265502624,395.95794677734375,2572300
2023-07-27,398.69331549497554,398.69331549497554,387.63354367022,388.1747131347656,3563300
2023-07-28,391.57925577331076,391.6186228367882,382.64485417329274,386.659423828125,4501000
2023-07-31,387.65325527993895,389.72941003180284,386.17730563626503,387.9582824707031,3578300
2023-08-01,387.466294327564,390.9298453038176,386.06904880355256,390.70355224609375,2344200
2023-08-02,387.56469702822153,387.88939273330453,383.33362341929654,383.7665710449219,2410600
2023-08-03,381.34604982634977,387.1317775824275,380.22434364432246,386.70867919921875,2190500
2023-08-04,385.33106719223366,389.73924747100006,383.81578055776174,385.07525634765625,2215800
2023-08-07,386.6988294020686,391.37267021545244,386.6988294020686,390.50677490234375,1559800
2023-08-08,389.82782279542647,390.0246280976652,383.8748377561189,386.8857727050781,1747000
2023-08-09,387.54498873260775,390.4280330826022,385.5869052216096,387.3580627441406,1806100
2023-08-10,390.10331044658903,394.2064635460872,389.36533564675835,390.7724304199219,2154500
2023-08-11,389.40470753602125,390.3099698474707,386.51184388257593,388.6470642089844,1464600
2023-08-14,390.09344704897643,392.82887212960816,388.2829226534376,392.18927001953125,1638500
2023-08-15,391.1167854813409,391.1167854813409,387.27932261770906,388.12554931640625,1753200
2023-08-16,387.1317628897631,392.7994192566592,386.8168864186526,388.0468444824219,2002000
2023-08-17,389.78847114533085,389.85732597308737,384.7210200712451,386.32489013671875,2118600
2023-08-18,383.5698442536478,387.5253789386416,382.5956969587433,385.8821716308594,2001800
2023-08-21,386.9054491283338,388.656908252257,384.7505601463705,386.8956298828125,1869400
2023-08-22,388.6667207203572,392.3762631687006,387.3678778898991,391.461181640625,2422500
2023-08-23,392.86826930293154,395.4758043889898,391.97285624001785,394.62957763671875,1943200
2023-08-24,395.1510461024173,397.5224086285692,391.1266273016244,391.2939147949219,1970000
2023-08-25,394.22616201182757,398.13251011681325,392.60262333452,396.4302673339844,2154600
2023-08-28,397.5224406512354,401.2615011014974,396.6860631739137,400.90728759765625,1901300
2023-08-29,400.88758519266827,405.58109389146387,400.0708763029487,405.04974365234375,2188800
2023-08-30,408.12960558285346,411.0815049520418,406.8897982387469,407.2735595703125,2516600
2023-08-31,407.56876090260056,409.61542806527757,405.17772948302655,406.0239562988281,2535100
2023-09-01,407.2046791061821,409.83188278555303,405.8763183700568,408.9069519042969,1841700
2023-09-05,406.7225963962745,408.7397158965174,403.1311243447732,404.9022521972656,2045600
2023-09-06,404.1936930818346,406.75201157869,402.33401230870004,406.5552062988281,2292100
2023-09-07,405.3154462305425,409.4579363005015,405.12849021526506,407.9721374511719,2502700
2023-09-08,408.3460673821716,409.6547295182096,407.2243312413342,408.1886291503906,1868900
2023-09-11,410.16641039941226,410.8945359451004,407.991853007376,410.00897216796875,1544700
2023-09-12,409.2808261885261,410.95355101109067,408.59203771388314,409.5956726074219,1997600
2023-09-13,409.49729270258786,411.70136773697544,408.3165210608687,409.62518310546875,2142200
2023-09-14,411.5931729277699,411.8883808932923,401.24185620852217,406.71270751953125,3557700
2023-09-15,405.2563845814291,411.5931305604591,404.5479576049557,407.6671142578125,4755500
2023-09-18,407.2440341256291,411.189749150685,406.41750592117967,410.4419250488281,1808000
2023-09-19,410.27465603045187,410.4124257515382,404.5086268580467,406.899658203125,1730900
2023-09-20,407.1358184540322,409.182485642947,403.50497957260313,403.93792724609375,1580000
2023-09-21,401.79289491143214,402.2159933185005,395.65295328686994,396.8927307128906,2450700
2023-09-22,397.9062165532617,400.3267656696746,395.1215746179761,395.77099609375,1885000
2023-09-25,394.17694023890317,396.7647766386174,393.4291161764933,396.03662109375,1846500
2023-09-26,393.5865694871151,394.4229469529297,387.2990096259878,389.0406494140625,2940400
2023-09-27,389.8573449052677,390.6642046137994,385.2032027413397,389.1390686035156,1987500
2023-09-28,389.48338831175926,394.9149017986381,389.030772197276,393.0355224609375,2216200
2023-09-29,395.5840342299689,395.7316231931341,387.92877638164094,389.5621643066406,3032300
2023-10-02,387.289249039441,390.0049763609985,386.1576934864356,389.503173828125,2856800
2023-10-03,388.17479476370613,391.48090787968033,382.7334610724587,384.7899475097656,2527900
2023-10-04,385.7148342583057,388.14523250182947,382.34965591024513,387.4466247558594,1813400
2023-10-05,384.68754997521194,388.9542880151448,384.30323230843715,388.44189453125,2116600
2023-10-06,387.4860769177974,395.142569241591,384.795943363694,392.1568298339844,2484000
2023-10-09,388.69805970752543,390.7082695649888,383.8893377321601,388.9739685058594,2475100
2023-10-10,389.76229430617644,396.8374077155857,388.09697799249,394.521728515625,2713800
2023-10-11,397.35966344945035,399.212206803493,391.5556851768764,393.96990966796875,2055600
2023-10-12,397.9016198413683,399.41913324681235,391.51629343472655,394.05859375,1779000
2023-10-13,392.98454765683107,396.2659229176142,389.3090212427727,392.2159423828125,2235600
2023-10-16,394.3935658624236,398.5223636941215,392.9549009360135,395.3001403808594,2202100
2023-10-17,393.80235340708356,397.7143335605802,392.6297336873135,395.9012145996094,2176000
2023-10-18,393.2801203113437,395.50711774350987,386.82580926475964,387.46630859375,1951400
2023-10-19,388.09700616951784,389.0626719817116,379.8689693025592,382.204345703125,3472800
2023-10-20,382.2043423988572,384.293370552243,378.55840668248914,378.7948913574219,2652500
2023-10-23,376.7255239649915,382.19444204889544,375.4346617855936,378.065673828125,1771800
2023-10-24,379.86892384424465,383.74151032534655,378.26272877110625,381.2583312988281,2003300
2023-10-25,378.3908591514737,382.9532329157522,376.65655809071893,380.6671142578125,3504500
2023-10-26,365.600442555932,370.0642709412747,357.7370268981433,359.2643737792969,6920100
2023-10-27,361.1366413643969,362.91036666218633,354.5147997439549,358.7618408203125,3624900
2023-10-30,361.16619926589544,367.7782073568498,359.3925040530887,366.98004150390625,3386400
2023-10-31,367.8668912772785,372.16318996426753,367.659937112848,370.8526306152344,2978800
2023-11-01,373.1387374285225,374.8434478756004,369.5617564403236,372.3011474609375,2354700
2023-11-02,374.7449633245183,377.4449607190964,372.96140431719607,377.1000671386719,2816000
2023-11-03,379.3762382326887,382.76599196186265,378.12480016878305,380.410888671875,2269100
2023-11-06,381.44555874676075,382.5787544519619,378.59775912139787,380.519287109375,2020500
2023-11-07,380.36162471202647,383.8991812917941,378.68644490607653,383.189697265625,2324200
2023-11-08,381.45543529219094,385.6532187154723,381.3470565064618,384.00762939453125,2838400
2023-11-09,385.24920855259563,385.7320715334385,381.61310626290077,382.29302978515625,2657100
2023-11-10,384.3426912338457,389.31891381749415,381.09087631535004,388.6192932128906,2807000
2023-11-13,388.5896301269531,389.8509316218474,387.27904095234754,388.5896301269531,1614600
2023-11-14,391.37829485729543,395.81256234139676,390.9545831816024,391.8414306640625,2733900
2023-11-15,391.6641437164217,393.4477025805831,388.99373719650265,391.0334777832031,2434600
2023-11-16,392.1962105972492,394.10787509663453,389.7721225793878,391.29949951171875,3060600
2023-11-17,394.12753138462807,395.26072700966364,392.0976247667592,394.45269775390625,2365500
2023-11-20,394.8666204490653,399.2811912026019,392.442562480306,398.49285888671875,2768300
2023-11-21,399.79361052146794,404.35598448198834,399.7640499371974,402.9764404296875,2567500
2023-11-22,406.23804310626366,406.819421246435,404.15884867241556,404.3362121582031,1967900
2023-11-24,406.4646847884221,406.9376841796122,404.533323233385,406.47454833984375,1053500
2023-11-27,404.99647059587295,406.6913475394383,402.2866401965088,402.9961242675781,2665900
2023-11-28,403.1045076258022,404.64174819040903,401.50817596572307,403.0355529785156,2645000
2023-11-29,405.0063296277251,406.0606771349584,403.439558586558,403.8337097167969,2151400
2023-11-30,404.1095992625148,408.11029168385545,402.8088735300724,407.78509521484375,3203500
2023-12-01,406.85887440446965,410.51467351297686,405.5581486056281,408.307373046875,2171400
2023-12-04,407.78505133091744,408.79017113954853,402.06978565028163,402.2668762207031,3097900
2023-12-05,401.1435802358322,403.07494184283445,398.41405280908606,402.72021484375,2755600
2023-12-06,405.4201484478468,407.7752516508494,401.212532059613,404.385498046875,2224200
2023-12-07,406.050870657514,407.52896004805547,404.00123652908536,407.1150817871094,2363000
2023-12-08,406.19861701125285,407.62744858517294,403.25230219274886,406.1394958496094,1959300
2023-12-11,406.4351076631976,410.09093661904336,406.3562894704422,409.63763427734375,2236000
2023-12-12,410.90884154620653,414.8504131677529,408.6424498925394,414.60406494140625,2736500
2023-12-13,415.69780851270144,420.14193983835634,413.02740233984457,418.47662353515625,3694200
2023-12-14,418.8018410801437,419.6295674977007,409.8248962303756,412.446044921875,3989700
2023-12-15,406.5928626436362,413.13588672354564,405.5877725902176,412.4559631347656,5566600
2023-12-18,413.4018364647201,418.8806179777227,413.4018364647201,418.2302551269531,2686900
2023-12-19,417.85585577487075,420.44744396644086,416.34820580986303,419.255126953125,2256200
2023-12-20,418.8707957835945,421.36383858845835,413.1161049237611,413.32305908203125,3058300
2023-12-21,415.62889891400704,417.7080635946024,414.4661123837123,417.2547912597656,2213600
2023-12-22,418.5455896343568,420.93025342961084,416.7817281113789,417.90509033203125,1759000
2023-12-26,418.79197409402224,419.50145817065373,416.77193071829043,417.4814147949219,1258200
2023-12-27,416.82116559087575,418.8018147950291,416.78174145771277,418.1612854003906,1324100
2023-12-28,417.5798817699168,422.1028309588432,417.49120002956147,420.0926513671875,1505000
2023-12-29,420.44740716812265,422.09302643239505,418.07260682971184,420.2799072265625,1706100
2024-01-02,417.8952632872666,418.08249034039756,413.43143473928785,415.7274169921875,2463700
2024-01-03,415.0475122828714,415.18545165511364,411.4015464295045,412.6529846191406,3093700
2024-01-04,412.386928542395,417.2646354248442,412.1701409015794,413.63836669921875,2042600
2024-01-05,414.34783505694736,416.58469610038424,410.8989600388025,413.2934875488281,2415900
2024-01-08,413.96461489857137,416.5701365648607,411.0925985474204,416.4714660644531,2125400
2024-01-09,413.62900258985354,418.16895942305496,413.0763153356408,417.08331298828125,2439300
2024-01-10,420.4389345219895,423.8636378459858,418.61307866513204,422.6792907714844,2709300
2024-01-11,424.3867480821563,426.1533897226648,420.211955973227,421.1495666503906,2320600
2024-01-12,424.3374758591755,425.48230679821455,422.1168471963639,423.4985656738281,1892400
2024-01-16,421.86020681140553,424.1203216177942,420.9522032256941,422.7583312988281,2398000
2024-01-17,419.92574615680036,424.7617749713504,419.92574615680036,421.8404235839844,2690400
2024-01-18,423.04448642737333,425.5907934849373,421.8700184484915,425.0973205566406,2075700
2024-01-19,426.9034851174012,431.36450036452896,423.73539685467347,431.0782775878906,2400200
2024-01-22,433.249522947512,435.1839284822557,431.5519747911291,434.00946044921875,2715500
2024-01-23,434.5226469316288,434.8483559351719,432.14410377287135,433.0323791503906,2328600
2024-01-24,432.8054420061735,435.1741064580274,430.0716123417225,432.9732360839844,2725700
2024-01-25,430.30844720717346,432.9041199532063,428.7885419648544,431.0979919433594,2977800
2024-01-26,426.9034119086584,434.1476208938187,425.0479790258271,432.80535888671875,2725400
2024-01-29,430.09131517320026,435.2036880878705,428.99581959971414,434.8286437988281,2314200
2024-01-30,435.14444213370575,440.39500156054015,434.3055320932321,439.3784484863281,2663600
2024-01-31,444.12569073506245,455.9690424879974,440.78980850558025,443.3657531738281,4740500
2024-02-01,449.0604340988307,455.12029705135933,448.1228233425919,454.9031677246094,3292700
2024-02-02,456.17629268338635,457.78501944880395,452.5147315333629,454.56756591796875,2050300
2024-02-05,453.5115562751976,455.3472613382199,449.58350043736573,450.7974548339844,2438800
2024-02-06,449.4157002253638,454.54783129173126,449.4157002253638,454.4886169433594,2201900
2024-02-07,455.18928333365744,456.2058363461009,453.62004305925615,455.8801574707031,2544300
2024-02-08,453.9951388707604,454.73534833631055,451.47843873557,452.2778625488281,2081300
2024-02-09,452.08044455021,452.9982970248563,450.4125035401371,451.9028015136719,2155400
2024-02-12,453.18582013268247,453.4029494397621,450.1262817580869,452.7219543457031,1794500
2024-02-13,450.79750577042705,455.8506649328704,450.0869033807582,454.4491882324219,2407700
2024-02-14,455.9690107408177,459.37398618039293,453.4424316189759,459.11737060546875,2202700
2024-02-15,459.7490013790631,465.9470205076483,459.1568579266497,465.12786865234375,2354100
2024-02-16,467.9801435119753,467.9801435119753,460.97282170509874,462.01898193359375,2237200
2024-02-20,446.88906428740705,449.8992671708112,444.2440566649144,445.852783203125,5044200
2024-02-21,447.39243539224117,453.6003334238456,446.0995386962635,453.0574951171875,2895800
2024-02-22,455.78151270189426,466.3319674544744,455.5545042875228,465.40423583984375,2572800
2024-02-23,467.5459410859271,468.96714574051833,465.70032675923306,467.239990234375,1764100
2024-02-26,466.8254672531749,468.8783017214164,465.83852123361214,468.3157653808594,2066900
2024-02-27,468.3551195433472,468.79925720311263,463.81519293736835,468.5525207519531,2011100
2024-02-28,467.9802208178643,472.8853438810379,467.48674779387983,472.59912109375,1931900
2024-02-29,471.76019545236926,472.1451188556667,465.88785461192356,468.5625,3072500
2024-03-01,468.7105023071121,471.266688690101,467.71367726461835,470.4080505371094,1748300
2024-03-04,469.46056191615907,470.40802153146683,459.6897735687545,462.374267578125,3212400
2024-03-05,461.268895292843,463.11447928608123,458.5547940982696,461.41693115234375,2015100
2024-03-06,461.06168306856495,467.4373456028968,461.06168306856495,465.4437255859375,1917100
2024-03-07,467.0228240968293,467.09188742103794,459.8082517893761,461.43670654296875,2178100
2024-03-08,461.0024400487471,465.4634247138478,461.0024400487471,463.1342468261719,1596900
2024-03-11,462.87763801648754,463.2428031890278,458.6239034967035,463.0355529785156,1774500
2024-03-12,464.3876631953187,468.17753191922134,462.59141438974837,466.6971130371094,1853900
2024-03-13,468.03934616527795,469.94414444701823,466.6082626201876,469.40130615234375,2103900
2024-03-14,474.74070017692674,475.7079179900253,470.9508315815175,473.2208251953125,2757700
2024-03-15,467.16098350748683,472.21414185667356,466.9043679272048,469.61846923828125,4179300
2024-03-18,472.3918133227462,474.54334821666646,470.42777044543783,472.6385498046875,2072300
2024-03-19,475.33285726190445,478.28381572646083,473.2504159677158,477.6817932128906,2049500
2024-03-20,477.99765785286945,482.0737493441378,477.3265418521568,481.6690979003906,1691100
2024-03-21,482.1526812749051,483.6034929585487,477.0896439683285,482.2612609863281,2580300
2024-03-22,481.93556854958086,482.5080140603423,475.1749828508009,475.38226318359375,2277800
2024-03-25,475.3131615396946,476.0237638075261,468.21701795873213,469.82574462890625,2600300
2024-03-26,471.48387032173355,473.7341061210404,466.1444885530233,470.57586669921875,2515100
2024-03-27,474.2275768437003,475.86591090037837,468.5526370583699,471.71087646484375,2309400
2024-03-28,471.67134353729307,476.1323283974462,471.04956276845746,475.2835693359375,2214500
2024-04-01,474.385414573623,476.97120798347277,471.0988678968305,472.1549072265625,1648200
2024-04-02,470.7436300868748,474.1387267022403,470.08236302108156,473.1715087890625,3265100
2024-04-03,474.16827932724135,476.99093007688805,470.9804333031541,471.1877136230469,2265000
2024-04-04,473.70446483771053,475.6684777064511,462.87766619549143,463.6376037597656,2552600
2024-04-05,467.81233022738166,473.05301025140585,466.3615186314023,470.92120361328125,2462700
2024-04-08,470.83231367909946,474.07397915749266,468.7370949158711,473.2536926269531,1961800
2024-04-09,472.38394152497494,473.2932027090223,462.36243374307105,466.641845703125,2217200
2024-04-10,464.6751110415967,468.8457928797044,463.370530714397,463.6867980957031,2710500
2024-04-11,462.8071438128921,464.8529586670195,458.7649478440729,462.8367919921875,2299900
2024-04-12,460.55381973999005,464.0326703530574,456.70926801213085,459.9410705566406,2486300
2024-04-15,464.744233205742,465.495360636606,453.0722606523343,454.4163818359375,2070500
2024-04-16,454.6239645347811,457.9644671868923,453.6356515684012,454.4460754394531,1787200
2024-04-17,457.3615255113823,457.9940602109268,452.7955249823601,454.78204345703125,1735000
2024-04-18,455.1181285281964,456.51165345309784,448.4964194798139,449.38592529296875,1998900
2024-04-19,453.5269358381369,454.4855704276868,447.3005462700496,450.0678405761719,2548800
2024-04-22,452.1531303919399,455.3552543851901,449.810833755328,451.4118957519531,2157400
2024-04-23,453.12170588972714,457.5691139067466,451.9653665344991,457.4109802246094,2029100
2024-04-24,459.8521280607662,462.67868854129637,454.9698598117442,457.0947265625,4043100
2024-04-25,455.552980272423,458.57721553093893,451.38229835576954,456.70928955078125,2006500
2024-04-26,457.4999191775789,459.38760039883357,455.5529415963614,457.0156555175781,1963300
2024-04-29,455.5628538023184,456.19535838919654,450.35442539648096,451.7578430175781,2120700
2024-04-30,450.9276800037621,452.37060847781765,445.6105514623811,445.92681884765625,2698800
2024-05-01,440.589891337252,443.73274937129673,433.2566262999541,436.90350341796875,4979100
2024-05-02,437.8226433369667,439.4632464775847,432.9304820976153,435.9448547363281,3866500
2024-05-03,439.71031661472284,440.0562321781563,431.7939202623386,438.3958435058594,3711500
2024-05-06,442.0031901353416,445.23496246779956,440.3526943177655,444.1181640625,2536200
2024-05-07,446.48028087574687,448.0022611469701,442.2997061182266,447.76507568359375,2345300
2024-05-08,448.6941184625883,449.7911314555965,444.6618145454475,449.4551086425781,2332400
2024-05-09,448.2493573435232,450.7003844866082,448.2493573435232,450.16668701171875,1970100
2024-05-10,451.98510656334554,453.2204976371712,449.6625954732852,451.63922119140625,1729900
2024-05-13,451.58983959215425,453.35892825918654,450.1864520603665,452.41015625,2069300
2024-05-14,452.5682487649088,453.61585800827186,444.0489663761949,448.8917236328125,2991000
2024-05-15,447.4982367543886,453.2403326795465,447.4982367543886,452.6473388671875,2437800
2024-05-16,454.6239395296115,459.4963149472545,453.4577375320468,453.50714111328125,2412200
2024-05-17,455.06869683608363,456.2941952074308,452.7560180578261,454.8907775878906,1985900
2024-05-20,454.11001375194087,456.81798139636845,453.41818267036865,454.28790283203125,1397200
2024-05-21,452.55834132931085,455.00936805830827,450.3049892349268,453.73443603515625,2166000
2024-05-22,453.5367903921287,457.0947229162003,449.8504025243533,451.1846008300781,1713700
2024-05-23,451.18464623374183,452.6967639385253,445.17571638022036,445.93670654296875,2084600
2024-05-24,447.2215166116636,449.13884620736786,445.05710877074927,445.90704345703125,2162100
2024-05-28,444.7408086774475,445.36345063534253,437.2296245431562,439.8782958984375,2670800
2024-05-29,436.9430502753802,439.36442921370224,436.6366756552228,437.2988586425781,1876900
2024-05-30,437.0418969776488,438.9987676368893,435.5199166258263,436.9331970214844,2189900
2024-05-31,437.5162468613528,442.1118958850447,434.1263408006927,441.8450622558594,3917100
2024-06-03,438.29705622424297,439.79928111303536,432.7723902223805,438.01043701171875,2123800
2024-06-04,438.1784355053068,439.68069056247555,436.1622987089789,439.57196044921875,2096600
2024-06-05,441.57819797781997,442.33921822470205,437.1406826447801,441.4398498535156,2157000
2024-06-06,443.2484669052409,444.52339906043227,439.43359338161406,443.4362487792969,1887100
2024-06-07,444.1972718906791,447.705770833951,442.03286409562827,444.5332946777344,1664700
2024-06-10,443.1793167744191,444.9088644777582,439.1766311358547,443.9996032714844,1954500
2024-06-11,442.6060960604332,443.9996210278777,439.9079906773911,443.7920837402344,1777300
2024-06-12,446.2134612387311,447.21166709744904,436.43906059623623,437.82269287109375,2738900
2024-06-13,437.82262950425735,439.94749627892304,434.1856451478985,439.79925537109375,2916600
2024-06-14,438.158692022777,439.75975429438216,436.04371783711343,439.4336242675781,2161500
2024-06-17,437.25928406175524,444.08853005361146,436.51804936140655,442.8728942871094,2351900
2024-06-18,441.8352057651407,445.92683604754666,441.4794275636719,444.84954833984375,2636500
2024-06-20,445.78843075962743,449.16847427352496,443.11997376650214,447.22149658203125,3006800
2024-06-21,446.90520277719213,449.9788413509557,444.99776616100934,449.53411865234375,5007800
2024-06-24,449.61317185814784,457.6580531892938,449.61317185814784,451.61944580078125,2597100
2024-06-25,453.1217718852991,454.9303714715001,448.49644395164023,450.3248291015625,2299400
2024-06-26,447.458688544231,449.3661253009512,446.11459740817463,447.093017578125,2451400
2024-06-27,443.32761200679386,443.45609753481716,436.8343877377717,437.57562255859375,3313800
2024-06-28,439.4434903599078,443.060689262998,433.5926643479528,436.004150390625,4105000
2024-07-01,435.64835685851193,437.29885283372016,430.4597136261047,432.4956359863281,3149700
2024-07-02,429.91615472882455,439.5620992542344,429.91615472882455,439.453369140625,2061300
2024-07-03,440.11554748310704,444.0391512557223,439.0876935295295,442.9421081542969,3192400
2024-07-05,441.8845962014473,444.6914315693564,439.08768377562035,444.2367858886719,2220700
2024-07-08,444.0292602167285,445.3437032264014,439.79928181380996,441.0247802734375,1802700
2024-07-09,442.0838248138197,443.00431003664835,438.26330066456933,440.1537780761719,1608400
2024-07-10,430.1669026925838,432.9382959985985,424.6637458177506,429.20684814453125,4760900
2024-07-11,427.58354758408575,433.2945484451668,425.71285506472276,431.9583740234375,4032600
2024-07-12,432.928370044516,437.70900894522913,432.8492011902874,435.61065673828125,2645600
2024-07-15,435.82844303696004,439.8568422133858,434.25470141247587,439.4609375,1727700
2024-07-16,442.3709009934063,442.58865312499097,435.20492572677347,438.9957580566406,2846600
2024-07-17,437.877304502293,446.90406520320414,437.5407839732917,446.5477600097656,2925000
2024-07-18,444.16235200875536,450.774053977059,442.9053463099525,444.1326599121094,3339900
2024-07-19,446.6071325944133,446.6269172583361,439.03534537480704,439.15411376953125,2121700
2024-07-22,440.85649210226524,444.26132674152507,438.7185705702469,443.3606262207031,2111700
2024-07-23,443.4694976916857,444.1524461225154,436.6004440581175,437.2042236328125,2385500
2024-07-24,429.563164292748,431.40413478388933,424.4756966501354,428.0290222167969,3764800
2024-07-25,429.50375767684017,433.2253282030689,425.1685303522635,425.2081298828125,2384300
2024-07-26,427.86073161482574,436.27383476323865,427.692456261397,433.7004089355469,2039600
2024-07-29,434.31407105088454,438.39197705828695,430.9686506601593,436.78851318359375,2248600
2024-07-30,439.2332392919601,444.1425539638497,438.48102946439553,442.8756408691406,2266900
2024-07-31,457.276911405964,469.15423378014486,452.8625150477927,458.96942138671875,4313600
2024-08-01,460.70154671598516,462.72070004648157,454.4956564364344,457.6827392578125,2590100
2024-08-02,455.51513603558993,461.9783781249688,453.9215794850146,457.2967224121094,3808100
2024-08-05,450.3484838149127,456.5840661239587,435.09601835378476,437.48138427734375,4496700
2024-08-06,438.6888963588626,450.79387809992227,437.5902283492219,443.7169494628906,2758900
2024-08-07,445.9241899392498,452.2488788912064,444.4494320095197,445.2412414550781,2059800
2024-08-08,447.6166648746601,451.6054642997241,446.4190433654074,450.9225158691406,1585400
2024-08-09,450.92251572939944,454.1095983359372,448.82419367893203,452.1102600097656,1760200
2024-08-12,453.0901250878945,453.7730735117554,449.24981638991784,451.0314025878906,1760000
2024-08-13,453.4563806346948,454.941045909947,450.2396058716485,454.66387939453125,1816100
2024-08-14,454.5648954122244,455.8318084873162,451.407505055327,455.4556884765625,1654100
2024-08-15,460.3452850359606,464.2054092637724,459.2565243036043,463.9183654785156,2130500
2024-08-16,463.2155699005354,465.4524752671268,461.2756157149281,464.0865783691406,1921900
2024-08-19,464.20530131974243,465.3435385547817,460.76086731440245,462.2059631347656,1690800
2024-08-20,463.34425774745637,464.8685226070656,460.7510471431092,464.3241271972656,1763300
2024-08-21,463.75003358761734,464.2943987492054,459.7711114920855,463.2155456542969,2105900
2024-08-22,464.69029417685334,466.09579050519795,461.9288386884709,464.02716064453125,1538200
2024-08-23,465.4920328689701,465.5316323998891,457.17791350589937,461.6715087890625,1986300
2024-08-26,463.3145415936009,465.71969204857953,462.22578103612335,463.8490295410156,1434400
2024-08-27,466.2640934135758,470.63892064568586,463.4333459500177,470.1341247558594,1635900
2024-08-28,470.14401315347754,471.53960216456215,464.0766761087283,466.9767150878906,1445300
2024-08-29,469.6194303251168,476.9932800512953,469.6194303251168,475.88470458984375,1893400
2024-08-30,476.9141078124121,480.7742317617561,474.7464939397816,478.3987731933594,2982100
2024-09-03,477.53765109262764,481.71451072212557,475.1325005306675,477.19122314453125,2063700
2024-09-04,477.1614913885723,481.1997976265557,476.2607908806181,478.2007751464844,2156300
2024-09-05,478.2007975377226,479.21035904169474,468.27330682349873,472.4798583984375,2293500
2024-09-06,472.2324329223965,475.52840684935455,469.8569744504876,471.2525634765625,2116200
2024-09-09,475.5877866407201,484.2087347318339,474.66730139979,482.11041259765625,2343600
2024-09-10,482.1203060091201,483.3377121937814,477.39905113895077,483.0308837890625,2234100
2024-09-11,481.5462063602861,484.109724692856,472.95495083400994,483.1892395019531,2480000
2024-09-12,481.9718188834065,487.8411879854991,478.06218848950664,487.07904052734375,2299100
2024-09-13,488.0589627427258,491.7706258691323,486.4258370082253,488.3162841796875,2204700
2024-09-16,490.2364603454058,493.2256057555867,488.3460131481384,492.621826171875,1589200
2024-09-17,493.50273520773425,496.6106187579127,492.7604025826341,495.8682861328125,2202800
2024-09-18,496.15536085030266,496.6700339618268,488.9893857943728,489.7020263671875,2193800
2024-09-19,494.8884094486941,496.00686208694276,481.27897818885504,487.9698791503906,3517200
2024-09-20,484.64419954247035,488.4845383234182,482.75372224749486,487.7026062011719,3470200
2024-09-23,488.11838575478026,492.60207395982883,486.27738499076605,492.0577087402344,2191300
2024-09-24,487.64329869198957,488.2074788007677,479.4677616547151,482.42718505859375,4143700
2024-09-25,479.80420301598105,484.8916399739391,478.59667413243926,484.4462585449219,3483200
2024-09-26,485.9804212776359,488.58353916136593,484.0008676268105,486.2476501464844,3073700
2024-09-27,486.01014196857176,490.9293342885171,485.37670046994674,488.5934753417969,2177200
2024-09-30,486.75243176465455,489.9296068237896,485.09949122407323,488.75177001953125,2862400
2024-10-01,492.1764894947277,492.9386068624146,488.06889104056404,491.30548095703125,3748100
2024-10-02,487.90060518371433,490.84024365046605,484.673922971527,490.50372314453125,1736500
2024-10-03,490.48390835959555,492.0081731736954,487.9599894618574,489.90985107421875,1382200
2024-10-04,490.4938319561922,493.9481436277994,487.4354249984689,492.6119689941406,1935600
2024-10-07,492.24572770964824,493.4334720606009,485.73300905998775,486.2773742675781,1990500
2024-10-08,487.46513526619106,492.443711987691,486.5050504413009,491.978515625,1750100
2024-10-09,493.94086415863,496.28974939633247,491.17570661180446,495.49688720703125,1707500
2024-10-10,495.54642012231176,496.26000817711804,491.42347027740374,493.58404541015625,1491000
2024-10-11,492.0875318999778,498.4404408434374,492.0478797162589,497.78631591796875,1919900
2024-10-14,499.8675630798742,504.2581272847413,497.5781410720401,502.1470947265625,2127000
2024-10-15,501.11636091988896,505.33842613061785,499.51079534559864,502.7120361328125,2885900
2024-10-16,501.83991127113757,510.8093204371731,501.49302269640583,509.49114990234375,2956700
2024-10-17,511.6913018439811,512.4346214758076,506.96379987403583,509.1838684082031,2227400
2024-10-18,509.9569206602425,513.3861238824239,508.014417284443,511.7409362792969,2604600
2024-10-21,512.3850739438235,514.1987907654451,509.36225290212485,510.4227294921875,2217500
2024-10-22,506.59707054043815,509.9667799572071,505.95286627992743,508.450439453125,1855800
2024-10-23,508.0936676082003,510.1353165951298,507.34045755929054,509.1541442871094,1759700
2024-10-24,507.34040545345806,508.7676117710757,504.92213656756155,506.0718078613281,1911900
2024-10-25,507.93511339311254,510.14523121215444,501.1163893730218,502.84088134765625,1582200
2024-10-28,502.8805057857862,506.30967857623597,501.63174936253193,503.68328857421875,2186400
2024-10-29,503.0192945342168,506.83500821498654,501.195687243661,501.7705078125,2066300
2024-10-30,507.9549402256884,511.84992796985426,502.48408819222993,509.114501953125,3121000
2024-10-31,516.6071505473391,523.1979422281431,494.5850661045845,495.14007568359375,5523300
2024-11-01,495.982509691521,506.00244391570317,494.08951871311905,503.554443359375,3753700
2024-11-04,504.605008911281,505.45733421179466,498.54941610107005,501.0766906738281,2165100
2024-11-05,501.07669573359783,503.6238115456012,499.1242416640577,501.056884765625,2132900
2024-11-06,516.220605788862,518.3415589994793,511.3444459190701,516.4882202148438,3673700
2024-11-07,519.3227752041375,519.3624576359427,511.98872381009534,513.2672119140625,2382300
2024-11-08,515.7053236712342,524.129613606598,514.9025408147012,520.0859375,2215600
2024-11-11,524.1394250581657,529.2733392099307,523.8124079743382,525.3981323242188,2213400
2024-11-12,524.3872812701908,526.171297060569,522.6033259713286,524.4566650390625,2577600
2024-11-13,525.2890955114625,525.7747212964134,511.8201179764109,517.2315063476562,2681500
2024-11-14,515.9827208494188,517.7072126165515,513.0392043141068,515.7647094726562,2480400
2024-11-15,513.9113976646792,518.7280943332175,513.3860894252902,517.241455078125,2408100
2024-11-18,513.9708641819894,518.827182818866,512.394999945006,516.9837646484375,2493400
2024-11-19,514.1591939825282,517.9947185937325,512.1571670050747,514.8331298828125,2716000
2024-11-20,516.8846763457328,517.8460073617542,506.44843973561035,507.9747009277344,2409400
2024-11-21,508.6585022552806,515.4871456801839,507.02320530059075,510.5118408203125,3077300
2024-11-22,512.3255936114438,517.0630462292057,511.5822740117826,516.2205810546875,3130400
2024-11-25,516.9937029076283,523.544812307034,516.3792301631718,521.9094848632812,4503900
2024-11-26,523.1979148063712,525.9234200141318,520.3831846300947,523.772705078125,2326800
2024-11-27,524.3377051125843,528.8670070840764,521.8897345992975,527.6380615234375,2086300
2024-11-29,528.2623769182433,530.9978026933572,525.3089397655639,528.1929931640625,1760600
2024-12-02,528.1830982079251,530.0562781872651,521.5427641036789,526.6270751953125,2355100
2024-12-03,529.9075936597462,530.0562817828635,521.2752137080246,521.4932250976562,2319400
2024-12-04,518.9758398698609,521.5923393372698,513.5545308864456,516.4981079101562,2630000
2024-12-05,519.9272348380027,522.7716662042284,517.5188867034371,520.0957641601562,2538600
2024-12-06,518.2722208446263,526.2703480829474,517.8460581418833,523.8619995117188,2122700
2024-12-09,524.307872695925,526.8549881607953,517.2314563919501,518.1630859375,2942000
2024-12-10,517.8558709018582,524.9421476110083,515.5862298405469,524.2979736328125,2003200
2024-12-11,524.4764172298528,531.1167512904516,522.5735359335025,529.6895751953125,2181100
2024-12-12,531.5131697573966,531.9690942513503,527.2316413299651,527.667724609375,1860400
2024-12-13,529.4120803561083,529.9175474165194,524.198921994903,524.2881469726562,1608200
2024-12-16,527.2613750502238,530.2346534809582,524.2880966194895,525.58642578125,2923000
2024-12-17,524.6845066167368,527.0433121137067,520.1948275895761,526.2801513671875,4055800
2024-12-18,525.5963820084389,532.3457220839584,515.0809010970531,515.3286743164062,3190300
2024-12-19,519.4911244809693,524.506051137454,517.5486214980491,518.6190185546875,3050500
2024-12-20,518.2127092882662,527.3406961370525,514.7934268861798,523.3267822265625,7317100
2024-12-23,521.1464094630323,524.6846184627202,516.4882606192621,524.24853515625,2270300
2024-12-24,524.5557143344112,530.9680558210993,523.1285382590232,530.9383544921875,955000
2024-12-26,528.876877368003,532.9106324882205,528.1731796742356,531.3744506835938,1109600
2024-12-27,528.8570701405039,532.7718992107535,526.0721014991079,527.4596557617188,1541800
2024-12-30,522.3059321806548,523.8619552148228,516.6864526562952,520.8688354492188,2101600
2024-12-31,522.9699386627424,524.476419127369,520.8787473014294,521.8797607421875,1942600
2025-01-02,524.4764471663726,525.8342395819188,513.0491171460578,517.7469482421875,2818800
2025-01-03,517.8758087853552,519.7886108481666,513.0689718631454,516.7161865234375,1627500
2025-01-06,516.3295740990443,516.716114799362,506.4583287718678,507.3701171875,2920800
2025-01-07,509.1046002998183,511.7310207159188,506.5277526768219,506.84490966796875,2211800
2025-01-08,507.4792038755964,512.8410505209007,506.97376704664225,511.8004150390625,2456700
2025-01-10,508.3065546288382,509.9343571037198,499.6117752315587,500.91204833984375,2815500
2025-01-13,497.26938013674436,502.3810253914605,496.1974355192862,501.1502685546875,2885500
2025-01-14,503.29415294384484,505.5968845276508,500.4554339435615,505.2296142578125,2704800
2025-01-15,511.73084552247656,519.8697968198509,509.90452031899946,518.4603271484375,3024800
2025-01-16,519.7208520887973,523.1947892937806,516.8424227438339,519.2444458007812,3275600
2025-01-17,520.6738061243391,524.197359434879,517.1303823551596,520.7929077148438,2374800
2025-01-21,523.7307619782349,526.0334934067099,522.9863468406932,524.1278076171875,2706900
2025-01-22,524.0682957450791,526.3511568869269,521.7556289168001,523.25439453125,2037600
2025-01-23,525.1104583237109,530.3709801709678,524.7432183463046,530.241943359375,2196500
2025-01-24,529.0211182339191,532.0682649672572,528.1874071592616,529.5173950195312,2472900
2025-01-27,529.6068309083473,543.9095033588125,527.7010841477627,543.5621337890625,3074600
2025-01-28,542.4702174386105,547.4429206189662,538.6191046617573,543.2841186523438,2727800
2025-01-29,542.9267946232563,546.5098984177001,542.4305178457214,544.71337890625,2549000
2025-01-30,550.8672031123497,572.6438297450985,550.400732037079,561.7952270507812,6005200
2025-01-31,559.6216070582553,561.3287702601145,550.5099718071679,551.2940673828125,4505100
2025-02-03,548.5248914598253,560.7928406558743,546.9665748807117,559.7506713867188,3195500
2025-02-04,566.6289687694358,567.7406238858363,553.4280188266838,554.9465942382812,2638900
2025-02-05,557.1698427231858,562.6487570330067,555.6313970255088,562.0730590820312,2404700
2025-02-06,561.9144077762186,565.50744717509,560.3362208030268,562.9367065429688,1738400
2025-02-07,563.8299661953215,565.8051380634321,557.596761414259,558.5595092773438,2008300
2025-02-10,561.0409716126993,563.045949446382,556.8226184426791,561.2791748046875,2357700
2025-02-11,560.7828138342173,562.2120933523995,555.0557605332014,560.4949951171875,1847800
2025-02-12,557.8251327469659,560.5447202803855,555.2742623854382,560.3958129882812,1722200
2025-02-13,561.3883436832713,563.1650535626948,557.2890920908998,562.0930786132812,1709500
2025-02-14,561.7952573956039,565.0011860497201,559.9292518324127,560.5545654296875,1927400
2025-02-18,560.6935802630805,564.395785986127,557.3387440847381,564.3759155273438,2064100
2025-02-19,563.2642348002947,566.450353676812,562.430523698463,564.2667236328125,2459100
2025-02-20,563.9193636086518,564.2667331434924,554.877154086366,559.0856323242188,2181900
2025-02-21,557.2493133287196,560.5942138318503,552.4354530074285,553.3585205078125,2256100
2025-02-24,554.2716395833091,557.2791057444962,552.643837316145,554.83740234375,1752500
2025-02-25,558.2518911269999,561.8250601230476,548.574492800313,559.830078125,3609500
2025-02-26,558.4006930094785,562.4602028468868,555.4329071950508,557.0905151367188,2028000
2025-02-27,561.358550947659,570.4205702287178,559.8002345145256,560.6141357421875,2436500
2025-02-28,563.0755771043765,572.1375952234947,559.8001627364118,572.0184936523438,3205400
2025-03-03,573.0309428981635,577.8944188167285,565.7555086056154,570.6388549804688,3092600
2025-03-04,566.2121829518791,568.9317702886174,547.8995558003611,550.936767578125,3318100
2025-03-05,548.4652618887029,556.8126106536554,547.2146347130672,554.1426391601562,2795400
2025-03-06,544.4156520505479,551.5421796609464,540.6340252407524,545.725830078125,3133200
2025-03-07,542.9962402563682,546.2815898560749,532.2866100027319,542.698486328125,3161300
2025-03-10,534.1427817220624,544.4752387708678,528.0584228787448,533.1204223632812,3893400
2025-03-11,533.1997782370229,534.0434245207725,518.3610905745256,521.8846435546875,4582600
2025-03-12,526.5595604939915,528.7431902832345,515.3933337564895,520.7332763671875,2810800
2025-03-13,520.5943759433455,524.5943961279786,513.8549586434141,515.9591674804688,2375800
2025-03-14,518.7085500478754,524.4752847401626,517.0708727576211,523.7110595703125,2369500
2025-03-17,519.3536559369738,529.5074595807563,517.5968167307922,528.028564453125,2544800
2025-03-18,528.3759576197654,528.624095995129,521.596800242247,526.241943359375,2363300
2025-03-19,527.6117218600631,533.6166589947755,525.636549898559,532.0980834960938,2804300
2025-03-20,529.6265363812967,536.4652447036899,528.5843672968209,532.3858642578125,2598600
2025-03-21,531.4529114003018,534.0434618027288,526.8077677398817,531.7010498046875,5973400
2025-03-24,535.3338038925833,541.3983529279454,534.2320838454627,539.6216430664062,2758700
2025-03-25,541.8846810628672,543.1055026749555,537.9640820022523,541.1005249023438,2138200
2025-03-26,543.0658240185678,546.9268722949498,541.0608462397505,544.9814453125,2681600
2025-03-27,544.9813856349898,557.6463786413917,543.7208232391359,553.4180908203125,2901200
2025-03-28,550.1029874229921,554.4305673576038,536.0683249204154,536.5844116210938,2656400
2025-03-31,528.1972162729434,547.3237406031885,527.0657513834336,544.0383911132812,4741800
2025-04-01,542.7283096379797,547.0459542519795,539.94917160614,544.4255981445312,2714900
2025-04-02,538.8176542762895,545.4380306707765,537.6167031439501,543.3040161132812,2994600
2025-04-03,524.4850993792501,535.9689505535408,523.0756903829276,526.5992431640625,3443500
2025-04-04,515.7506857037276,517.001312905762,484.65399541164135,486.1229553222656,6125100
2025-04-07,474.9368868411421,498.4604187443908,462.1230165205779,481.90460205078125,6009400
2025-04-08,497.2693290018281,501.8053059991289,468.1478114532074,476.3463134765625,3555400
2025-04-09,467.34943800161204,515.4652511389584,467.24009849842594,512.4033203125,4698400
2025-04-10,503.85381442597384,505.6432627929487,481.28713000585236,496.4078063964844,4105300
2025-04-11,495.334163795139,512.880484350581,492.9979572255089,506.7566833496094,3736200
2025-04-14,512.8407243858863,520.3463774486723,505.5140070532369,509.4507751464844,3005500
2025-04-15,510.3852485912347,518.2288710002592,510.36534661821594,514.3418579101562,2210700
2025-04-16,513.0196490953371,518.6563368421681,506.8759464523036,510.4150390625,2501000
2025-04-17,507.9496950670867,520.9031508791047,506.1403748923722,514.292236328125,3329800
2025-04-21,513.9641185380084,514.6103259364645,500.58316564876594,506.3292236328125,3345600
2025-04-22,512.5922004312986,525.6947982966348,509.73905833774603,524.2334594726562,2384000
2025-04-23,534.582355773927,540.7459612182929,524.5217857430301,526.8977661132812,3051800
2025-04-24,525.5854697194155,532.8922853446824,522.1855693695578,532.3157348632812,2209100
2025-04-25,532.3157043830063,533.7670921672034,526.7684541574777,530.3472900390625,2006100
2025-04-28,532.8823751009654,534.6021968472862,527.3848190219484,531.3513793945312,1735400
2025-04-29,531.2022559783794,537.3061543334614,530.2776637625605,536.5108642578125,2041500
2025-04-30,535.3677884543773,545.8458758773279,526.4404776292934,544.841796875,3783500
2025-05-01,546.7703723520782,549.5837714393084,536.5606588917789,543.420166015625,2839900
2025-05-02,552.3672939697649,559.0776573438276,551.7310375466925,556.105224609375,2632600
2025-05-05,554.5344514631707,561.2348634382962,552.5859390409844,557.8250122070312,2130900
2025-05-06,553.2122489088372,562.4178825473448,552.8344754700875,555.70751953125,2341700
2025-05-07,555.9858549325664,563.8990731143225,555.2104061504934,563.00439453125,2493700
2025-05-08,566.1061298572638,570.500158069865,563.6705044311618,563.789794921875,2004300
2025-05-09,564.1178886928662,566.2353859728897,561.2845877733093,565.3009033203125,1528000
2025-05-12,576.5941503693753,577.3794895236628,563.103828225213,574.8743286132812,3000300
2025-05-13,574.605856067805,579.4373025096936,572.4187628193953,573.2041625976562,2370200
2025-05-14,574.8743850163621,575.2422075011325,568.9195683460605,569.9136962890625,2237500
2025-05-15,570.7586309194638,579.6162834202069,570.28146896506,578.78125,2034200
2025-05-16,577.0216186650088,580.8589375900939,577.0216186650088,579.8549194335938,2225900
2025-05-19,577.6081886480159,584.9945513667883,577.0713207704831,582.9664916992188,1875500
2025-05-20,577.8269343619577,580.5607862926458,573.4626979901832,577.6976928710938,1964300
2025-05-21,573.0749033070994,575.5999659427373,563.7698214739081,566.1954956054688,2505300
2025-05-22,565.3207636568454,569.7943393551463,563.6009417493932,566.7921142578125,1869900
2025-05-23,561.1751984581155,564.2172271334375,559.2068448084208,560.2705688476562,1948800
2025-05-27,563.4915585515389,571.1860984477761,563.1634793696086,571.1761474609375,2655200
2025-05-28,571.2060495102764,575.4410442485591,569.5756651240988,572.5381469726562,1702900
2025-05-29,572.4984007170433,575.1825582799655,569.5756621577286,574.3872680664062,1347800
2025-05-30,573.393100487823,582.1612548828125,573.1246665470632,582.1612548828125,4581100
2025-06-02,577.091263850577,578.4035200004915,571.404881211034,577.8070068359375,2089100
2025-06-03,576.4648462564433,579.1092600170148,570.0726121858992,578.552490234375,2116900
2025-06-04,580.7396334060121,583.4038886905965,578.8010720157006,580.6998901367188,1530200
2025-06-05,582.8670836206775,583.2448570489472,579.2087004997863,582.002197265625,1480000
2025-06-06,584.4576797209752,587.6885952452237,582.5986654888552,586.6547241210938,1528600
2025-06-09,585.2828812854799,586.535492214422,576.594212685364,580.8988037109375,1936000
2025-06-10,581.216885810423,586.4062041879132,579.7355843096786,586.078125,2133700
2025-06-11,586.8535404350971,591.2177761158006,584.1494812199238,587.2710571289062,2238100
2025-06-12,585.9687849233432,587.2014937776297,581.12738703579,585.8197021484375,1984000
2025-06-13,569.4960978665838,571.8621271378258,549.2656192431565,558.729736328125,5905400
2025-06-16,560.5887397160503,571.6235349903816,559.336128870226,565.3306884765625,3108200
2025-06-17,561.4038739481822,567.9353014787013,560.6881309909068,566.1061401367188,2246600
2025-06-18,567.5277660184092,567.7266037427331,531.023356331071,535.5665283203125,6966800
2025-06-20,533.7771004650797,535.1788548208748,524.23349663833,529.84033203125,8202800
2025-06-23,528.2994119077854,539.9406710258631,524.4720439063567,539.1652221679688,3681100
2025-06-24,553.9081833751226,560.8074335195461,549.2457210353166,554.2561645507812,4503200
2025-06-25,552.7350386979759,555.2004561446751,545.3983709201115,546.4720458984375,2889200
2025-06-26,542.3265951874763,545.6866914981905,538.8868909825161,542.6049194335938,3764100
2025-06-27,543.5592982463595,553.430980411864,542.3464307302017,547.0884399414062,3837500
2025-06-30,549.2556285690235,559.3261483867909,548.6591761390141,558.6401977539062,5054600
2025-07-01,556.0355198344893,562.984462841557,553.7688795235325,561.29443359375,3827000
2025-07-02,559.6343619123018,562.6664398690215,554.1169642079834,558.2227172851562,2502300
2025-07-03,557.4871160502984,566.3149166631795,557.4473120980954,565.8973999023438,1528700
2025-07-07,567.3189109855265,567.3984582013076,557.0595045126611,561.801513671875,2478300
2025-07-08,561.264716219019,563.292715180994,557.1291104011599,559.1372680664062,3083800
2025-07-09,559.4557905257744,562.8602909574223,556.7182399493582,562.5516967773438,2454300
2025-07-10,563.0892953378783,563.4974125112147,558.4702862934563,560.9689331054688,2577200
2025-07-11,557.2856433083936,558.2811162032835,543.3788553721812,547.6892700195312,3221400
2025-07-14,548.0079289302789,556.5391404918819,545.3101750182155,550.5165405273438,2500900
2025-07-15,550.6060198061025,552.3480974401706,546.1662494072248,547.8684692382812,2449100
2025-07-16,549.9191851906412,553.0051879882812,547.0124210032477,553.0051879882812,2424200
2025-07-17,550.4766277704188,554.8567331758757,548.0178386797261,553.0947265625,2722000
2025-07-18,552.7463473081561,553.8313788524281,548.3861707105502,550.1580810546875,2579600
2025-07-21,550.8947579266072,555.5535640677031,549.5408685302818,552.1390991210938,2194400
2025-07-22,553.2938114301187,557.6739166623668,552.7263845642016,556.23046875,2010400
2025-07-23,554.4884511049639,559.9436239545169,551.9898040379474,559.5454711914062,2180400
2025-07-24,559.4558261441465,565.2694151995385,559.3563031476609,560.9490356445312,1874700
2025-07-25,561.8051328101271,567.3798181161651,561.2974318540912,565.6476440429688,1513300
2025-07-28,564.8015439884653,569.0621978404398,563.6567256683621,565.7074584960938,2492400
2025-07-29,567.449481876141,570.4060074099878,560.4512777867768,560.7698364257812,2393800
2025-07-30,557.7933659956827,563.0494314914248,552.6965494354528,556.578857421875,2833200
2025-07-31,565.9961084333476,576.8168954178241,559.963544296837,563.9055786132812,4568300
2025-08-01,561.3074064681089,562.3128439468776,553.5825260565393,557.3554077148438,3316700
2025-08-04,561.7354383369927,567.3399561980787,559.9535635368792,567.23046875,2984700
2025-08-05,567.021420663188,569.2413668638212,559.5852662005035,563.4775390625,2883200
2025-08-06,566.4141470361852,567.7779401240493,561.416853358441,566.5535278320312,2245200
2025-08-07,570.3761289007414,571.3019722475808,551.3526546778284,558.6793212890625,2979600
2025-08-08,561.1978753693412,573.5516679406965,560.1426764730583,571.7200317382812,2907700
2025-08-11,572.3969372715598,573.9797659711247,566.8621101867312,570.9933471679688,2116600
2025-08-12,572.5761614915886,575.7019613408944,567.8775580249143,571.5806884765625,2593800
2025-08-13,574.7163866322418,577.6430793899336,571.4412419040842,575.2838134765625,2352900
2025-08-14,574.8557457153994,581.75442685201,572.8946931325204,581.1173095703125,2642300
2025-08-15,582.3516991056047,586.8910535093047,578.4792945926761,579.066650390625,2263800
2025-08-18,579.3852684097167,582.8395308744737,578.061272184966,581.4956665039062,1812000
2025-08-19,581.7643183028405,587.8964656821628,581.5751760125304,582.859375,2334500
2025-08-20,583.2575160469974,591.191466871451,583.2575160469974,589.9968872070312,2884600
2025-08-21,586.373450105671,589.5291435637358,581.2865971714784,589.2404174804688,2349200
2025-08-22,592.6050699194998,599.0458118803059,590.3951490044634,596.24853515625,2388900
2025-08-25,595.1136518936315,596.3280997398813,590.1760841417057,590.5245361328125,1984300
2025-08-26,590.3950784025315,593.3018422278158,583.6357785961891,588.9317016601562,4774600
2025-08-27,588.5336427680312,591.928179128893,587.1499206487474,587.986083984375,1480900
2025-08-28,588.1453723236469,590.8431260597329,587.0503155549824,587.806884765625,2159800
2025-08-29,589.3200085182028,594.1281600596383,587.5878952416091,592.5950927734375,2111200
2025-09-02,592.9236366262451,592.9236366262451,583.3471910133215,589.1906127929688,2284500
2025-09-03,589.1507294236154,591.3108885528225,586.2937271291939,590.5941772460938,1959400
2025-09-04,590.3453725756294,593.1924107263465,586.622252579866,592.9435424804688,1653700
2025-09-05,592.7742663394478,595.8702334845113,576.4087488738963,581.5751953125,2432100
2025-09-08,579.9824947714785,587.1200194197097,578.0712035568214,583.9444580078125,1948200
2025-09-09,580.8982617429725,588.5036896417964,580.6593579570572,581.356201171875,2266000
2025-09-10,579.4946918135032,579.4946918135032,568.4150726642607,576.7571411132812,2535200
2025-09-11,578.2503803296192,587.299196175569,577.3843236515278,586.0648193359375,2407000
2025-09-12,583.7851405284347,586.5426199544376,577.3742925054344,577.7824096679688,2242800
2025-09-15,580.0919837720455,583.8449365667223,578.8675713786002,580.3209838867188,2222600
2025-09-16,575.3933576052679,585.4476105869426,574.2187067580574,583.7652587890625,2537000
2025-09-17,585.0494351993487,596.1788156011738,584.7806380573154,595.9199829101562,2930800
2025-09-18,593.3815344982348,598.896432781524,583.2276982316574,583.3969116210938,3294600
2025-09-19,585.9552730495611,586.2041412828485,578.8774750769935,581.5154418945312,6745300
2025-09-22,578.3399097974624,584.6910322900201,577.5137109679034,581.843994140625,3241700
2025-09-23,582.7996726338574,584.2032628122188,565.6775250985502,567.3897094726562,3223000
2025-09-24,568.6937739153723,569.0719977102168,562.392413596156,566.2349243164062,2867200
2025-09-25,562.4422966003106,569.7988573273497,562.0142504621022,564.7318725585938,2700600
2025-09-26,564.0549003059984,567.0811163201213,561.5064918838821,562.5716552734375,2106500
2025-09-29,563.4377273616986,566.7427050676739,559.9635362553898,565.5680541992188,2615600
2025-09-30,563.2485056876194,568.0466922422647,561.0983110087835,566.2349243164062,2379200
2025-10-01,563.1191433121733,572.8648018314459,562.452193433645,571.1725463867188,3685100
2025-10-02,570.137157966985,577.2150162565397,568.1860700254772,574.7163696289062,2483500
2025-10-03,573.8204450641364,580.5796842833516,573.8204450641364,577.822265625,2331600
2025-10-06,576.6078399726841,578.5092275385217,566.6830027481544,576.1897583007812,2573500
2025-10-07,576.3688384442726,583.4267679631768,576.2891836006538,577.2150268554688,2120700
2025-10-08,578.6883573163096,580.4304350231564,573.4720886469385,573.8304443359375,1934700
2025-10-09,575.3854381565585,577.5385325955075,560.7027820526249,562.7362060546875,2579800
2025-10-10,565.7564909418269,567.590545303519,554.9014638297116,555.6889038085938,3553900
2025-10-13,556.2072918699389,563.1848026998485,551.2333331697254,557.4432983398438,2996500
2025-10-14,554.2136512108104,567.9792792146965,554.2136512108104,566.0953369140625,2627300
2025-10-15,562.4870343264204,566.8629449655591,557.6028132934044,561.0018310546875,2262400
2025-10-16,560.9918156834789,562.835908479604,545.6313519281664,548.1133422851562,3210600
2025-10-17,550.7149279314845,560.9918011107543,550.2364895634987,559.1676635742188,2756700
2025-10-20,559.8954035155114,565.5969973117078,552.0107823963912,564.5404052734375,2046400
2025-10-21,560.353854269722,574.1294603962912,558.9683663273814,570.1921997070312,2722400
2025-10-22,569.2153514109818,574.5780717251852,566.7533160869151,569.5243530273438,1820500
2025-10-23,572.5147061455345,575.136261461097,569.8333460289697,571.9266357421875,2187500
2025-10-24,575.3854419532629,578.9539572160456,571.2388339102062,571.826904296875,1839600
2025-10-27,573.870308619106,573.870308619106,564.6600044482045,570.5211181640625,2981000
2025-10-28,571.2388079665792,572.1458575213749,563.6333169983717,564.1117553710938,2916000
2025-10-29,559.8256166092332,564.9889671577062,549.4590050861034,552.7982788085938,3763400
2025-10-30,549.7879390750735,561.1114269313426,543.8869759560273,551.901123046875,4284700
2025-10-31,547.1265367727974,552.6487159179935,541.7837720215902,550.216552734375,3567100
2025-11-03,548.2329623045346,549.2297495087246,538.6239190547673,542.322021484375,3175500
2025-11-04,543.0795835577918,552.2500379039172,540.7370971501116,550.97412109375,2653900
2025-11-05,551.2232860191644,554.5426042158438,547.6049438495993,551.5322875976562,2198500
2025-11-06,548.412364637792,553.216886156996,546.0998110742502,551.50244140625,2593600
2025-11-07,552.0207318248737,556.8750805569621,548.9007830633877,550.1965942382812,2510400
2025-11-10,550.5056636847862,552.9178716723853,546.8175388792112,551.1834716796875,1978300
2025-11-11,551.2233647419995,556.7356275921718,546.249405958958,556.55615234375,1832400
2025-11-12,558.2008510534636,564.0918368373573,556.6159325821769,559.4268798828125,1761500
2025-11-13,558.0812457933408,561.7892651300008,553.0773543711185,553.7850952148438,2031300
2025-11-14,554.2535586482852,555.2104963069999,542.3020892968607,543.9766845703125,2567800
2025-11-17,544.2458103061138,547.5551511053659,534.4872855362039,535.1251831054688,2557900
2025-11-18,531.8457777730139,534.2779409826917,523.0142577529214,525.885009765625,3594700
2025-11-19,526.453145246598,529.2939642217696,523.293286251171,528.656005859375,2723100
2025-11-20,531.5766128661008,536.7300463864232,525.4862578028775,526.1840209960938,3240300
2025-11-21,530.8290850059085,542.6609453489036,529.9618849250302,538.6638793945312,3807500
2025-11-24,541.6940152209304,542.2920631797132,533.3907611653127,536.1219482421875,5941000
2025-11-25,539.760230568086,548.6316603553361,537.2682627445952,544.7142333984375,3132600
2025-11-26,546.7177813348721,546.9071733216591,542.4216312716022,543.17919921875,2185300
2025-11-28,546.3689778661126,549.6284915088172,543.6676626270181,548.7612915039062,1254800
2025-12-01,545.8805427731227,548.0136819276481,541.644197282052,542.2222900390625,2227000
2025-12-02,545.5217213136833,552.967692403414,539.3017181573216,544.1560668945312,3076000
2025-12-03,545.5615488878813,553.286649281254,544.7441761262179,551.950927734375,2687900
2025-12-04,555.2404278597551,557.2040695281495,537.8265230666311,540.5676879882812,2878800
2025-12-05,539.9696380659964,548.6715712088765,539.5110940332073,543.7673950195312,2126700
2025-12-08,544.963466267216,545.5715526940983,535.6634855382438,538.7036743164062,2453800
2025-12-09,536.9793053784946,540.1590592818459,534.1982298895441,535.822998046875,1965300
2025-12-10,536.3612383894491,543.1991838165362,535.7731071863275,537.1287231445312,3023400
2025-12-11,541.026205663376,563.3143527572264,540.9065960670204,561.5599975585938,3659900
2025-12-12,564.181588156279,571.8668398192701,564.0719561592499,570.092529296875,3515400
2025-12-15,571.0394657355824,571.4580993317799,565.3378112180943,567.301513671875,2714000
2025-12-16,568.8664335702509,569.1654575447568,560.6728116344343,564.2014770507812,2748700
2025-12-17,563.7031473112929,569.9230900415688,561.7494223915254,563.6532592773438,3287100
2025-12-18,563.1847347976696,567.3014705580941,561.2310100987883,564.390869140625,2259000
2025-12-19,564.4007791112512,571.0992202560035,563.3840976099935,570.3914794921875,7262100
2025-12-22,570.3915196139837,577.5883548295834,569.1654908272866,573.8504028320312,2500200
2025-12-23,574.0398078305445,579.8510335301885,573.9002430181009,574.498291015625,1794700
2025-12-24,575.395434808461,580.4192206005243,575.1462379982365,577.58837890625,1058900
2025-12-26,577.8873353730337,579.3326888712306,576.8207658492348,577.73779296875,972300
2025-12-29,577.7378244936391,580.1201604523326,575.5548581385168,576.0433349609375,1274900
2025-12-30,574.2292195178227,575.9237700209728,572.4050818042568,575.5648803710938,1512800
2025-12-31,574.7076426003067,576.1230634312424,568.7867240235827,569.0458984375,1736500
2026-01-02,568.8764650611032,569.0459018561962,557.6924806427385,561.32080078125,3901900
2026-01-05,557.822028831512,574.4085818710147,556.655804882518,566.7432861328125,2865000
2026-01-06,567.1719310021117,579.502184107739,566.1153389772169,578.4755249023438,4056100
2026-01-07,577.4088875784806,583.39958783242,575.7641645144903,578.0567626953125,3653900
2026-01-08,575.6545870584066,587.7754926717955,571.6574606420734,578.2063598632812,3390200
2026-01-09,577.1182106612657,580.312733097845,574.3530041583899,574.5526123046875,2221100
2026-01-12,563.0623927614577,566.905763420629,554.9363429290113,565.3085327148438,3486400
2026-01-13,557.9911271072086,557.9911271072086,532.7844437692388,544.0550537109375,8721600
2026-01-14,543.5658697933799,547.6488799038871,537.2267880623664,545.8818969726562,3943700
2026-01-15,547.5790414371068,548.9366937536321,538.0753533605271,541.7191162109375,4005600
2026-01-16,539.3131664415682,543.0967033967784,537.7558451803242,538.564453125,3496200
2026-01-20,529.6896999032713,535.4897300669587,527.6033195431008,530.8277587890625,4098700
2026-01-21,532.6047214572143,536.4780698681674,523.8697328117177,526.6649169921875,4937700
2026-01-22,529.0109029614936,532.2753127605511,522.9113993153751,531.9458618164062,5114900
2026-01-23,530.4983230650987,531.2271121604529,519.2676227845468,523.8397827148438,5002900
2026-01-26,525.8064129106551,529.4800922933696,521.7533805709344,526.4552612304688,4839700
2026-01-27,526.7448429045569,528.2022992848995,518.6587018639359,519.5172119140625,3850800
2026-01-28,521.064600603083,522.931387747402,517.3809283534553,520.4755859375,5483000
2026-01-29,530.8776615005373,543.3063149900961,519.2177065290969,542.7971801757812,5488300
2026-01-30,540.0818848034594,542.8271670651553,534.3117713849889,537.8656616210938,4306900
2026-02-02,540.0619009019978,556.1642341351807,540.0219914585122,554.417236328125,4603300
2026-02-03,553.3790608515241,559.1491135454288,548.0881652171961,549.7752075195312,5706700
2026-02-04,548.7868974661304,555.6451068414932,540.081886209362,552.5704345703125,4448000
2026-02-05,553.8981203754394,560.9559989736855,549.0065629727045,550.9432373046875,4621600
2026-02-06,552.1211725921991,555.8347613954587,538.8739188143962,547.798583984375,3779700
2026-02-09,542.7772494934849,545.6223357474523,533.2835548131582,534.41162109375,4110300
2026-02-10,535.350024576947,546.0615972892842,534.0821838204151,539.4629516601562,2222700
2026-02-11,537.2267825510716,539.7723956244012,532.1953901016766,536.5379638671875,3691000
2026-02-12,539.0036920428292,542.0684324810328,526.2456490174384,526.5551147460938,3466200
2026-02-13,528.1523587247533,533.0738936588347,515.1347516770804,517.470703125,4017700
2026-02-17,514.1165028572846,524.9578575952004,514.1165028572846,521.0346069335938,3178000
2026-02-18,521.5936467192967,529.8494788431035,518.5089818059424,527.07421875,3575900
2026-02-19,523.9096748681127,525.6267558554373,515.1646930851814,519.3674926757812,3009400
2026-02-20,519.3574914944878,526.5950538459247,517.7003660965215,525.5068969726562,2838500
2026-02-23,519.5770911578213,521.8232312252796,489.1593924686803,495.1790466308594,6312300
2026-02-24,492.8929588577325,498.39351597368477,490.4172328980602,497.1456604003906,5292900
2026-02-25,501.95740748055226,509.66416485306104,501.5580997832397,508.5161437988281,4139100
2026-02-26,510.07344797426657,519.0081059188532,508.1367737190057,513.8869018554688,4843600
2026-02-27,508.59601107420326,517.8700827123206,505.8806759854798,516.32275390625,5121100
2026-03-02,508.6059752151713,525.2573221514356,506.4696318576838,520.106201171875,3827000
2026-03-03,512.7288833808615,525.896258269307,512.1199444639687,523.4205322265625,4199700
2026-03-04,523.2607511542637,525.2573200567502,519.3874635394517,522.0228881835938,3154700
2026-03-05,520.2059975246761,524.4187895470322,511.8703468194442,523.7598876953125,3879300
2026-03-06,518.7485285819695,521.6535094232927,511.32129008930474,521.4439086914062,2872900
2026-03-09,515.3843234267132,519.9963926300892,508.23657276948757,516.831787109375,3546600
2026-03-10,516.0631909935425,518.4391130080535,510.12338595726493,513.8369750976562,2759800
2026-03-11,512.1998160804754,514.4259709645329,501.8575730657072,503.1353759765625,2873200
2026-03-12,499.14223581040915,504.75258966648227,495.4386089509588,496.45684814453125,2702500
2026-03-13,495.7081416498272,500.9990372365369,494.55012799089695,497.13568115234375,2809300
2026-03-16,497.7645995517352,507.7075043825182,497.7645995517352,507.6276550292969,3450300
2026-03-17,509.6741280965782,516.073165722109,505.63108814645256,505.7109375,2834300
2026-03-18,502.8858046124045,502.8858046124045,487.08297476744696,487.63201904296875,3458700
2026-03-19,489.6784928647076,496.22723662568575,486.47400820957273,490.2974548339844,3284500
2026-03-20,491.62513522245337,498.36355513539417,490.16764848265757,495.4685363769531,5762900
2026-03-23,505.1818316756192,506.1701539934396,499.5215759277344,499.5215759277344,2985900
2026-03-24,494.78973217193385,501.86756544900123,492.39382505801285,498.0740661621094,2278900
2026-03-25,500.43001211945887,505.3814943785646,493.71154691559775,501.8974914550781,2422000
2026-03-26,499.6513516605644,503.93396994618104,498.1938344524002,499.89093017578125,3995400
2026-03-27,498.5932002540091,499.1921465752735,479.6756969999703,483.4092712402344,3963300
2026-03-30,487.19276736696673,494.6898934654024,486.1645355842374,493.15252685546875,3629500
2026-03-31,499.1422389944236,500.5498237642148,489.73838580706985,498.8028259277344,4417600
2026-04-01,501.3684157283346,502.13708379569033,484.81684230730707,490.8065490722656,4607100
2026-04-02,487.2925874151948,499.0224295573576,486.91323445445937,492.5934753417969,2926000
2026-04-06,492.90294400003114,501.04894871517996,490.33734566846846,500.6396484375,2466000
2026-04-07,497.4351634917362,501.73776700262874,494.8196631262533,497.4251708984375,3593200
2026-04-08,507.12849518104855,510.9419490509534,504.99215185756924,506.25,3874900
2026-04-09,504.4599914550781,506.6700134277344,497.760009765625,503.57000732421875,3301800
2026-04-10,502.010009765625,504.3900146484375,495.6700134277344,498.6600036621094,2842200
2026-04-13,496.2300109863281,508.8699951171875,495.0,508.5799865722656,3318100
2026-04-14,508.0,513.97998046875,506.69000244140625,513.1599731445312,2744600
2026-04-15,516.0,522.4400024414062,513.2000122070312,519.9600219726562,2910800
2026-04-16,518.030029296875,522.22998046875,517.010009765625,518.5399780273438,2967400
2026-04-17,521.5,527.469970703125,518.739990234375,521.2999877929688,3617200
2026-04-20,520.760009765625,524.47998046875,514.5399780273438,516.6500244140625,2503500
2026-04-21,516.9299926757812,523.1099853515625,510.1700134277344,511.3500061035156,3444900
2026-04-22,512.0700073242188,513.7899780273438,505.7200012207031,510.1600036621094,2288500
2026-04-23,507.3699951171875,509.6499938964844,498.3699951171875,502.3800048828125,2724000
2026-04-24,499.0,505.6099853515625,495.6300048828125,504.1700134277344,2406900
2026-04-27,500.760009765625,509.04998779296875,500.760009765625,506.42999267578125,2531300
2026-04-28,512.25,517.0,507.239990234375,507.6199951171875,3892500
2026-04-29,529.989990234375,534.2100219726562,520.8900146484375,525.22998046875,5876700
2026-04-30,504.5,514.1500244140625,498.9599914550781,502.9200134277344,5975100
2026-05-01,506.0,509.0,492.1499938964844,495.4599914550781,4531800
2026-05-04,495.0,507.2900085449219,493.8800048828125,504.739990234375,4419900
2026-05-05,501.0299987792969,503.8800048828125,493.260009765625,497.0799865722656,4216700
2026-05-06,499.1400146484375,500.739990234375,489.7300109863281,491.8900146484375,4363300
2026-05-07,492.70001220703125,503.5199890136719,492.70001220703125,500.94000244140625,4964100
2026-05-08,500.1300048828125,500.4100036621094,491.7300109863281,495.4800109863281,4143400
2026-05-11,495.0,501.6600036621094,492.010009765625,497.80999755859375,3959400
2026-05-12,500.6099853515625,506.30999755859375,499.75,499.80999755859375,3296000
2026-05-13,495.6099853515625,498.6000061035156,490.32000732421875,490.6400146484375,3322800
2026-05-14,491.2799987792969,494.5,488.010009765625,489.94000244140625,2584900
2026-05-15,493.5,502.2799987792969,492.3299865722656,494.20001220703125,3416000
