Date,Open,High,Low,Close,Volume
2006-01-03,18.261987195749825,18.783758258485534,18.15763324858917,18.672447204589844,79973000
2006-01-04,18.623740327248616,18.83940523037051,18.623740327248616,18.76287841796875,57975600
2006-01-05,18.75592121562768,18.87418932192952,18.721137024863772,18.776792526245117,48245500
2006-01-06,18.707219980822824,18.783746781216266,18.428942516117054,18.721134185791016,100963000
2006-01-09,18.735052083527425,18.83244888363891,18.61678397184981,18.68635368347168,55625000
2006-01-10,18.540255323569,18.797662833044242,18.49851403149498,18.783748626708984,64921900
2006-01-11,18.790699767557836,19.055062969386093,18.714172983927746,18.98549461364746,70120700
2006-01-12,18.957674200529954,18.964631304422525,18.762879272333617,18.881147384643555,45994800
2006-01-13,18.804618804193776,18.95767108387276,18.790704598696138,18.915929794311523,41418000
2006-01-17,18.714179921324625,18.915931943164395,18.714179921324625,18.776792526245117,58566600
2006-01-18,18.60286516041404,18.76983163082754,18.5750380788109,18.665477752685547,52376200
2006-01-19,18.693314532159164,18.950720791714836,18.679400321660978,18.79766845703125,60367600
2006-01-20,18.790711868214803,18.790711868214803,18.268940902582177,18.373294830322266,79165900
2006-01-23,18.37329572057391,18.456779662970387,18.29676888395483,18.331554412841797,47925600
2006-01-24,18.324589648440952,18.401116453076238,18.241105740935946,18.282848358154297,63040700
2006-01-25,18.37329392760825,18.484604955319714,18.248068689699817,18.366336822509766,59072100
2006-01-26,18.477642934399555,18.588953932497667,18.303719334004782,18.435901641845703,69509300
2006-01-27,18.943751908377948,19.444652559425446,18.915924831614934,19.333341598510742,134520700
2006-01-30,19.354219291093614,19.604669716474746,19.326392203235628,19.47944450378418,103999200
2006-01-31,19.416832846081707,19.743808774246162,19.389005756864183,19.583799362182617,94841300
2006-02-01,19.451608283695975,19.528135066728467,19.312470246373916,19.507265090942383,68448800
2006-02-02,19.458571359199812,19.47248556528366,19.166379666097658,19.256820678710938,55073400
2006-02-03,19.117679306815145,19.270732904143113,19.02028252810214,19.159421920776367,75022700
2006-02-06,19.13855766663537,19.15942898130737,18.846365895887807,18.902021408081055,60170500
2006-02-07,18.74897103689074,18.888109168420595,18.6515728851944,18.742013931274414,72159500
2006-02-08,18.790703883700363,18.839402274157422,18.58199478997232,18.721134185791016,51795200
2006-02-09,18.75592231877913,18.804622046417485,18.540257404108303,18.54721450805664,52861700
2006-02-10,18.5193806119448,18.707217041778417,18.44285382357429,18.568078994750977,52127000
2006-02-13,18.52633764927599,18.57503736233326,18.324587002907617,18.359371185302734,46707000
2006-02-14,18.373293774763177,18.561131630063226,18.331552471451648,18.540260314941406,58432900
2006-02-15,18.56818005603878,18.798537120474073,18.498374602573602,18.763633728027344,62808900
2006-02-16,18.74269398614275,18.777596048952894,18.54723897269223,18.714771270751953,48868500
2006-02-17,18.617039383927786,18.714766198451777,18.54025326884294,18.637981414794922,41513200
2006-02-21,18.651942909085584,18.651942909085584,18.386683820977122,18.526294708251953,50216100
2006-02-22,18.51931053875806,18.74966752732592,18.47742648161638,18.651939392089844,43043100
2006-02-23,18.65893079755532,18.77061901796717,18.52630186795913,18.61006736755371,47359100
2006-02-24,18.561201386665406,18.665908912482866,18.512337963379153,18.589122772216797,44753800
2006-02-27,18.6728863156722,19.028892906134907,18.617042222938533,18.882301330566406,51301500
2006-02-28,18.812500749960844,19.05681786945951,18.756656646728516,18.756656646728516,65036100
2006-03-01,18.833439293545137,18.98701155836789,18.81249858938079,18.945127487182617,53061200
2006-03-02,18.861357546997475,18.917201630609206,18.777590755865887,18.826454162597656,41850300
2006-03-03,18.71476759501899,18.959085980988927,18.665904184110623,18.798534393310547,45218800
2006-03-06,18.791560910862334,18.952112560013717,18.728736120945946,18.78458023071289,53054100
2006-03-07,18.777592143735422,18.917203028797516,18.71476737860029,18.889280319213867,51613900
2006-03-08,18.840421770944168,19.196428421440473,18.82646041254939,19.021915435791016,57547400
2006-03-09,19.035871138634523,19.14057863262995,18.847396850585938,18.847396850585938,45360700
2006-03-10,18.889278341238636,19.000966505021747,18.763628824125654,18.966064453125,41297200
2006-03-13,18.973048212359842,19.049834336721723,18.805515939466044,18.924184799194336,40342600
2006-03-14,18.875320948279114,19.112657330803327,18.840417560093112,19.007949829101562,39821800
2006-03-15,18.987011377130766,19.161524344452086,18.854381149166645,19.09869956970215,57152000
2006-03-16,19.084731090626367,19.182457889799018,19.000964311744248,19.03586769104004,73793700
2006-03-17,19.091715083679514,19.308110747201134,19.03587099853109,19.196422576904297,120615000
2006-03-20,19.336040969731076,19.538475357777276,19.31509893037656,19.468669891357422,67094100
2006-03-21,19.363964080810547,19.69902875173196,19.322081329802533,19.363964080810547,73199600
2006-03-22,18.903248769192164,19.19643067272363,18.707793723028324,18.952112197875977,145696100
2006-03-23,18.903242634014493,18.91720398951535,18.610060825637202,18.742691040039062,73682900
2006-03-24,18.644961424732127,18.993987296387267,18.582137992747995,18.85437774658203,69157600
2006-03-27,18.85437774658203,19.056812059799434,18.847397069377564,18.85437774658203,59908600
2006-03-28,18.85438165375293,18.99399123248929,18.714770743588257,18.77759552001953,58520500
2006-03-29,18.81250474504476,18.987017771134493,18.791562702599652,18.86136817932129,53150300
2006-03-30,18.868340270641912,19.11963800844053,18.84739823773031,19.007949829101562,54612000
2006-03-31,19.05681854394378,19.22435219099879,18.993993759155273,18.993993759155273,62190500
2006-04-03,19.315099824686737,19.356982573906453,19.15454817648732,19.238313674926758,57605300
2006-04-04,19.266235640288905,19.405845242692674,19.17548813386934,19.294157028198242,45470000
2006-04-05,19.461690943638796,19.50357502607546,19.29415860817809,19.363964080810547,41539300
2006-04-06,19.308119144578683,19.350001893798403,19.10568474715955,19.238313674926758,51885500
2006-04-07,19.27321456118333,19.349999369497766,19.00795407739624,19.021915435791016,47249400
2006-04-10,19.00795113637434,19.154542713981154,18.987010433450664,19.049835205078125,39432000
2006-04-11,19.04984187076198,19.070782581012974,18.84740612881121,18.938152313232422,42953400
2006-04-12,18.917211205154228,18.987016677856445,18.826463691212748,18.987016677856445,32183000
2006-04-13,18.90324189268663,18.987008690978552,18.84739780430138,18.89626121520996,28160000
2006-04-17,18.86834804030293,18.88230806989771,18.658931619237197,18.7357177734375,35796200
2006-04-18,18.805515287222487,19.196423910416556,18.72174848796685,19.00096893310547,56272700
2006-04-19,18.924193191045813,18.980037306774246,18.819484309054857,18.868349075317383,45111100
2006-04-20,18.882309105677933,18.980037306774246,18.637991931509013,18.868349075317383,45648300
2006-04-21,18.882306729143995,19.11964452397559,18.84740466049229,18.952112197875977,58528000
2006-04-24,18.89626208799796,19.021911625525348,18.833437319234267,18.924184799194336,42318400
2006-04-25,18.91022344359615,18.993988914328973,18.861360030430642,18.924184799194336,49222500
2006-04-26,18.903236829938198,19.007944301188815,18.847392756509354,18.917198181152344,39190000
2006-04-27,18.82646041254939,19.28717458814969,18.805519706385642,19.021915435791016,96509600
2006-04-28,16.913792386013597,17.102266664718513,16.753240814418135,16.857948303222656,591052200
2006-05-01,16.976615822394045,17.451291154833985,16.816064263312256,16.95567512512207,174800900
2006-05-02,17.095293759790255,17.45130044871548,16.683442962686286,16.760229110717773,190533500
2006-05-03,16.746262823185223,16.767204856875715,16.159899194133097,16.173860549926758,211527100
2006-05-04,16.29951043410546,16.52288680581795,16.152918858026517,16.362335205078125,171257400
2006-05-05,16.515905376824737,16.718341036627418,16.41817855150104,16.613632202148438,131604300
2006-05-08,16.648534634007966,17.45129388650142,16.411196930637303,16.564767837524414,80693500
2006-05-09,16.57872984959321,16.7532427953784,16.397236226205237,16.48798370361328,75345900
2006-05-10,16.522895472619478,16.606662321664224,16.46705135039928,16.592700958251953,76563300
2006-05-11,16.550814204588445,16.606659649250656,16.15990541195374,16.208768844604492,92916700
2006-05-12,16.152918516236266,16.313471445007043,16.090093746592952,16.173860549926758,83115900
2006-05-15,16.18787558554844,16.27897559446461,16.138821631776654,16.22291374206543,67314800
2006-05-16,16.229927013453903,16.818577326822318,16.054733499632835,16.12481117248535,82095100
2006-05-17,16.040704890184717,16.173852228632178,15.928581237792969,15.928581237792969,98598300
2006-05-18,16.005667983477398,16.215899513757996,15.949606152961275,15.99866008758545,95476400
2006-05-19,15.970630037472851,16.047714219995402,15.781420855916654,15.80945110321045,100071200
2006-05-22,15.753391742990079,16.13181016545902,15.73236938837716,16.033700942993164,87322300
2006-05-23,16.194884748576808,16.384092679808784,15.956621523123104,15.970637321472168,79986300
2006-05-24,16.110783138179265,16.496209377915836,16.103775242552846,16.468177795410156,107356700
2006-05-25,16.517241894164343,16.762513045570202,16.496219530965718,16.63637351989746,83052700
2006-05-26,16.657397823110937,16.734482051998597,16.510234592288512,16.622358322143555,46861600
2006-05-30,16.503223004061336,16.65038620199668,16.215905843438033,16.22291374206543,52497500
2006-05-31,16.299998610936758,16.363068359334488,15.872526168823242,15.872526168823242,120202000
2006-06-01,15.935600160461394,16.0056778258543,15.851508031286142,15.99166202545166,80230800
2006-06-02,16.026697208644677,16.110789315164354,15.886541915618634,15.94961166381836,73935600
2006-06-05,15.921583882966015,15.928591782957342,15.76040619302625,15.767414093017578,63914100
2006-06-06,15.802446499795467,15.809454397233939,15.403005702140984,15.508121490478516,126601300
2006-06-07,15.52213346550262,15.690318952777739,15.424025598746992,15.445049285888672,73827500
2006-06-08,15.43805110407797,15.564189296438181,15.396003703337621,15.494112968444824,104126900
2006-06-09,15.522138605319869,15.55017019745749,15.339937266284968,15.360960960388184,52573800
2006-06-12,15.389001619126633,15.487110921311947,15.206801493541303,15.213808059692383,74309700
2006-06-13,15.227813429855772,15.438046359080033,15.038604194539896,15.073643684387207,113175300
2006-06-14,15.129701206296412,15.374972218630887,15.101669622432134,15.332924842834473,86081500
2006-06-15,15.42403460337775,15.508126727799006,15.276871380710226,15.466080665588379,121577300
2006-06-16,15.396001158618743,15.613242016676518,15.269862987107203,15.487102508544922,147506500
2006-06-19,15.515133937596257,15.837490631195413,15.50111947522946,15.802451133728027,129640900
2006-06-20,15.795436647873295,15.949606349537888,15.767405063960013,15.80945110321045,90598500
2006-06-21,15.84449171312663,16.222908766608132,15.788429877921237,16.17385482788086,91660300
2006-06-22,16.15984041714948,16.236925948382712,15.963624645457168,16.033700942993164,76590600
2006-06-23,16.012685246233016,16.026701046215667,15.767414093017578,15.767414093017578,60532600
2006-06-26,15.87253039526981,16.040715990240606,15.858514594867168,15.99166202545166,53644100
2006-06-27,16.040713828435642,16.229923098510692,16.005675668771424,16.019691467285156,84759100
2006-06-28,16.089766044222962,16.292991090804126,16.054727888353092,16.229921340942383,71906500
2006-06-29,16.3420468125663,16.559286343037876,16.27196915662124,16.447162628173828,121395500
2006-06-30,16.496220381245116,16.573304611313713,16.328033447265625,16.328033447265625,73048800
2006-07-03,16.489205818604347,16.62235186066268,16.43314397546932,16.60833740234375,25711400
2006-07-05,16.454171463929903,16.48220306255141,16.32803194337351,16.36307144165039,53093500
2006-07-06,16.43314786628512,16.545271579102288,16.412124168899364,16.45417022705078,44775200
2006-07-07,16.391103213352856,16.503226944925643,16.328033447265625,16.328033447265625,63168800
2006-07-10,16.41912386264464,16.580301452194032,16.384084384512537,16.468177795410156,50565100
2006-07-11,16.377085002655456,16.377085002655456,15.935596741047613,16.187875747680664,88676300
2006-07-12,15.970639550311438,16.033707978443772,15.851507920958749,15.865522384643555,77379300
2006-07-13,15.676314423990632,15.844500017758499,15.592220958796558,15.599228858947754,73099500
2006-07-14,15.613241849339992,15.802449772889474,15.578202354890056,15.62024974822998,67499400
2006-07-17,15.620249017743403,15.844496425255809,15.59922532205662,15.753395080566406,37053500
2006-07-18,15.830489187106995,15.949620853835665,15.75340359786471,15.9356050491333,65047300
2006-07-19,15.991666196728145,16.440161233636008,15.921588513056133,16.398115158081055,82188200
2006-07-20,16.42613274958861,16.43314064563796,15.963622303287746,16.012676239013672,76605200
2006-07-21,16.874632247367302,16.92368619717333,16.117796632854578,16.72747039794922,175483800
2006-07-24,16.825577080903713,16.89565471982496,16.6714073445728,16.81856918334961,59586700
2006-07-25,16.818568535598004,17.021793546980618,16.74849089937573,16.97273826599121,60075800
2006-07-26,16.902670185798605,17.18998743106844,16.888654384414618,17.077863693237305,54942100
2006-07-27,17.225019130690228,17.239034926811918,16.657392753960657,16.72747039794922,85386800
2006-07-28,16.874637064216003,17.01479239220033,16.860621264093517,16.9937686920166,51705800
2006-07-31,16.867622673976133,17.11289373526528,16.825576626407056,16.860614776611328,40254400
2006-08-01,16.832592916443947,16.958732458663658,16.71346127508315,16.811569213867188,49168700
2006-08-02,16.902668496413867,17.098884349696817,16.839598733109987,17.028806686401367,46462000
2006-08-03,16.95172573778448,17.154949530357516,16.92369413239757,16.965740203857422,43155300
2006-08-04,17.098879477529483,17.16194922286222,16.92368603752074,17.02179527282715,45690400
2006-08-07,17.014785649696417,17.154939585521227,16.951715910758345,16.97273826599121,36862400
2006-08-08,17.091873331505866,17.18297467815572,16.958727265817636,17.056835174560547,58171300
2006-08-09,17.161943583123787,17.267059345262034,17.056827820985536,17.12690544128418,44405700
2006-08-10,17.07786365030127,17.239041355950757,17.056839948278142,17.140932083129883,31753400
2006-08-11,17.119909286499023,17.133925087494735,16.95873158490939,17.119909286499023,30255500
2006-08-14,17.18297928202648,17.239041150131772,17.06384764522519,17.189987182617188,47831900
2006-08-15,17.26734960694952,17.337685313724588,17.189981536884762,17.316585540771484,48994500
2006-08-16,17.309556030203332,17.393957825551123,17.21108548024111,17.37285804748535,52373600
2006-08-17,17.37285804748535,17.408025238623203,17.309556030203332,17.37285804748535,45674800
2006-08-18,17.61903506830752,18.14655110438311,17.569800452920628,18.13951873779297,128414800
2006-08-21,18.048076409776343,18.378652542683835,17.977740691284342,18.371620178222656,88398300
2006-08-22,18.29425494121232,18.463059899306586,18.019947052001953,18.019947052001953,89312400
2006-08-23,18.04104161289161,18.252048755608723,17.949606123460377,18.05510902404785,44648500
2006-08-24,18.16061171674532,18.18874653873573,17.93553850699061,18.10434341430664,35933300
2006-08-25,18.083240670337382,18.28721408678399,18.06917460215026,18.181711196899414,33115900
2006-08-28,18.1746752752031,18.287211856225756,18.069172398187092,18.252044677734375,34190900
2006-08-29,18.230947103921945,18.273147994610195,18.026973672768165,18.174678802490234,42711200
2006-08-30,18.181715850829768,18.209849335947304,18.03401069395,18.146547317504883,30283100
2006-08-31,18.19577841296513,18.273146482567952,18.062140705044595,18.076208114624023,26380500
2006-09-01,18.209845987806755,18.266114289238466,18.034007378139894,18.174678802490234,31594600
2006-09-05,18.06917532783263,18.25908000063489,17.977738502462948,18.012907028198242,44222400
2006-09-06,17.94257131826974,18.090275101731724,17.94257131826974,18.012907028198242,50160400
2006-09-07,17.92147395424991,18.07621281679183,17.85817193621774,17.886306762695312,51266900
2006-09-08,17.9566438399842,18.139516201236724,17.907407889939602,18.005878448486328,36866800
2006-09-11,17.886307131998887,18.25205183450477,17.879273425234267,18.22391700744629,55608200
2006-09-12,18.216880679007545,18.273148983484283,18.09027665854933,18.23798179626465,52248800
2006-09-13,18.16061666948551,18.35755645250112,18.16061666948551,18.27315330505371,37706700
2006-09-14,18.28018271919541,18.63889366390083,18.273149013431514,18.519323348999023,74324500
2006-09-15,18.69515530077023,18.948363251794035,18.63185331301428,18.885061264038086,126057700
2006-09-18,18.807696465364586,19.018703589957163,18.758461872088933,18.842864990234375,49135000
2006-09-19,18.807705757391147,18.94837724328554,18.793638340493168,18.892108917236328,43039100
2006-09-20,18.997611420180466,19.152348977840536,18.983544003608817,19.1171817779541,71676400
2006-09-21,19.15937916648944,19.166412873483154,18.88507130144693,18.920238494873047,58495100
2006-09-22,18.871012344962985,18.88507976525506,18.62483785602379,18.751441955566406,47712500
2006-09-25,18.856928047202622,19.12420342736113,18.8428619810431,18.955398559570312,67903900
2006-09-26,18.927269305102463,19.215644539997392,18.9061681873508,19.131242752075195,54766500
2006-09-27,19.117170820097122,19.321142877299618,19.074969936114176,19.3000431060791,66233900
2006-09-28,19.32115004228609,19.35631857659858,19.173446222800866,19.271915435791016,44179700
2006-09-29,19.23674964904785,19.285984259141518,19.138279087318015,19.23674964904785,34283500
2006-10-02,19.215645311310183,19.33521563361802,19.096074989002346,19.2437801361084,52908100
2006-10-03,19.250812530517578,19.32818061035607,19.13827458053558,19.250812530517578,39386200
2006-10-04,19.264881845860643,19.665793748659564,19.25081577359268,19.6517276763916,82191200
2006-10-05,19.63766098022461,19.77129873322208,19.5391917630383,19.63766098022461,81967200
2006-10-06,19.52512765050446,19.693932626316332,19.44775820017884,19.602497100830078,36452200
2006-10-09,19.55325278302651,19.64468961096469,19.42665011144938,19.496984481811523,33366300
2006-10-10,19.47588348388672,19.51808437176146,19.300044885942924,19.47588348388672,34598500
2006-10-11,19.31411076294617,19.461815881358152,19.28597728515562,19.370380401611328,37219600
2006-10-12,19.39851501929305,19.897897359454692,19.370381539849323,19.848661422729492,120174900
2006-10-13,19.933069106481728,20.179243480284402,19.91196798591267,19.95417022705078,129751900
2006-10-16,20.031531061054093,20.115934171204835,19.926028179522113,20.01043128967285,49744800
2006-10-17,19.862733164787706,20.0526392232295,19.81349855886777,20.00340461730957,40122600
2006-10-18,20.045598271455297,20.186269673134905,19.876793394364913,20.05966567993164,40630800
2006-10-19,19.94010625661444,20.01044199578119,19.778334995610763,19.897905349731445,44730800
2006-10-20,20.031529864052466,20.038563567939885,19.81349040970992,19.996362686157227,48887800
2006-10-23,19.904927066598948,20.179236168432407,19.82052529799013,20.01043128967285,48525000
2006-10-24,19.99636631294196,19.99636631294196,19.78535918267416,19.8908634185791,61409600
2006-10-25,19.890860830604584,20.01746348244265,19.79239031267465,19.91196060180664,40717100
2006-10-26,19.92604183467396,19.982310166154033,19.722069636137256,19.940109252929688,69964200
2006-10-27,20.03856447975973,20.249571581358214,19.86975960340609,19.933061599731445,89060100
2006-10-30,19.94009598471634,20.284739453397616,19.918994871373506,20.066699981689453,47296800
2006-10-31,20.158140686766135,20.29177842286124,20.087804965582276,20.193307876586914,61861700
2006-11-01,20.24254539320428,20.390249211777906,20.186277080193985,20.26364517211914,75895900
2006-11-02,20.19330953867584,20.298813799906718,20.10187403269048,20.235511779785156,58674400
2006-11-03,20.291777703490794,20.348046010134635,20.12297278355927,20.207374572753906,41124500
2006-11-06,20.23550014783515,20.43243846030315,20.228466445026772,20.28473472595215,60446200
2006-11-07,20.298806234063402,20.4465099982661,20.25660400868385,20.36210823059082,56511200
2006-11-08,20.24254105426203,20.559049744023632,20.158137932067,20.383211135864258,77403300
2006-11-09,20.474653401683906,20.67862554372432,20.397283964250057,20.580156326293945,89407500
2006-11-10,20.51684550577995,20.60124861420217,20.502778097452598,20.56608009338379,37855100
2006-11-13,20.530915095183612,20.720819761609572,20.509813980450932,20.643451690673828,47271800
2006-11-14,20.664624161387195,20.763429991375716,20.516414070275932,20.629335403442383,63012500
2006-11-15,20.55876462874779,20.72109026563475,20.54465046799448,20.551708221435547,63943200
2006-11-16,20.565817079787067,20.91869658408611,20.55875932816567,20.798717498779297,64328500
2006-11-17,20.685800644319933,20.848126274504526,20.66462873099973,20.749319076538086,49356700
2006-11-20,20.83401032679243,21.172774394025947,20.819894820792182,21.09514045715332,85703800
2006-11-21,21.10925427454199,21.17277270033328,21.024563937572694,21.11631202697754,66446600
2006-11-22,21.15159944302664,21.17277270033328,21.0457358487507,21.11631202697754,43907200
2006-11-24,20.932815085674545,21.059851940799085,20.91869958040989,21.00339126586914,20456700
2006-11-27,20.953986697447625,20.989274111708443,20.69991300715831,20.805776596069336,72722100
2006-11-28,20.706972561915226,20.763433237324953,20.558762447634265,20.742259979248047,52602300
2006-11-29,20.77755273192729,21.017510985021946,20.770494977879924,20.869300842285156,58775100
2006-11-30,20.763439313887456,20.869302942996324,20.699920867196322,20.721094131469727,53297400
2006-12-01,20.629340817029664,20.678743744988328,20.39644033798966,20.551708221435547,72257000
2006-12-04,20.62933685019164,20.83400762223982,20.586991683816645,20.699913024902344,55123400
2006-12-05,20.721089132034844,20.74931879812592,20.48818866573625,20.55876350402832,45606000
2006-12-06,20.53759105826476,20.558762970751697,20.375266780597542,20.459957122802734,48564100
2006-12-07,20.438781414256255,20.51641534041255,20.33291782612493,20.361148834228516,46831100
2006-12-08,20.339978816759324,20.749319076538086,20.325863310460008,20.749319076538086,108854900
2006-12-11,20.601111376467454,20.99633615062191,20.54465069444539,20.848127365112305,107712000
2006-12-12,20.86223873758685,20.911641659486886,20.622280534533534,20.770490646362305,68529400
2006-12-13,20.890473323972174,20.890473323972174,20.692860256415468,20.85518455505371,46002500
2006-12-14,20.848124142368277,21.229233350572393,20.834008637512554,21.22217559814453,85866500
2006-12-15,21.27157883682076,21.335097263491885,21.193946251211667,21.306867599487305,102783700
2006-12-18,21.306869008770825,21.356271933642955,21.01750786640944,21.09514045715332,56986800
2006-12-19,20.968105019574036,21.292754948986452,20.841069495329698,21.16571807861328,53822100
2006-12-20,21.165719506645452,21.34215931715046,21.15160399873411,21.236295700073242,31202100
2006-12-21,21.264520667642707,21.27157842003773,21.095138648548026,21.15865707397461,32270500
2006-12-22,21.052797709408857,21.07397097084723,20.90458891772695,20.918703079223633,37971700
2006-12-26,20.841069495329698,21.17277583209277,20.74932004622515,21.16571807861328,37098300
2006-12-27,21.16571067336102,21.26451649524701,21.10925001140783,21.1868839263916,31248400
2006-12-28,21.07396673749158,21.193945835949727,21.038677975516464,21.15865707397461,26690600
2006-12-29,21.073976516723633,21.278646046640276,21.052803249713254,21.073976516723633,41739800
2007-01-03,21.10926394894501,21.349222257212283,20.749326486544103,21.073976516723633,76935100
2007-01-04,20.961038933360758,21.15159280480249,20.77754146601135,21.038671493530273,45774500
2007-01-05,20.91164532541084,20.99633702503543,20.784609795167306,20.918703079223633,44607200
2007-01-08,20.925761860886862,21.24335406741773,20.841071503231277,21.123374938964844,50220200
2007-01-09,21.172773705173807,21.29981056278544,20.982218418756354,21.144542694091797,44636600
2007-01-10,21.03161756584985,21.095135983251105,20.770487490869993,20.932811737060547,55017400
2007-01-11,21.003396872272464,21.70209841583206,20.925762918722832,21.666810989379883,99464300
2007-01-12,21.631512559573483,22.15377404545443,21.624454808208117,22.026737213134766,103972500
2007-01-16,22.062035089520826,22.19612972863519,21.89971077940443,21.991458892822266,62379600
2007-01-17,22.06203138845063,22.18906825197086,21.885591599367817,21.94911003112793,58519600
2007-01-18,21.98439984009606,22.13966773288825,21.737383839304865,21.878536224365234,56364300
2007-01-19,21.687976110659346,21.956165313720703,21.659746447569454,21.956165313720703,75826900
2007-01-22,21.920879783783025,21.963226303853524,21.532712772705107,21.68092155456543,56143900
2007-01-23,21.617401997813324,21.85030246158934,21.539769407307144,21.695035934448242,49171200
2007-01-24,21.72326598569423,22.090259701446236,21.63151654715972,21.94205093383789,58527800
2007-01-25,21.93498779988347,22.21729110663886,21.490360260009766,21.490360260009766,97378700
2007-01-26,22.033801404080133,22.04085915750819,21.59623146057129,21.59623146057129,96103700
2007-01-29,21.631525319764087,21.72327479550734,21.41274028289277,21.54683494567871,57605900
2007-01-30,21.575057893047656,21.6244608202117,21.27158123060705,21.511539459228516,61900400
2007-01-31,21.462143295998573,21.94911766004219,21.419798108816718,21.779735565185547,73968400
2007-02-01,21.765608079758604,21.83618425032045,21.43390182808496,21.567995071411133,55355800
2007-02-02,21.751495240056542,21.765610745123162,21.26452108428745,21.306867599487305,60401700
2007-02-05,21.151596198063007,21.186884954826933,20.756371545206033,20.897523880004883,99102100
2007-02-06,20.883410744335592,20.9963320865224,20.622279299198233,20.826950073242188,79281100
2007-02-07,20.9187053101631,20.96105183755602,20.643459612754334,20.728151321411133,65145500
2007-02-08,20.6364010014648,21.03162581782092,20.608171330503854,20.650516510009766,48749000
2007-02-09,20.714031411793414,20.74931883099535,20.417612513659392,20.452899932861328,69823100
2007-02-12,20.38938240619903,20.530534781528093,20.347037232051836,20.424671173095703,52774400
2007-02-13,20.566317329398576,20.679630260899664,20.509659512851332,20.54507064819336,50348100
2007-02-14,20.658379039928313,21.02664666177684,20.644214588904198,20.821266174316406,55588600
2007-02-15,20.94874344214218,20.99831766971767,20.693788727986636,20.863758087158203,63858100
2007-02-16,20.474242620435042,20.495489294264228,20.290108832970777,20.35384750366211,109340300
2007-02-20,20.27594358788239,20.43883204592002,20.16263070016693,20.417585372924805,53978200
2007-02-21,20.36093404323527,20.81418570794284,20.353851817124653,20.785858154296875,68604900
2007-02-22,20.75752583273253,20.920414304868917,20.65129516015404,20.81418228149414,57754400
2007-02-23,20.693788900050592,20.7362822532941,20.460080860396914,20.4671630859375,63787100
2007-02-26,20.509659414453147,20.60172701510401,20.410510937564545,20.587562561035156,63481900
2007-02-27,20.33260106062129,20.516734850175595,19.681052598685465,19.737709045410156,87143300
2007-02-28,19.79436373267432,20.006825051307814,19.773117060492524,19.95016860961914,86333300
2007-03-01,19.702298612234983,20.063483979307705,19.638559938587072,19.89351463317871,80175700
2007-03-02,19.843941006748462,19.943089457275867,19.659807205200195,19.659807205200195,63254700
2007-03-05,19.46859160186896,19.766038310715846,19.411935150221765,19.511083602905273,56454300
2007-03-06,19.68813252312126,19.787282313205164,19.581901859484958,19.709379196166992,49361800
2007-03-07,19.659804268207395,19.75895270392294,19.511080263837954,19.553573608398438,52044700
2007-03-08,19.63147634612947,19.723543913116973,18.838286119447417,19.348194122314453,72175200
2007-03-09,19.419012462630775,19.46150445291686,19.1428124995772,19.326946258544922,80125000
2007-03-12,19.24904606846789,19.461507402899297,19.213634945531844,19.43317985534668,36516400
2007-03-13,19.298619046004436,19.404849706373675,18.91618704771982,18.923269271850586,75169500
2007-03-14,18.994096056669633,19.404855728149414,18.930357370509274,19.404855728149414,75730300
2007-03-15,19.34818990653377,19.45442054846826,19.263205933304533,19.319862365722656,51757100
2007-03-16,19.369434830269636,19.46150101810649,19.263204197905335,19.355270385742188,65055300
2007-03-19,19.362358307863776,19.709379196166992,19.263209868576048,19.709379196166992,49412000
2007-03-20,19.780205589753336,19.943092742681177,19.65981044393786,19.716466903686523,47902400
2007-03-21,19.75895532673853,20.198043823242188,19.518165078784314,20.198043823242188,72808200
2007-03-22,20.198047701192156,20.21929302957541,19.83686225991457,20.02099609375,47934900
2007-03-23,19.985577341636816,20.020988460101552,19.68813070051327,19.843936920166016,50519800
2007-03-26,19.787277888060864,19.98557472229004,19.61730859409477,19.98557472229004,47491500
2007-03-27,19.85810256809556,19.943086555956633,19.58190123055675,19.6314754486084,58979800
2007-03-28,19.53232566646843,19.829772305076418,19.404848342665574,19.574817657470703,46947000
2007-03-29,19.716473463743657,19.723555692418206,19.46860086332248,19.652734756469727,42629900
2007-03-30,19.652723699925,19.794365492134848,19.47567213506081,19.737709045410156,47061000
2007-04-02,19.75187007719917,19.78019897299536,19.518162090065015,19.645639419555664,41977600
2007-04-03,19.73062682072004,19.872267262133647,19.652723699925,19.737709045410156,39821300
2007-04-04,19.83685329852622,20.382172327288888,19.75895019418985,20.183874130249023,63244200
2007-04-05,20.05639508325693,20.290103025298432,20.042230638091787,20.219282150268555,30131200
2007-04-09,20.240541699746178,20.33969017741177,20.105982086630945,20.23345947265625,31384600
2007-04-10,20.183886644657385,20.28303512925336,19.985588324668644,20.113065719604492,38643100
2007-04-11,20.04223874256723,20.233454777231124,19.822695156914083,19.90768051147461,44050200
2007-04-12,19.872269629890255,20.268866155013324,19.85810652961875,20.212209701538086,43762100
2007-04-13,20.13429866251491,20.325514624431023,19.900590714882732,20.261775970458984,36002900
2007-04-16,20.254697400054248,20.36092805889797,19.97849606610523,20.346763610839844,30740100
2007-04-17,20.2759431138091,20.46007688974052,20.226368895442203,20.43174934387207,33170200
2007-04-18,20.261781931866967,20.304273930085003,20.08473036336284,20.25469970703125,41778400
2007-04-19,20.070563235950512,20.460076094373704,20.01390679561994,20.318435668945312,43648800
2007-04-20,20.523821821006827,20.60880718614488,20.32552488701229,20.55215072631836,60311500
2007-04-23,20.509653349438313,20.53090002425863,20.3042742293604,20.382177352905273,41739100
2007-04-24,20.38925552368164,20.509649271335693,20.2476137546359,20.38925552368164,34236700
2007-04-25,20.438830930805686,20.537979364448272,20.318435825327075,20.53089714050293,39475000
2007-04-26,20.601728197363837,20.78586205843566,20.474250805022056,20.608810424804688,68760300
2007-04-27,21.366588447005196,21.770265903532525,21.246193297620152,21.331178665161133,128298800
2007-04-30,21.338251591408145,21.50822226316818,21.203693389892578,21.203693389892578,67788800
2007-05-01,21.203688692355616,21.543627258972368,21.175359803072993,21.529462814331055,73539300
2007-05-02,21.52239537890595,21.73485814211015,21.458656685024362,21.67820167541504,80686700
2007-05-03,21.671113754695615,21.954396013745967,21.62153952821135,21.933149337768555,82036800
2007-05-04,21.72777138371878,21.74193583513782,21.45157133502968,21.642786026000977,104385900
2007-05-07,21.61445378649786,21.784423114276297,21.586124889803386,21.749011993408203,59889100
2007-05-08,21.72776762206378,21.911901406243533,21.656946728026,21.777341842651367,60551700
2007-05-09,21.741929453473634,21.90481654459287,21.64986189706987,21.798585891723633,51735000
2007-05-10,21.727765160918107,21.904816700559493,21.621534507292488,21.656944274902344,55398600
2007-05-11,21.64985631531622,21.940220655335388,21.63569187170658,21.876482009887695,43425300
2007-05-14,21.841083110125826,21.947313788420164,21.819836434148414,21.933149337768555,70188500
2007-05-15,21.954463958740234,22.089459425685416,21.911834310557786,21.954463958740234,75013900
2007-05-16,22.02551009759093,22.089455235320266,21.89051465625436,22.075244903564453,45833600
2007-05-17,22.046826872096474,22.124980990936198,21.99709070807059,22.011301040649414,41045600
2007-05-18,22.00419756112396,22.018407894792098,21.72710283045532,21.904727935791016,58453000
2007-05-21,21.833677150512667,22.139192541911424,21.833677150512667,22.061037063598633,41836400
2007-05-22,21.954464152128736,21.97577965399376,21.78394420272482,21.805259704589844,39999500
2007-05-23,21.91183254714985,21.91183254714985,21.719997113009136,21.727102279663086,46322500
2007-05-24,21.698680546490564,21.883409438188284,21.28658905758571,21.435794830322266,64046400
2007-05-25,21.51395426519451,21.78394384181795,21.44290394866032,21.65605354309082,47726500
2007-05-29,21.663157503433908,21.90472775308934,21.592107190857842,21.87630844116211,42373100
2007-05-30,21.705783261102244,22.11787337402595,21.677363954265306,22.10366439819336,57376800
2007-05-31,22.110775122128064,22.139194436109335,21.748419721455203,21.805259704589844,85290500
2007-06-01,21.876313533596967,21.954467675968804,21.705792201651136,21.73421287536621,39469400
2007-06-04,21.61341905680135,21.854989265835805,21.59920872564126,21.826568603515625,41434500
2007-06-05,21.755522946278884,21.76262675776086,21.54947717883027,21.727102279663086,44265000
2007-06-06,21.57789901740164,21.691578979695162,21.49263836809548,21.521059036254883,38217500
2007-06-07,21.32922092736196,21.521056347958726,21.02370555867197,21.045021057128906,71971400
2007-06-08,21.01659977083752,21.35763960502905,20.895814660164874,21.350534439086914,61346200
2007-06-11,21.27237984702464,21.492634565604213,21.26527468124184,21.329219818115234,48467400
2007-06-12,21.286585344390353,21.48552588827897,21.151591282095676,21.208431243896484,56981800
2007-06-13,21.29369753610225,21.60631810675977,21.208438242850583,21.59210777282715,64435600
2007-06-14,21.56368222252943,21.819461383468667,21.52815639797423,21.684467315673828,59065700
2007-06-15,21.9260403168219,21.940249293296485,21.6205249622834,21.66315460205078,100933000
2007-06-18,21.80526037619614,21.82657452354555,21.613424919018627,21.677370071411133,45412600
2007-06-19,21.656056039104097,21.783946352571487,21.585005714380852,21.641845703125,46802600
2007-06-20,21.62762836676691,21.67736316830712,21.286587210886577,21.322113037109375,46861600
2007-06-21,21.300804960904212,21.528164907237656,21.25107014204029,21.471324920654297,56564800
2007-06-22,21.31500726364157,21.38605755888804,20.92423267254347,20.952651977539062,86219900
2007-06-25,20.938441647455434,21.15159253319485,20.874496517250776,20.952651977539062,53905800
2007-06-26,20.995286465436937,21.172911567023277,20.959761987188458,20.97397232055664,48340300
2007-06-27,20.86030448430302,21.279500076023453,20.86030448430302,21.222660064697266,53468600
2007-06-28,21.215538900298835,21.29369300997196,21.087648632433314,21.194223403930664,46055200
2007-06-29,21.222649218832768,21.26527886674828,20.632933894508604,20.938447952270508,71193900
2007-07-02,21.080544735003354,21.172909181144455,20.952654459445046,21.130279541015625,47316000
2007-07-03,21.165805070626252,21.471319068255813,21.158699904843452,21.329219818115234,35202600
2007-07-05,21.35053674958644,21.471321873330137,21.19422714745953,21.307907104492188,47838500
2007-07-06,21.251073421500557,21.343439260935003,21.073448266619963,21.293703079223633,57541000
2007-07-09,21.215554893884896,21.279500076023453,21.180029039823047,21.222660064697266,33831400
2007-07-10,21.101859709506158,21.307904094330524,20.732399223757607,20.838973999023438,66013500
2007-07-11,20.775026917008717,21.06633190786475,20.753711421883274,20.952651977539062,48017000
2007-07-12,21.002394489295508,21.39317057904999,20.91713518783166,21.364749908447266,54302400
2007-07-13,21.27238682184515,21.329226811572518,21.073446180213228,21.18712615966797,42173000
2007-07-16,21.144493064178018,21.485532947026368,21.116072396354642,21.336328506469727,48023200
2007-07-17,21.32922680243728,21.940256352951742,21.322121634327868,21.86920738220215,77539600
2007-07-18,21.677364869330297,22.00419436519612,21.670259703528195,21.968669891357422,64414400
2007-07-19,22.061036096760454,22.622332043367777,21.975776810675747,22.387866973876953,121159300
2007-07-20,22.132089321220228,22.167615157746045,21.876310074094825,22.13919448852539,98292600
2007-07-23,22.2812942385391,22.39497420055842,22.110774295510122,22.16050910949707,48910600
2007-07-24,22.032617193634245,22.366551888119215,21.81946626413946,21.883411407470703,59729300
2007-07-25,22.018408152724028,22.238662906472275,21.577898645227535,21.819467544555664,54950100
2007-07-26,21.485536350127582,21.691582158966643,20.966871276747685,21.300806045532227,87025300
2007-07-27,21.26527599322679,21.31501080160303,20.860291004823836,20.88160514831543,69214600
2007-07-30,20.89582091208652,20.952660901458007,20.56899131199354,20.888715744018555,67499600
2007-07-31,21.108960322164126,21.116065486795033,20.5902955006523,20.597400665283203,66554000
2007-08-01,20.568985343689505,20.995284462694425,20.47661954077908,20.817659378051758,80006300
2007-08-02,20.739507240669546,21.165807755511167,20.618722117383957,20.97397232055664,47938300
2007-08-03,20.924242048242107,21.15870717899403,20.533465926874047,20.576095581054688,61535500
2007-08-06,20.640031934511743,20.988178253173828,20.426882399369607,20.988178253173828,59530500
2007-08-07,20.838975443301308,21.165806312629414,20.640034855224553,20.995285034179688,49163000
2007-08-08,21.116069488944778,21.322115236778334,20.75371415512054,21.31501007080078,52898600
2007-08-09,21.05922960157953,21.3860604620114,20.54766984567052,20.817659378051758,72964500
2007-08-10,20.53346732742285,20.640042147729854,20.078747371354385,20.39847183227539,76576200
2007-08-13,20.561879378393165,20.597403851872038,20.206629222917268,20.341623306274414,55492300
2007-08-14,20.512751218962496,20.598309376665938,20.106346570065156,20.1562557220459,42944100
2007-08-15,20.13485241878587,20.669595316678304,19.99938383720843,20.0350341796875,48117700
2007-08-16,19.878180999471304,20.21328751368729,19.614375190324566,19.828271865844727,81447400
2007-08-17,20.027912239233995,20.141990661621094,19.835404391484996,20.141990661621094,76747700
2007-08-20,20.09208492465398,20.313111735472283,20.02078555860612,20.149124145507812,49952000
2007-08-21,20.03504301643558,20.191900512763237,19.87105544846729,20.013652801513672,50786200
2007-08-22,20.156252013137888,20.191901012300896,19.970874225661532,20.120601654052734,44763500
2007-08-23,20.163378319170835,20.19902731167591,20.03503977027754,20.177637100219727,33886600
2007-08-24,20.113470716517114,20.56265570220132,20.013652435219328,20.5412654876709,45158900
2007-08-27,20.398669856975317,20.512748290910938,20.24894106248344,20.3131103515625,32789500
2007-08-28,20.177641389947404,20.313110038126467,19.89957538151023,19.913835525512695,43924400
2007-08-29,20.056426815577908,20.398663368446318,19.83540009012342,20.384403228759766,45753700
2007-08-30,20.26319002618151,20.626815343686303,20.191890704331684,20.28458023071289,33690700
2007-08-31,20.462833561535064,20.619691025407963,20.220416615599415,20.484222412109375,42511900
2007-09-04,20.32023871054491,20.748033481698695,20.30597856752463,20.5412654876709,45689600
2007-09-05,20.42719302829259,20.48423225710763,20.26320541543965,20.305984497070312,47669800
2007-09-06,20.363011380127634,20.683857697639983,20.355881310858287,20.612558364868164,45430800
2007-09-07,20.405794829655513,20.555522226808144,20.191896799537933,20.277456283569336,52160900
2007-09-10,20.441453175476973,20.498492404292016,20.25607534184746,20.305984497070312,37247600
2007-09-11,20.412931038646928,20.641089293236135,20.37728203382612,20.626829147338867,34380800
2007-09-12,20.54126963187762,20.797946818339,20.534139558928985,20.626829147338867,42364700
2007-09-13,20.762288804501566,20.86210706262533,20.648209046746416,20.790807723999023,35288600
2007-09-14,20.6624712702823,20.75516082782084,20.5911719244654,20.705251693725586,33496600
2007-09-17,20.527002833101665,20.591170744746435,20.40579436013384,20.484222412109375,39536500
2007-09-18,20.46284154928737,20.65534807921104,20.15625521210791,20.626829147338867,77462400
2007-09-19,20.584039246424577,20.612558163301426,20.177633461575894,20.44144058227539,94242200
2007-09-20,20.305976008938952,20.37727535513443,20.20615774021843,20.26319694519043,67168900
2007-09-21,20.455712981881916,20.541271143717893,20.27746522481409,20.42719268798828,135636100
2007-09-24,20.54126632631359,21.111659831113574,20.534136254512347,20.733774185180664,104459800
2007-09-25,20.776551650122922,21.076007843017578,20.755162796294616,21.076007843017578,75621000
2007-09-26,21.161572234933974,21.282780754389794,21.018973496778063,21.033233642578125,60337000
2007-09-27,21.175825103595326,21.19008388457296,20.99044735166723,21.02609634399414,43407100
2007-09-28,21.02609373041896,21.168692401845156,20.840716001533593,21.004703521728516,45819100
2007-10-01,21.00470282660793,21.239991034651137,20.96905383989199,21.225730895996094,43875100
2007-10-02,21.175823211669922,21.282771539017393,21.08313366402615,21.175823211669922,33700900
2007-10-03,21.182969454907326,21.28278915498555,20.883514434441327,20.99759292602539,37633900
2007-10-04,21.076000753230954,21.225729479271838,20.990442646854664,21.18294906616211,37868000
2007-10-05,21.311300938435423,21.382600311703317,21.197222485175768,21.275651931762695,45012300
2007-10-08,21.14731333186497,21.282782005081728,21.104534251873208,21.275651931762695,30265400
2007-10-09,21.411112289412568,21.667788029598828,21.38972207776292,21.461021423339844,63603100
2007-10-10,21.41824366854137,21.653530571375082,21.41111359755586,21.5537109375,32251500
2007-10-11,21.603615995671063,21.838902854082153,21.239991963517163,21.325550079345703,50788400
2007-10-12,21.41111274503599,21.674918561385855,21.35407353934505,21.51093101501465,31121100
2007-10-15,21.461018651357755,21.62500617305813,21.389719314990106,21.41823959350586,47150500
2007-10-16,21.560838758196166,21.803255706714502,21.55370868795482,21.617877960205078,56286200
2007-10-17,21.924468779163703,22.266704062993725,21.85316942171858,22.15975570678711,86092400
2007-10-18,22.259572127218593,22.266702198358242,21.8389074494336,22.216793060302734,49208600
2007-10-19,22.166882560421413,22.166882560421413,21.468151950726927,21.51093101501465,75200200
2007-10-22,21.475281446541246,21.888816016710834,21.475281446541246,21.753347396850586,58785100
2007-10-23,21.89594540791128,22.188272868250674,21.89594540791128,22.031414031982422,49956200
2007-10-24,21.995765948864282,22.316610985572215,21.74621890258789,22.280961990356445,77979200
2007-10-25,22.509114732692968,22.97255974580244,22.45207553476097,22.808570861816406,169588700
2007-10-26,25.674799200288916,25.689059343608307,24.640964648153208,24.9760684967041,288121200
2007-10-29,24.847732673446412,25.16145042146425,24.56253793506465,24.648096084594727,114655600
2007-10-30,24.50549074562131,25.37534031072712,24.491230604571925,25.361080169677734,107297300
2007-10-31,25.325429134712753,26.38065500867867,25.318297704841246,26.245187759399414,185635800
2007-11-01,26.045553946775495,26.730027205328184,25.92434681214434,26.42344093322754,152078800
2007-11-02,26.53751935634563,26.73715591684125,25.96712452091103,26.42344093322754,96389800
2007-11-05,26.209544985148987,26.451962006397594,26.116858123969013,26.188156127929688,75485400
2007-11-06,26.088326165984014,26.138235290402655,25.574972063571387,25.95998764038086,100966700
2007-11-07,25.696183470408197,25.781741586158287,25.275518881525365,25.325428009033203,74897800
2007-11-08,25.38246437252813,25.596363729249394,24.5268778250163,24.76929473876953,133742400
2007-11-09,24.370027410170493,24.62670455070923,23.992143130957484,24.04918098449707,125136900
2007-11-12,23.75684308052795,24.03490893845828,23.54294647595407,23.799623489379883,84865200
2007-11-13,23.992782667438362,24.80112428270374,23.87832704844627,24.650901794433594,104311500
2007-11-14,24.76534819471477,24.858344203290418,24.142996168663355,24.271759033203125,84063100
2007-11-15,24.1501522064209,24.39337068519572,23.999929750693198,24.1501522064209,64014100
2007-11-16,24.221677907486175,24.507815401559682,24.11437464168648,24.386207580566406,71113800
2007-11-19,24.293214797973633,24.49351407192148,24.228833375782497,24.293214797973633,63026200
2007-11-20,24.486366624775364,25.015725451658458,24.393370602045238,24.736740112304688,100009400
2007-11-21,24.60798070725447,24.844044208991427,24.450603220205167,24.486370086669922,89518700
2007-11-23,24.579359243162685,24.636585667722095,24.114381922749942,24.400522232055664,33467200
2007-11-26,24.38621285713768,24.58650941921188,23.556409305755427,23.585023880004883,80335000
2007-11-27,23.799625022881642,24.035688411506232,23.377569651621254,23.649402618408203,84178400
2007-11-28,23.87831808077312,24.243144376535664,23.534951352750674,24.107229232788086,88585000
2007-11-29,24.021393098555333,24.27176386902331,23.828248763264288,24.028545379638672,53633600
2007-11-30,24.264597584941217,24.407667699663396,23.742393985715417,24.035686492919922,71027800
2007-12-03,23.964168234879686,24.06431656103836,23.37758284266125,23.549264907836914,61770600
2007-12-04,23.420501715270742,23.778175822090876,23.34181297515641,23.44196128845215,54801500
2007-12-05,23.70663694084947,24.693818138867574,23.627948208776324,24.429140090942383,84894700
2007-12-06,24.50782321944768,24.758196676569863,24.228837913975877,24.715274810791016,49209700
2007-12-07,24.758196943685526,24.822578378630265,24.479211635203754,24.70096778869629,40771000
2007-12-10,24.779658485975563,25.00141738596649,24.658050615192376,24.86549949645996,36083500
2007-12-11,24.844039752032995,25.030031790422388,24.27176180475121,24.393369674682617,55070700
2007-12-12,24.758204582449363,25.101571431816442,24.271767530303382,24.658056259155273,63345400
2007-12-13,24.665204076186114,25.35909266030529,24.522133899307146,25.194562911987305,73913200
2007-12-14,25.0729515150172,25.63807719498847,25.044336934777412,25.258943557739258,71126200
2007-12-17,25.058637056866086,25.130173487002537,24.579355254712894,24.600814819335938,58121200
2007-12-18,24.77965032644101,25.037176001931723,24.472050517253287,24.851186752319336,52791800
2007-12-19,24.815420732445478,25.137327872956753,24.593664602521276,24.8869571685791,58469100
2007-12-20,25.244636590829145,25.60231066189614,25.094414135901793,25.40916633605957,59345000
2007-12-21,25.681009829264926,25.79546546936035,25.573706472808965,25.79546546936035,83240500
2007-12-24,25.845523735266347,26.26757916003018,25.788294586020253,26.167430877685547,29622600
2007-12-26,26.045820312803546,26.210350023713175,25.938517022332203,26.18889045715332,30252400
2007-12-27,26.00290756200544,26.145977756485575,25.709614891297807,25.731077194213867,33311100
2007-12-28,25.82406208183965,25.917058087258315,25.51646221908537,25.838369369506836,33447200
2007-12-31,25.680993370415344,25.74537479725957,25.40916037609128,25.466386795043945,35229700
2008-01-02,25.602311142348544,25.723919018951843,25.037185444536775,25.194562911987305,63004200
2008-01-03,25.19456403321652,25.50216397210254,24.937038249141082,25.301864624023438,49599600
2008-01-04,25.173098187761383,25.180253196776523,24.3862163839519,24.59366798400879,72090800
2008-01-07,24.71528543693422,24.894122527981263,24.500681473445255,24.758207321166992,80164300
2008-01-08,24.829739633196457,24.829739633196457,23.892635076643572,23.928401947021484,79148300
2008-01-09,23.864012627695605,24.708123588972434,23.8568576186746,24.636587142944336,74305500
2008-01-10,24.572204034493865,24.679507331818865,24.164455870796797,24.557899475097656,72446000
2008-01-11,24.42197789284585,24.493514323145156,24.12153307209614,24.257448196411133,55187900
2008-01-14,24.65088895601356,24.729577664745765,24.379058708002404,24.600814819335938,52792200
2008-01-15,24.343284588086295,24.593657953611373,24.32182502746582,24.32182502746582,61606200
2008-01-16,23.90693606793559,24.071468558985558,23.25596930055473,23.771020889282227,120778500
2008-01-17,23.99277096498602,24.178760231818117,23.585022850653136,23.685171127319336,94247800
2008-01-18,23.720946971250896,24.32183958786938,23.585031791229383,23.613643646240234,117062000
2008-01-22,22.562077265884323,23.270270279424544,22.533462690087347,22.86252212524414,108521400
2008-01-23,22.519157270788103,22.926905458802718,22.204405097412227,22.841064453125,137597400
2008-01-24,23.14151528848841,23.864018564514247,22.97698551494715,23.785329818725586,155640400
2008-01-25,24.96565464567124,25.037188378073807,23.51349586413382,23.563570022583008,196992300
2008-01-28,23.62079860762895,23.678025046368873,23.191588037313444,23.40619468688965,81019000
2008-01-29,23.499180012279908,23.52779458635283,23.141506022876342,23.320343017578125,68023000
2008-01-30,23.29173596707557,23.46341798918284,22.926906894633674,23.034210205078125,106432600
2008-01-31,22.826753894582158,23.420494026833346,22.690837396571762,23.320343017578125,103642200
2008-02-01,22.218710014797917,23.785322623785042,21.639278477278122,21.7823486328125,291138900
2008-02-04,21.81095735559211,21.975487045496344,21.539125753333714,21.59635353088379,119998600
2008-02-05,21.396060403598558,21.417521336627356,20.666405053637128,20.795167922973633,137534100
2008-02-06,20.945394341957552,20.99546849419549,20.237199836553213,20.401729583740234,138315600
2008-02-07,20.272967154687482,20.58772073009212,19.958213579282845,20.115591049194336,164964900
2008-02-08,20.237191209804703,20.802315298411354,20.201422998869006,20.430334091186523,124872000
2008-02-11,20.40172868692955,20.46611012681065,19.965365897606166,20.179969787597656,156814100
2008-02-12,20.337351653415187,20.473268207547722,20.108440423982632,20.27297019958496,84365900
2008-02-13,20.473257502298488,20.780855953246917,20.408876082132622,20.716474533081055,88986200
2008-02-14,20.659248463783705,20.773705392533692,20.358802266307624,20.38741683959961,69113500
2008-02-15,20.25150384020325,20.487568652929216,20.208583337276217,20.33019256591797,68166100
2008-02-19,20.68207214220432,20.710797900628165,20.157839378445093,20.229652404785156,68261200
2008-02-20,20.215285730016696,20.29428018113098,20.050116759249825,20.265554428100586,93056200
2008-02-21,20.55280894000277,20.796971021394445,20.078843546295694,20.17938232421875,98776500
2008-02-22,20.279918541789808,20.38763738278656,19.533066723788842,19.87776756286621,125705400
2008-02-25,19.856227342628024,20.279922725036606,19.73414559905742,19.992671966552734,109974300
2008-02-26,19.920859512232518,20.72516302903286,19.870590799254938,20.380460739135742,108923500
2008-02-27,20.244021818853405,20.595904254817356,20.179390211255942,20.29429054260254,75199500
2008-02-28,20.121937890347706,20.301469810062326,19.963948924378133,20.05730628967285,83002900
2008-02-29,19.884957765500545,19.985495212111676,19.4038121185873,19.5330753326416,117411400
2008-03-03,19.561797003273885,19.669515876728827,19.296090540066345,19.382265090942383,76544300
2008-03-04,19.403813954433183,19.841870991627403,19.3607252991917,19.813146591186523,86925600
2008-03-05,19.928042544861523,20.40200669040497,19.89213670978573,20.193750381469727,106489800
2008-03-06,20.150660908162372,20.229655385748718,19.748509819005964,19.798778533935547,91127700
2008-03-07,19.63361672922898,20.157849763054475,19.619253842617805,20.014225006103516,77597600
2008-03-10,19.98548892413573,20.294283978394613,19.928038777044744,20.143476486206055,72175100
2008-03-11,20.394816792891458,21.069856896230633,20.380453916928673,21.026769638061523,98740700
2008-03-12,21.134498638747246,21.177585917650937,20.49536541774953,20.559995651245117,75993800
2008-03-13,20.495360520893374,20.818517090040697,20.222471290356978,20.552810668945312,84552200
2008-03-14,20.624623089316543,20.832880739779892,19.849045377078557,20.078845977783203,105214900
2008-03-17,19.604881927756388,20.631804562302413,19.590520417479095,20.323009490966797,84490100
2008-03-18,20.588719783652245,21.17040279672573,20.588719783652245,21.127315521240234,83695300
2008-03-19,21.09858639057896,21.249393885290036,20.552810668945312,20.552810668945312,61442100
2008-03-20,20.638979640746854,20.983680436107992,20.5312608134114,20.9549560546875,60170200
2008-03-24,21.062680907119102,21.11294961627401,20.868786140619093,20.94778060913086,48294700
2008-03-25,21.0626855687244,21.091411334438863,20.782616201607897,20.926240921020508,49149000
2008-03-26,20.847240631034495,20.875965017144754,20.380456686838077,20.509719848632812,45868100
2008-03-27,20.45227154046494,20.459452980066256,20.10757065791902,20.143476486206055,47894400
2008-03-28,20.272744598820097,20.416370686400242,19.985493793379693,20.042943954467773,49244000
2008-03-31,20.02139693818767,20.531268247788173,19.99267254636607,20.380460739135742,46780600
2008-04-01,20.7036230282935,21.213494444293588,20.559996930054602,21.184768676757812,65796200
2008-04-02,21.23503356433251,21.242215004919203,20.825701038929402,20.940601348876953,49499400
2008-04-03,20.825698852539062,21.055499448308495,20.682072795323368,20.825698852539062,38961400
2008-04-04,20.919057027116885,21.012414385024105,20.638987692834704,20.940601348876953,43860800
2008-04-07,21.220670683159135,21.24939644550589,20.84724536068947,20.940601348876953,44428600
2008-04-08,20.782608537818305,20.825695800781247,20.495357835199684,20.646163940429688,44733500
2008-04-09,20.624620469382545,20.8544224106152,20.495358675195952,20.746702194213867,45839300
2008-04-10,20.703619283642336,21.11295180895148,20.682074961887217,20.904695510864258,65591600
2008-04-11,20.732342510423123,20.83287992687852,20.25837707781445,20.30864715576172,54373700
2008-04-14,20.279930423368185,20.33019915397009,20.057311172251104,20.150667190551758,43418100
2008-04-15,20.19375146959202,20.452276509451686,20.129119867197133,20.287107467651367,34310000
2008-04-16,20.516901897560388,20.861602759448065,20.380457292751714,20.789791107177734,54107400
2008-04-17,20.911876688982574,21.069864270711335,20.75388773753409,20.983688354492188,48743300
2008-04-18,21.551010404921183,21.61564200139146,21.26375962600869,21.5438289642334,73658900
2008-04-21,21.680272797673744,21.974705006406946,21.630004084434375,21.845441818237305,54411700
2008-04-22,22.003433253297633,22.046521903382956,21.522287618437772,21.723363876342773,67387500
2008-04-23,21.86699516024998,22.592303135798787,21.759274879191196,22.58512306213379,98351500
2008-04-24,22.714378350798224,23.051897873763984,22.376858827832464,22.83646011352539,115416700
2008-04-25,21.579732872166005,21.82389635488229,21.256576288373022,21.42174530029297,145194900
2008-04-28,21.40019277923436,21.42891852841379,20.69642836096763,20.818510055541992,97473000
2008-04-29,20.682073304865895,20.753886335242992,20.430729753125494,20.56717300415039,84428900
2008-04-30,20.638992334242875,20.976511899402055,20.47382327276413,20.48100471496582,74733600
2008-05-01,20.466638558143025,21.177584785796352,20.45227567603613,21.112953186035156,71699400
2008-05-02,21.249399481965956,21.270943806804627,20.725166571704367,20.99805450439453,66024200
2008-05-05,21.49356863692494,21.70900646275319,20.818528015758638,20.883159637451172,119687700
2008-05-06,20.82570025702325,21.443290427093547,20.775431544523514,21.32839012145996,93582000
2008-05-07,21.321203670455883,21.64436019046059,20.883145502100888,20.97650146484375,88775000
2008-05-08,21.02677181653304,21.10576490307392,20.825695641379365,21.019590377807617,69589900
2008-05-09,20.97651260856945,21.220676172801355,20.789800583893378,21.105775833129883,51621200
2008-05-12,21.112948639067703,21.586912688761828,21.077042811253115,21.536643981933594,64278800
2008-05-13,21.623138277584808,21.716837938559014,21.284376272817003,21.464569091796875,70934700
2008-05-14,21.54384992019737,21.810535859092106,21.428526642502867,21.572681427001953,66730400
2008-05-15,21.60872348285003,22.005148527088124,21.579893345407758,21.947486877441406,53355800
2008-05-16,21.9618965665159,21.969104443027014,21.565472981737795,21.61592674255371,81538200
2008-05-19,21.52943853785247,21.543852918498928,21.12580563498539,21.23392105102539,59615000
2008-05-20,21.118599269188806,21.12580714740911,20.635682426526213,20.72938346862793,75767600
2008-05-21,20.765421255918444,20.938406207011003,20.318543809286545,20.36178970336914,60125100
2008-05-22,20.383413477976234,20.68613748816071,20.311336070834752,20.52035903930664,52203100
2008-05-23,20.36899496569532,20.41944873143937,20.14555627107368,20.217632293701172,48890700
2008-05-27,20.260880962306683,20.54198131938492,20.217633696016104,20.498735427856445,47334500
2008-05-28,20.58523095384658,20.592438832872258,20.210430867847844,20.311338424682617,52318500
2008-05-29,20.332953813096204,20.671717138966553,20.28250005173557,20.405031204223633,47699200
2008-05-30,20.45549069363457,20.68613868478194,20.325753002989657,20.41224479675293,63399200
2008-06-02,20.354579067733745,20.441072218943635,19.85724654149137,20.037439346313477,77028400
2008-06-03,20.116728220641956,20.405036485003343,19.655434997663736,19.68426513671875,86616700
2008-06-04,19.66263975005939,19.922116459350693,19.604978106354434,19.850040435791016,79567400
2008-06-05,19.979777983048383,20.397825241088867,19.893286205391465,20.397825241088867,76063400
2008-06-06,20.174392526962144,20.304131606679334,19.814006805419922,19.814006805419922,78500800
2008-06-09,19.92933214267907,20.116732901812757,19.677061837123624,19.972578048706055,66787100
2008-06-10,19.720292933791967,20.390610113523444,19.69146143692714,20.1023006439209,77433900
2008-06-11,20.073482162279486,20.13835169308127,19.540111533835443,19.547319412231445,59330800
2008-06-12,19.749135667067378,20.578022484571953,19.59777433615679,20.354583740234375,113996300
2008-06-13,20.635683849169833,21.313209326203218,20.54198417537057,20.952823638916016,131969100
2008-06-16,20.91678297764606,20.981652503143682,20.64288912004229,20.851913452148438,74718900
2008-06-17,20.931205136009524,20.988866801338922,20.751012260009837,20.75821876525879,44256700
2008-06-18,20.578022611179044,20.801462731653665,20.513153076171875,20.513153076171875,49677800
2008-06-19,20.578019594544667,21.039314150834667,20.419450407084987,20.851913452148438,62037800
2008-06-20,20.83028884748478,20.8447046024259,20.253672397460544,20.34737205505371,97480400
2008-06-23,20.397833412562417,20.477118719478362,20.030241148118197,20.15997886657715,57145300
2008-06-24,20.123933080846093,20.188802602443353,19.828416982352817,19.98698616027832,65218300
2008-06-25,20.044653083463913,20.664516953190894,20.0086150618687,20.433870315551758,64280200
2008-06-26,20.203222196459112,20.32575338556529,20.001405715942383,20.001405715942383,67049100
2008-06-27,19.950941107546527,20.11671810434308,19.79237061081804,19.914901733398438,73450200
2008-06-30,19.986989846206345,20.167182689482125,19.814004881633075,19.828420639038086,57830500
2008-07-01,19.655432789466403,19.7347166940322,19.057192692590203,19.367124557495117,100327800
2008-07-02,19.38874769434397,19.460825099293785,18.653560638427734,18.653560638427734,84669000
2008-07-03,18.718423838332345,18.812124845523577,18.451739317351713,18.725631713867188,37074500
2008-07-07,18.81933652214484,19.021151578835745,18.34362763885633,18.761674880981445,71527600
2008-07-08,18.6895986717999,18.884207238611143,18.386874692791988,18.63193702697754,65553200
2008-07-09,18.588699288666433,18.631945197557116,18.149028194862737,18.18506622314453,54255800
2008-07-10,18.163429460512553,18.502191330201,18.004858963191595,18.3436222076416,57830600
2008-07-11,18.134606711815703,18.480576623306092,17.925583739159425,18.19947624206543,69532600
2008-07-14,18.36525780334433,18.60311234741132,18.069741593284213,18.127403259277344,51216200
2008-07-15,17.9688324674438,19.20135098698799,17.9688324674438,18.848173141479492,92719300
2008-07-16,18.83374978964116,19.6698455993001,18.682388506057574,19.648221969604492,82060400
2008-07-17,19.878866760928073,20.116721167476875,19.540104840922737,19.835620880126953,96526100
2008-07-18,18.999538298064508,19.078822232891916,18.098573870041914,18.63915252685547,150277000
2008-07-21,18.49498559085514,18.862579002413703,18.40128595642416,18.48056983947754,77575600
2008-07-22,18.40849080709883,18.696798913465454,18.365243560072713,18.595890045166016,88657200
2008-07-23,18.639152058767216,19.345507822655065,18.631944178552533,19.049991607666016,79408800
2008-07-24,18.80492694134491,18.86258860143717,18.33642578125,18.33642578125,81092600
2008-07-25,18.480587005959563,18.89863456089933,18.379679402107445,18.855388641357422,58682300
2008-07-28,18.783300755346907,18.81934014724239,18.264345884912043,18.379669189453125,59707800
2008-07-29,18.394080831595264,18.876997576872068,18.307587685156196,18.8193359375,66368200
2008-07-30,18.88420621953688,19.093229155202376,18.667974032050317,18.90582847595215,51977700
2008-07-31,18.63193381927564,18.941865622373275,18.531024927137594,18.538232803344727,60461000
2008-08-01,18.682395741803557,18.70401937987406,18.069739744096786,18.33642578125,82720200
2008-08-04,18.300381849922047,18.415705141531287,18.098566776986914,18.221097946166992,60588300
2008-08-05,18.48057523153418,18.941869786876833,18.379667691972717,18.891414642333984,84297600
2008-08-06,19.266218258983333,19.576150165935132,19.013948006248455,19.475242614746094,95550000
2008-08-07,19.38874653499126,20.00140237828762,19.266215366331988,19.741924285888672,82565800
2008-08-08,19.71309825470203,20.34737648791188,19.597774939572965,20.275299072265625,80814100
2008-08-11,20.08068791537701,20.46990368423169,19.936533112238482,20.10951805114746,68743800
2008-08-12,20.02302882996122,20.44107616281548,19.87887400838571,20.268091201782227,62813000
2008-08-13,20.232053050761664,20.541984973837682,20.008614300891974,20.116729736328125,51165200
2008-08-14,20.051860200113964,20.383415760182153,19.864459470468876,20.116729736328125,49732300
2008-08-15,20.16718413604981,20.289715333256844,19.878875841081015,20.044652938842773,47267400
2008-08-18,20.023029936207337,20.217637168895124,19.857251469807778,19.958160400390625,38078200
2008-08-19,19.929214932613466,20.081179956251063,19.73383014772617,19.77001190185547,40332900
2008-08-20,19.92921205740527,19.95815718048368,19.661462422642447,19.748300552368164,41497200
2008-08-21,19.61080763748839,19.704881013833134,19.437132756374446,19.668699264526367,43614200
2008-08-22,19.704880575235983,20.175250206980607,19.69764394948665,20.146305084228516,47930400
2008-08-25,19.979866683165913,20.146304933418907,19.871318677983748,20.016048431396484,51381300
2008-08-26,19.958147828864266,20.059457782536626,19.661453210042705,19.73381805419922,44774400
2008-08-27,19.784478214908116,20.110119408813702,19.63251186433719,19.943679809570312,33975300
2008-08-28,19.979868648259522,20.269326803309053,19.972632021852615,20.218671798706055,48372600
2008-08-29,20.03052205854757,20.102886936611462,19.748300552368164,19.748300552368164,50735500
2008-09-02,20.02328348193401,20.08841172782182,19.581859010971087,19.61080551147461,66079200
2008-09-03,19.53844842646217,19.66870497014456,19.422665138799086,19.466083526611328,57127700
2008-09-04,19.350292848718986,19.45883946691649,19.068071365356445,19.068071365356445,66141900
2008-09-05,18.8365097469345,18.974001521406258,18.547050183267555,18.5615234375,82305200
2008-09-08,18.966759172869125,19.05359729182314,18.57599108818875,18.90163230895996,62110800
2008-09-09,18.9595203884138,19.24897843047653,18.850972414926062,18.887155532836914,85735700
2008-09-10,19.19109513997398,19.437134927428424,18.995710359305086,19.133203506469727,75064900
2008-09-11,18.88716020604501,19.871317792566217,18.83650520868118,19.784481048583984,72913300
2008-09-12,19.63975888711699,20.0739469154608,19.495030464499518,19.987110137939453,75628500
2008-09-15,19.480543178784078,19.8930210255689,19.343050103107572,19.408178329467773,82349400
2008-09-16,18.879922930683005,19.169381034400384,18.467444960355106,18.807558059692383,111729700
2008-09-17,18.619416836711007,18.720728245682842,17.729332320841973,17.779987335205078,106972100
2008-09-18,17.94641714743269,18.34442320681926,17.374737623925025,18.279294967651367,132291300
2008-09-19,19.082542389690225,19.104250882650145,17.00567811475113,18.20693016052246,134926100
2008-09-22,18.973991180613776,19.046356032091794,18.322710277801104,18.38060188293457,105207700
2008-09-23,18.568757065285943,18.937816707127762,18.33719055595271,18.409555435180664,92181300
2008-09-24,18.51086309051987,18.87992268555984,18.42402497040954,18.612173080444336,80250300
2008-09-25,18.684542581754666,19.45160708183705,18.626650947413456,19.256223678588867,96203500
2008-09-26,18.937815692698287,19.94368318132586,18.91610581601924,19.827899932861328,100744300
2008-09-29,19.495025830621252,20.016050512641232,18.098388671875,18.098388671875,134383100
2008-09-30,18.648359190357123,19.31411361694336,18.481920928771896,19.31411361694336,107192700
2008-10-01,19.089776938790216,19.531201349502698,19.017413457898595,19.162141799926758,88957000
2008-10-02,18.945051561578154,19.198327925070217,18.59770183005797,18.99570655822754,93819800
2008-10-03,19.082545050270756,19.87855452200406,18.988470300178168,19.046361923217773,114289400
2008-10-06,18.547056398909387,18.807569541416743,17.46882344166476,18.026031494140625,146374600
2008-10-07,18.076669365708494,18.243107546471496,16.7451611591152,16.81028938293457,145941200
2008-10-08,16.571491037640047,17.584595034043645,16.282032950131164,16.651092529296875,171598600
2008-10-09,17.20106474729965,17.302374739708114,15.970866067003476,16.137304306030273,131948700
2008-10-10,15.768239942863232,16.173481134962607,14.94328293364091,15.558382034301758,228467500
2008-10-13,16.542544054887806,18.45296859741211,16.376104465611313,18.45296859741211,144935400
2008-10-14,18.554285081759275,18.619413339492066,17.078047793721925,17.439870834350586,165674900
2008-10-15,17.20830370909575,17.54841685853786,16.267563008119726,16.39781951904297,113280200
2008-10-16,16.60043974685796,17.50499725341797,15.420895985366384,17.50499725341797,161147800
2008-10-17,17.056331999595162,18.17074724079191,16.86818391808487,17.316844940185547,133673100
2008-10-20,17.512233948616206,17.910238700984436,16.65109481248405,17.88852882385254,93484300
2008-10-21,17.58460148647856,18.098390988049434,16.83924681017587,16.904375076293945,100385600
2008-10-22,16.672805768081478,16.687277640193617,15.124202271966643,15.580100059509277,150054800
2008-10-23,15.594567717140352,16.347160073393788,15.11696156038142,16.151775360107422,154774100
2008-10-24,15.239990217493684,16.5425543451251,15.160390065536765,15.891271591186523,153919700
2008-10-27,15.681407674428097,15.891264280631116,15.211038086495028,15.326821327209473,117683900
2008-10-28,15.659695318880196,16.795819051094476,15.442602121987042,16.716218948364258,134088800
2008-10-29,16.73793324650488,17.34579606497478,16.426766591075726,16.64385986328125,111701800
2008-10-30,17.143167923747576,17.28065962022394,16.202427635978008,16.376102447509766,95323000
2008-10-31,16.303747336801152,16.578732250983045,16.007052542455394,16.15901756286621,93055200
2008-11-03,16.267562214722616,16.578730224475205,16.072177457867006,16.368873596191406,61923500
2008-11-04,16.737926295280605,17.1214590558251,16.549779606970255,17.027385711669922,72123000
2008-11-05,16.882657107769777,16.889893731677336,15.95638995127537,15.978099822998047,81179700
2008-11-06,15.826144606837495,15.97810966173615,15.095261705061475,15.109733581542969,95509700
2008-11-07,15.428125591780098,15.587328523859723,15.196559196294741,15.558382034301758,71256300
2008-11-10,15.81166032848403,15.898497047825778,15.334054231370102,15.413654327392578,67106800
2008-11-11,15.406426363733807,15.41366161022691,15.044603308280168,15.34129810333252,78014500
2008-11-12,15.116966135840741,15.196567646141903,14.675542966591081,14.690014839172363,90162300
2008-11-13,14.581469475196739,15.377480506896973,13.56112852609992,15.377480506896973,148413700
2008-11-14,14.87816330265171,15.442607752726525,14.219645467687121,14.516340255737305,96624500
2008-11-17,14.284774985408465,14.646598064208819,13.857823642004409,13.980843544006348,97289000
2008-11-18,14.206692469988182,14.32326009190761,13.660281221142482,14.294118881225586,108966500
2008-11-19,14.30139994292924,14.534536524218495,13.29600408135045,13.325146675109863,103010500
2008-11-20,13.201293578310805,13.72584776548252,12.749593097160858,12.77145004272461,139532800
2008-11-21,13.12843962224797,14.352400888151045,13.099297025633378,14.33782958984375,157231900
2008-11-24,14.49082519343154,15.255801739607564,14.476255283573364,15.073664665222168,125289900
2008-11-25,15.197512323139781,15.248510462812854,14.243113405047675,14.563674926757812,92948100
2008-11-26,14.374255037675635,15.066376353910107,14.374255037675635,14.92795181274414,79678300
2008-11-28,14.738529735962516,14.796813536313312,14.585535281139952,14.731244087219238,28650800
2008-12-01,14.483542112775838,14.534541669910286,13.55100101585091,13.558286666870117,79639900
2008-12-02,13.83513258919803,14.06826783194455,13.521856585659023,13.951700210571289,79689800
2008-12-03,13.587424701224371,14.498110021542299,13.550997844249862,14.4762544631958,80961500
2008-12-04,14.133837073854636,14.512682532250494,13.689423545347607,13.922558784484863,78719200
2008-12-05,13.776847414601962,14.556393826458825,13.456285792763307,14.4762544631958,91996200
2008-12-08,14.825952581403326,15.48164552575143,14.672956773618225,15.306794166564941,107225000
2008-12-09,15.022667041244203,15.481651873604267,14.906098031062008,15.008095741271973,80484900
2008-12-10,15.168377261659977,15.270373591617538,14.789531765252208,15.015382766723633,61499000
2008-12-11,14.651108943678546,14.658394594517068,14.068269382959034,14.170267105102539,83564300
2008-12-12,13.951692853537528,14.461676970316466,13.62384711240386,14.10468864440918,78112600
2008-12-15,14.090119184212245,14.162974266024982,13.762272010852481,13.87155532836914,59925900
2008-12-16,13.995405872345165,14.702098294386118,13.842411465261026,14.651100158691406,97688700
2008-12-17,14.432535554151624,14.607386908166356,14.206686062248641,14.323253631591797,78922700
2008-12-18,14.468969802372403,14.58553742016912,13.835132164706597,14.060981750488281,80759200
2008-12-19,14.148412676724666,14.425260510000314,13.922563018821158,13.929848670959473,113530400
2008-12-22,14.017269983819668,14.053698234808296,13.762277785282032,13.973557472229004,58575400
2008-12-23,14.04641342163086,14.257691731572136,13.849705023357563,14.04641342163086,47511400
2008-12-24,14.031837986201245,14.170262528231635,13.91527038962682,13.966268539428711,16880400
2008-12-26,13.988128571341132,14.08283924335734,13.907987809915033,13.937129020690918,23101000
2008-12-29,13.951691236592389,13.995403719091792,13.580131661360559,13.81326675415039,58512800
2008-12-30,13.849704185990653,14.199407057602617,13.842418535799276,14.09012508392334,43224100
2008-12-31,14.068265175647905,14.337828617673287,14.03912397060471,14.16297721862793,46419000
2009-01-02,14.228547138587563,14.86238330743664,14.111979535360252,14.811385154724121,50084000
2009-01-05,14.71667106136908,15.059088142184125,14.614673390168443,14.949806213378906,61475200
2009-01-06,15.117372936909852,15.299509960246116,15.015376648512012,15.124658584594727,58083400
2009-01-07,14.709389904085445,14.782245008725695,14.19211991177565,14.213976860046387,72709900
2009-01-08,14.301404865095027,14.709392980573442,14.243121047111801,14.658394813537598,70255400
2009-01-09,14.694818056225206,14.789528716002168,14.141121227079724,14.221261978149414,49815300
2009-01-12,14.359675280622177,14.417960433801383,14.06097081855142,14.184823989868164,52163500
2009-01-13,14.221264911440025,14.563682154609234,14.221264911440025,14.439828872680664,65843500
2009-01-14,14.228550221405895,14.337832199409569,13.849704734037132,13.907988548278809,80257500
2009-01-15,13.89341208686422,14.060977816870327,13.492711186485232,14.017265319824219,96169800
2009-01-16,14.301402091148839,14.505396109320706,13.951699251078976,14.359685897827148,79634100
2009-01-20,14.177552528721577,14.294121562099285,13.383435976556658,13.46357536315918,89873000
2009-01-21,13.74770157171974,14.170259362292418,13.448995608940296,14.11925983428955,68340900
2009-01-22,13.150295119418937,13.245007168383733,12.43631818080263,12.465460777282715,222436600
2009-01-23,12.363461616809424,12.74230698866664,12.203181523913825,12.531028747558594,117020600
2009-01-26,12.596600847116736,12.975444909222894,12.552886948354185,12.844305992126465,92476500
2009-01-27,12.953585823217228,13.092008962830311,12.698593708231982,12.866159439086914,61695000
2009-01-28,12.968161113307332,13.339720968332102,12.939019899561993,13.143013954162598,64145500
2009-01-29,12.953583346738323,13.084720813469954,12.793301904741384,12.81515884399414,49192800
2009-01-30,12.924445116604144,12.960873360968382,12.458174705505371,12.458174705505371,62370900
2009-02-02,12.407178817027296,13.208580884942648,12.385321866420341,12.99001693725586,88871700
2009-02-03,13.004582048944792,13.55827869446256,12.822445049350593,13.478137969970703,86865100
2009-02-04,13.507284076194539,13.842415575759777,13.478141481660836,13.57285213470459,75618000
2009-02-05,13.485424367478208,13.94440902058677,13.296001710603134,13.87155532836914,75195200
2009-02-06,13.958979629995676,14.51996192595651,13.886124551757446,14.323253631591797,86746000
2009-02-09,14.308686023034696,14.40339806601472,14.031838321945063,14.16297721862793,52196400
2009-02-10,14.024549163130464,14.425250011953315,13.623848314307612,13.696702003479004,83953200
2009-02-11,13.798708653298252,14.199409762999272,13.784137350139245,13.995415687561035,58599000
2009-02-12,13.820560651906947,14.075552833002474,13.507286052407657,14.031840324401855,75323200
2009-02-13,14.039127477721514,14.18483631852783,13.871561685476165,13.907988548278809,47416000
2009-02-17,13.563219215153326,13.570554818084913,13.123092833120527,13.26980209350586,75853300
2009-02-18,13.365159437280576,13.533875472426391,13.203780402709487,13.2918062210083,54946900
2009-02-19,13.423846468859102,13.482529897171803,13.0644102955534,13.137764930725098,49195600
2009-02-20,13.03506930710561,13.343157656146104,12.954379068342556,13.203783988952637,69413800
2009-02-23,13.218451077649506,13.3138110944684,12.587603369219892,12.624279975891113,70803400
2009-02-24,12.492250233050955,12.726984002931472,12.000775877692263,12.594945907592773,122674500
2009-02-25,12.477576915064486,12.646291608778046,12.074127091995898,12.440898895263672,105894600
2009-02-26,12.50691733398729,12.528924144815917,12.044785499572754,12.044785499572754,83219500
2009-02-27,11.949424413712212,12.118139084717646,11.810050755474885,11.84672737121582,93428000
2009-03-02,11.707357437515531,11.920085081761417,11.531307118048959,11.58265495300293,80602100
2009-03-03,11.758706948378894,11.912750466031328,11.472624630820423,11.648674964904785,80476600
2009-03-04,11.824724197387695,12.030115522972032,11.656008794917835,11.824724197387695,69285100
2009-03-05,11.634002097431644,11.648673306297288,11.201211929321289,11.201211929321289,89708500
2009-03-06,11.259893252973656,11.457949638566454,10.90779200144191,11.208544731140137,92821400
2009-03-09,11.14985650678243,11.545969807037814,11.07650260647517,11.113179206848145,66479100
2009-03-10,11.274565356514728,12.191495581162819,11.186540206053841,12.088798522949219,95184200
2009-03-11,12.198826217870666,12.616947134269674,12.052118376244236,12.550928115844727,84522200
2009-03-12,12.477578163146973,12.499584977228716,12.088799509110729,12.477578163146973,93694100
2009-03-13,12.455569342292334,12.506917167753318,11.868735052562062,12.213500022888184,82965800
2009-03-16,12.3381977225421,12.440893333829724,11.91274267690695,11.92007827758789,67028900
2009-03-17,11.971427900639855,12.396883010864258,11.927415688995394,12.396883010864258,62481000
2009-03-18,12.492248122984812,12.631620400857722,12.176824148314783,12.440898895263672,70710700
2009-03-19,12.741652138666684,12.80033556697603,12.411556979974558,12.572936058044434,58994600
2009-03-20,12.704974154946655,12.947043472249973,12.382214598834464,12.514252662658691,81725500
2009-03-23,12.74165119225679,13.63657375728309,12.697637574951504,13.445852279663086,71600000
2009-03-24,13.233128414789102,13.357829494931291,13.086419121844688,13.152438163757324,50044100
2009-03-25,13.189114494390724,13.431183842984156,12.851685086888628,13.11575984954834,73927100
2009-03-26,13.328492744073547,13.849308242475175,13.291816108654036,13.812631607055664,63775100
2009-03-27,13.599895979911516,13.658579398847703,13.24045846491391,13.299141883850098,47670400
2009-03-30,13.013062456865777,13.027733663709213,12.668297490784804,12.822340965270996,49633000
2009-03-31,13.07907983733154,13.783282286556132,13.042403223976589,13.475193977355957,92423300
2009-04-01,13.372501040889391,14.20140618839459,13.335824416291198,14.164728164672852,96438900
2009-04-02,14.30410321692278,14.590184833541658,13.937331339565786,14.150059700012207,99082300
2009-04-03,14.032690387803594,14.04736159761669,13.519210636457428,13.753944396972656,81858400
2009-04-06,13.599903776033331,13.761282920837402,13.401846598916604,13.761282920837402,47476100
2009-04-07,13.761282920837402,14.040028970794229,13.665921435948368,13.761282920837402,65815200
2009-04-08,13.91531408806921,14.392118290374148,13.907978488128235,14.07669448852539,56408900
2009-04-09,14.26742151789075,14.450807391389997,14.098705450937825,14.428800582885742,55759600
2009-04-13,14.443470858325625,14.560837697876297,14.208737179224286,14.370116233825684,44444700
2009-04-14,14.260086028256433,14.34077486183287,13.937326496581115,14.194067001342773,63796300
2009-04-15,14.091377673966234,14.120720101601007,13.577897782473299,13.812631607055664,72725500
2009-04-16,14.054690489773982,14.509487982896221,13.92998806416973,14.494816780090332,67688700
2009-04-17,14.443475935473119,14.443475935473119,13.93733038753945,14.084039688110352,61398500
2009-04-20,13.856643179932297,13.90065681925804,13.62190936669055,13.651251792907715,62937200
2009-04-21,13.63657353334241,13.99600967402709,13.621902327814913,13.915319442749023,60928300
2009-04-22,13.761284938793178,14.076709067316477,13.717272692687903,13.775956153869629,59401000
2009-04-23,13.878643989562988,13.893315196318325,13.548548833184334,13.878643989562988,86116300
2009-04-24,14.53883255812732,15.551123414246941,14.304098852106321,15.338395118713379,168478500
2009-04-27,15.07431996842445,15.272377070276336,14.876264265695907,14.964288711547852,68219600
2009-04-28,14.854252882555942,14.86892408538994,14.516823612111446,14.619519233703613,76685200
2009-04-29,14.75156382368705,15.323726997529674,14.714885800284618,14.854259490966797,79301600
2009-04-30,15.110994299354683,15.47776599885784,14.678203582011117,14.861589431762695,87439900
2009-05-01,14.810245301352902,14.927612162456008,14.568175975437327,14.846921920776367,63224500
2009-05-04,14.942283584332914,14.964288996653485,14.656200632055176,14.810245513916016,54313400
2009-05-05,14.773558943201456,14.846913539763408,14.406787359514249,14.516819953918457,66835500
2009-05-06,14.714875545776405,14.722211145344856,14.384781959931454,14.516819953918457,59639100
2009-05-07,14.641533310621053,14.663540127906101,14.040027629400472,14.172065734863281,68727200
2009-05-08,14.274753834875845,14.406791870203246,14.040020171681796,14.245412826538086,67597600
2009-05-11,14.084041263970567,14.472818575473571,13.944667552746077,14.172065734863281,63762600
2009-05-12,14.31143634152511,14.714884777031893,14.282093924843593,14.590182304382324,71966800
2009-05-13,14.612188351739755,14.670871782906447,14.428802454453425,14.487485885620117,49281700
2009-05-14,14.54617005966546,14.839587230483849,14.524163247182795,14.714884757995605,54539500
2009-05-15,14.766230611928792,15.037642333066662,14.656199362487099,14.832249641418457,61289900
2009-05-18,14.934948803478534,15.110999107360842,14.846922951975658,15.11099910736084,46073800
2009-05-19,15.14052273366602,15.310308850638275,14.948590050476653,14.992881774902344,51368300
2009-05-20,15.066708915791585,15.273406067846906,14.926450083753718,15.044562339782715,47450700
2009-05-21,14.867388983841941,14.933827281641346,14.40232230725479,14.63116455078125,58232800
2009-05-22,14.712368219855456,14.889536556599259,14.37279451842325,14.57949161529541,37318700
2009-05-26,14.424468826591848,15.09623258381709,14.358030529019358,15.015029907226562,44991700
2009-05-27,14.94859119604598,15.206962189678132,14.815714604577522,14.860006332397461,42892900
2009-05-28,15.000270097773956,15.229112410231563,14.800955144338731,15.096237182617188,45480800
2009-05-29,15.177437666685986,15.457955306491709,14.985504915242343,15.42104434967041,46134900
2009-06-01,15.502242025967927,15.871343026586212,15.398894196357553,15.79752254486084,57317100
2009-06-02,15.767995196975837,16.225679649257707,15.649882989418673,15.79752254486084,48935700
2009-06-03,15.731088892321303,16.063280454068014,15.716325918028444,16.041133880615234,56039600
2009-06-04,16.070662256924578,16.16662792354994,15.930403444463858,16.114953994750977,42330000
2009-06-05,16.210921050838603,16.469292124987735,16.100190992777286,16.34379768371582,59579200
2009-06-08,16.225686977992687,16.47667588441919,15.967315879258443,16.277360916137695,49000600
2009-06-09,16.2847351343329,16.47666781632337,16.151858553877304,16.29949951171875,50887700
2009-06-10,16.365941478808328,16.698133004579276,16.329031935059927,16.64645767211914,61297200
2009-06-11,16.675986787934864,17.17058228792264,16.661222406918185,16.8531551361084,65124600
2009-06-12,16.90482856431169,17.259165250234044,16.786716335670903,17.22225570678711,50963500
2009-06-15,17.148433687320555,17.377277341974693,16.993411929014886,17.288692474365234,69089600
2009-06-16,17.32559976133325,17.798049980460274,17.303454603317395,17.310836791992188,105295600
2009-06-17,17.34774476969249,17.583969154041,17.104138197332038,17.480621337890625,86483100
2009-06-18,17.436336500533955,17.48801042900657,17.20011061493077,17.34775161743164,58852200
2009-06-19,17.746377103265193,17.96783714439729,17.532297843230044,17.768522262573242,115459000
2009-06-22,17.67993425252587,17.67993425252587,17.16319241239039,17.185338973999023,71291600
2009-06-23,17.25917022971678,17.465867393477243,17.13367577457815,17.229642868041992,56752700
2009-06-24,17.31084051259337,17.532300588401224,17.244402208249248,17.325603485107422,54287700
2009-06-25,17.29608292098797,17.657801937724503,17.126296702358257,17.56183624267578,57724300
2009-06-26,17.399424458750154,17.48800933631749,17.21487392115966,17.23702049255371,65126400
2009-06-29,17.421571674634542,17.738998836314444,17.38466072094565,17.61350440979004,62854900
2009-06-30,17.694707245907036,17.89402218930494,17.443718370815386,17.547067642211914,66452400
2009-07-01,17.753764450819013,17.93831502269035,17.6873261323046,17.746383666992188,54908400
2009-07-02,17.53968173397605,17.746378824958697,17.133669741832495,17.25178337097168,65422200
2009-07-06,17.133675874176355,17.185351221423787,16.882688370449337,17.12629508972168,49207700
2009-07-07,17.037701501449252,17.081993225641273,16.580015658103267,16.631690979003906,52842500
2009-07-08,16.46928104004335,16.749798500201077,16.240438886341718,16.653831481933594,73023400
2009-07-09,16.720277889550132,16.838390117191295,16.513582195182508,16.565256118774414,46981200
2009-07-10,16.380701747395097,16.639072712800466,16.351172993402034,16.52834129333496,43229200
2009-07-13,16.550490405037547,17.192726823106604,16.343793319312272,17.148433685302734,67584000
2009-07-14,17.126287078488303,17.141050048501164,16.8752982841581,17.05984878540039,45448700
2009-07-15,17.532299785533993,17.805435180664062,17.392040993007267,17.805435180664062,67238700
2009-07-16,17.66517518900547,18.041658401489258,17.613501271058247,18.041658401489258,64555100
2009-07-17,18.01213428721806,18.04904524384483,17.79067417949356,17.930932998657227,52860100
2009-07-20,18.041664479288688,18.108102798461914,17.827585137950713,18.108102798461914,47798000
2009-07-21,18.22621147574603,18.329559326171875,17.989987013053327,18.329559326171875,52028400
2009-07-22,18.23359401121469,18.381233599186775,18.093335205833654,18.30741310119629,66192500
2009-07-23,18.40338706163554,18.986566257297348,18.336948729368963,18.868453979492188,106060500
2009-07-24,17.42894899477181,17.6356446456319,16.838386572865165,17.310836791992188,215135700
2009-07-27,17.303455390719876,17.3108375797306,16.9048256321924,17.05984878540039,80950000
2009-07-28,16.971266800611325,17.384659599190105,16.904828496267204,17.325603485107422,70288400
2009-07-29,17.517538030640765,17.650414653155295,17.22963962053193,17.569211959838867,73626900
2009-07-30,17.86448932767007,18.034275453211947,17.502769101242805,17.576589584350586,67820000
2009-07-31,17.54705731850156,17.76851729775406,17.34774249236939,17.362506866455078,54258200
2009-08-03,17.58396836773809,17.613497118465414,17.347743993952832,17.591350555419922,46902900
2009-08-04,17.480629327745945,17.561832024984138,17.369899272972344,17.547067642211914,49218300
2009-08-05,17.5987361516855,17.90139886521966,17.561826614135914,17.576589584350586,53310300
2009-08-06,17.665174072067124,17.702083608836084,17.177960865072265,17.318218231201172,59686000
2009-08-07,17.532293271050357,17.583967173304767,17.347742815565617,17.39203453063965,46169700
2009-08-10,17.31821982489592,17.384658123600836,17.20010760675578,17.288692474365234,35261900
2009-08-11,17.21487428428546,17.273930401239777,17.01555936156131,17.074615478515625,33615800
2009-08-12,17.074613968393603,17.64302992381231,17.000794884736123,17.369895935058594,61972300
2009-08-13,17.443715392102074,17.60612075884589,17.273929243241536,17.43633460998535,38954500
2009-08-14,17.43633267466252,17.56920785814716,17.355130000303596,17.488006591796875,46330200
2009-08-17,17.21487239172234,17.421569482343095,17.148434091451694,17.163198471069336,42474400
2009-08-18,17.289399037334665,17.55664510794306,17.274551640099276,17.504680633544922,38878900
2009-08-19,17.259707336098465,17.608612738105595,17.259707336098465,17.55664825439453,41821300
2009-08-20,17.519528672502165,17.719964294744507,17.47498789509024,17.57149314880371,39505900
2009-08-21,17.76450529496967,18.128258049568668,17.64572894309758,18.120834350585938,69011400
2009-08-24,18.12082798723582,18.358380607560495,18.02432276620091,18.291568756103516,54180900
2009-08-25,18.261875386525585,18.42519245901747,18.15794505318956,18.291568756103516,43980300
2009-08-26,18.25445293572279,18.3732292539897,18.12825292057352,18.22475814819336,41079000
2009-08-27,18.120837840815284,18.395509092377164,18.039178552202767,18.328697204589844,45495600
2009-08-28,18.610783294949158,18.922571507909627,18.269301708143914,18.321266174316406,55808000
2009-08-31,18.239611607494112,18.447470941546996,18.0317536893671,18.298999786376953,49592800
2009-09-01,18.07629879023989,18.36581605450495,17.742239319221575,17.81647491455078,62608500
2009-09-02,17.682846782991483,17.92039949695773,17.653153401708632,17.712541580200195,40771300
2009-09-03,17.74965547463233,17.920396280156,17.638302836939747,17.89812660217285,34120000
2009-09-04,17.883280158604187,18.410349999183367,17.875856460239252,18.2767276763916,44999700
2009-09-08,18.276729772120845,18.440046907099358,18.12083492043267,18.425199508666992,53737100
2009-09-09,18.36581110864592,18.521705958447846,18.313846630687223,18.395505905151367,49900300
2009-09-10,18.4103552685905,18.595943533055834,18.29900259309652,18.558826446533203,46256000
2009-09-11,18.506865238286924,18.68502983383173,18.41778223255135,18.45490074157715,54303500
2009-09-14,18.29900259309652,18.62563833501481,18.291578892606775,18.558826446533203,42806800
2009-09-15,18.536548433663807,18.759255117541095,18.45489059057514,18.707290649414062,44716600
2009-09-16,18.744407722097495,18.818643283389925,18.52170245414577,18.707290649414062,50055800
2009-09-17,18.603367718973125,18.840920477139168,18.603367718973125,18.781532287597656,42428800
2009-09-18,18.900294991104992,18.915142381728863,18.633049039500847,18.7518253326416,68016500
2009-09-21,18.6404862223904,18.83349819238184,18.633062521706943,18.781532287597656,28878700
2009-09-22,18.855762847951468,19.167551113843516,18.774104994071333,19.130434036254883,61376700
2009-09-23,19.241780794774282,19.48675711327559,19.033921542499563,19.085886001586914,60599900
2009-09-24,19.241786361388833,19.382833802520214,19.04877444613687,19.256633758544922,56302900
2009-09-25,19.07104768541877,19.167552945928886,18.944847627258838,18.967117309570312,50158900
2009-09-28,19.004235512808016,19.419952761996775,19.004235512808016,19.174976348876953,44358000
2009-09-29,19.234359747192478,19.271476818530626,19.071042651008927,19.115583419799805,39050300
2009-09-30,19.123009918672775,19.293750737321687,18.84091503784562,19.09331512451172,63533400
2009-10-01,18.863187468873978,18.90772824734308,18.41035173733969,18.46973991394043,75958100
2009-10-02,18.157952551798584,18.62563570513446,18.13568286939985,18.529129028320312,51219700
2009-10-05,18.54396876917981,18.603356924260975,18.202487231444415,18.291568756103516,60804900
2009-10-06,18.321271846963448,18.714718021760312,18.30642444748124,18.640483856201172,48795300
2009-10-07,18.551399273796623,18.69244672484987,18.469739999619613,18.633058547973633,38472700
2009-10-08,18.88545730081975,19.226938939414627,18.72213876416505,19.056198120117188,60521300
2009-10-09,18.981964708395218,19.14528326361741,18.900305430784123,18.967117309570312,39520000
2009-10-12,19.048774349195853,19.21951516784477,18.96711508117867,19.09331512451172,29145800
2009-10-13,18.99681807853287,19.256641975936212,18.944853582237467,19.16013526916504,37749000
2009-10-14,19.405104308545408,19.449646501910156,19.167551607636558,19.271480560302734,45365500
2009-10-15,19.22693971395275,19.828245162963867,19.22693971395275,19.828245162963867,65620100
2009-10-16,19.63523475855275,19.768857091087856,19.3754109605372,19.672351837158203,56500900
2009-10-19,19.6649256518841,19.73173751766708,19.486761148438028,19.56842041015625,48143200
2009-10-20,19.61296661727962,19.679778501577843,19.25663751163977,19.575849533081055,54604700
2009-10-21,19.642654178874295,19.857937168003474,19.590689710029483,19.73173713684082,61672700
2009-10-22,19.716895160171624,19.83567152615436,19.397683145620785,19.739166259765625,61600000
2009-10-23,21.67670843639569,21.788061104597606,20.69680127481123,20.800731658935547,281761000
2009-10-26,20.882392498300643,21.543087733365233,20.867546512107143,21.290687561035156,124149700
2009-10-27,21.327798275652196,21.43915092641487,21.112516672967793,21.22386932373047,69685800
2009-10-28,20.964048811236626,21.35749641587113,20.748767174836388,20.800731658935547,73542400
2009-10-29,20.837837531480517,21.090237532097955,20.674520467050215,20.949190139770508,65225500
2009-10-30,20.808157905685935,21.082827759806253,20.533486635639445,20.585451126098633,73371800
2009-11-02,20.563172201276583,20.822994536847247,20.347889219317423,20.696794509887695,62428900
2009-11-03,20.518627588918758,20.59286313998377,20.362734206015066,20.436969757080078,50294800
2009-11-04,20.555747910261417,21.075393982326258,20.503783444647482,20.83041763305664,63898400
2009-11-05,21.171897457688914,21.335214527406396,20.993732995472033,21.13477897644043,52681700
2009-11-06,21.067975146442613,21.25356337556039,20.9343528108555,21.171905517578125,38908500
2009-11-09,21.246146941189735,21.52824050409797,21.17933504704085,21.520816802978516,57518000
2009-11-10,21.453998610276503,21.736093506292367,21.387186735742524,21.53565788269043,65881100
2009-11-11,21.587622403885863,21.750939533124896,21.543081626079907,21.61731719970703,49693400
2009-11-12,21.535655055711825,21.891984062500654,21.528231357746357,21.79547882080078,55352400
2009-11-13,21.877132424616942,22.11468646567363,21.802898291207395,21.995908737182617,53037600
2009-11-16,21.981072147965982,22.122118194423834,21.802907603025062,21.929107666015625,54129500
2009-11-17,21.996216583251954,22.369033813476562,21.973847037451925,22.369033813476562,75648900
2009-11-18,22.369031474862528,22.473419833312775,22.227360543976676,22.451051712036133,59431200
2009-11-19,22.36157675188019,22.369033266964692,22.145343503168977,22.204994201660156,51967700
2009-11-20,22.115508448655607,22.197528659043417,21.94401293801223,22.085683822631836,42647100
2009-11-23,22.249731317137833,22.37648922605511,22.14534295291824,22.324295043945312,41832700
2009-11-24,22.331745989292063,22.36157061926589,22.182618572869583,22.30191993713379,37341400
2009-11-25,22.227357817729125,22.264640385591917,22.05586227211392,22.212446212768555,32033500
2009-11-27,21.7054129185978,21.914189593071,21.436984140350052,21.787431716918945,29357900
2009-11-30,21.735233098250205,21.95892417505318,21.62338827094079,21.92909812927246,44172000
2009-12-01,22.011119554553396,22.406304727790843,21.92909934628862,22.376480102539062,49904200
2009-12-02,22.294469538304508,22.36157675188019,22.108060927746468,22.204994201660156,36308600
2009-12-03,22.24972412113022,22.518152881947973,22.19007344341342,22.242267608642578,43095200
2009-12-04,22.40630870255847,22.644912857820987,22.242269679113427,22.354114532470703,58810700
2009-12-07,22.204989699195995,22.428679417634562,22.13042598565496,22.212446212768555,38082700
2009-12-08,22.011125453849488,22.17516449215963,21.906735682029762,22.04840660095215,37402200
2009-12-09,21.973843718806954,22.227359510846735,21.809804674269014,22.152795791625977,44713300
2009-12-10,22.15279763461905,22.3392062370868,22.115516482999407,22.2721004486084,45940200
2009-12-11,22.346656475232216,22.369026013231824,22.2124435137877,22.25718116760254,43744200
2009-12-14,22.30192426666316,22.488332862287017,22.294467752176043,22.451051712036133,34651200
2009-12-15,22.287010295688468,22.525613060452475,22.279553781516512,22.383943557739258,49473200
2009-12-16,22.42122443663512,22.67474022669266,22.39885631657305,22.443593978881836,55737800
2009-12-17,22.331742490430756,22.33919758011784,22.048400728057953,22.070770263671875,43691200
2009-12-18,22.249728606848755,22.704566005003304,22.219902550885024,22.63745880126953,94118000
2009-12-21,22.66728289996032,22.995362396893544,22.644914780700173,22.756759643554688,40129100
2009-12-22,22.816406849478952,23.062466079077325,22.771669195602257,22.980445861816406,36321000
2009-12-23,22.8984278125971,23.077381289416078,22.88351620801594,23.055011749267578,28362700
2009-12-24,23.025185433021587,23.114662170410156,22.935710117817507,23.114662170410156,11083900
2009-12-28,23.114659066481043,23.248873443448808,23.03263885340423,23.241416931152344,25384000
2009-12-29,23.375633820110814,23.487478672208248,23.28615708512219,23.405458450317383,29716200
2009-12-30,23.22650595424439,23.330895713413764,22.965533689597603,23.084835052490234,42006200
2009-12-31,23.099745788566466,23.10720230078116,22.7269287109375,22.7269287109375,31929700
2010-01-04,22.8313275438299,23.189231739431495,22.80895799828548,23.0773868560791,38409100
2010-01-05,23.002816254366817,23.189224811659603,22.846232326704975,23.084835052490234,49749600
2010-01-06,23.02518744922503,23.174314883869513,22.756760057923422,22.94316864013672,58182400
2010-01-07,22.83877419059787,22.890969777565225,22.51069617705188,22.704561233520508,50559700
2010-01-08,22.577810293462587,23.025189798676656,22.547984234616443,22.86115074157715,51197400
2010-01-11,22.898424845501836,22.935707407585063,22.45850199039436,22.57034683227539,68754700
2010-01-12,22.480875285008448,22.66728387181977,22.301923212331737,22.42122459411621,65912100
2010-01-13,22.562893867996777,22.756758954762923,22.376485294819854,22.630001068115234,51863500
2010-01-14,22.60017308796587,23.189224811659603,22.562891945381086,23.084835052490234,63228100
2010-01-15,23.174319683465967,23.29362108701603,22.898434298890876,23.01028060913086,79913200
2010-01-19,22.9282482131486,23.293608745720412,22.87605405452179,23.189220428466797,46575700
2010-01-20,22.972995200358415,23.06992846766191,22.600178004665946,22.808956146240234,54849500
2010-01-21,22.82386085878951,22.905879644870065,22.369023590680065,22.376480102539062,73086700
2010-01-22,22.369023234615746,22.51815062505353,21.504087783318674,21.593563079833984,102004600
2010-01-25,21.802352623265307,22.11551917035276,21.697964248297808,21.862003326416016,63373000
2010-01-26,21.772526058810367,22.257188156854866,21.690505815906672,21.9962158203125,66639900
2010-01-27,21.88436782351041,22.23481544588049,21.638308552019794,22.122970581054688,63949500
2010-01-28,22.24972052236596,22.272090056210743,21.541367594639713,21.74268913269043,117513700
2010-01-29,22.294468837768452,22.309381867468858,20.624247910312228,21.011978149414062,193888500
2010-02-01,21.16856055743244,21.23566776846428,20.81811289485433,21.183473587036133,85931100
2010-02-02,21.15364313097987,21.2505749523699,20.982146182083063,21.220748901367188,54413700
2010-02-03,21.071625489566784,21.466812180570194,20.967237142661364,21.347509384155273,61397900
2010-02-04,21.16109504188566,21.250571759264652,20.736083834249833,20.758453369140625,77850000
2010-02-05,20.87776427703524,21.08654243179213,20.557141240945484,20.892677307128906,80960100
2010-02-08,20.885216174115737,20.93741034571801,20.55713669552137,20.668981552124023,52820600
2010-02-09,20.85538970627732,21.131275007789572,20.691350681330665,20.885215759277344,59195800
2010-02-10,20.900120612258647,21.056703062719787,20.758449760281476,20.87029457092285,48591300
2010-02-11,20.82556844954865,21.1760160959703,20.654072883566865,20.967239379882812,65993700
2010-02-12,20.736090499344357,20.922499083464782,20.56459494327788,20.8255672454834,81117200
2010-02-16,21.072771821259913,21.252562107713388,20.990369487873135,21.237579345703125,51935600
2010-02-17,21.37242678858495,21.462320525868176,21.245076136737723,21.417373657226562,45882900
2010-02-18,21.417376185857226,21.746989928760165,21.357446544314453,21.702041625976562,42856500
2010-02-19,21.56720406794074,21.664589213468894,21.492291648161473,21.552221298217773,44451800
2010-02-22,21.6046453428082,21.679557713278665,21.462311981797775,21.522241592407227,36707100
2010-02-23,21.484793610511073,21.59716149096736,21.042812042392562,21.22260093688965,52266200
2010-02-24,21.364931948514258,21.567194967925193,21.260054033541017,21.44733428955078,43165900
2010-02-25,21.1776557939994,21.462321209578256,20.9903755017189,21.42486572265625,48735300
2010-02-26,21.462319785960457,21.612144581380917,21.357443286467216,21.47730255126953,40370600
2010-03-01,21.552210269835125,21.76196322328268,21.37242141166515,21.739490509033203,43805400
2010-03-02,21.784434269868854,21.949240342556642,21.15517264130147,21.319978713989258,93123900
2010-03-03,21.35743561380555,21.4323479846035,21.237576392062678,21.319978713989258,48442100
2010-03-04,21.319983658310743,21.462317052951953,21.177651692504494,21.44733428955078,42890600
2010-03-05,21.469811908780976,21.48479467460658,21.290023005379336,21.417373657226562,56001800
2010-03-08,21.364931948514258,21.672071454063474,21.349949185113086,21.44733428955078,39414500
2010-03-09,21.394893383784183,21.806910753029094,21.387402003015936,21.574682235717773,50271600
2010-03-10,21.61963926187735,21.806919570302938,21.574690959093747,21.702041625976562,44891400
2010-03-11,21.64210254822615,21.866839677650077,21.612138454937135,21.85934829711914,35349700
2010-03-12,21.96423046216979,22.009177328175326,21.754477468253885,21.926774978637695,31700200
2010-03-15,21.859353425809097,22.001686831622028,21.732002784573336,21.941757202148438,37512000
2010-03-16,22.03913966695157,22.091577907837845,21.874333562904003,22.001684188842773,36723500
2010-03-17,22.099066100800577,22.37624145685382,22.02415372655635,22.19645118713379,50385700
2010-03-18,22.19645411207557,22.263875114896322,22.09906901290942,22.181472778320312,43845200
2010-03-19,22.293846937173235,22.398723447257765,21.986707361495437,22.16649627685547,81332100
2010-03-22,22.09907023199094,22.248895008487573,22.016666462034294,22.173982620239258,37718200
2010-03-23,22.166491301915414,22.398718420197778,22.031649288449856,22.38373565673828,42026600
2010-03-24,22.263875466400307,22.36126199593889,22.173981747109977,22.211437225341797,33987700
2010-03-25,22.346273368802564,22.90062258839865,22.32379923046039,22.481115341186523,73168700
2010-03-26,22.54104962228672,22.623453384461616,22.166489145251493,22.21892738342285,55595500
2010-03-29,22.25639002011784,22.33879380880442,22.136530743211154,22.16649627685547,33336000
2010-03-30,22.19646025746779,22.36875921728796,22.09907513133924,22.30133819580078,34954800
2010-03-31,22.20394843807347,22.263878067547058,21.851862043520516,21.941757202148438,63760000
2010-04-01,21.986697529752796,22.129030893245826,21.439839644798845,21.844364166259766,74768100
2010-04-05,21.821897052844633,22.046634240542527,21.746986085780446,21.926774978637695,34331200
2010-04-06,21.836888425903417,22.15901085506664,21.70953773132344,21.9642391204834,47366800
2010-04-07,21.84436857312478,22.144016691849306,21.82938580997982,21.98670196533203,58318800
2010-04-08,21.964230961674556,22.458650785484735,21.94924819638694,22.41370391845703,63713800
2010-04-09,22.436173887663845,22.780768852087537,22.398716981421135,22.728330612182617,54752500
2010-04-12,22.660915856358027,22.84070476937799,22.630950323103733,22.713354110717773,37068800
2010-04-13,22.586000427061453,22.848193092579383,22.571017662440983,22.81073760986328,41374600
2010-04-14,23.065436982252418,23.222751711229645,22.968050449122263,23.087909698486328,68941200
2010-04-15,23.087915015908504,23.185301571467942,23.00551122717902,23.1253719329834,52745400
2010-04-16,23.065431476417654,23.207763408040286,22.923098115960407,22.975536346435547,88703100
2010-04-19,23.050460618576597,23.410038466501575,23.04296923480707,23.252723693847656,64970300
2010-04-20,23.387561339425933,23.552368903715085,23.32014032291404,23.49243927001953,52199500
2010-04-21,23.469955444335938,23.59730604203363,23.3950430758959,23.469955444335938,55343100
2010-04-22,23.25271851490252,23.619787664841805,23.14784059432341,23.514909744262695,84847600
2010-04-23,23.31264785370453,23.657242853066414,22.960560043499537,23.192787170410156,126766600
2010-04-26,23.22275103307052,23.43250542774979,23.11787455014834,23.30515480041504,63649300
2010-04-27,23.185292548891777,23.410028248543906,23.035467796567204,23.110380172729492,68730900
2010-04-28,23.162822039633433,23.222751664194085,22.93808630473973,23.155330657958984,64557900
2010-04-29,23.170313374651034,23.544873884609608,22.97554173801238,23.22275161743164,52665200
2010-04-30,23.275184067225098,23.282675447019926,22.863168180351753,22.878150939941406,63214800
2010-05-03,22.975548340144115,23.267705164637256,22.908127314671027,23.117881774902344,43989500
2010-05-04,22.863174488919743,22.88564720567046,22.28635094506817,22.571016311645508,82085600
2010-05-05,22.301331747009453,22.54105023016304,22.241402126221058,22.36126136779785,66833800
2010-05-06,22.166484483064522,22.383728771058735,20.907961316312676,21.70952033996582,128613000
2010-05-07,21.672065974470037,21.68704873408295,20.465980973488076,21.13269805908203,173718100
2010-05-10,21.731996031182376,22.084082316321712,21.50725891886896,21.67955780029297,86653300
2010-05-11,21.484789700048818,22.211436528321414,21.402385935922855,21.634613037109375,63789400
2010-05-12,21.709532150000342,22.159005158188123,21.664585277832153,22.054128646850586,47146800
2010-05-13,21.91928154589407,22.271367916201925,21.859351920547308,21.904298782348633,45188800
2010-05-14,21.87433255119697,21.881822503404393,21.45482378583961,21.672069549560547,63334000
2010-05-17,21.81439978191409,21.89680210381118,21.31248875523248,21.67955780029297,46053300
2010-05-18,21.724715404546135,21.82253995211755,21.371038838465516,21.52153968811035,52690600
2010-05-19,21.461334087727906,21.58925934627363,20.91200856850066,21.250633239746094,61746700
2010-05-20,20.8066624136478,20.949638074591398,20.347637557906424,20.400312423706055,87991100
2010-05-21,20.03910800633469,20.400309703464345,19.89613379973817,20.197134017944336,117596300
2010-05-24,20.20465820368577,20.212183388179085,19.760682365555514,19.768207550048828,73711700
2010-05-25,19.30166136333928,19.81336256461292,19.09848563307782,19.617712020874023,98373600
2010-05-26,19.738107947023018,20.024059233082514,18.481430770023866,18.820056915283203,176684100
2010-05-27,19.361862934874807,19.83593967590423,19.361862934874807,19.565038681030273,136433600
2010-05-28,19.444632446748564,19.655333313796117,19.309181991881015,19.414531707763672,67496900
2010-06-01,19.21135647511445,19.79830650238432,19.2038312907543,19.482255935668945,76152400
2010-06-02,19.61018219035635,19.926232773045417,19.361856835049387,19.911182403564453,65718800
2010-06-03,19.97890658970665,20.264857853813112,19.87355687939488,20.212182998657227,67837000
2010-06-04,19.640289915606516,19.993965112522297,19.279089531273456,19.407014846801758,89832200
2010-06-07,19.42958460792172,19.437109793648084,18.993133882769545,19.030759811401367,80456200
2010-06-08,19.00065150652433,19.008176689255787,18.549150589609958,18.895301818847656,87355000
2010-06-09,18.978079074899654,19.203830288070503,18.624404040132028,18.654504776000977,87794000
2010-06-10,18.910358879278938,18.92540925121255,18.646984546853055,18.81253433227539,78930900
2010-06-11,18.842636843970535,19.354336620179147,18.639461109652096,19.309186935424805,68057700
2010-06-14,19.45968264564141,19.534931621879483,19.166206184240494,19.18878173828125,50972400
2010-06-15,19.3769097615276,20.05416068943713,19.36938457579409,20.00148582458496,81641500
2010-06-16,19.918710641722754,20.00148625127482,19.73811048611298,19.805835723876953,48698000
2010-06-17,19.98643814001545,20.069213758929696,19.59513847624495,19.843463897705078,47995500
2010-06-18,19.843462369671453,19.963862477757594,19.692961516922523,19.896137237548828,52075600
2010-06-21,20.151984598756854,20.234758762758414,19.482257490090184,19.527408599853516,54625300
2010-06-22,19.68543521140507,19.903661291954013,19.384434958305167,19.39196014404297,55985400
2010-06-23,19.399483402900728,19.399483402900728,18.978081655134744,19.045806884765625,61466200
2010-06-24,19.158684275053673,19.354334804343235,18.759859465790214,18.81253433227539,85243400
2010-06-25,18.850152254816397,18.89530335487553,18.293301604958113,18.458852767944336,156256700
2010-06-28,18.44380333997045,18.519053741950305,18.150328351059265,18.293302536010742,73784800
2010-06-29,18.157856685211733,18.210532984598288,17.39030640996458,17.54080581665039,119882100
2010-06-30,17.5332843501985,17.819235723537865,17.26990997381054,17.315059661865234,81050500
2010-07-01,17.375252164851762,17.54832708983,17.104351283820026,17.427927017211914,92239400
2010-07-02,17.578433095787137,17.668732459682168,17.345156629279536,17.51070785522461,62485100
2010-07-06,17.834280273741516,18.127755303179264,17.743979491839465,17.924579620361328,73592000
2010-07-07,17.92457595512062,18.30082650475886,17.766551413207893,18.285776138305664,79965300
2010-07-08,18.511538394569765,18.526588770019355,18.037461614887278,18.368562698364258,50758100
2010-07-09,18.308358069096133,18.36855812060882,18.17290759437197,18.263208389282227,53806100
2010-07-12,18.38360632996525,18.72975622662727,18.376081145000995,18.684606552124023,49854200
2010-07-13,18.917879798527395,19.038279876276455,18.737279681903804,18.910354614257812,61928700
2010-07-14,19.188790210923216,19.27156584367261,18.90284024322607,19.143640518188477,72808100
2010-07-15,19.18878104422963,19.25650626862007,18.797480066703105,19.196306228637695,56934700
2010-07-16,19.196310711588275,19.29413526117397,18.722234030143156,18.729759216308594,65064800
2010-07-19,18.782435228911833,19.03828583299999,18.744810731074054,18.985610961914062,38181800
2010-07-20,18.707180894923344,19.173730850219727,18.58678081386091,19.173730850219727,45530700
2010-07-21,19.264045893340267,19.301670408301742,18.797494157288458,18.90284538269043,73297300
2010-07-22,19.196315647105436,19.557516064218824,19.166214894704552,19.44464111328125,73016400
2010-07-23,19.44462984198598,19.58008027870887,19.000654048408524,19.422054290771484,108520100
2010-07-26,19.459689120073776,19.715539743197485,19.41453799697004,19.640289306640625,67249900
2010-07-27,19.67038587651058,19.745636302571672,19.534935396657108,19.685436248779297,60672100
2010-07-28,19.617707948815628,19.708008733060016,19.437107815609128,19.527408599853516,69704800
2010-07-29,19.66285731526452,19.87355818501247,19.264032565578876,19.587608337402344,69446200
2010-07-30,19.376904623624533,19.44462984198598,19.075904450508133,19.422054290771484,83534800
2010-08-02,19.557509643947107,19.850984707100395,19.37690949467721,19.8133602142334,55044600
2010-08-03,19.715536993316732,19.828411914767127,19.542460582791467,19.685436248779297,56877700
2010-08-04,19.67791091411356,19.745636153529098,19.14363562014932,19.361860275268555,78531900
2010-08-05,19.18125698925104,19.248982217629276,18.97055611926517,19.090957641601562,64922100
2010-08-06,18.94798708170469,19.233937006327373,18.827586962360122,19.226411819458008,55982100
2010-08-09,19.226405747291672,19.361856197596424,19.090956732269106,19.271556854248047,57096500
2010-08-10,19.06085240418688,19.06837758726224,18.722226342205214,18.865201950073242,87257700
2010-08-11,18.571735260104475,18.73728505566779,18.48143445825377,18.707185745239258,76746900
2010-08-12,18.376081852372014,18.57173236312718,18.330932176130773,18.428756713867188,70240500
2010-08-13,18.32340228259648,18.564202407718216,18.240626701355147,18.361026763916016,45263500
2010-08-16,18.3309352781032,18.51906063543913,18.285784158939126,18.4362850189209,40909700
2010-08-17,18.693498611450195,18.882627499593266,18.6102828818657,18.693498611450195,52912600
2010-08-18,18.670804514151314,18.87506406452821,18.466544963774417,18.776716232299805,46818900
2010-08-19,18.62541752050049,18.716198598168294,18.315244750141055,18.48924446105957,54064600
2010-08-20,18.390889217087842,18.45897571943778,18.307673503167965,18.330368041992188,49560100
2010-08-23,18.48924268937533,18.640544951969925,18.33793898384166,18.368200302124023,51643000
2010-08-24,18.224459263107367,18.421153474383516,18.15637274986028,18.186634063720703,66522500
2010-08-25,18.156367604166757,18.322800454413773,18.05802124787044,18.232019424438477,47404800
2010-08-26,18.22446220948295,18.300114063425887,17.997508090593236,18.02020263671875,49105300
2010-08-27,18.065591704850508,18.171504868945334,17.785681743813207,18.103418350219727,60939400
2010-08-30,17.959679326108596,18.020200513544403,17.853767608830662,17.8840274810791,45453100
2010-08-31,17.85376660334711,17.95211298628956,17.641941737781814,17.75541877746582,66074600
2010-09-01,17.906720786679074,18.11854563246186,17.80837441292128,18.080718994140625,65235900
2010-09-02,18.065590922420352,18.118548223643646,17.93698321961304,18.11098289489746,48837100
2010-09-03,18.337930586875142,18.49679954923306,18.30767072538789,18.375757217407227,64189100
2010-09-07,18.232021306042032,18.383323519261893,18.095848304087134,18.126108169555664,51928700
2010-09-08,18.20933007137557,18.307677906396556,17.959679983694663,18.103418350219727,65512400
2010-09-09,18.300111552161756,18.315240766522933,18.14880786503879,18.163938522338867,46028900
2010-09-10,18.141242657983835,18.17906930148757,17.997505741486382,18.042896270751953,58284300
2010-09-13,18.307668832514214,19.132270534656687,18.224451696886064,18.996097564697266,114680400
2010-09-14,18.94315607507162,19.17767556595926,18.829677552214978,18.935590744018555,87160400
2010-09-15,18.988544800158166,19.079325878223298,18.852371740121253,19.00367546081543,56201900
2010-09-16,18.958277099767567,19.192797932225957,18.95071177198452,19.16253662109375,44548300
2010-09-17,19.215488169267967,19.313835965483605,18.973403506180876,19.079315185546875,70341600
2010-09-20,19.124710762977518,19.306274294668416,18.996103080995795,19.238187789916992,49838700
2010-09-21,19.23062096379082,19.23062096379082,18.97340561987167,19.0263614654541,52675700
2010-09-22,18.829667007030608,18.890188178622093,18.42871478633898,18.617843627929688,94299400
2010-09-23,18.542203031973955,18.602724240217444,18.428725946884846,18.48168182373047,46201800
2010-09-24,18.640539193214277,18.7615815430711,18.595148672752625,18.74645233154297,51948800
2010-09-27,18.799412111002752,18.905323828543505,18.602717890613544,18.708629608154297,43603300
2010-09-28,18.761578373609797,18.837230190224833,18.421147363249712,18.67079734802246,56041200
2010-09-29,18.63297236732674,18.655668347201438,18.458974183769598,18.534626007080078,44318900
2010-09-30,18.617845859488785,18.78427874057959,18.428716995228847,18.527063369750977,61262700
2010-10-01,18.738887751005326,18.776712945740833,18.383324571561346,18.443845748901367,62672300
2010-10-04,18.12611064390072,18.148806628304236,17.98993906629602,18.088285446166992,98143400
2010-10-05,18.2017619343881,18.49680395099711,18.088284901664064,18.421152114868164,78152900
2010-10-06,18.39846462129339,18.56489902616755,18.254726210612823,18.48168182373047,50489700
2010-10-07,18.625409957885335,18.723756325916344,18.368194604033615,18.557323455810547,50096100
2010-10-08,18.625410178436603,18.648104717437846,18.436281324420115,18.587583541870117,41327800
2010-10-11,18.71619540245008,18.71619540245008,18.534631835176533,18.602718353271484,27587800
2010-10-12,18.648105855556036,18.859930704440362,18.481672973321825,18.784278869628906,50141500
2010-10-13,18.92801834162019,19.321406751776976,18.82967051761159,19.170103073120117,75336500
2010-10-14,19.132285068091416,19.17011028050737,18.91289479584868,19.08689308166504,51949100
2010-10-15,19.185224822390097,19.32896166314827,19.086877044041717,19.32139778137207,68954800
2010-10-18,19.35923161053347,19.631577650165067,19.253319903093978,19.53322982788086,48330500
2010-10-19,19.117142590208918,19.19279441122203,18.875057917317726,18.988534927368164,66150900
2010-10-20,19.1095880434099,19.215499786809314,18.98854563868506,19.14741325378418,56283600
2010-10-21,19.21549258958107,19.321405736249638,18.950711887317766,19.230623245239258,50032400
2010-10-22,19.306276312607025,19.32140696923076,19.117147433626794,19.200363159179688,25837900
2010-10-25,19.094448651942592,19.177665808245568,19.04149280445474,19.056623458862305,50912400
2010-10-26,19.003667018550342,19.646703938487246,18.958275056743663,19.593748092651367,69304200
2010-10-27,19.510536839906905,19.752621586436245,19.38192913794583,19.707229614257812,64805500
2010-10-28,19.828266392656783,19.956874058329127,19.608877694120725,19.881223678588867,80730300
2010-10-29,20.53938693615288,20.577213561077386,20.032521705670117,20.176259994506836,114193200
2010-11-01,20.335134747222845,20.592350116747205,20.198963177714695,20.388092041015625,61912100
2010-11-02,20.471310541303396,20.743656603203398,20.44105066939168,20.72096061706543,54402100
2010-11-03,20.773912629933527,20.796608611870546,20.395654921948385,20.448612213134766,110255300
2010-11-04,20.73607780362366,20.751208451219586,20.433472066395,20.531818389892578,93599300
2010-11-05,20.554533314595943,20.569663976143833,20.070363688577885,20.312448501586914,110953700
2010-11-08,20.183830606745918,21.840599696044876,20.108178780017738,20.282176971435547,71670800
2010-11-09,20.282178896368777,20.50913439809312,20.206527062460662,20.388092041015625,58538600
2010-11-10,20.43347761231268,20.48643345033337,20.282173981163545,20.380521774291992,52277300
2010-11-11,20.183835983276367,20.214095856265057,19.881230038694653,20.183835983276367,62073100
2010-11-12,20.024961342282797,20.06278797657963,19.74505146317901,19.873659133911133,64962200
2010-11-15,19.919055621281792,20.047663330553846,19.798013241136207,19.820709228515625,51794600
2010-11-16,19.820708216069345,19.820708216069345,19.52385331438391,19.645639419555664,65339200
2010-11-17,19.714143300395566,19.721755113064173,19.447735664213567,19.46295928955078,58299700
2010-11-18,19.56952398063742,19.851155274067022,19.4934087489367,19.668476104736328,59514000
2010-11-19,19.638036924626178,19.660872374607987,19.485804946830854,19.554309844970703,52423200
2010-11-22,19.523852357503035,19.59235721978028,19.36400864672602,19.584745407104492,53350500
2010-11-23,19.46295079509416,19.485786223133633,19.097592657287674,19.12042808532715,69742500
2010-11-24,19.181326367660997,19.379227657715987,19.15087912192664,19.31072425842285,56825900
2010-11-26,19.188937899500413,19.341171233862635,19.15849210371077,19.219385147094727,21356500
2010-11-29,19.17372155785675,19.348788929344558,18.975818743729405,19.265060424804688,56603600
2010-11-30,19.067144659797954,19.38683338058542,19.029087066386833,19.22698974609375,75282100
2010-12-01,19.462959383047952,19.980551032561166,19.455347570342777,19.820707321166992,74123500
2010-12-02,19.972942752009498,20.536203925559935,19.94249694760938,20.46769905090332,91759200
2010-12-03,20.406801420257437,20.597092373509607,20.38396743502222,20.566646575927734,52622000
2010-12-06,20.49813894428833,20.536196549069658,20.368741055505417,20.42963409423828,36264200
2010-12-07,20.612318315955378,20.6503759301633,20.437250967711073,20.45247459411621,57860500
2010-12-08,20.422022910384346,20.73409992495437,20.399187475731196,20.72648811340332,41666800
2010-12-09,20.764543711594218,20.810213121486967,20.559029189370296,20.6123104095459,47148300
2010-12-10,20.696033147881334,20.855876764207377,20.635140134261324,20.81020736694336,37625800
2010-12-13,20.756936193904423,20.893945903721033,20.68081952713912,20.74171257019043,47943900
2010-12-14,20.787387882912974,21.1223004405478,20.749330264643024,21.02334976196289,64070500
2010-12-15,20.954841645304864,21.304976324988527,20.954841645304864,21.198413848876953,69634200
2010-12-16,21.12990060979934,21.304967880249023,21.053783963402523,21.304967880249023,57680200
2010-12-17,21.251689075469727,21.381086953490243,21.12229119744921,21.236465454101562,87456500
2010-12-20,21.274526937900553,21.304972732310535,21.0690123813659,21.1679630279541,52811000
2010-12-21,21.19841588634392,21.41915267262023,21.12991101602938,21.36587142944336,38153000
2010-12-22,21.32019701746329,21.617050418250535,21.29736158209325,21.45720672607422,42252300
2010-12-23,21.289745858611226,21.55615341509442,21.282134048219778,21.540929794311523,24902500
2010-12-27,21.403930497287547,21.46482355403325,21.22124987524544,21.36587142944336,21652800
2010-12-28,21.28974700118493,21.44198031357518,21.282135190384974,21.320194244384766,23042200
2010-12-29,21.266915162612538,21.403924867202612,21.221244293212777,21.289749145507812,19502500
2010-12-30,21.25169508693274,21.312588137825763,21.145132610821165,21.198413848876953,20786100
2010-12-31,21.160349215128353,21.251689493328865,21.030951334563564,21.244077682495117,24752000
2011-01-03,21.350648340467135,21.449600467551196,21.251697665188097,21.297367095947266,53443800
2011-01-04,21.266917787550682,21.44198511977753,21.19841292680021,21.381092071533203,54405600
2011-01-05,21.23647106289744,21.32019955073156,21.137520401479247,21.31258773803711,58998700
2011-01-06,21.343034029802528,21.959576312301415,21.206024311068383,21.93674087524414,88026300
2011-01-07,21.799730999411906,21.875847670582875,21.502877578830354,21.769285202026367,73762000
2011-01-10,21.51048875219215,21.61705121758338,21.343033242033822,21.48004150390625,57573600
2011-01-11,21.46481565136764,21.50287325339523,21.350639941675958,21.396310806274414,50298900
2011-01-12,21.403922994804514,21.76166939631297,21.365863940300752,21.73122215270996,52631100
2011-01-13,21.563769187525097,21.60943860646052,21.32019701746329,21.45720672607422,67077600
2011-01-14,21.373474321112788,21.601822825638735,21.244076448066913,21.540929794311523,62688400
2011-01-18,21.43437097723492,21.875845891966712,21.419147353877534,21.814952850341797,53322700
2011-01-19,21.6627239564159,21.830180944029316,21.518103860319677,21.67033576965332,50005900
2011-01-20,21.693170951921697,21.731228565852227,21.411539672699078,21.578996658325195,58613600
2011-01-21,21.617057695895443,21.639893138953312,21.327816009521484,21.327816009521484,58080300
2011-01-24,21.32780399609291,21.7388315769768,21.304968565897678,21.601821899414062,52047800
2011-01-25,21.419149482787695,21.65511131286621,21.403927309721965,21.65511131286621,42436600
2011-01-26,21.70077741280127,22.066135642920287,21.693165601531554,21.906291961669922,74628800
2011-01-27,21.883459812720435,22.423885427750893,21.685557045414914,21.97480010986328,146938600
2011-01-28,21.9976274971862,22.0204629275737,20.893941160935125,21.122289657592773,141249400
2011-01-31,21.137520080515667,21.23647074043134,20.871112447474516,21.107072830200195,65029000
2011-02-01,21.1603463972755,21.35824909718551,21.01572636610625,21.304967880249023,62810700
2011-02-02,21.259294929729844,21.39630458004711,21.221235886972806,21.26690673828125,45824000
2011-02-03,21.289747143055703,21.289747143055703,20.962447987303197,21.046175003051758,60340100
2011-02-04,21.084236698252997,21.1907991599013,20.939615177584123,21.13751792907715,40412200
2011-02-07,21.16034852358869,21.57137758435149,21.152738164808124,21.464815139770508,68980900
2011-02-08,21.388697563857328,21.57137665461017,21.35063851257276,21.525707244873047,34904200
2011-02-09,21.457206096364395,21.510487325526174,21.244079727912656,21.289749145507812,52905100
2011-02-10,21.25930366440655,21.266915476085376,20.772159331398804,20.932003021240234,76672400
2011-02-11,21.12990626406927,21.16796387154959,20.60470286037382,20.74171257019043,83939700
2011-02-14,20.711264490301218,20.75693535960752,20.51336319719234,20.72648811340332,56766200
2011-02-15,20.703519736693014,20.925561156299683,20.634609978101295,20.64226531982422,44116500
2011-02-16,20.71118039287396,20.726494001020605,20.3666329718907,20.68821144104004,70817900
2011-02-17,20.649927907677927,20.956194236289605,20.60398854254061,20.83368682861328,57207300
2011-02-18,20.772422433868286,20.83367537383529,20.665230154022343,20.718826293945312,68667800
2011-02-22,20.504450801181882,20.74946266939249,20.305378293164278,20.35897445678711,60889000
2011-02-23,20.313035096594103,20.565703768234535,20.236468522681804,20.35897445678711,60234100
2011-02-24,20.39724537544769,20.71882363408696,20.290053109362965,20.496782302856445,64494200
2011-02-25,20.60398338772803,20.634610597081156,20.29006179378709,20.328344345092773,53006300
2011-02-28,20.435535993912524,20.565698699366195,20.29771648691622,20.3513126373291,51379900
2011-03-01,20.366627552843042,20.50444706872046,20.022078763149505,20.029735565185547,60055000
2011-03-02,19.99145719680128,20.19052971021934,19.93786103172449,19.968486785888672,48658200
2011-03-03,20.10630312364319,20.213495436699635,20.045050164698694,20.06036376953125,68271500
2011-03-04,20.075673878172495,20.090987481452153,19.7540955112276,19.868946075439453,70437200
2011-03-07,20.00676017212346,20.113953913522895,19.56267598742667,19.692838668823242,64980400
2011-03-08,19.731123677255987,19.922539309063936,19.639243531418604,19.838315963745117,50549800
2011-03-09,19.761758426632333,19.891921174007166,19.646909287274784,19.82301139831543,39789100
2011-03-10,19.616281970264616,19.685190280085543,19.409552659644064,19.45549201965332,66549500
2011-03-11,19.455483155395065,19.792375049536286,19.4172006162272,19.662212371826172,49905800
2011-03-14,19.51674485976345,19.72347416904197,19.4095525336424,19.669878005981445,54473400
2011-03-15,19.20282474375817,19.501432796085666,19.141571772501607,19.4401798248291,76067300
2011-03-16,19.31001339275064,19.35595420771408,18.896556280779922,18.98077964782715,100725400
2011-03-17,19.187500471066418,19.31000634548843,18.95014552192192,18.973115921020508,62497000
2011-03-18,19.1875120915322,19.279392283186393,18.988439559936523,18.988439559936523,85486700
2011-03-21,19.279392189289,19.585657059334533,19.2564217763908,19.394241333007812,46878100
2011-03-22,19.371259689331055,19.493765566324647,19.317663550694515,19.371259689331055,30895600
2011-03-23,19.31766673966428,19.608619340843592,19.27938419442855,19.555023193359375,43969000
2011-03-24,19.600966514565354,19.807695805685746,19.524399948181603,19.761754989624023,38696700
2011-03-25,19.85363656765441,19.868950174093026,19.59331109974149,19.616281509399414,57029800
2011-03-28,19.64690772347548,19.69284708348474,19.43252160945573,19.45549201965332,48973200
2011-03-29,19.4018916933761,19.539711204219255,19.371264486350682,19.516740798950195,40763500
2011-03-30,19.600962888680844,19.692841583036536,19.524396336460757,19.608619689941406,41999300
2011-03-31,19.60096978711885,19.662222758375414,19.40189726543851,19.4401798248291,63233700
2011-04-01,19.547370622793593,19.547370622793593,19.378923882374956,19.50908660888672,63114200
2011-04-04,19.486123696756458,19.64691222381217,19.455496476144177,19.56268882751465,35433700
2011-04-05,19.769406717802678,20.04504570187764,19.708153772495507,19.738780975341797,73651100
2011-04-06,19.891918644300368,20.144587302908864,19.8000399286532,20.02208137512207,65581400
2011-04-07,20.052706967114972,20.10630312364319,19.884260234728295,20.06036376953125,46134700
2011-04-08,20.037395352510014,20.121618727068896,19.87660540656905,19.96082878112793,39887600
2011-04-11,20.052708121600535,20.09864747835732,19.754098651716866,19.891918182373047,34286300
2011-04-12,19.77706428053205,19.79237788254523,19.562678233503878,19.631587982177734,36920400
2011-04-13,19.6392473961649,19.807694119950643,19.570337638322673,19.623933792114258,38144700
2011-04-14,19.46314811706543,19.478461723308353,19.210479455600673,19.46314811706543,55239900
2011-04-15,19.493770202318505,19.570336758744816,19.279385596787556,19.424861907958984,65080400
2011-04-18,19.21812961046687,19.355949098204633,18.92717703404596,19.202816009521484,58045100
2011-04-19,19.1415672096202,19.27172992506104,19.042031702699873,19.25641632080078,38892400
2011-04-20,19.55502542506559,19.907229554662976,19.532055019071375,19.72347068786621,61608600
2011-04-21,19.74644026262376,19.82300535861012,19.417205092494264,19.539710998535156,46892300
2011-04-25,19.570335683638604,19.616276491201965,19.401890437062825,19.608619689941406,33525100
2011-04-26,19.70815135489669,20.244115655876737,19.654555216875732,20.05270004272461,69200000
2011-04-27,20.136933900153206,20.205843678717468,20.006771147352502,20.19818687438965,52689000
2011-04-28,20.259435752097463,20.573358824517253,20.213496395805755,20.450851440429688,80200000
2011-04-29,20.32834660848528,20.397256376816625,19.41720893456797,19.845979690551758,319317900
2011-05-02,19.861293921321064,19.907233281524213,19.509088265401104,19.646907806396484,89825600
2011-05-03,19.600966514565354,19.79238220033184,19.51674314550465,19.761754989624023,71892900
2011-05-04,19.79238230049482,20.098647107193948,19.746442944586395,19.953170776367188,73292300
2011-05-05,19.945515748932145,19.96848615912377,19.662221325165078,19.746444702148438,55600000
2011-05-06,19.960828980046895,20.075678108071607,19.71581711749127,19.807697296142578,55993000
2011-05-09,19.754100588322284,19.87660652527421,19.654565062193583,19.777070999145508,38696400
2011-05-10,19.43251722182699,19.79237959840704,19.332981720883193,19.654560089111328,120798700
2011-05-11,19.639251084131978,19.646907887595138,19.302359033682706,19.41720962524414,78600000
2011-05-12,19.40954228207143,19.440168018907837,19.2181266805922,19.386571884155273,77400000
2011-05-13,19.35595695284451,19.38658270677784,19.10328827625422,19.164541244506836,66812300
2011-05-16,19.110936261335986,19.19515960790031,18.758732194585892,18.812328338623047,91350900
2011-05-17,18.804629460241944,19.035834806408378,18.704441505874033,18.897111892700195,82882100
2011-05-18,18.904820636239165,19.066663070589005,18.689029253814176,19.02812957763672,53931100
2011-05-19,19.151428394314696,19.174547889880152,18.881689676374933,19.051239013671875,37783600
2011-05-20,19.051241640775086,19.166845014374704,18.835451812632776,18.873985290527344,45451500
2011-05-23,18.658203059701215,18.689031032964618,18.519481589891917,18.627376556396484,52692500
2011-05-24,18.650490594937374,18.719852039006167,18.527181687694657,18.611955642700195,47691800
2011-05-25,18.627368231560737,18.73526314984553,18.61966124168925,18.64278221130371,34904200
2011-05-26,18.766100284056833,19.290164091868064,18.742979303138547,19.012718200683594,78016600
2011-05-27,19.020422555763357,19.18997198243426,18.997301578052472,19.082077026367188,50251000
2011-05-31,19.236209077753312,19.31327751991537,19.035833186073532,19.274744033813477,60196300
2011-06-01,19.259326577951967,19.344101996036734,18.781504968647653,18.82774543762207,74033500
2011-06-02,18.873983566253166,18.997292448200177,18.635072791225557,18.6658992767334,51487800
2011-06-03,18.53488926203415,18.60425071378888,18.37304685457863,18.42699432373047,60697700
2011-06-06,18.411582125315373,18.689027959220393,18.319101160652654,18.504064559936523,54778700
2011-06-07,18.56571970135073,18.627374170020232,18.419289787026226,18.542598724365234,41112600
2011-06-08,18.41928533464665,18.511767750274945,18.388458842742637,18.45011329650879,42205000
2011-06-09,18.50405771209405,18.52717867968251,18.3576278572829,18.46552276611328,42878700
2011-06-10,18.51176998947184,18.51176998947184,18.257445153178374,18.272857666015625,49327200
2011-06-13,18.334503724648968,18.642775864773807,18.26514230937619,18.52717399597168,47572500
2011-06-14,18.727553717706904,18.843157080745325,18.642779780091974,18.6658992767334,42894500
2011-06-15,18.49635398334179,18.504060973896497,18.242029174869167,18.295976638793945,49410200
2011-06-16,18.303684691588085,18.573423496824187,18.226616251526593,18.496355056762695,57184100
2011-06-17,18.665901700565396,18.72755614954495,18.480938353626748,18.69672966003418,83320400
2011-06-20,18.627370074388388,19.00500379570293,18.61966308375444,18.85857391357422,54338400
2011-06-21,18.897113614555696,19.159145482111608,18.804631173670685,19.082077026367188,49708700
2011-06-22,18.95875999583855,19.12060236088428,18.951053006556673,18.99729347229004,44287300
2011-06-23,18.835457474056074,18.99729989380821,18.65049407864289,18.98188591003418,59470400
2011-06-24,18.889403924280234,18.91252489868908,18.642786077085837,18.72756004333496,101387200
2011-06-27,18.6736111496724,19.621548978806853,18.6736111496724,19.421173095703125,92044200
2011-06-28,19.498234818766374,19.97605783519938,19.390339915360585,19.883575439453125,81032100
2011-06-29,19.814219674625644,19.814219674625644,19.54448233899861,19.74485969543457,66051000
2011-06-30,19.83734235290187,20.0377197265625,19.77568788946463,20.0377197265625,52535400
2011-07-01,19.983765855916477,20.168729187002196,19.9144044230146,20.05312728881836,52906200
2011-07-05,20.114791903152774,20.153325398711775,19.960654980999504,20.06084442138672,37805300
2011-07-06,20.01459787758127,20.32287165126475,20.00689088624335,20.292043685913086,48744200
2011-07-07,20.415348451589413,20.71591370279266,20.315160524507665,20.631139755249023,51946500
2011-07-08,20.453883978819665,20.79298271849907,20.43076300885869,20.746742248535156,58320700
2011-07-11,20.515537430785333,20.654258833929006,20.415348035786163,20.523242950439453,43999800
2011-07-12,20.461593460974157,20.646558316561954,20.299751049782735,20.453887939453125,47319300
2011-07-13,20.50012345156116,20.77756772780647,20.430762015010338,20.523242950439453,40861800
2011-07-14,20.515543901407426,20.816109241287595,20.315166518167835,20.399940490722656,46382300
2011-07-15,20.39993884163071,20.754453097152787,20.39993884163071,20.638851165771484,49132400
2011-07-18,20.523244780423642,20.731329108630234,20.238093489140322,20.49241828918457,44501900
2011-07-19,20.66197256251519,21.30163820936795,20.638853056096387,21.224571228027344,86730600
2011-07-20,21.02418221704453,21.078129662135407,20.792976990995246,20.854631423950195,49795400
2011-07-21,20.839232763394612,21.04731569414064,20.53866591683505,20.885473251342773,81737400
2011-07-22,20.7005087950661,21.232278054790843,20.561785868195805,21.21686553955078,76380600
2011-07-25,21.00877532097009,21.648440829669834,20.954827857699698,21.50971794128418,108482400
2011-07-26,21.440354488181054,21.69467926973908,21.409527999182682,21.640731811523438,74636500
2011-07-27,21.48659929874062,21.57137473304433,20.962537120200164,21.062725067138672,71488700
2011-07-28,21.031893341115264,21.63302381315706,20.97023742607721,21.363285064697266,83761400
2011-07-29,21.20915302567806,21.355581437070136,21.008775680135155,21.116670608520508,104394800
2011-08-01,21.201448600975414,21.340171508521507,20.615730474646533,21.0164852142334,61838400
2011-08-02,20.792985440736114,21.15520666775687,20.623436048698846,20.65426254272461,63883100
2011-08-03,20.67738080861027,20.808396698473054,20.407642038897716,20.746742248535156,64581200
2011-08-04,20.446174304082835,20.70820604940149,19.983765255287693,19.991472244262695,92949500
2011-08-05,20.014594471927722,20.114783872314263,19.444290439588634,19.79109764099121,112071700
2011-08-08,19.28245019723353,19.729445378634132,18.79692006142706,18.866281509399414,134257200
2011-08-09,19.043543245869117,19.74486491372351,18.519480948178447,19.71403694152832,126268900
2011-08-10,19.22849887018721,19.336393780943304,18.5734194764011,18.650487899780273,127819900
2011-08-11,18.881694905243997,19.559893912201783,18.80462646878198,19.41346549987793,90690100
2011-08-12,19.367220450409018,19.529064288022713,18.997293778660463,19.344100952148438,64787100
2011-08-15,19.45199754136634,19.71402932394075,19.382636100687343,19.66008186340332,56529400
2011-08-16,19.55926200148283,19.84621456105338,19.42741917344815,19.660083770751953,54251500
2011-08-17,19.58253288269043,19.93152910991806,19.334358445211375,19.58253288269043,50923700
2011-08-18,19.05515844862014,19.45844258533623,18.636364521442736,19.132713317871094,105714200
2011-08-19,18.931067611494274,19.09393295354675,18.54329481899462,18.651870727539062,77397900
2011-08-22,18.938822318294278,18.99311026991053,18.450229274512278,18.59758186340332,54721000
2011-08-23,18.636364232438854,19.194756619761474,18.636364232438854,19.171489715576172,59670600
2011-08-24,19.117204015894412,19.334357376301313,18.938828833722447,19.31109046936035,45329700
2011-08-25,19.45068712043557,19.512730720531216,19.00087064993313,19.055158615112305,48192000
2011-08-26,19.00862912621103,19.652332128135956,18.938829880765503,19.58253288269043,71957000
2011-08-29,19.799685124676486,20.05561518361945,19.675597913021488,20.040103912353516,38863200
2011-08-30,19.954792644933722,20.49767528481962,19.931527218150965,20.342565536499023,57341400
2011-08-31,20.38909407051684,20.714821795045488,20.365827170520877,20.629512786865234,59300800
2011-09-01,20.520941429987104,20.83116093748827,20.327054977416992,20.327054977416992,60510800
2011-09-02,19.993571095185505,20.16419063728364,19.900504949072573,20.00908088684082,43894400
2011-09-06,19.54374952390435,19.84621183164261,19.47395030223616,19.784168243408203,54929300
2011-09-07,19.923780937633218,20.164199829101562,19.83071474909621,20.164199829101562,41961000
2011-09-08,20.164192605553964,20.676052761048346,20.125415903776286,20.33481216430664,65811900
2011-09-09,20.164185520259725,20.30378396438541,19.776412721793193,19.962543487548828,64529200
2011-09-12,19.729883713031466,20.109900941829515,19.598040880245527,20.07887840270996,55046100
2011-09-13,20.10214337400061,20.311541055213393,20.01683287886149,20.195209503173828,48792300
2011-09-14,20.29602433201615,20.784617310953557,20.078871075135332,20.55195426940918,66739200
2011-09-15,20.730338055557677,20.963002673857787,20.40460877332646,20.93198013305664,67808300
2011-09-16,20.97850932880393,21.14913031923063,20.80788981761317,21.032798767089844,89681500
2011-09-19,20.784626444177697,21.18015497199555,20.629518174735292,21.10260009765625,52324900
2011-09-20,21.180151041174703,21.32750512714833,20.885444348463366,20.92422103881836,49211900
2011-09-21,20.97850321474697,20.98625884652748,20.14091421251319,20.15642547607422,72750700
2011-09-22,19.621301882371352,19.892743121535617,19.078420883278575,19.435171127319336,96278300
2011-09-23,19.31108395728466,19.50497034536831,19.14822010132755,19.435171127319336,64768100
2011-09-26,19.535998655886633,19.791928704687063,19.179246827089447,19.72988510131836,51057600
2011-09-27,19.900502803500764,20.102144865641915,19.737638914407555,19.90825843811035,55620700
2011-09-28,20.109904173563212,20.451144762536483,19.784174856642434,19.838462829589844,60736200
2011-09-29,20.148676743984865,20.296030839803368,19.458441550746418,19.737638473510742,63407300
2011-09-30,19.543751599393673,19.776414710171892,19.295575740864663,19.30333137512207,54060500
2011-10-03,19.171486277961407,19.652325190253215,19.016378048913193,19.024133682250977,64592500
2011-10-04,18.84576023943387,19.69110518517727,18.81473918010801,19.652328491210938,83485400
2011-10-05,19.71437244347169,20.288276104058706,19.512730376902834,20.07887840270996,94061300
2011-10-06,20.086638719815998,20.47441167378633,19.931530425769722,20.427879333496094,55111400
2011-10-07,20.427873418073812,20.559716243414663,20.319297495758757,20.358074188232422,52741600
2011-10-10,20.613997371786365,20.916459614686563,20.52868690153841,20.8931941986084,41815300
2011-10-11,20.831153787733964,20.994017641960657,20.72257640568043,20.939729690551758,38826200
2011-10-12,21.079325704508726,21.180145962799532,20.86217244457433,20.90870475769043,52489800
2011-10-13,20.753606854435503,21.094847438197448,20.645030910198823,21.079336166381836,43823500
2011-10-14,21.180154744111217,21.327508855846833,20.955247238106917,21.149133682250977,50947700
2011-10-17,21.02504280051881,21.26546153503879,20.823400756353827,20.92422103881836,39453300
2011-10-18,20.893205572198937,21.24995595246565,20.784628147531244,21.180156707763672,52487900
2011-10-19,21.226682466645627,21.30423583866726,20.947485593813333,21.040550231933594,42880000
2011-10-20,21.141372207257287,21.203415793076115,20.474402550278068,20.970752716064453,76300200
2011-10-21,21.056069971129574,21.0870925158105,20.784628622116855,21.063825607299805,76620600
2011-10-24,20.98626966006154,21.249955359525508,20.97075986774434,21.08709144592285,56897800
2011-10-25,21.001773215909022,21.11810475134924,20.72257634746392,20.792375564575195,53554600
2011-10-26,20.96300380033903,20.986269227953933,20.241745959552205,20.621763229370117,63029900
2011-10-27,21.04054748123659,21.2499451084856,20.668286018950944,21.13361358642578,74512400
2011-10-28,21.04830822303744,21.08708639262835,20.77686843208065,20.92422103881836,57712100
2011-10-31,20.753608048247568,20.939738883032824,20.64503209776526,20.652786254882812,46799000
2011-11-01,20.31153515321346,20.412355407889105,20.05560522139857,20.15642547607422,61182600
2011-11-02,20.24174480925004,20.319299681776975,19.931526798378453,20.171945571899414,53533100
2011-11-03,20.35032443625354,20.621765799738654,20.14868232278564,20.575233459472656,65836100
2011-11-04,20.458894476205543,20.474405744889406,20.16418776739211,20.358074188232422,36549200
2011-11-07,20.327055750619184,20.800139186241037,20.265012142606178,20.78462791442871,42589700
2011-11-08,20.947494023219026,21.09484815198073,20.699319582717003,21.063825607299805,47822500
2011-11-09,20.62175626658964,20.74584343609283,20.210716593087977,20.319293975830078,62950900
2011-11-10,20.528692633948786,20.551959535759483,20.257252842336925,20.38134002685547,32514400
2011-11-11,20.61400406739459,21.00177690649474,20.606248433104266,20.86993408203125,37903000
2011-11-14,20.846671468424862,20.939737619821372,20.668296280754205,20.75360679626465,34199200
2011-11-15,20.753599328077613,21.050526665068627,20.628577762094434,20.894248962402344,43874200
2011-11-16,20.683287370391454,20.714543526507537,20.34729263439689,20.3707332611084,53262800
2011-11-17,20.32383555211021,20.34727765193598,19.87844608804182,19.956584930419922,70977500
2011-11-18,19.909700212690325,19.925328278834176,19.65184308281451,19.76905059814453,47626200
2011-11-21,19.722177494494826,19.72999153137207,19.456506202169113,19.534645080566406,61882500
2011-11-22,19.448687525018965,19.503384279734398,19.261155155833993,19.37055015563965,49204500
2011-11-23,19.229905127413403,19.370554810696216,19.12051010131836,19.12051010131836,49099700
2011-11-25,19.050179777851618,19.276782311350793,18.987668991088867,18.987668991088867,26164600
2011-11-28,19.487748792703158,19.511189396652902,19.29240247779339,19.43305206298828,46766700
2011-11-29,19.393990308032276,19.565896093468748,19.339293554620582,19.409618377685547,40917100
2011-11-30,19.823756091018886,19.995660410445893,19.644036245282734,19.98784637451172,81350900
2011-12-01,19.972220294010746,20.026917060628666,19.69092242420785,19.753433227539062,48545400
2011-12-02,19.99566014771317,20.019102255207684,19.65966405883318,19.706546783447266,52293800
2011-12-05,20.1441166853056,20.159743261037473,19.925328230940874,20.081605911254883,56818400
2011-12-06,20.16756538064835,20.214449597766293,20.011289128046908,20.050357818603516,46175300
2011-12-07,20.05816621471238,20.12849103023992,19.800309054569585,20.003469467163086,62667000
2011-12-08,19.909701635602104,20.097233971607636,19.82375024641698,19.847190856933594,60522200
2011-12-09,19.94095629704716,20.214441492409463,19.925328230940874,20.081605911254883,53788500
2011-12-12,19.85500857001029,19.98003015051578,19.76124312981857,19.933147430419922,38945900
2011-12-13,20.120674507626767,20.39415970192182,20.042535667774693,20.128488540649414,54581100
2011-12-14,20.09724410421776,20.20663913982324,19.98003652141751,19.995664596557617,47926400
2011-12-15,20.097241068649627,20.222262670136168,19.956592884758557,19.972219467163086,46213900
2011-12-16,20.058177017992563,20.448869985627496,20.02692086520158,20.3160343170166,101408100
2011-12-19,20.331651148089023,20.409789996472927,19.894074193288986,19.948772430419922,52258300
2011-12-20,20.206636178543288,20.394168581615897,20.167565996418748,20.3394718170166,60767600
2011-12-21,20.323834895092393,20.464484508751244,19.878445445422308,20.128488540649414,64132500
2011-12-22,20.1753765198055,20.206632660062652,19.909705289118882,20.16756248474121,35794100
2011-12-23,20.24570487029277,20.34728585344151,20.105055195394545,20.3394718170166,23205800
2011-12-27,20.2847701288489,20.425419779942196,20.261329513916554,20.34728240966797,21287200
2011-12-28,20.401981370782465,20.433236024196308,20.128496074130226,20.175378799438477,29822500
2011-12-29,20.276951134979377,20.3550884804018,20.206626331799733,20.331647872924805,22616900
2011-12-30,20.31603474842541,20.409801718414098,20.245709893527746,20.284778594970703,27395700
2012-01-03,20.74578640423985,21.06615437051495,20.62076483156541,20.917692184448242,64731500
2012-01-04,20.956767519773923,21.464668006294417,20.925512861870832,21.409971237182617,80516100
2012-01-05,21.39433897439133,21.667824256781675,21.324015635283708,21.628755569458008,56081400
2012-01-06,21.511542953226243,22.027257254447292,21.511542953226243,21.964746475219727,99455500
2012-01-09,21.9178692667031,21.956939447671164,21.66001203381395,21.675640106201172,59706800
2012-01-10,21.824099464298392,21.996003755177902,21.683449821590283,21.753774642944336,60014400
2012-01-11,21.43340832376057,21.863169829211635,21.38652560270905,21.660009384155273,65582400
2012-01-12,21.777218055498324,21.894425601340117,21.60531226391387,21.87879753112793,49370800
2012-01-13,21.824097425198342,22.074140548706055,21.714703931257365,22.074140548706055,60196100
2012-01-17,22.191346535048098,22.386692898015728,22.01162823880775,22.081953048706055,72395300
2012-01-18,22.12103207653813,22.19135691934447,21.85536077935309,22.058521270751953,64860600
2012-01-19,22.00382507783497,22.222613648999953,21.90224557466475,21.972570419311523,74053500
2012-01-20,22.519536802880737,23.23841174375991,22.46484003950542,23.214969635009766,165902900
2012-01-23,23.089944981861397,23.402500429024357,22.933668748654746,23.230594635009766,76078100
2012-01-24,23.0274332019529,23.105572060389193,22.80083215189988,22.925853729248047,51703300
2012-01-25,22.714880459655447,23.16808407409986,22.714880459655447,23.097759246826172,59231700
2012-01-26,23.13683143009775,23.207156263471145,22.972739655434836,23.050878524780273,49102800
2012-01-27,23.011816366628313,23.074327181771814,22.79302776843837,22.83991050720215,44187700
2012-01-30,22.63673968490563,23.14464150350628,22.52734618077612,23.13682746887207,51114800
2012-01-31,23.175897407126854,23.207153547356867,22.8399013515282,23.074317932128906,50572400
2012-02-01,23.277482048377443,23.480641030455313,23.25403993950306,23.355619430541992,67409900
2012-02-02,23.363428072802275,23.57440253283791,23.21496439829112,23.402498245239258,52223300
2012-02-03,23.550967643172783,23.754128130950253,23.51189894914352,23.629106521606445,41838500
2012-02-06,23.472821606884636,23.61346974779524,23.418123368871264,23.597843170166016,28039700
2012-02-07,23.558777735000522,23.824448982961712,23.48063886965166,23.715055465698242,39242400
2012-02-08,23.644729069702457,23.96509705507431,23.61347292948335,23.95728302001953,49659100
2012-02-09,23.972909052319707,24.066674484256932,23.816631345258106,24.04323387145996,50481600
2012-02-10,23.941653635849047,24.066675209113946,23.722866627822828,23.832260131835938,44605300
2012-02-13,23.93383643882305,24.043231418756413,23.777560238078202,23.89476776123047,33319800
2012-02-14,23.855442831389322,23.95769101983631,23.477908981481132,23.79252052307129,59644000
2012-02-15,23.855444604855837,23.90263596455613,23.6194863061681,23.635215759277344,43311300
2012-02-16,23.839715330757993,24.815012000983224,23.831849853556214,24.610515594482422,94705100
2012-02-17,24.539739418434213,24.634122189169283,24.343106895851204,24.579065322875977,70036500
2012-02-21,24.523994846795368,24.86220283797684,24.500398417113082,24.728492736816406,50829900
2012-02-22,24.73636128561239,24.91726276841895,24.523997892655235,24.594785690307617,49253200
2012-02-23,24.539732701809253,24.846478873021198,24.382426126723463,24.673442840576172,35034700
2012-02-24,24.759950637817383,24.775681589347347,24.571183720016116,24.759950637817383,35575400
2012-02-27,24.571194166389454,24.77569212266241,24.46108045923738,24.657712936401367,34568400
2012-02-28,24.704895571597657,25.113891339462743,24.681299142617906,25.066699981689453,45230600
2012-02-29,25.082431899653457,25.168950647564095,24.862204541606545,24.964452743530273,59323600
2012-03-01,25.113888300701053,25.475691166828756,25.05096599788815,25.39703941345215,77344100
2012-03-02,25.41277401766487,25.515020711679522,25.16894874654858,25.23187255859375,47314200
2012-03-05,25.176812963694438,25.208274870017966,24.870068378157587,25.011642456054688,45240000
2012-03-06,24.807148429436854,25.153220430853462,24.767821042785144,24.822877883911133,51932900
2012-03-07,24.909395968433156,25.106028395875732,24.79928228912495,25.043106079101562,34340400
2012-03-08,25.200420601372866,25.33412925419656,25.090305387007998,25.176822662353516,36747400
2012-03-09,25.247602376365133,25.29479523888532,25.106028289363653,25.16108512878418,34628400
2012-03-12,25.145356313303,25.326259301310703,25.02737714734075,25.200414657592773,34073600
2012-03-13,25.357721618651656,25.711657622023193,25.286933817902742,25.695926666259766,48951700
2012-03-14,25.585811543613026,25.861098753498784,25.554352634220734,25.774580001831055,41986900
2012-03-15,25.79030594872152,25.908283586872503,25.62513545508678,25.837495803833008,49068300
2012-03-16,25.884686745981817,25.916148647312067,25.562209758276897,25.64086151123047,65626400
2012-03-19,25.59367793178751,25.648734772422067,25.286931819574193,25.326257705688477,44789200
2012-03-20,25.247602376365133,25.286931261984982,24.964452702175812,25.16108512878418,41566800
2012-03-21,25.13748758088792,25.28693013871041,25.027373906938248,25.098161697387695,37928600
2012-03-22,25.019509967726094,25.23973882934547,25.003780513471156,25.1689510345459,31749500
2012-03-23,25.247610478664203,25.25547745846188,24.948729754386626,25.176822662353516,35912200
2012-03-26,25.318390152359502,25.648734189025742,25.2869312444073,25.63300323486328,36758300
2012-03-27,25.680201153275,25.719527046237282,25.48356868809027,25.577951431274414,36274900
2012-03-28,25.577946133036452,25.71952171867323,25.200412238129267,25.318389892578125,41344800
2012-03-29,25.216146314167528,25.318393027274606,25.019512365181612,25.263336181640625,37038500
2012-03-30,25.48356984607959,25.491433824880065,25.20041860328728,25.37345314025879,31749400
2012-04-02,25.34198258601411,25.530747994266797,25.12961925145079,25.39703941345215,35853600
2012-04-03,25.294799252172382,25.3183941869897,24.901534336560015,25.121763229370117,42752100
2012-04-04,24.90153114180289,24.925127573779488,24.421747526250225,24.547592163085938,49455900
2012-04-05,24.500403292991134,24.877937241924005,24.421750011916814,24.791419982910156,50368600
2012-04-09,24.555446068063226,24.697021592829113,24.35881372815187,24.461063385009766,31056400
2012-04-10,24.429617473595044,24.53186719734975,23.83185458915629,23.965564727783203,54131300
2012-04-11,23.934101904287346,24.012755183832564,23.77679534519691,23.871179580688477,43014000
2012-04-12,23.973428586169096,24.413886366102638,23.926237216957137,24.3666934967041,38304000
2012-04-13,24.295901134674157,24.508264506566654,24.16219103016995,24.23297882080078,39749200
2012-04-16,24.37455902820945,24.53186559284189,24.201523007263038,24.44534683227539,38124800
2012-04-17,24.594782635655967,24.86220283797684,24.53972579991689,24.728492736816406,34361500
2012-04-18,24.602644068973156,24.62623899459155,24.413877163095943,24.492528915405273,40552900
2012-04-19,24.484666298458496,24.917258487590356,24.3352267514765,24.390283584594727,54781200
2012-04-20,25.286935770086288,25.868966176401475,25.2082809851969,25.499296188354492,106045000
2012-04-23,25.412778762966916,25.562218343920147,25.19254838005792,25.263336181640625,61398200
2012-04-24,25.334118507006586,25.57794377094692,25.03523790951955,25.10602569580078,40871100
2012-04-25,25.106028842963863,25.420640432437317,25.06670295684958,25.326257705688477,62495500
2012-04-26,25.26333997689402,25.349858747422953,25.106034894334847,25.255475997924805,40308100
2012-04-27,25.263330984288427,25.3419857478506,25.074564052297877,25.153217315673828,41419100
2012-04-30,25.153222841081863,25.25547255598766,25.106031472764254,25.18468475341797,35697200
2012-05-01,25.20828458079686,25.436378988950594,25.12963278506218,25.176822662353516,43832300
2012-05-02,25.0509698389591,25.1138921514199,24.88579783113309,25.011642456054688,37385300
2012-05-03,25.074565368561768,25.090296322099984,24.862203496541067,24.980182647705078,31501300
2012-05-04,24.736363472726413,24.83074621115033,24.319502127492143,24.3666934967041,57927200
2012-05-07,24.146466979989757,24.272311635896205,24.04421725944912,24.107139587402344,48641400
2012-05-08,23.973423862307367,24.209383662245436,23.72960008587235,23.989154815673828,46328300
2012-05-09,23.745333301682056,24.248711855880202,23.67454550497464,24.193655014038086,50309300
2012-05-10,24.27231508735352,24.39815976115474,23.949837923214535,24.17793083190918,43839200
2012-05-11,24.138601770352267,24.80715244991892,24.138601770352267,24.508270263671875,43459300
2012-05-14,24.24084334519872,24.41388082669203,24.099267769499193,24.13072967529297,40528900
2012-05-15,24.257406128679854,24.38407653848781,23.869477809889183,23.91697883605957,61822800
2012-05-16,23.996153472415184,24.004070563515018,23.54488984993968,23.671560287475586,60083700
2012-05-17,23.74280771265278,23.91697915092407,23.521133737555342,23.529050827026367,48484000
2012-05-18,23.584468172492773,23.600300839873242,23.09361924297168,23.172788619995117,56205300
2012-05-21,23.038198686523405,23.58446566896472,23.006530335063566,23.552797317504883,38787900
2012-05-22,23.505294713048794,23.655714842234925,23.354873073832657,23.560712814331055,39504900
2012-05-23,23.2361176085965,23.275701531512308,22.67401654100689,23.046112060546875,65171000
2012-05-24,23.085700448948284,23.19653666257557,22.76902447427735,23.014448165893555,52575000
2012-05-25,23.117362734240764,23.244033090864292,22.96694111948916,23.00652503967285,29507200
2012-05-29,23.259869714597492,23.529044645776462,23.133199336399155,23.402374267578125,37758800
2012-05-30,23.236127539191468,23.3390466887758,23.054038999910457,23.22821044921875,41585500
2012-05-31,23.1965400707031,23.29154363207776,22.911532406639886,23.109455108642578,39134000
2012-06-01,22.76902330363179,22.927360527811434,22.515682536920295,22.52359962463379,56634300
2012-06-04,22.658187559464714,22.784857945413115,22.420679453288873,22.602767944335938,47926300
2012-06-05,22.571107864379883,22.761113500221544,22.47610429144377,22.571107864379883,45715400
2012-06-06,22.864024662576846,23.251954398959548,22.808606560245043,23.236120223999023,46860500
2012-06-07,23.465704335955184,23.513206849936005,23.093610369950238,23.141111373901367,37792800
2012-06-08,23.125288424417192,23.497384081016016,22.998618012392612,23.4736328125,42551100
2012-06-11,23.536963116089858,23.600298308910308,22.816524731495957,22.879859924316406,46361900
2012-06-12,23.038199863934498,23.196537099235485,22.832360099016054,23.188621520996094,35337900
2012-06-13,23.133202971279818,23.30737590119254,22.99861548454283,23.06195068359375,32984600
2012-06-14,23.22029335924603,23.32321250883036,22.864031860626213,23.22821044921875,39458900
2012-06-15,23.426124774738074,23.814052984221483,23.346955413408203,23.766551971435547,62314400
2012-06-18,23.74280535795665,23.774473712700036,23.52113140484376,23.624052047729492,58679900
2012-06-19,23.90114062647348,24.629496069033408,23.79030291106368,24.304903030395508,75725800
2012-06-20,24.486988067626953,24.581990084574834,24.257397091614884,24.486988067626953,36257100
2012-06-21,24.510737255851485,24.65324178804152,23.798216104931115,23.86155128479004,48456600
2012-06-22,23.988225569258983,24.328652782959715,23.77447024603089,24.304903030395508,45098100
2012-06-25,23.988222287964,24.004056460860916,23.44987399973746,23.647796630859375,42217200
2012-06-26,23.75071779716358,23.964474619745246,23.703216784377645,23.766551971435547,38421300
2012-06-27,23.90114339625813,24.14656709805283,23.774473001136336,23.88530921936035,33781700
2012-06-28,23.734886260988784,23.790304367070345,23.29153990230617,23.679468154907227,45328400
2012-06-29,24.106977300563937,24.296982847017905,23.861552148451434,24.21781349182129,55227200
2012-07-02,24.24156570765524,24.24156570765524,23.916971187541723,24.194063186645508,30589100
2012-07-03,23.93280706873711,24.35240364074707,23.88530605436825,24.35240364074707,20938100
2012-07-05,24.21781657757996,24.368238220616806,24.05156075948028,24.304903030395508,28801900
2012-07-06,24.233654201196916,24.30490648908914,23.711138430007452,23.90114402770996,38294800
2012-07-09,23.84572069615145,23.93280563226241,23.57654578083408,23.750717163085938,30680800
2012-07-10,23.814066431927525,23.92490269436015,23.362802780559473,23.544891357421875,37534100
2012-07-11,23.521135887700225,23.54488715828448,23.04612255625954,23.196542739868164,39184900
2012-07-12,23.077784818475696,23.10153608433751,22.5948544928608,22.666105270385742,63523600
2012-07-13,22.769029083084813,23.339045952872816,22.73736072419247,23.267793655395508,39085000
2012-07-16,23.339041797447354,23.378627239014747,22.990698971835442,23.307374954223633,27900600
2012-07-17,23.465706507139632,23.639879387792085,23.11736376589439,23.48154067993164,33771300
2012-07-18,23.434042058219912,24.106979370117188,23.32320434741743,24.106979370117188,41090400
2012-07-19,24.154488031977472,24.384077593425822,24.051567375786814,24.281158447265625,46663200
2012-07-20,24.542407318341986,24.581991242262834,23.79030068360664,23.845720291137695,64021700
2012-07-23,23.410289780910137,23.418206867768955,22.966943487025635,23.180700302124023,55151900
2012-07-24,23.149037781577874,23.244041337767325,22.879862800743105,23.07778549194336,47723300
2012-07-25,23.149033028561156,23.220285303565976,22.784856076340947,22.824440002441406,45579500
2012-07-26,23.141119096879038,23.35487595104158,23.030282880660028,23.08570098876953,45301400
2012-07-27,23.33903889917201,23.63196509027396,23.101532319382326,23.560712814331055,44242600
2012-07-30,23.552796138404016,23.608214240654277,23.323205131904317,23.465709686279297,28905000
2012-07-31,23.33903471591616,23.521123161786306,23.220281447306487,23.331117630004883,37620900
2012-08-01,23.42612922450421,23.473630246312908,23.125285896311844,23.28362464904785,31721800
2012-08-02,23.125287777179704,23.378630104168664,22.935282164460766,23.109455108642578,39520500
2012-08-03,23.378625914566108,23.70321896687889,23.33904047524131,23.552797317504883,35859400
2012-08-06,23.750717882701693,23.83780433148119,23.600296246636187,23.71113395690918,27471800
2012-08-07,23.806134692279368,24.027808590778307,23.64779748766289,23.95655632019043,28002900
2012-08-08,23.916970804249768,24.122810528570092,23.837802957228778,24.011974334716797,26257600
2012-08-09,24.05948183110335,24.265321610915784,23.98822954155173,24.146568298339844,24920800
2012-08-10,24.146562342680575,24.24156587532724,23.948639700527455,24.083227157592773,27810300
2012-08-13,24.027813823306843,24.114898776299903,23.877392162638508,24.059480667114258,23049100
2012-08-14,24.147138682312377,24.218862980024934,23.916028238597935,24.011659622192383,34551400
2012-08-15,23.995727164116513,24.1312062529886,23.924002851182244,24.06745147705078,24351000
2012-08-16,24.19496533152247,24.65718791927726,24.115271467419777,24.529678344726562,35787200
2012-08-17,24.641236615304994,24.641236615304994,24.378248058286587,24.62529754638672,32589900
2012-08-20,24.56155179133187,24.585460403470595,24.37028745432357,24.4977970123291,23737700
2012-08-21,24.513731896472645,24.673118056715627,24.394191896282017,24.545608520507812,28822700
2012-08-22,24.3782498569846,24.513728912719408,24.282616956452163,24.338403701782227,33437400
2012-08-23,24.218865823641806,24.226835359882646,23.971816280310243,24.115264892578125,28355600
2012-08-24,24.10729577404309,24.410130556274122,24.051510539424243,24.354345321655273,22943300
2012-08-27,24.649214927067508,24.673122018924683,24.378256739104856,24.457950592041016,34691100
2012-08-28,24.465920122880664,24.545612455761972,24.3224714916402,24.410133361816406,23947900
2012-08-29,24.42607307434082,24.505766929337305,24.25871734687867,24.42607307434082,23346800
2012-08-30,24.330439354409634,24.394194128347095,24.083388275372485,24.163082122802734,23982100
2012-08-31,24.386219208715737,24.673114868089616,24.210892479063133,24.56154441833496,36590100
2012-09-04,24.26668547786191,24.434041195623966,24.027603926729842,24.218868255615234,48556700
2012-09-05,24.08338916598386,24.33044025415704,24.07541962894275,24.218868255615234,33650000
2012-09-06,24.30653318917388,24.99189821796798,24.27465503898166,24.983928680419922,48371700
2012-09-07,24.736877817608278,24.760784908982526,24.48982672649331,24.66515350341797,42649100
2012-09-10,24.56951877448413,24.625304010307936,24.314499684984643,24.481855392456055,40524000
2012-09-11,24.4579514841229,24.63327675095023,24.39419670345534,24.53764533996582,25191800
2012-09-12,24.65718791927726,24.848452281103306,24.4898306526582,24.529678344726562,32775800
2012-09-13,24.61733881839078,24.84845085905895,24.226840578672718,24.65718650817871,45047300
2012-09-14,24.712964540223368,24.904228835274253,24.553576867664212,24.872350692749023,51422800
2012-09-17,24.856413141519905,24.91219837090556,24.73687314711729,24.872350692749023,36488500
2012-09-18,24.78469112145059,24.872352981394236,24.72890588693182,24.848445892333984,34542700
2012-09-19,24.77672449319428,24.85641834616081,24.736878326727922,24.74484634399414,48871900
2012-09-20,24.66514814885581,25.087522885134447,24.633270007232202,25.063615798950195,45543000
2012-09-21,25.047677180670068,25.19112578050106,24.77671905210786,24.856412887573242,102348900
2012-09-24,24.705003629725265,24.76078887858694,24.418106326969177,24.529678344726562,46825900
2012-09-25,24.665153209714923,24.704999374886714,24.194961164525665,24.218868255615234,54266400
2012-09-26,24.13121007745636,24.3862292216247,23.9399457193301,24.043546676635742,54672000
2012-09-27,24.04354158857496,24.22683636965312,23.82039912463176,24.035572052001953,47129900
2012-09-28,24.05151559515067,24.115270379549962,23.700863520937585,23.7168025970459,54229300
2012-10-01,23.756648005148346,23.892127107654797,23.445843631176928,23.501628875732422,54042700
2012-10-02,23.653046924631003,23.820402657383305,23.509598285109654,23.637107849121094,43338900
2012-10-03,23.708826341851037,23.900090640860263,23.645071575514624,23.796489715576172,46655900
2012-10-04,23.884162895603318,23.93198013305664,23.565388912752436,23.93198013305664,43634900
2012-10-05,24.091359444398236,24.10729851897096,23.700861237569377,23.788524627685547,41133900
2012-10-08,23.621160801945003,23.844303223675904,23.549436506389835,23.73273277282715,29752000
2012-10-09,23.653042419255605,23.7008581166436,23.254574727610557,23.33426856994629,45121100
2012-10-10,23.230667223270387,23.358176769055834,23.071281051055422,23.09518814086914,47227100
2012-10-11,23.28645092002322,23.310359528289965,23.007524757079096,23.071279525756836,41488500
2012-10-12,23.087221027905017,23.366148758604606,22.951741931281436,23.270517349243164,46464700
2012-10-15,23.405986706324683,23.684912800925574,23.31035381672351,23.51755714416504,42440200
2012-10-16,23.469752244572387,23.70086276059285,23.36614977322597,23.501628875732422,47739400
2012-10-17,23.35020780156974,23.621165972976478,23.182852088659903,23.58131980895996,44206100
2012-10-18,23.629137801999914,23.69289258263129,23.31833343642618,23.509597778320312,59238500
2012-10-19,23.150967794331752,23.174876398413637,22.712654026397065,22.8242244720459,90470800
2012-10-22,22.89595822569936,22.97565208553806,22.178716527218967,22.31419563293457,83374000
2012-10-23,22.130897290597197,22.473579769239727,22.12292775388066,22.35403823852539,64414800
2012-10-24,22.4417023791775,22.473580527118674,22.210591886739007,22.234498977661133,53320400
2012-10-25,22.465604558809314,22.473574093513136,22.2026159937165,22.21855354309082,54084300
2012-10-26,22.20262588529084,22.585154601296118,22.18668680878212,22.481552124023438,57790000
2012-10-31,22.7524996459434,23.015488204539814,22.712653493441902,22.744531631469727,69464100
2012-11-01,22.983617353954582,23.557410302140987,22.96767828094099,23.52553367614746,72047900
2012-11-02,23.581322096534848,23.724770732963915,23.3741186794744,23.509597778320312,57131600
2012-11-05,23.605221682763272,23.700853057124434,23.37410974132943,23.613189697265625,38070800
2012-11-06,23.764611572391203,24.067447852514295,23.5972558807707,23.796489715576172,43401500
2012-11-07,23.5335025134275,23.772582521393215,23.15097237263529,23.174880981445312,57871800
2012-11-08,23.20676217151433,23.405996044305365,22.951741537513403,22.9597110748291,49841800
2012-11-09,23.01549695500448,23.262548058548806,22.959711712279585,22.975650787353516,43291200
2012-11-12,23.063311692410004,23.1190969291174,22.481547675236765,22.489517211914062,61112300
2012-11-13,21.71013667880906,21.9351112038072,21.49319564468313,21.766380310058594,131689200
2012-11-14,21.88690694797489,21.92708207294447,21.53337351086418,21.565513610839844,76086100
2012-11-15,21.59765487512224,21.669968576572753,21.396783822765165,21.420888900756836,50955600
2012-11-16,21.428913839219117,21.453018905863473,21.16376423622637,21.308391571044922,64083300
2012-11-19,21.533370710313566,21.533370710313566,21.268221050096,21.477127075195312,57179300
2012-11-20,21.501232783898384,21.533371348121836,21.26018665586376,21.461057662963867,47070400
2012-11-21,21.46105880607833,21.830662275741872,21.428920240143032,21.65389633178711,66360300
2012-11-23,21.87887127989133,22.312753421663704,21.85476773814238,22.25650978088379,57845700
2012-11-26,22.127945293393424,22.160083849506158,21.83065560360078,22.007421493530273,85198700
2012-11-27,21.983322628280703,21.999391143487735,21.72620799467903,21.758346557617188,45018600
2012-11-28,21.70209679571,22.00741995377599,21.509260874954055,21.98331642150879,53018400
2012-11-29,21.7824536605768,21.983324678376217,21.58158264277738,21.65389633178711,69551400
2012-11-30,21.734245056782363,21.79852372574325,21.28429437405615,21.388748168945312,83690200
2012-12-03,21.517303712321763,21.549442277859672,21.2119789108284,21.236083984375,53173800
2012-12-04,21.292322252942483,21.396774480250205,21.163764958168137,21.187870025634766,49777500
2012-12-05,21.19590773748301,21.637824867250966,21.09949051345941,21.428918838500977,68283800
2012-12-06,21.541405734262476,21.677998076345716,21.380709852856622,21.477127075195312,39182300
2012-12-07,21.549445762987734,21.549445762987734,21.187878796458936,21.260190963745117,46162100
2012-12-10,21.340539636577024,21.669968031555275,21.308401065920947,21.645864486694336,47031100
2012-12-11,21.734242264523196,22.087775664650827,21.734242264523196,21.951183319091797,52282800
2012-12-12,22.11991485615835,22.19222853805561,21.758346446672057,21.886903762817383,43966300
2012-12-13,21.9511767668766,22.111874136929128,21.65388862456023,21.782445907592773,45080100
2012-12-14,21.782448905021003,21.79851741821844,21.45302063035285,21.54140281677246,42077500
2012-12-17,21.525343909503228,21.870840851550742,21.436960151117454,21.774423599243164,42046100
2012-12-18,21.894934795458656,22.200257982516042,21.806551082023496,22.144014358520508,50486900
2012-12-19,22.24847050430067,22.280609064665477,21.894937145143924,21.943145751953125,53519900
2012-12-20,21.983323813835906,22.24043846130371,21.814591368607545,22.24043846130371,52607300
2012-12-21,22.055631637573242,22.087770193702138,21.69406330284957,22.055631637573242,98776500
2012-12-24,21.85476595026746,21.894939538245406,21.694068533307377,21.742277145385742,20842400
2012-12-26,21.71817154004186,21.854763871709697,21.453021900042415,21.581579208374023,31631100
2012-12-27,21.605684541376235,21.766381956407336,21.348569903345776,21.661928176879883,39394000
2012-12-28,21.461057780409337,21.613720175747627,21.332500457763672,21.332500457763672,28239900
2012-12-31,21.364640437769346,21.50926780808529,21.18787450322995,21.461057662963867,42749500
2013-01-02,21.89494045060247,22.280612428348554,21.814591738774315,22.192230224609375,52899300
2013-01-03,22.200258806297114,22.216328851613238,21.822621936511478,21.894935607910156,48294400
2013-01-04,21.91100398627577,21.967247608079408,21.47712199089268,21.485157012939453,52521100
2013-01-07,21.5092669090167,21.597649106330017,21.404813131477187,21.444988250732422,37110400
2013-01-08,21.493197877332836,21.525337974256338,21.260186772209963,21.332500457763672,44703100
2013-01-09,21.46909242617678,21.493197498444474,21.34053510579736,21.45302391052246,49047900
2013-01-10,21.41285338918144,21.678003110979017,21.123600122463294,21.260190963745117,71431300
2013-01-11,21.284291356220347,21.637824751640967,21.1155604488185,21.557476043701172,55512100
2013-01-14,21.613721212360385,21.758348590404253,21.50123393278148,21.60568618774414,48324400
2013-01-15,21.557471686666013,21.92707505547795,21.557471686666013,21.862794876098633,48244500
2013-01-16,21.814591844671153,21.878870507940867,21.702104567080205,21.72620964050293,41077400
2013-01-17,21.84672700448566,22.07170150881588,21.74227324245474,21.894935607910156,51685900
2013-01-18,21.774413333086983,21.9270756985424,21.72620472966249,21.894935607910156,52167700
2013-01-22,21.93511466637051,22.05563850381508,21.694070056529878,21.814592361450195,58650600
2013-01-23,21.854768114055616,22.208300014331513,21.854768114055616,22.18419647216797,50387700
2013-01-24,22.256507236576528,22.55379545600635,22.071704753323182,22.20026206970215,101739300
2013-01-25,22.160091777401636,22.682356144397737,22.007429366809927,22.40113639831543,81847700
2013-01-28,22.505588273956,22.68235421206563,22.304717262798796,22.42523956298828,56056500
2013-01-29,22.352924237750436,22.60200384421939,22.176158312598936,22.505586624145508,49242600
2013-01-30,22.505586734691338,22.65021409803664,22.304715737272662,22.377029418945312,43580500
2013-01-31,22.328816261025842,22.473442062391534,22.015456526757404,22.055631637573242,50530000
2013-02-01,22.23239538726566,22.537718537453515,22.135976663113713,22.441301345825195,55565900
2013-02-04,22.393098132664292,22.51362041743158,22.03152974583843,22.04759979248047,50540000
2013-02-05,22.19222102787039,22.2243595797685,21.98331507670016,22.095802307128906,35410400
2013-02-06,21.999391294481985,22.127950144689297,21.89493904856093,21.967252731323242,41889600
2013-02-07,21.975290042753084,22.00742860925728,21.774419021397982,21.91904640197754,38028300
2013-02-08,21.975290427740234,22.264543661442534,21.943150328148704,22.135986328125,33318500
2013-02-11,22.216328853254087,22.43326986746614,22.095806578422014,22.385061264038086,32247700
2013-02-12,22.40113639831543,22.49755516619554,22.296684137925936,22.40113639831543,35990900
2013-02-13,22.441309234109738,22.585936604913428,22.40113411303973,22.521657943725586,41715600
2013-02-14,22.43327104437997,22.545758302454797,22.39309746150295,22.52968978881836,32663200
2013-02-15,22.52969169542602,22.6261089154999,22.401132847787377,22.505586624145508,49650900
2013-02-19,22.586598140011947,22.756727557302106,22.521787301332903,22.724321365356445,38781400
2013-02-20,22.78913868911553,22.84584954115858,22.546098361210472,22.57850456237793,44110200
2013-02-21,22.473181127109303,22.473181127109303,22.060011422239235,22.270647048950195,49078500
2013-02-22,22.424567150269354,22.489377975463867,22.26253931467709,22.489377975463867,31425900
2013-02-25,22.659511944382963,22.724322787116932,22.173431396484375,22.173431396484375,48011800
2013-02-26,22.18153139976529,22.359762376192993,22.149126751004495,22.173431396484375,49923300
2013-02-27,22.213937398031817,22.683816390016524,22.14102500744692,22.529890060424805,36394700
2013-02-28,22.586598483096118,22.659510870869095,22.473179899988068,22.521787643432617,35840200
2013-03-01,22.456981803990544,22.667617466099664,22.294955441361516,22.643314361572266,34849700
2013-03-04,22.5622938453258,22.805334091186523,22.44077372239544,22.805334091186523,38157500
2013-03-05,22.918757517751313,23.121291600254402,22.813438929530754,22.967365264892578,41432200
2013-03-06,22.853946533586996,22.870149632034803,22.50558918823427,22.756731033325195,51448500
2013-03-07,22.77293810423892,22.910661374644413,22.691924143080495,22.7972412109375,29196700
2013-03-08,22.88635676247733,22.951167622474063,22.651416429231176,22.683822631835938,37667800
2013-03-11,22.63521386920826,22.659516974871135,22.416476646966082,22.57850456237793,36627500
2013-03-12,22.55420110581615,22.64331661853288,22.39217318182443,22.610910415649414,39255200
2013-03-13,22.578499006966968,22.70001914101962,22.48128197259744,22.61900520324707,29093400
2013-03-14,22.683822592443374,22.813444312211743,22.627113283196312,22.7972412109375,55914800
2013-03-15,22.70811740123885,22.813434423444882,22.667609665611828,22.716218948364258,92710300
2013-03-18,22.5866024510226,22.91065825148127,22.529893149506105,22.764833450317383,44809400
2013-03-19,22.781027886617107,22.862040260713247,22.708115513760987,22.829635620117188,51901600
2013-03-20,22.959264926918976,23.080785073786682,22.82964323089842,22.94306182861328,35447800
2013-03-21,22.77293586730957,22.97546997770482,22.724326568261613,22.77293586730957,34233200
2013-03-22,22.837744789338153,22.959264936255273,22.764832392145376,22.8863525390625,28720900
2013-03-25,22.926853171043398,22.967360906985387,22.65140674748637,22.813434600830078,44154000
2013-03-26,22.878245433125134,22.959259359796988,22.772928410100214,22.813434600830078,27824300
2013-03-27,22.79723187887815,23.04837521018489,22.748624140165813,22.983564376831055,36047400
2013-03-28,22.943059233241872,23.21850569242954,22.89445148903591,23.17799949645996,55453800
2013-04-01,23.202302595956777,23.21850569242954,22.975465426187398,23.17799949645996,29201100
2013-04-02,23.16179466653345,23.372430269278198,23.10508537833529,23.33192253112793,28456500
2013-04-03,23.29141946878069,23.453447352735438,23.121291581319383,23.137493133544922,35062800
2013-04-04,22.999769556650975,23.17800053541594,22.902554063881357,23.169898986816406,45263200
2013-04-05,22.862052628045163,23.315730203504852,22.7729386592904,23.250919342041016,50927300
2013-04-08,23.275218988917626,23.275218988917626,23.06458333417294,23.161800384521484,34759500
2013-04-09,23.275217334213778,24.158266093351855,23.234711134155603,23.98813819885254,77733800
2013-04-10,23.955731945654378,24.563334216356655,23.915225745692553,24.530929565429688,71116700
2013-04-11,23.57497044493287,23.655984397054056,23.275219285648276,23.445348739624023,130923200
2013-04-12,23.372433583642646,23.510156822459187,23.218507247268295,23.32382583618164,62886300
2013-04-15,23.210406913539494,23.477751856389006,23.09698831512228,23.242813110351562,56332900
2013-04-16,23.412939066699487,23.607371595813035,23.250912731711054,23.469648361206055,52797300
2013-04-17,23.372436696517592,23.526363053392735,23.169902585707582,23.356233596801758,52840700
2013-04-18,23.453447526219275,23.477750627343564,23.08888555723066,23.32382583618164,56906600
2013-04-19,23.99623956015364,24.49852323587994,23.988138011162896,24.117759704589844,99790700
2013-04-22,24.547128679922302,25.260049472048017,24.522825580444323,24.97650146484375,137904000
2013-04-23,24.87117886648179,25.033205159213868,24.611934016728906,24.790164947509766,59126900
2013-04-24,24.806370408733343,25.859546820285722,24.790167314349553,25.72992515563965,90946600
2013-04-25,25.689424669830526,26.604879673119658,25.55170296433643,25.875757217407227,110700200
2013-04-26,25.843342516435012,25.908153345724905,25.47878218113388,25.754228591918945,47799300
2013-04-29,25.762333265363374,26.475254062048148,25.738030165729977,26.41854476928711,59116400
2013-04-30,26.3780385509847,26.823612889630034,26.15119828970597,26.815509796142578,75165200
2013-05-01,26.677793546961023,26.799315250636734,26.410447035044584,26.507665634155273,54330900
2013-05-02,26.43475484955533,26.87222621065382,26.24032072984728,26.864126205444336,46059500
2013-05-03,26.920826851734073,27.15576710275132,26.799308270135995,27.1314640045166,46784600
2013-05-06,27.074751792149616,27.471719911512142,26.937030114067923,27.342098236083984,40978300
2013-05-07,27.261084093658436,27.37450266605677,26.928928378595753,26.985637664794922,43078300
2013-05-08,26.791203942434315,26.928928703741146,26.450948221131,26.726394653320312,51595700
2013-05-09,26.61297015955758,26.73449181305928,26.402336129301865,26.45904541015625,46417800
2013-05-10,26.46714575306463,26.507655031703955,26.18359934513374,26.483348846435547,36394900
2013-05-13,26.418542867175052,26.79120479003759,26.369933580983414,26.758798599243164,36027600
2013-05-14,26.807751248587614,27.354347229003906,26.75880110069101,27.354347229003906,56870100
2013-05-15,27.289096160474266,27.65621466008719,27.272779436925155,27.615421295166016,46303900
2013-05-16,27.444089443845808,27.860157948519095,27.370665773144378,27.803050994873047,59382900
2013-05-17,27.84383926266744,28.447542190551758,27.81936263276729,28.447542190551758,60666700
2013-05-20,28.333333773459124,28.63518529580554,28.292543531860304,28.618871688842773,54020800
2013-05-21,28.63517909895096,28.773869624888484,28.32517084021113,28.431224822998047,48702400
2013-05-22,28.38227708782237,28.423067319586888,28.031475492876158,28.235429763793945,66047500
2013-05-23,27.925416943240393,28.186478147423284,27.656198937968366,27.860153198242188,51102700
2013-05-24,27.67251761223924,27.966212298800016,27.656204007070848,27.95805549621582,33174400
2013-05-28,28.08042176003086,28.700444469478025,28.07226495873858,28.569913864135742,48212100
2013-05-29,28.341486030203694,28.569913811104904,28.202795511731452,28.455699920654297,38412200
2013-05-30,28.431218576800287,28.757546591470412,28.398588265008947,28.578065872192383,51131000
2013-05-31,28.406748525137406,28.78202360925381,28.382275010289156,28.472015380859375,56165700
2013-06-03,28.48834332738576,29.067576071245977,28.41492274587165,29.034942626953125,51252600
2013-06-04,29.059407071054597,29.15730737333255,28.365963713111377,28.54544448852539,65529500
2013-06-05,28.22726578003156,28.463853447084936,28.0885783896108,28.374113082885742,46025100
2013-06-06,28.42307029461976,28.643341303718085,28.137535530286108,28.520967483520508,37618500
2013-06-07,28.757558891998823,29.189941051100025,28.6025547303823,29.100200653076172,40757300
2013-06-10,28.969668745951182,29.083885773407566,28.66781723934163,28.93703842163086,35994500
2013-06-11,28.594382175661522,28.700439245728464,28.29253078926512,28.42306137084961,39435900
2013-06-12,28.66781804454513,28.77387515982846,28.431230292026886,28.553604125976562,37372700
2013-06-13,28.54544919465925,28.56992271821577,28.219121024123908,28.325178146362305,45654900
2013-06-14,28.186476670042097,28.300690551873767,27.94173219296069,28.064105987548828,53192600
2013-06-17,28.30069965479197,28.68413476321148,28.251752610888797,28.553604125976562,49670100
2013-06-18,28.529129955323086,28.692290914084833,28.472022997337312,28.53728675842285,28616500
2013-06-19,28.520967694335017,28.62702479848381,28.2191162109375,28.2191162109375,30816200
2013-06-20,27.94989664533821,28.00700671398368,27.223819815980832,27.321720123291016,54493700
2013-06-21,27.460402967587985,27.517509914593187,26.96275404760392,27.142234802246094,85338500
2013-06-24,26.873016046008956,27.90094740716791,26.571164569139636,27.509355545043945,56109000
2013-06-25,27.80305304331865,28.04779759299027,27.297244113622064,27.468564987182617,44073400
2013-06-26,27.8356778748961,28.12937252138531,27.648040320104702,28.0233154296875,48665900
2013-06-27,28.16201273320326,28.37412385558254,28.145696014236247,28.243593215942383,28993100
2013-06-28,28.047789335494947,28.382274181060147,28.0151559085874,28.178319931030273,65545500
2013-07-01,28.349652871991818,28.54545040503438,28.007011079287594,28.031484603881836,31055400
2013-07-02,28.072264429502876,28.09673794501344,27.435928129467754,27.68882942199707,37630000
2013-07-03,27.460404503761524,28.039633919843013,27.411454355549353,27.745939254760742,15994400
2013-07-05,27.811213811542178,27.933587659873158,27.395148328990082,27.90911102294922,26085900
2013-07-08,28.0233154798028,28.21911294851082,27.721464031302492,28.007001876831055,32396900
2013-07-09,28.21095609657408,28.22726969951665,27.851994589933852,28.0233154296875,25318500
2013-07-10,28.01516039178525,28.398595439071954,27.99884367572035,28.308855056762695,29658800
2013-07-11,28.553603339233696,29.18178298614833,28.47202286024563,29.11651611328125,53638300
2013-07-12,29.026780086070385,29.149150809842617,28.782032414334083,29.100200653076172,35501200
2013-07-15,29.092042715085412,29.548901490800496,29.026778954038,29.508108139038086,34142600
2013-07-16,29.37757883423979,29.7202237095554,29.336788592727345,29.589693069458008,36378500
2013-07-17,29.646787964886,29.68757818979838,28.953344805091454,29.157299041748047,37285100
2013-07-18,29.14098658925233,29.27967399664697,28.73307805631025,28.912555694580078,49547100
2013-07-19,26.432479869321643,26.652747785881367,25.30665120466979,25.616661071777344,248428500
2013-07-22,25.86140228360598,26.114303588867188,25.779820263686087,26.114303588867188,79040700
2013-07-23,26.0327284870167,26.13878560157167,25.869564413569634,25.959304809570312,65810400
2013-07-24,26.13877797884092,26.261148664167933,26.016404181418963,26.073511123657227,52803100
2013-07-25,25.796140573100285,25.820614093252864,25.49428752415327,25.608501434326172,63213000
2013-07-26,25.502438436918546,25.796133041381836,25.461646655161214,25.796133041381836,38633600
2013-07-29,25.67376460155075,25.779821700170526,25.616657651239038,25.730873107910156,28870700
2013-07-30,25.926678657760927,26.204055154238635,25.739039465018106,25.98378562927246,45799500
2013-07-31,26.081675823144735,26.146941138152297,25.869563160358194,25.97562026977539,43898400
2013-08-01,26.15509906936137,26.179572588103117,25.779822369494674,25.836929321289062,42557900
2013-08-02,25.853244525364683,26.024565370725337,25.75534578798171,26.016407012939453,29199900
2013-08-05,26.024564996827273,26.10614701746638,25.812452365584644,25.86140251159668,30984000
2013-08-06,25.739038482757586,25.83693725593294,25.600349461787285,25.763513565063477,36331500
2013-08-07,25.730872685998133,26.187728281000727,25.4942849745316,26.15509796142578,38078600
2013-08-08,26.301944645039285,26.97907121902163,26.146937404464996,26.832223892211914,59034400
2013-08-09,26.734326338041935,26.84038343083222,26.48958183414492,26.67721939086914,26800700
2013-08-12,26.481427297308493,26.89749583929806,26.481427297308493,26.8159122467041,25493700
2013-08-13,26.709100434981103,26.741963816262896,26.46263134341672,26.479063034057617,39464100
2013-08-14,26.405123914294148,27.407435178140396,26.04363609596793,26.577651977539062,48519600
2013-08-15,26.290108498674876,26.437990609701934,25.337092190958916,26.11758041381836,33338000
2013-08-16,26.11758108423426,26.281893326361185,26.01077663818977,26.125795364379883,32866300
2013-08-19,26.09293386164731,26.26546195304098,25.780737933869283,25.78895378112793,27902500
2013-08-20,25.830032695393967,26.20795226250431,25.772523332313057,25.977914810180664,22979600
2013-08-21,25.969696044921875,26.298320492168795,25.91218668830304,25.969696044921875,37409100
2013-08-22,26.446205599845317,26.692677880859492,26.372264542346112,26.610519409179688,31169900
2013-08-23,28.894473699257347,28.919122809527664,27.933243017402482,28.54941749572754,225493800
2013-08-26,28.261868066951745,28.483688100858494,27.95788642903105,28.056476593017578,72786800
2013-08-27,27.538886193104354,28.015392730889733,27.234907722412395,27.32527732849121,58522300
2013-08-28,27.432081726537906,27.604609793415857,27.111671564043185,27.128103256225586,44257400
2013-08-29,27.054158214553613,27.60460571829259,26.947353798147407,27.563528060913086,45284700
2013-08-30,27.41564707047448,27.50601980069515,27.185609672839682,27.440296173095703,42790200
2013-09-03,26.084719710982828,26.347620572308493,25.706800114580375,26.1915225982666,154507000
2013-09-04,25.788952759712465,25.854677968165845,25.558915313631932,25.632856369018555,142320600
2013-09-05,25.550696449857977,25.83002894455642,25.427461894435105,25.657499313354492,71644900
2013-09-06,25.723230138992854,25.78895535405813,25.575348013342804,25.591779708862305,75434900
2013-09-09,25.649285200680737,26.117579050153136,25.632855074656483,26.010774612426758,49628500
2013-09-10,26.20795230002436,26.618736823360287,26.117581115201816,26.610519409179688,56881200
2013-09-11,26.758407239087244,27.054171532251726,26.725543843396544,26.898075103759766,39087500
2013-09-12,26.88163228840123,26.930924227525566,26.774827863590822,26.856983184814453,32860200
2013-09-13,26.922716255849508,27.169185411282154,26.709107356189293,27.136322021484375,40899000
2013-09-16,27.42386683836604,27.52245385524596,26.889847823385693,26.947357177734375,52839700
2013-09-17,27.45672654424605,27.497807339988515,27.029515101551624,27.054161071777344,84716500
2013-09-18,27.103463329540908,27.440305259340043,26.97201289679065,27.37457847595215,64099900
2013-09-19,27.506023652427903,27.670337445472498,27.37457324479721,27.637474060058594,42026600
2013-09-20,27.44851795495401,27.506027320084183,26.85698947472897,26.93914794921875,102904900
2013-09-23,26.733761259332173,27.087034927942426,26.700897863641472,26.898075103759766,39826100
2013-09-24,27.00487101800594,27.00487101800594,26.413345684440248,26.659814834594727,40685000
2013-09-25,26.69267979117467,26.947363236545897,26.618738728383725,26.709108352661133,28907500
2013-09-26,26.815915490937655,27.111679771709518,26.7748378150584,26.922719955444336,28504000
2013-09-27,27.013085915004936,27.727847324053542,27.004868501484555,27.33349609375,55348000
2013-09-30,27.11167171319344,27.366358242384507,26.865202597151196,27.34170913696289,39839500
2013-10-01,27.39922901936194,27.61283796694945,27.358151339910822,27.588191986083984,36718700
2013-10-02,27.407440637009774,27.957888320052557,27.349931271140388,27.867515563964844,46946800
2013-10-03,27.834651831606877,27.933238855924316,27.456729159344196,27.818220138549805,38703800
2013-10-04,27.678548636040475,27.925020865114895,27.62103928499633,27.83464813232422,33008100
2013-10-07,27.604608137991736,27.694980872562947,27.275983716125552,27.358139038085938,35069300
2013-10-08,27.366358652072332,27.38279034459112,26.947358327905516,27.11988639831543,41017600
2013-10-09,27.169187545776367,27.39922502438257,27.07881478374519,27.169187545776367,35878600
2013-10-10,27.366357097261712,27.842863617134377,27.32527630128629,27.736059188842773,42875100
2013-10-11,27.670335741767833,28.048255248683876,27.670335741767833,28.040040969848633,30033300
2013-10-14,27.85107983847566,28.344018028845753,27.752489693181975,28.302940368652344,27757900
2013-10-15,28.483682936714416,28.74658685898835,28.319372294577043,28.335803985595703,47097800
2013-10-16,28.42617249263883,28.67264471442127,28.39331224588906,28.459035873413086,35111600
2013-10-17,28.302937922005203,28.746584135402045,28.23721116415783,28.689071655273438,31359200
2013-10-18,28.60692607760775,28.74659391855356,28.20436051787501,28.72194480895996,41811700
2013-10-21,28.738374154125427,28.919119650914148,28.680864793151766,28.746591567993164,27433500
2013-10-22,28.771233984909944,28.83695761760161,28.360451095006646,28.409746170043945,40438500
2013-10-23,28.22078312152041,28.335804962616987,27.662118143721617,27.736059188842773,58600500
2013-10-24,27.785360450838326,28.015397916206755,27.57996896132354,27.703205108642578,53209700
2013-10-25,29.47779320873654,29.814635191953975,29.140951225519103,29.354557037353516,113494000
2013-10-28,29.255964052477893,29.35455108919184,28.976631503433882,29.223100662231445,38383600
2013-10-29,29.27239676137004,29.346337824972593,28.96841509210093,29.182024002075195,31702200
2013-10-30,29.19022504797335,29.403833861096743,29.108069740786863,29.198442459106445,36997700
2013-10-31,29.29704341637587,29.321689393472322,29.034142547261805,29.091651916503906,41682300
2013-11-01,29.305257691096188,29.321689387165478,29.07522021417725,29.19023895263672,40264600
2013-11-04,29.239520471740583,29.559930561336007,29.20665709485282,29.527067184448242,28060700
2013-11-05,29.403843118544376,30.15968221150399,29.38741142512894,30.1021728515625,51681900
2013-11-06,30.595126219884303,31.400260708035695,30.447244055323203,31.36739730834961,88948800
2013-11-07,31.186648830760195,31.227726509517332,30.75121979468774,30.80872917175293,60437400
2013-11-08,30.948394086753762,31.038766860961914,30.677278898155322,31.038766860961914,36737800
2013-11-11,30.96481715455265,31.03875820974789,30.685484627595663,30.882661819458008,26872500
2013-11-12,30.710132483559455,30.890874840205406,30.562250379196847,30.693700790405273,31651600
2013-11-13,30.381504212100143,31.3509521484375,30.315780574971733,31.3509521484375,44957600
2013-11-14,31.112685776501273,31.32629456958066,30.989452827285117,31.23592185974121,46183700
2013-11-15,31.178427409971878,31.23593677386966,30.989467623732686,31.088054656982422,50601300
2013-11-18,30.685494624209298,30.874457597731933,30.455457103783356,30.5622615814209,53277500
2013-11-19,30.504289642942286,30.81885309277676,30.35528606974659,30.41323471069336,44275000
2013-11-20,30.562255447521284,30.96787725710233,30.512589661960327,30.694705963134766,32229900
2013-11-21,30.85198408365078,31.06720984107487,30.84370434809954,30.959598541259766,23064700
2013-11-22,31.067202475227734,31.191373216705188,30.901645696981976,31.10031509399414,27982000
2013-11-25,31.398329781056383,31.414886094359396,31.10032245718991,31.158267974853516,30646800
2013-11-26,31.10032154442479,31.166546795693193,30.91820526123047,30.91820526123047,34465300
2013-11-27,31.100336851477234,31.257617163959683,31.03411472540922,31.12516975402832,26002100
2013-11-29,31.307264764582698,31.696330147315727,31.307264764582698,31.56388282775879,22090400
2013-12-02,31.53078706163368,32.10196584043194,31.505954162753934,31.828794479370117,42950400
2013-12-03,31.57216735098578,31.861898106429905,31.522501567270886,31.712894439697266,52109800
2013-12-04,31.630110503157372,32.26751432807512,31.555608675367147,32.23440170288086,51983600
2013-12-05,32.159907751835,32.184743805710525,30.77748846822061,31.456281661987305,116305000
2013-12-06,31.803940137491026,31.911554567090054,31.447990546281417,31.754274368286133,36457300
2013-12-09,31.91984254945987,32.17645751078307,31.762559152216493,32.044010162353516,30286000
2013-12-10,31.961217587342762,32.20127928677752,31.47281761439971,31.547319412231445,37828600
2013-12-11,31.505935720377682,31.704605110711892,30.95131042695922,31.133426666259766,39853400
2013-12-12,31.158259945711396,31.158259945711396,30.777474311248024,30.81058692932129,36012800
2013-12-13,30.97614783990381,31.000983885671296,30.313911178984803,30.371856689453125,40066100
2013-12-16,30.404969126752807,30.628474590537895,30.24768890755299,30.537416458129883,31734200
2013-12-17,30.578809425560177,30.719536508750018,30.073856083438816,30.231136322021484,45687700
2013-12-18,30.098691194424536,30.297360651730983,29.411618356570685,30.280807495117188,63192100
2013-12-19,30.222849376983177,30.255961995457646,29.866899780658525,30.00762367248535,34160100
2013-12-20,29.966231199536924,30.57052221050854,29.957951466927682,30.462907791137695,62649100
2013-12-23,30.47118906554874,30.537411140809635,30.255960215916755,30.313905715942383,25128700
2013-12-24,30.396698618592627,30.769204641476204,30.330473360785888,30.694705963134766,14243000
2013-12-26,30.794036865682124,31.034098658711102,30.769200818193596,30.992706298828125,17612800
2013-12-27,31.108592000991734,31.141701458956614,30.76919242616433,30.8685302734375,14563000
2013-12-30,30.810584774757906,30.94303207999596,30.5456901642818,30.8685302734375,16290500
2013-12-31,30.959601763056142,31.108605440545695,30.810598085566593,30.967878341674805,17503500
2014-01-02,30.918199778102075,30.959592131701072,30.71125064127999,30.76091957092285,30632200
2014-01-03,30.79403017039984,30.810586479194594,30.297350379936265,30.55396842956543,31134800
2014-01-06,30.504300298881407,30.537412917334652,29.891732646461854,29.908288955688477,43603700
2014-01-07,30.073847884648583,30.20629519624012,29.974510032610183,30.14006996154785,35802800
2014-01-08,29.8006718177172,29.916562813983692,29.452998828917718,29.601999282836914,59971700
2014-01-09,29.701348033885083,29.726180925690095,29.304005976035036,29.411617279052734,36516300
2014-01-10,29.717900708165793,29.92484986864663,29.593729948759854,29.833791732788086,40548800
2014-01-13,29.79240777694269,29.817240670078053,28.832163629580783,28.956331253051758,45901900
2014-01-14,28.749378711362837,29.70134616952333,28.666600305346172,29.61856460571289,41623300
2014-01-15,29.717899510110325,30.45463798647406,29.67650715344799,30.42980194091797,44812600
2014-01-16,30.371856504460172,30.628474590537895,30.05729606606054,30.537416458129883,38018700
2014-01-17,30.487743392233863,30.487743392233863,29.924841579034407,30.115234375,46267500
2014-01-21,30.4794715051157,30.4794715051157,29.85034745902389,29.941402435302734,31567300
2014-01-22,30.015911945490718,30.06558089255854,29.593736947694374,29.742740631103516,21904300
2014-01-23,29.875191860859648,29.908304496518745,29.403347854999097,29.850358963012695,43954000
2014-01-24,31.000976799183867,31.083755178703946,30.239402444869537,30.471187591552734,76395500
2014-01-27,30.520859284553893,30.53741559523238,29.78412082722489,29.825510025024414,44420800
2014-01-28,29.900020117161432,30.123525636472234,29.593736179347776,30.02419090270996,36205500
2014-01-29,29.784124817639757,30.529143109020687,29.717902723846898,30.347026824951172,52745900
2014-01-30,30.45463917404461,30.529140998031146,29.991071918373535,30.512584686279297,35036300
2014-01-31,30.587085449295504,31.365213127880182,30.264245275816684,31.323823928833008,93162300
2014-02-03,31.24103462654753,31.447983707344555,30.156620306365866,30.198009490966797,64063100
2014-02-04,30.603640665254837,30.78575376610378,30.007626115366104,30.090404510498047,54697900
2014-02-05,30.040745484333776,30.189749155275386,29.635123678371816,29.65167999267578,55814400
2014-02-06,29.635122407715304,30.00763156909737,29.544064261844806,29.94968605041504,35351800
2014-02-07,30.06557530076061,30.28908078430527,29.808957191995912,30.26424789428711,33260500
2014-02-10,30.322183914708155,30.462907791137695,30.040733004056314,30.462907791137695,26767000
2014-02-11,30.52914453232619,30.843705018646617,30.512588218657648,30.769203186035156,32141400
2014-02-12,30.918204012485496,31.125153177650176,30.876814811011293,31.017541885375977,27051800
2014-02-13,30.901644658272183,31.340375789903828,30.901644658272183,31.133426666259766,37635500
2014-02-14,30.951302258015787,31.274142300446822,30.901636502436975,31.141695022583008,31407500
2014-02-18,31.38356876500436,31.508667445574183,31.200086882401603,31.208425521850586,32834000
2014-02-19,31.041630480674918,31.483651590899683,31.0332886588936,31.283489227294922,29750400
2014-02-20,31.33352923678043,31.58372979418803,31.19175008745611,31.48365020751953,27526100
2014-02-21,31.642105619188957,31.984047077946215,31.575386964087972,31.675466537475586,38021300
2014-02-24,31.43360710144043,31.675469005656172,31.308508420326184,31.43360710144043,32085100
2014-02-25,31.366887939191784,31.56704709836054,31.150045138374416,31.308507919311523,30736500
2014-02-26,31.34186490638054,31.475305389570934,31.016600745973886,31.250123977661133,41041800
2014-02-27,31.23344459853357,31.60040514461574,31.04996273475639,31.57538604736328,33903400
2014-02-28,31.67547596695165,32.07579756114615,31.542035435553483,31.950698852539062,41215000
2014-03-03,31.625432774878036,31.800576047318035,31.266813952100808,31.5086727142334,29717500
2014-03-04,31.858959469245598,32.0924796153947,31.750538037902068,32.03409957885742,26802400
2014-03-05,31.900649809795656,31.91733026990427,31.633768811002742,31.783889770507812,20520100
2014-03-06,31.80889222288176,31.892294479776606,31.60039135285084,31.81723403930664,23582200
2014-03-07,31.925672437011595,31.992394284818825,31.433609944588135,31.608753204345703,26591600
2014-03-10,31.683805002043513,31.700482277948208,31.45862359966691,31.542022705078125,19006600
2014-03-11,31.583724217711524,31.8839661061785,31.458625551831705,31.708826065063477,25216400
2014-03-12,31.525345051328404,32.050768370267676,31.517006412634483,31.917327880859375,30494100
2014-03-13,32.04242962107983,32.0674519025042,31.39190757055173,31.60040855407715,32169700
2014-03-14,31.400240758671035,31.808900792403627,31.2834775675615,31.441940307617188,27195600
2014-03-17,31.60875939160372,32.034100119478296,31.517018423647347,31.733858108520508,20479600
2014-03-18,31.908997171207588,33.276766640731736,31.87563942334472,32.98486328125,64063900
2014-03-19,32.91815957328571,32.9848782808245,32.45111589461505,32.75135803222656,35597200
2014-03-20,32.73465773852876,33.90226463746033,32.726319098188654,33.63538360595703,59269800
2014-03-21,33.96064616925011,34.14412489811909,33.36850087173002,33.49360275268555,80721800
2014-03-24,33.64372393677196,33.89392451869387,33.24340236940232,33.777164459228516,46098400
2014-03-25,33.91060356796663,34.18582642363791,33.326800113505364,33.64372253417969,43193100
2014-03-26,33.760466547128566,33.952287000175325,33.026542462209946,33.18500518798828,41977500
2014-03-27,33.14331549170371,33.33513600175207,32.80971266811473,32.826393127441406,35369200
2014-03-28,33.185022335524984,33.89392451446068,33.09328137982137,33.6103630065918,43472700
2014-03-31,33.718793250477155,34.6111775743831,33.69377414018176,34.18583679199219,46886300
2014-04-01,34.3192667517693,34.68622737583978,34.252544902953105,34.5444450378418,32605000
2014-04-02,34.561121576852734,34.744603458796526,34.33594013486876,34.486061096191406,28666700
2014-04-03,34.436038013827556,34.436038013827556,33.95231399688819,34.2025146484375,30139600
2014-04-04,34.40265410415798,34.51941411814267,33.059907580390515,33.25172805786133,51409600
2014-04-07,33.326811381100725,33.585353861887874,33.14333259675967,33.1933708190918,37559600
2014-04-08,33.15165720911688,33.30177817552502,32.69295567019091,33.21003723144531,35918600
2014-04-09,33.301777159679546,33.818858705160764,33.260077599498764,33.752140045166016,27398700
2014-04-10,33.727115660775965,33.935616630151,32.60121169873969,32.826393127441406,45960800
2014-04-11,32.52616526307986,33.185029374270286,32.52616526307986,32.7013053894043,34330200
2014-04-14,32.61790475059353,32.86810537414202,32.442764632256946,32.67628479003906,32006600
2014-04-15,32.80971938665296,33.32680100577505,32.567857449097815,33.15166091918945,33968700
2014-04-16,33.41019467322418,33.71043338046911,33.285092825768025,33.693756103515625,30615800
2014-04-17,33.368507385253906,33.526970222925875,32.95150527596745,33.368507385253906,36688400
2014-04-21,33.46857859702922,33.48525905740359,33.185017133609996,33.310115814208984,22221200
2014-04-22,33.3267919919372,33.47691293454277,33.21837378564482,33.35181427001953,27056700
2014-04-23,33.35181579449164,33.35181579449164,32.91813340508269,33.10161209106445,24602800
2014-04-24,33.14331337623603,33.33513387404089,32.776349657416205,33.24339294433594,42381600
2014-04-25,33.60202143575263,33.92728248199517,33.15165851873709,33.285099029541016,56876800
2014-04-28,33.476927898885776,34.436033996315984,33.43522832540479,34.085750579833984,50610200
2014-04-29,34.277573655233994,34.352634165546576,33.68543139692019,33.7855110168457,29636200
2014-04-30,33.693756103515625,33.777155214171636,33.501932422356944,33.693756103515625,35458700
2014-05-01,33.560327030036206,33.66040663315071,33.31846507282571,33.360164642333984,28787400
2014-05-02,33.61869677543988,33.6437158731937,33.07659299331063,33.10161209106445,43416600
2014-05-05,32.95985284790175,33.05993248077155,32.776370869745314,32.88479232788086,22460900
2014-05-06,32.7680229602859,32.81806117183463,32.48446142944109,32.576202392578125,27112400
2014-05-07,32.70963608061795,32.95149480926018,32.117490855600145,32.876434326171875,41744500
2014-05-08,32.809716890794256,33.27676026763383,32.50113630721648,33.05991744995117,32120400
2014-05-09,32.97652053833008,33.235059754847505,32.83473819702151,32.97652053833008,29647600
2014-05-12,33.143315901156114,33.37683597166992,33.06825542399491,33.33513641357422,22782600
2014-05-13,33.528309851662655,34.01544617426051,33.469517978785916,33.9482536315918,27004800
2014-05-14,33.84746456219244,33.97344896486191,33.637492693687626,33.79707336425781,18818700
2014-05-15,33.67109066537588,33.931456948906536,33.18395436791528,33.259544372558594,37793200
2014-05-16,33.31832796766747,33.461110476051644,32.98237496684533,33.45271301269531,29867100
2014-05-19,33.26795242805584,33.44432807674356,33.14196799104043,33.385536193847656,24537400
2014-05-20,33.326744079589844,33.54511347112762,33.141967760961286,33.326744079589844,21320900
2014-05-21,33.427520240785256,33.88945770263672,33.37712904373159,33.88945770263672,22398700
2014-05-22,33.83906981914885,33.88946102113688,33.469517250347494,33.67948913574219,20201800
2014-05-23,33.90625328212218,33.90625328212218,33.59549584267397,33.69628143310547,18020000
2014-05-27,33.81385776653226,33.81385776653226,33.43591108402839,33.75506591796875,26160600
2014-05-28,33.71309484689531,33.75508859495025,33.44433101464252,33.60390853881836,25711500
2014-05-29,33.72149167735261,33.88946665043693,33.519917224167294,33.88106918334961,19888200
2014-05-30,33.973458947231144,34.41020094651836,33.80548076228723,34.38500213623047,34567600
2014-06-02,34.3933960102516,34.51097975529831,34.1666259859829,34.25901412963867,18504300
2014-06-03,34.09943629440285,34.166628842284936,33.8054769072113,33.839073181152344,18068900
2014-06-04,33.77187729963485,33.9062591782171,33.47791794146015,33.86426544189453,23209000
2014-06-05,34.09103740647888,34.64536308772582,33.931459917787926,34.61176681518555,31865200
2014-06-06,34.83854675292969,34.9897268184218,34.636975468218736,34.83854675292969,24060500
2014-06-09,34.76295222478127,34.838542247752336,34.45219466541907,34.662166595458984,15019200
2014-06-10,34.46057846724643,34.56976472466526,34.31779914932005,34.52777099609375,15117700
2014-06-11,34.37659429560152,34.494178028406125,34.24221242897963,34.31780242919922,18040000
2014-06-12,34.27580769957298,34.3345995642651,33.839065844777,34.08263397216797,29818900
2014-06-13,34.519380452500386,34.914128665467025,34.31780921467019,34.62856674194336,26310000
2014-06-16,34.46898393794412,34.94771955897807,34.46898393794412,34.85533142089844,24205300
2014-06-17,34.67896362982396,35.1996931026411,33.88106968030135,35.00651931762695,22518600
2014-06-18,34.947723154928646,35.056909438795365,34.58657123468379,34.981319427490234,27097000
2014-06-19,34.91412197133397,35.08210010659716,34.712550772151296,34.86372756958008,19828200
2014-06-20,34.813345532612814,35.13250375320531,34.75455365038752,35.00651931762695,47764900
2014-06-23,35.04850368464627,35.27527368566696,35.014907416958074,35.266876220703125,18743900
2014-06-24,35.13249251966136,35.224877445106,34.905722530479935,35.06529998779297,26509100
2014-06-25,35.02330725278017,35.317266578268764,34.82173285536203,35.30046844482422,20049100
2014-06-26,35.216479500227884,35.22487696463876,34.796535793527255,35.040103912353516,23604400
2014-06-27,34.94772105269029,35.51884483621448,34.86373037633867,35.48524856567383,74640000
2014-06-30,35.41804887101101,35.45164513476603,35.0233039855957,35.0233039855957,30793100
2014-07-01,35.157705894265604,35.40127413957176,35.01492329380693,35.16610336303711,26917000
2014-07-02,35.04851684912974,35.19129943847656,34.88053865151132,35.19129943847656,20208100
2014-07-03,35.19968412532943,35.266876661545744,34.90572478917423,35.107295989990234,15969300
2014-07-07,35.065301818490376,35.37605928481512,35.03170555080217,35.266876220703125,21952400
2014-07-08,35.16609752939982,35.27528382882399,34.94772813446883,35.09050750732422,31218200
2014-07-09,35.25848185480404,35.26688252518605,34.880531785538665,34.99811553955078,18445900
2014-07-10,34.74614410001789,35.275274108745684,34.47738036312172,35.01490783691406,21854700
2014-07-11,35.02332392092292,35.35087966918945,34.83854756901139,35.35087966918945,24083000
2014-07-14,35.46006059753674,35.65323438885124,35.30888055147889,35.39286804199219,21881100
2014-07-15,35.55245455801995,35.67003834548332,35.300485637549414,35.65324020385742,28748700
2014-07-16,35.70362082172203,37.21542107990622,35.67842521872462,37.022247314453125,63318000
2014-07-17,38.1728865934108,38.391255928411056,37.16502097698058,37.40018844604492,82180300
2014-07-18,37.50098715762639,37.66056466751854,37.16503079542287,37.53458023071289,43407500
2014-07-21,37.425385520314336,37.929316703293196,37.139823662248624,37.660552978515625,37604400
2014-07-22,37.794951478550395,37.920935931712656,37.450597604346974,37.65217208862305,43095800
2014-07-23,38.172881449726894,38.172881449726894,37.47577339762446,37.68574523925781,52362900
2014-07-24,37.736155086278416,37.794946969695665,37.22382307028466,37.291015625,30725300
2014-07-25,37.207014236021706,37.50937423748919,37.207014236021706,37.37499237060547,26737700
2014-07-28,37.257422513044645,37.38340375796329,36.89627051055946,36.929866790771484,29684200
2014-07-29,36.879461404153965,37.03064141623628,36.6526913860305,36.86266326904297,27763100
2014-07-30,37.01384181680211,37.0390374165135,36.35873059297372,36.602298736572266,31921400
2014-07-31,36.43431850069597,36.694681559851,36.182352906322954,36.249542236328125,31537500
2014-08-01,36.291544693421486,36.32514096845959,35.77921271280029,35.99758529663086,31170300
2014-08-04,36.08996551435252,36.509909248226144,35.95558364766962,36.42591857910156,34277400
2014-08-05,36.37553154329901,36.50151275552486,35.97238589712606,36.18235778808594,26266400
2014-08-06,35.89680480957031,36.25795360417329,35.45166211144171,35.89680480957031,24634000
2014-08-07,35.98079387639463,36.493125952663505,35.82121634604765,36.308349609375,30314900
2014-08-08,36.3083376905967,36.38392769677225,36.039573936176254,36.28314208984375,28942700
2014-08-11,36.33353329134966,36.49311397322951,36.13196207749266,36.28314208984375,20351600
2014-08-12,36.14875717326173,36.610694637087576,36.115160905804764,36.551902770996094,21431100
2014-08-13,36.68629098954176,37.106234793722486,36.551909100360604,37.022247314453125,22889500
2014-08-14,37.02223484793299,37.30779346285927,36.963439787542185,37.18181228637695,19313200
2014-08-15,37.442181393314726,37.71094510186772,37.291001406764146,37.61855697631836,41611300
2014-08-18,37.74455034779283,37.887332916259766,37.526180965564606,37.887332916259766,26891100
2014-08-19,38.005649838169276,38.31834829189392,37.8873316785939,38.309898376464844,28139500
2014-08-20,38.31834430256512,38.3690534616444,37.94648680776694,37.98874282836914,24770500
2014-08-21,37.895782602473574,38.24228717499151,37.88733268681964,38.21693420410156,22285500
2014-08-22,38.326807649949416,38.428226003653215,38.09017127249825,38.15778350830078,18294500
2014-08-25,38.369054677093374,38.402857560289306,38.06480616083523,38.1746711730957,16910000
2014-08-26,38.2930095499825,38.369071712818354,37.98030775614108,38.039466857910156,14873100
2014-08-27,37.946475874138955,38.03098789099267,37.82815453704625,37.921119689941406,21287900
2014-08-28,37.81972007194546,38.01410036924275,37.7014019104539,37.929588317871094,17657600
2014-08-29,38.1070599193612,38.40285527930537,37.91267965083679,38.394405364990234,21607600
2014-09-02,38.394408764528364,38.41976173364621,37.90422986873048,38.10706329345703,22976800
2014-09-03,37.633784806007746,38.12396366734539,37.633784806007746,37.9971923828125,33684500
2014-09-04,37.81126216422134,38.259181744885026,37.794359112734185,38.250728607177734,26475500
2014-09-05,38.123973181956295,38.81698240278786,38.123973181956295,38.800079345703125,36939400
2014-09-08,38.89303531298096,39.552238263122554,38.86768234533789,39.273345947265625,45736700
2014-09-09,39.273342613579814,39.69590923270961,39.23108337252488,39.518428802490234,40302400
2014-09-10,39.56914888461362,39.67056399851136,39.11277603618126,39.58605194091797,27302400
2014-09-11,39.50152306555506,39.721256256103516,39.27333673848919,39.721256256103516,29216400
2014-09-12,39.64520488896257,39.73817007228135,39.38321239269399,39.46772766113281,38244700
2014-09-15,39.33249589338033,39.476166975253754,38.960635259963055,39.078956604003906,37667600
2014-09-16,39.205730407033876,39.59449092289069,39.1212183727789,39.518428802490234,27910600
2014-09-17,39.09585729958459,39.45926480455427,39.07050433726062,39.31559371948242,38311900
2014-09-18,39.37477022235184,39.57760368257204,39.264901963735554,39.45083236694336,35556600
2014-09-19,39.560695953287485,40.20299592425778,39.38321548758277,40.16073989868164,202522400
2014-09-22,39.97480283467871,40.042415043439995,39.704360447488725,39.77197265625,38686100
2014-09-23,39.59450107720412,39.70436932905411,39.273352685532274,39.34941482543945,33430300
2014-09-24,39.40857252307108,39.81423618032962,39.163483055999826,39.788883209228516,26582700
2014-09-25,39.61985481404876,39.79733205484064,38.90148948752795,38.909942626953125,33077400
2014-09-26,38.81698112105508,39.40012206354487,38.67330675254322,39.2226448059082,27078800
2014-09-29,38.85922532977473,39.349404148152765,38.67329498846894,39.24798583984375,26091000
2014-09-30,39.18883932073136,39.281804521152914,38.88459074623481,39.180389404296875,33033100
2014-10-01,39.10430906318795,39.32404225144294,38.74935148348134,38.79161071777344,38088400
2014-10-02,38.732471639916284,38.96065485838947,38.57189420419173,38.673309326171875,25119400
2014-10-03,38.8592404511304,39.12968293067066,38.54654193864859,38.952205657958984,32453200
2014-10-06,38.97755863293818,39.12968293067066,38.80853127724335,38.952205657958984,20604000
2014-10-07,38.75781937526332,38.81697845708218,38.38595860505546,38.47892379760742,25723700
2014-10-08,38.436659164680776,39.62829689781005,38.31834102753605,39.53533172607422,33031000
2014-10-09,39.2987009145789,39.55224027569383,38.656400984825886,38.74936294555664,34422800
2014-10-10,38.5380828191775,38.977552586236364,37.14361460486256,37.21122360229492,51978100
2014-10-13,37.03373916078014,37.65913919112555,36.75484686168231,36.89006805419922,37100200
2014-10-14,37.07600937840205,37.50702931107278,36.81402003102255,36.95769119262695,38115700
2014-10-15,36.34074574946354,36.670347346246324,35.58012420001948,36.526676177978516,60218700
2014-10-16,35.943525532656594,36.40835152140125,35.68153621964961,36.12100601196289,49040400
2014-10-17,36.509757569973466,37.13515437857031,36.16325306144614,36.873165130615234,40683300
2014-10-20,36.3914463406128,37.30418876064945,36.18016298494629,37.253482818603516,34527900
2014-10-21,37.49011855809667,38.01410036924275,37.34644420205113,37.929588317871094,36433800
2014-10-22,38.03099695021923,38.09015602089426,37.3802439488664,37.507015228271484,33570900
2014-10-23,37.70984276673743,38.41130487553211,37.633780649204596,38.04789733886719,45451900
2014-10-24,39.577586271098895,39.63674533265201,38.18311530837063,38.985992431640625,61076700
2014-10-27,38.631051998784294,38.96065355211534,38.631051998784294,38.800079345703125,30371300
2014-10-28,38.75781022160274,39.29869496987587,38.68174810238136,39.290245056152344,29049800
2014-10-29,39.24799930546287,39.46773582492787,39.163487243470804,39.400123596191406,30276100
2014-10-30,39.146578584838295,39.146578584838295,38.68175586253596,38.918392181396484,30073900
2014-10-31,39.67056678726793,39.695922985471114,39.281806136723915,39.679019927978516,35849700
2014-11-03,39.62831300999953,40.11003889219447,39.49309176629444,40.093135833740234,23130400
2014-11-04,39.97480131091847,40.33820885933907,39.932545294017174,40.20298767089844,21530800
2014-11-05,40.39736518961939,40.48188044162092,39.94099250059279,40.44807434082031,22449600
2014-11-06,40.4480886969018,41.293222173313694,40.38892961146723,41.15800094604492,33037800
2014-11-07,41.34391675154225,41.34391675154225,40.81148512901723,41.14108657836914,28000600
2014-11-10,41.11574277965182,41.538309495891085,41.031227502047045,41.318572998046875,36370100
2014-11-11,41.28477083202401,41.369286117704746,41.115746708519545,41.301673889160156,23445200
2014-11-12,41.03968545569763,41.34393081897798,41.005879340690285,41.22561264038086,22722100
2014-11-13,41.25096450814823,41.96087672913421,41.166449229502135,41.92707061767578,26210400
2014-11-14,42.03693553613916,42.2989248193564,41.74113692021495,41.90171432495117,29081700
2014-11-17,41.75803694780315,42.01157629741201,41.529850565976844,41.80029296875,30318600
2014-11-18,41.783287111094005,41.95338051876056,41.41758742010259,41.45160675048828,23995500
2014-11-19,41.3835756812838,41.4601175665618,40.76273738703448,41.00937271118164,26177500
2014-11-20,40.82225069798385,41.41757583618164,40.711689527283724,41.41757583618164,21510600
2014-11-21,41.68973129413962,41.71524416717838,40.45655827050149,40.80524826049805,42884800
2014-11-24,40.813754743291874,40.8222579528903,40.30347457232379,40.473567962646484,35434200
2014-11-25,40.53311179362119,40.79675678648753,40.35451514245165,40.371524810791016,28008000
2014-11-26,40.38853427413601,40.81376624767424,40.209934379610466,40.60965347290039,27163600
2014-11-28,40.77974711231866,40.99236310013652,40.49058923911586,40.660682678222656,21534400
2014-12-01,40.72021822531497,41.485633897496434,40.57563765475872,41.34955978393555,31191600
2014-12-02,41.53663988678855,41.7152364535585,40.99234373419767,41.213462829589844,25773500
2014-12-03,41.19646883448708,41.247497834794416,40.660678930439985,40.89030456542969,23534800
2014-12-04,41.15393469807983,41.72374701943127,40.99234777567993,41.536643981933594,30320400
2014-12-05,41.519637768060406,41.64720862135987,41.1454349062497,41.17945098876953,27313400
2014-12-08,41.043381058938,41.119922929773075,40.35450746568429,40.56712341308594,26663100
2014-12-09,40.06534577242898,40.75421929905659,40.01431678205369,40.473567962646484,24330500
2014-12-10,40.465080329522074,40.53311576528351,39.71667107056937,39.88676452636719,30431800
2014-12-11,40.03984015114692,40.60114616988906,39.69965330888894,40.11637878417969,29060400
2014-12-12,39.784710185194974,40.59265174174728,39.69115861364238,39.929290771484375,34248400
2014-12-15,40.141887187147226,40.541602919036634,39.58908448584321,39.691139221191406,29247800
2014-12-16,39.03628114680264,39.410483968707446,38.3814237752733,38.40693664550781,47801400
2014-12-17,38.31339305799824,39.078811766050734,38.18582543616409,38.90021514892578,34970900
2014-12-18,39.614604818699455,40.414039611816406,39.41049208201965,40.414039611816406,40105600
2014-12-19,40.507591067434824,40.90730684107115,40.116375259928084,40.533103942871094,64551200
2014-12-22,40.63515487029596,40.92431266036103,40.575622670364474,40.80524826049805,26566000
2014-12-23,41.136928844567905,41.50262850030014,40.93281937045693,41.2049674987793,23648100
2014-12-24,41.366554180064206,41.366554180064206,40.89029658057908,40.941322326660156,11437800
2014-12-26,41.170944271496175,41.170944271496175,40.669170599136436,40.72019958496094,13197800
2014-12-29,40.56712339358852,40.63515880970816,40.19291725001386,40.35450744628906,14439500
2014-12-30,40.34600091173286,40.49908465302634,39.83572393692917,39.988807678222656,16384700
2014-12-31,39.74217240144303,40.34600091195854,39.50404357910156,39.50404357910156,21552500
2015-01-02,39.68263224312552,40.32898316463045,39.580577517469216,39.767677307128906,27913900
2015-01-05,39.43600888713618,39.742176400533225,39.3339541307579,39.40199279785156,39673900
2015-01-06,39.44450754897456,39.75917821145271,38.73011790695554,38.82366943359375,36447900
2015-01-07,39.10433574402447,39.512558089467205,38.687610185749996,39.316951751708984,29114100
2015-01-08,39.75917831870044,40.60964202605233,39.733665445643595,40.473567962646484,29645200
2015-01-09,40.490585028694476,40.669181661267075,39.88675646470398,40.13338851928711,23944200
2015-01-12,40.32897926530502,40.43103722535479,39.42748999469183,39.63159942626953,23651900
2015-01-13,39.946285107540604,40.745719899265985,39.17236319125758,39.4275016784668,35270600
2015-01-14,39.087318420410156,39.32545050848688,38.7981605768087,39.087318420410156,29719600
2015-01-15,39.30843703323824,39.44451110855673,38.61956020204109,38.67909240722656,32750800
2015-01-16,38.53451923614339,39.35946698648214,38.41545156879696,39.3254508972168,35695300
2015-01-20,39.37647631083627,39.6741406102206,38.75563807853709,39.45301818847656,36161900
2015-01-21,39.07030480037251,39.240398204855296,38.679092241045396,39.05329513549805,39081100
2015-01-22,39.44451897972211,40.09087015539904,39.1893804431197,40.082366943359375,35898000
2015-01-23,40.27796548563983,40.303478361095046,39.8017045968172,40.124881744384766,26211600
2015-01-26,39.97179769298851,40.082358892873074,39.3254466471303,39.98030090332031,42525500
2015-01-27,36.52741219969479,36.74002809929224,35.813022647276895,36.28077697753906,169164000
2015-01-28,36.348822939738305,36.39134547936543,35.00508862654093,35.030601501464844,84507100
2015-01-29,34.809474949100704,35.82152545183799,34.69041056575057,35.72797393798828,63585300
2015-01-30,35.33678111402471,35.362297241973955,34.31622359115401,34.35874938964844,78004900
2015-02-02,34.52032081755448,35.18368144818784,34.214153374412476,35.107139587402344,50352500
2015-02-03,35.40480765362196,35.65994613577052,34.91153710977449,35.37929153442383,52082400
2015-02-04,35.66844579715236,35.898071381517944,35.17517854664449,35.58340072631836,41614800
2015-02-05,35.90658562428903,36.2637788923907,35.600418112052054,36.10219192504883,36548200
2015-02-06,36.29779808814081,36.3913496325542,35.84705327698048,36.068172454833984,34616600
2015-02-09,35.92358766070472,36.34881950532154,35.89807154392988,36.02564239501953,31381100
2015-02-10,36.34883453661343,36.37434741967707,35.87257350576076,36.229766845703125,29670700
2015-02-11,36.27228539399115,36.27228539399115,35.89807921444257,36.042659759521484,38262500
2015-02-12,36.280799796927795,36.64649963378906,36.153228879227086,36.64649963378906,33268800
2015-02-13,36.893115764869904,37.30984115600586,36.69750950556465,37.30984115600586,40264900
2015-02-17,37.66102911079885,37.686723558581946,36.992944062279896,37.326988220214844,33695700
2015-02-18,37.369802750399586,37.42975862305899,37.16423742460308,37.284149169921875,27111700
2015-02-19,36.984372242954,37.28415162599881,36.873024214672974,37.25845718383789,27603400
2015-02-20,37.26702411701022,37.58393751191166,37.0785927460248,37.56680679321289,29721100
2015-02-23,37.42975266445899,37.84944370626238,37.38692751471265,37.815185546875,32518800
2015-02-24,37.81519372592794,37.94366920295493,37.61819211325621,37.76380157470703,25271700
2015-02-25,37.64389255506495,37.763804315934465,37.51541380136165,37.67815399169922,29759800
2015-02-26,37.67815751727544,37.8837196216148,37.59250391767508,37.73811340332031,28957300
2015-02-27,37.798065772369384,37.858021652835546,37.39550206008191,37.5582389831543,33807700
2015-03-02,37.40406388432942,37.849452736117925,37.30128284694754,37.58393478393555,31924000
2015-03-03,37.30986087506163,37.54112072808685,36.90729706416389,37.07003402709961,31748600
2015-03-04,36.83876717972228,37.010071105070374,36.727422405494046,36.881595611572266,25748700
2015-03-05,36.89016177696809,37.0357712667154,36.676032672960915,36.92442321777344,23193500
2015-03-06,36.83020193760683,36.92441925603725,36.10216436903619,36.28203201293945,36248800
2015-03-09,36.13642809071748,36.94155565020196,36.13642809071748,36.70172882080078,32108000
2015-03-10,36.27346315256908,36.58180953615796,35.9993782043457,35.9993782043457,39159700
2015-03-11,36.23920636434354,36.290595251998084,35.83664265184728,35.9565544128418,32215300
2015-03-12,35.39980225272239,35.67388706801018,34.99723875080337,35.134281158447266,59992500
2015-03-13,34.86020341504144,35.51972115666661,34.78311684089436,35.44263458251953,58007700
2015-03-16,35.51973042234567,35.665336618523334,35.35699024149975,35.59681701660156,35273500
2015-03-17,35.43408006466827,35.828080064184924,35.2456486917,35.716732025146484,31673400
2015-03-18,35.485467297018175,36.684591313344704,35.399816981859175,36.401939392089844,44194800
2015-03-19,36.1963748923007,36.47902682004379,36.16211672586076,36.22207260131836,33879100
2015-03-20,36.45333584519798,36.813071132155464,36.3933799640384,36.727420806884766,71904500
2015-03-23,36.72742353595926,36.94155263239759,36.6417699369735,36.71029281616211,26246100
2015-03-24,36.64177590617203,36.97581682825727,36.616081455965855,36.74456024169922,25513300
2015-03-25,36.76166680694798,36.7702337970493,35.49402346195143,35.51115417480469,43469900
2015-03-26,35.30559457857997,35.639635333773,35.04863713549338,35.297027587890625,37495600
2015-03-27,35.219940448489,35.485461610693925,34.97155326739036,35.09146499633789,34401400
2015-03-30,35.20282039563297,35.57968967771377,35.040083466684784,35.082908630371094,35049700
2015-03-31,34.928727831828425,35.142856871047286,34.72316578389423,34.82594680786133,34887200
2015-04-01,34.77456553007615,34.91160802731125,34.526178250141264,34.877349853515625,36865300
2015-04-02,34.8259547829749,34.894477659544535,34.36343516818161,34.5090446472168,37487500
2015-04-06,34.55187274495891,35.7852552217751,34.41483024753489,35.5882568359375,39223700
2015-04-07,35.63964026672375,35.89659447802625,35.382686055421246,35.57111740112305,28809400
2015-04-08,35.51115198756109,35.708150272215725,35.151416841848075,35.476890563964844,24753400
2015-04-09,35.331287677378135,35.64819770653555,35.331287677378135,35.52828598022461,25723900
2015-04-10,35.65677342047406,35.930858366912055,35.46833879454158,35.73386001586914,28022000
2015-04-13,35.45976912011984,36.02506963572292,35.45120212909645,35.76811218261719,30276700
2015-04-14,35.80238755758614,35.999385952311265,35.45121593788465,35.673912048339844,24244400
2015-04-15,35.76811865763399,36.36768071116842,35.699599053791665,36.19637680053711,27343600
2015-04-16,35.93085777233669,36.26489859107097,35.819509743641845,36.11072540283203,22509700
2015-04-17,35.691033781047906,35.750992929905884,35.254211891871904,35.64820861816406,42387600
2015-04-20,35.74242333908662,36.975805584189274,35.6995981793154,36.75311279296875,46057700
2015-04-21,36.830193096686116,36.95867182140513,36.42762947542625,36.521846771240234,26013800
2015-04-22,36.54754419894213,36.941544128880956,36.44476317116894,36.821632385253906,25064300
2015-04-23,36.735992546163594,37.35268547816122,36.65890592966389,37.12142562866211,46309500
2015-04-24,39.108537727766596,41.232697955241726,39.09997400161236,41.00143814086914,130933700
2015-04-27,40.453257428563866,41.22412327157369,40.444693704685896,41.13846969604492,59248200
2015-04-28,40.92434887485988,42.14916747836155,40.855829268029616,42.10634231567383,60730800
2015-04-29,41.72947524483312,42.23481999329346,41.54104061299524,42.02069091796875,47804600
2015-04-30,41.71233803866437,42.43181175054036,41.626684461447056,41.660945892333984,64725500
2015-05-01,41.609546676260514,41.866500809377364,41.4553735429206,41.67806625366211,38937300
2015-05-04,41.42969269790442,41.8579508497833,41.266955776436596,41.3183479309082,34039500
2015-05-05,40.95861057167936,41.24982625409322,40.52178868173381,40.77017593383789,50369200
2015-05-06,40.744486764025,40.915790705388446,39.41688693632238,39.63957977294922,52433000
2015-05-07,39.63100351123001,40.33334650805904,39.53678620991272,39.999305725097656,32971700
2015-05-08,40.72733962136085,41.09564180321521,40.70164518408948,40.898643493652344,35364900
2015-05-11,40.72734287891078,41.03568922022845,40.57316970825195,40.57316970825195,24609400
2015-05-12,40.12779115628113,40.83870132107635,39.75948885094034,40.55604934692383,29928300
2015-05-13,41.27550718641457,41.38685518753815,40.74446815138967,40.795860290527344,34184600
2015-05-14,41.13847104451998,41.81511961030289,41.13847104451998,41.729469299316406,32980900
2015-05-15,41.85793815739672,41.89219958332219,41.15559526267154,41.36972427368164,28642700
2015-05-18,41.095643452322555,41.30120876079131,40.77873339964339,41.121337890625,24136500
2015-05-19,41.00065269695736,41.21617336302688,40.67306036372805,41.01789474487305,28574800
2015-05-20,40.8540969339662,41.31962236193663,40.750647935056456,41.01789474487305,25047900
2015-05-21,40.759271860855726,41.035138081107036,40.52650912090904,40.87996292114258,22410700
2015-05-22,40.776490632654756,40.81959408835295,40.362691538502915,40.43165969848633,25720600
2015-05-26,40.37132998317863,40.41443345572515,39.819594353396994,40.1644287109375,29581900
2015-05-27,40.362708510059846,41.181687667018245,40.19029132618688,41.04375457763672,27335600
2015-05-28,40.94892241034517,41.397205745046406,40.854092800695135,40.905818939208984,19283700
2015-05-29,40.88858076101301,41.00927180704507,40.16443119623628,40.397193908691406,36519600
2015-06-01,40.569614962548066,41.18169291920459,40.19029645193358,40.71616744995117,28837300
2015-06-02,40.45754005724269,40.81961320093707,40.19029324505082,40.448917388916016,21498300
2015-06-03,40.836856086099274,41.155829049036406,40.36271126452978,40.388572692871094,28002200
2015-06-04,40.33684799385078,40.65581765363487,39.82821909866756,39.96615219116211,27745500
2015-06-05,39.92304117603916,40.10407770913605,39.51786135460773,39.776485443115234,25438100
2015-06-08,39.91442918350975,40.026500857647335,39.37131615039564,39.42304229736328,22121600
2015-06-09,39.44890271964144,39.60407786799899,39.19027856857369,39.35407638549805,24406100
2015-06-10,39.47475991498816,40.37132653719778,39.38854968866961,40.18166732788086,28417400
2015-06-11,40.22478117597946,40.44892124507496,39.76787836863975,40.03512191772461,27347800
2015-06-12,39.845464528509574,40.0609852093629,39.569598320104085,39.62994384765625,23931000
2015-06-15,39.1816619156159,39.35407912452272,38.81096606747089,39.207523345947266,33254500
2015-06-16,39.09546693593108,39.86272365079571,39.05236343901612,39.50926971435547,27070300
2015-06-17,39.42304254705983,39.71615080456373,39.1040728602006,39.62994384765625,28704100
2015-06-18,39.845459395723246,40.345465600829485,39.80235263423779,40.2765007019043,32658300
2015-06-19,40.33683571745681,40.3713198022314,39.64717046488158,39.74199676513672,63837000
2015-06-22,39.940290437665226,40.276502142337115,39.79373467825853,39.85408020019531,20318100
2015-06-23,39.76787579873294,39.89718623034462,39.32821178093346,39.578216552734375,25896500
2015-06-24,39.3713127819594,39.871322294114165,39.26786378545936,39.34545135498047,34890900
2015-06-25,39.68166544217777,39.70753015929369,39.224762665671925,39.35407638549805,20616000
2015-06-26,39.35407926573276,39.89718903614863,38.81958558734527,39.01786422729492,49835300
2015-06-29,38.828203626614425,38.991998147410946,38.24198715727988,38.250606536865234,34081700
2015-06-30,38.54371156080235,38.55233422825378,37.87990757615776,38.06094741821289,35945400
2015-07-01,38.32820709002445,38.99201135480876,38.017856702480046,38.31958770751953,28343900
2015-07-02,38.34545037111863,38.57821316922804,37.98337709978326,38.276485443115234,21752000
2015-07-06,37.89715315951435,38.34543653988976,37.88853377984253,38.26784896850586,23034000
2015-07-07,38.22474975521877,38.35406348480583,37.34542494434708,38.19026565551758,36435800
2015-07-08,38.31096375771483,38.70752439999961,37.957509892272235,38.1385498046875,39785900
2015-07-09,38.578188076226425,38.98336786367539,38.36266747244862,38.37990951538086,32424700
2015-07-10,38.80233532998782,38.91440698576148,38.42302018013304,38.45750427246094,25465800
2015-07-13,38.77647933177047,39.328211731895216,38.75061790319727,39.259246826171875,28178300
2015-07-14,39.18165265329603,39.62131330791964,39.06096162216734,39.32820510864258,22880300
2015-07-15,39.379944841602345,39.560981450798316,39.16442412915425,39.448909759521484,26629600
2015-07-16,39.66442969426212,40.25064628371369,39.629948880271165,40.22478485107422,26271700
2015-07-17,40.12995826268923,40.32823693469044,39.87995343289347,40.190303802490234,29467100
2015-07-20,40.21615796144643,40.62995724934762,40.035118101014824,40.448917388916016,30631900
2015-07-21,40.32822835683958,40.80237648097472,40.06960420004696,40.75926971435547,42781900
2015-07-22,39.173036583287065,40.45754124930242,38.96613857753254,39.259246826171875,59152400
2015-07-23,39.02647990562745,39.85407841679927,38.87992415277885,39.75062942504883,33934000
2015-07-24,39.57820733352215,39.93166102599703,39.483377732612155,39.604068756103516,32333200
2015-07-27,39.60407644415013,39.66442196761024,39.00924058922144,39.0954475402832,39701400
2015-07-28,39.293719931530056,39.34544277420778,38.61267400188215,39.08681869506836,34328900
2015-07-29,39.13855444669115,40.32822616087371,39.01786011074775,39.90580749511719,40945900
2015-07-30,39.8799464833827,40.86272357870804,39.59546088655053,40.4144401550293,39777900
2015-07-31,40.76788327534812,40.83684816707955,40.08683729336206,40.259254455566406,31201500
2015-08-03,40.500636465025835,40.51787851008572,40.043733780982336,40.35408401489258,24125900
2015-08-04,40.30236380030502,41.12996235325425,40.24201827802232,40.9834098815918,33403900
2015-08-05,41.36272583743366,41.73342164616,40.983410649041666,41.01789474487305,26959700
2015-08-06,41.129974293286985,41.18170045108154,39.940302261279754,40.190303802490234,27368000
2015-08-07,39.992016029318194,40.32822775700632,39.879944357227316,40.29374694824219,19163000
2015-08-10,40.474791014601166,40.940316549180395,40.379961373640384,40.80238342285156,23079900
2015-08-11,40.3627120483247,40.4661610522833,39.56959753700123,40.00925827026367,29237400
2015-08-12,39.819598831159425,40.431680049052304,39.40579952872908,40.29374694824219,30181400
2015-08-13,40.56961077129489,40.60409157803744,40.07822392293198,40.28512191772461,22627200
2015-08-14,40.112699638876286,40.60408642487613,40.10408026043064,40.517879486083984,21473400
2015-08-17,40.3540862845307,40.90581860314278,40.14718502075917,40.79374694824219,21099700
2015-08-18,40.64623829460318,41.1582213586044,40.524751348953906,41.019378662109375,23574100
2015-08-19,40.59415888726037,40.85449176172614,40.177630922493144,40.44664001464844,31485500
2015-08-20,39.978053262081524,40.325161627882046,39.62226867675781,39.62226867675781,36238200
2015-08-21,39.309853426439,39.466051786976394,37.374732971191406,37.374732971191406,70053100
2015-08-24,35.1011838817425,37.04498055486699,34.46771422334136,36.16853713989258,88753700
2015-08-25,36.94087168426893,37.52227777972058,35.04913778428121,35.118560791015625,70616600
2015-08-26,36.454917032571295,37.17516576137145,35.630540424310084,37.062355041503906,63408000
2015-08-27,37.51359141644486,38.13838512217714,37.2532618091466,38.09499740600586,50943200
2015-08-28,37.66112446197973,38.311950322657225,37.65244493008532,38.12104034423828,28246700
2015-08-31,37.79996266255439,38.12103578857602,37.40078699990275,37.76525115966797,34441700
2015-09-01,36.5937486908788,36.95821271047663,36.15118878522768,36.29003143310547,49688900
2015-09-02,36.75863247857699,37.64375574143532,36.34210446845608,37.626399993896484,37671500
2015-09-03,37.66979886987481,38.164426235352636,37.55698813257964,37.74789810180664,28285200
2015-09-04,37.14912482656202,37.34871093799626,36.61978616523773,36.97557067871094,37138800
2015-09-08,37.57433219614419,38.18177010994742,37.487556770002435,38.0863151550293,32469800
2015-09-09,38.36398704774882,38.528864934021165,37.235890351854735,37.374732971191406,33469500
2015-09-10,37.41813636239285,37.99954235051948,37.09706329119278,37.56565856933594,31366600
2015-09-11,37.435488708356935,37.82598473798401,37.261934549603765,37.73052978515625,27132500
2015-09-14,37.68715325456402,37.695829475454254,37.1925259070405,37.348724365234375,23656000
2015-09-15,37.478872600889986,38.43341872161655,37.38342096806025,38.16440963745117,28882200
2015-09-16,38.15574653682527,38.511531158696684,38.0429358098111,38.442108154296875,23372200
2015-09-17,38.43343128921532,39.04954554670948,38.25120087112905,38.398719787597656,32768200
2015-09-18,37.747885532058596,38.17309305549035,37.60036664879406,37.73052978515625,63143700
2015-09-21,37.85201041222763,38.58961463677179,37.8346546682098,38.277217864990234,26177200
2015-09-22,37.64375787522928,38.22516055451971,37.58301441053536,38.09499740600586,28085900
2015-09-23,38.12101406303492,38.32927634112051,37.756550110981294,38.068946838378906,17145200
2015-09-24,37.70449220964562,38.294574275442166,37.54829382103655,38.10366439819336,27905600
2015-09-25,38.598294913997506,38.81523677163706,37.97350130470917,38.12969970703125,29384600
2015-09-28,38.03425384747909,38.2598719571755,37.49623557541671,37.56565856933594,27613800
2015-09-29,37.63508401029444,37.8086382113718,37.357398612679084,37.69582748413086,32763600
2015-09-30,38.07765265224229,38.44211354564227,37.88674267363953,38.40740203857422,34958900
2015-10-01,38.832588429829244,38.832588429829244,37.96482109061518,38.71110153198242,28657900
2015-10-02,38.41607312995707,39.54417037963867,38.112352475250354,39.54417037963867,41839000
2015-10-05,39.70037183685073,40.68962647428955,39.65698411438379,40.46400833129883,34369300
2015-10-06,40.20367729413089,40.94127848134177,40.108222321846235,40.568138122558594,27017200
2015-10-07,40.871844612004445,41.088786469414806,39.873914054078796,40.611515045166016,27711500
2015-10-08,40.40326258495998,41.23631872643854,40.351195334766004,41.175575256347656,33772700
2015-10-09,41.175564736821094,41.253663937023866,40.715645753284775,40.880523681640625,28600600
2015-10-12,40.767705140279624,40.845804325444256,40.35117725615806,40.78506088256836,19769100
2015-10-13,40.403251818205696,40.8978789772911,40.403251818205696,40.689613342285156,19987800
2015-10-14,40.48136091391232,40.87185369582242,40.3772264158169,40.50739288330078,24697800
2015-10-15,40.79374313354492,40.81109887840124,40.37721518780282,40.79374313354492,27189400
2015-10-16,40.80242641309934,41.253665890047856,40.69829524465589,41.227630615234375,26450300
2015-10-19,41.149546824441614,41.54872252182002,40.802441696193895,41.32310104370117,29387600
2015-10-20,41.16688604171617,41.48796237697324,40.802425306909846,41.453250885009766,30802200
2015-10-21,41.583420002110834,41.644166776928955,40.88053039512591,40.9586296081543,25144300
2015-10-22,41.24497986325574,42.47721118505902,40.86316343227411,41.678863525390625,56637100
2015-10-23,45.38423333163977,46.92018199213865,45.34084562467491,45.87886047363281,135227100
2015-10-26,45.58382807616874,47.13713277606798,45.55779610910724,47.07638931274414,64633300
2015-10-27,46.85076792151368,47.18051718206609,46.49498338545537,46.59043502807617,50999900
2015-10-28,46.460281654557015,46.842098236083984,45.87019937657018,46.842098236083984,47000800
2015-10-29,46.46026409007145,46.71191741265955,46.18257880661894,46.3040657043457,30202100
2015-10-30,46.26935761089058,46.850763491584416,45.66191976742252,45.67927551269531,46619800
2015-11-02,45.86150764727294,46.30407089317941,45.661921534317685,46.1999397277832,30285000
2015-11-03,45.93094633085097,47.19788642541673,45.90491435817137,46.9896240234375,36596900
2015-11-04,47.0156520976925,47.62309012192848,46.91152090533719,47.20656204223633,37087800
2015-11-05,47.28466013967981,47.46689054953603,46.85945253974444,47.189205169677734,31468500
2015-11-06,46.93753078126774,47.70984310571011,46.82472011166073,47.65777587890625,32851200
2015-11-09,47.33672367725696,47.614409054755725,46.47763557507978,46.998294830322266,32513100
2015-11-10,46.92018943563801,46.972256678417786,46.22597608325954,46.43423843383789,55283700
2015-11-11,46.59912044468253,47.03300424154126,46.390854765671236,46.55573272705078,36516300
2015-11-12,46.40820224647014,46.84208596602607,46.15654889466288,46.26935958862305,35361100
2015-11-13,46.05241508178344,46.2433249667011,45.58381989713274,45.85282897949219,36848200
2015-11-16,46.0611078539654,46.7639975227824,45.86151838401376,46.65986633300781,32165200
2015-11-17,46.45018372320334,46.76468616945436,46.17062673377625,46.27546310424805,31551300
2015-11-18,46.30168149876732,47.157825398268535,46.284208766216324,47.044254302978516,29710000
2015-11-19,47.16655488868343,47.75187632651328,46.98309289641549,47.12287139892578,28149200
2015-11-20,47.39370390500693,47.43738407158248,46.53755997631032,47.341285705566406,37147600
2015-11-23,47.39370390500693,47.577162604174106,46.9568955740852,47.341285705566406,28235900
2015-11-24,47.10540457385537,47.55968559710019,46.80837813480049,47.393699645996094,24600000
2015-11-25,47.2539203114182,47.37622609776378,46.90447235107422,46.90447235107422,21005100
2015-11-27,47.00056847527776,47.24518336893767,46.9918337763461,47.114139556884766,9009100
2015-11-30,47.64703399982922,48.013951247714814,47.17528039604911,47.48104476928711,56241400
2015-12-01,47.53347356228027,48.24983882462752,47.437375214207414,48.24110412597656,39952800
2015-12-02,48.32845917744673,48.88757314250174,48.101320378861416,48.23236083984375,47274900
2015-12-03,48.476983693859125,48.721595260766726,47.11414067983967,47.35001754760742,38627800
2015-12-04,47.28012811840635,49.12345962535809,47.262655386991796,48.843902587890625,43963700
2015-12-07,48.739069474416624,48.89632072437918,48.302261187316816,48.75654220581055,30709800
2015-12-08,48.459521432697784,49.00989757714889,48.040185799151686,48.739078521728516,32878000
2015-12-09,48.37215836247454,48.80896673610284,47.62084742662052,48.03144836425781,36373200
2015-12-10,48.38961162934197,48.62548845611389,48.05763646582053,48.2847785949707,31775800
2015-12-11,47.7955556072097,48.136265492544176,47.18402342022311,47.22770690917969,39549500
2015-12-14,47.463599075049274,48.23237940664685,46.89574686112109,48.171226501464844,46768900
2015-12-15,48.625503306869405,48.83517277222935,48.127542075795525,48.22364044189453,39843000
2015-12-16,48.52067589996008,49.140943002932616,47.83925255749598,49.036109924316406,37503300
2015-12-17,49.23704071991847,49.61269619022073,48.51193721547066,48.66045379638672,41280900
2015-12-18,48.72159472486955,48.922526128702515,47.20150048239136,47.28886413574219,84684200
2015-12-21,47.94407078013718,48.35466823752531,47.37621876560722,47.900390625,37246300
2015-12-22,48.04017234065664,48.46824255530549,47.612098793425346,48.354671478271484,28322200
2015-12-23,48.66043338522014,48.817684601366494,48.433291258527824,48.76526641845703,27279800
2015-12-24,48.80022849958422,48.88758883494761,48.42457305887196,48.634239196777344,9558500
2015-12-28,48.35465820541153,48.87882995605469,48.03142112535957,48.87882995605469,22458300
2015-12-29,49.17588009767005,49.66510326960995,48.974948675968605,49.403018951416016,27731400
2015-12-30,49.333122616660745,49.603941586704686,49.175871387081926,49.19334411621094,21704500
2015-12-31,48.95748064081558,49.08852114619336,48.41583588765442,48.46825408935547,27334100
2016-01-04,47.45486325876812,47.87419891357422,46.642399386148945,47.87419891357422,53778000
2016-01-05,47.98776108570842,48.389623930104555,47.64705113795592,48.092594146728516,34079700
2016-01-06,47.45484427406752,47.52473518819987,46.86078483427135,47.21896743774414,39518900
2016-01-07,46.039587588239186,46.72974538365971,45.48920829153578,45.576568603515625,56564900
2016-01-08,45.75130031598054,46.54629128706302,45.559106930527115,45.71635818481445,48754000
2016-01-11,45.8736060856264,46.170635862191325,44.95630932442327,45.690147399902344,36943800
2016-01-12,46.09201289334649,46.38904268704201,45.480483905664286,46.1094856262207,36095500
2016-01-13,47.00057537937086,47.23645227616539,44.816533741550806,45.113563537597656,66883600
2016-01-14,45.428062610738266,46.668596567007135,45.052407211004386,46.39777755737305,52381900
2016-01-15,44.825264721686445,45.40185149004932,43.97785563311429,44.54570770263672,71820700
2016-01-19,44.97378492574377,45.148508922973875,43.73325087731782,44.17005920410156,43564500
2016-01-20,43.66335630830156,44.88642085444984,42.89457278407742,44.37098693847656,63273000
2016-01-21,44.554455068450316,45.06115439239826,43.94292266569999,44.10017395019531,40191200
2016-01-22,44.91262822005919,45.716357206164915,44.78158440009738,45.68141174316406,37555800
2016-01-25,45.375642687127744,45.99591297421613,45.122296418828036,45.24460220336914,34707700
2016-01-26,45.244596751926395,45.81244544495994,45.03492733755957,45.576568603515625,28900800
2016-01-27,45.436786023155264,45.602775266621144,44.571907681468154,44.74663162231445,36775200
2016-01-28,45.30576001223381,45.61152450676822,44.77285332240265,45.48048400878906,62513800
2016-01-29,47.8130266970432,48.12752914428711,47.17528710461293,48.12752914428711,83611700
2016-02-01,47.94407929708868,48.12753798080439,47.61210406042492,47.795562744140625,44208500
2016-02-02,47.32381137885276,47.40243700907438,45.99591703023893,46.30168151855469,56313800
2016-02-03,46.52008277951598,46.64238856722541,44.781584322921596,45.567840576171875,57559800
2016-02-04,45.5154227644682,46.13569307284006,44.877683057061894,45.428062438964844,46987100
2016-02-05,45.375642631963295,45.428060824952624,43.29643763212692,43.82060623168945,62009000
2016-02-08,43.28769578827017,43.3051685177279,42.09957684580351,43.16539001464844,59290500
2016-02-09,42.824676235783734,43.890489307917186,42.51890849689226,43.051815032958984,46740500
2016-02-10,43.58473003911108,44.021538323059005,43.26149284211277,43.4274787902832,38237000
2016-02-11,42.52766365506977,43.7769358741313,42.37914707463175,43.41001510620117,48878600
2016-02-12,43.89922589594775,44.274881229922634,43.46241767807762,44.11763000488281,34243300
2016-02-16,44.78636305699163,44.95354080200195,44.108847948511325,44.95354080200195,37291200
2016-02-17,45.305485623238226,46.43174245762961,45.270289258035966,46.123779296875,40789000
2016-02-18,46.04460072180875,46.5901310536965,45.84222326405758,45.92141342163086,27176000
2016-02-19,45.72782895143749,46.00059237267618,45.340675672502705,45.59584426879883,33559100
2016-02-22,46.00059527357428,46.63411641977522,46.00059527357428,46.32615661621094,25008300
2016-02-23,46.05339365106394,46.079789248847334,44.85674398939766,45.03272247314453,28895300
2016-02-24,44.601573679302476,45.3142850012582,44.17042993466441,45.19110107421875,33014500
2016-02-25,45.51666228249332,45.842220306396484,44.53118744022642,45.842220306396484,26939500
2016-02-26,46.28216070886131,46.35255344097704,44.9623271902834,45.1383056640625,35975900
2016-02-29,45.182302447343965,45.44627185381783,44.575180196777026,44.76875686645508,31654000
2016-03-01,44.847950104854334,46.273369558004646,44.803952963072554,46.26457214355469,33024500
2016-03-02,46.11498891910751,46.59892726668255,45.895016637799706,46.59012985229492,29289900
2016-03-03,46.607740083638134,46.607740083638134,45.56066960582437,46.06220626831055,24427800
2016-03-04,46.10618574198025,46.15017952144097,45.49906017328757,45.78062438964844,33034200
2016-03-07,45.36707353913185,45.578244998497,44.504782807619534,44.90073013305664,38407800
2016-03-08,44.69836229554412,45.868616322927046,44.52238381728598,45.44626998901367,33835100
2016-03-09,45.657444233772914,46.502136952588536,45.63104863521945,46.49333953857422,28251600
2016-03-10,46.57252872392753,46.58132613775923,45.015124667904836,45.79822540283203,38387800
2016-03-11,46.63411345701856,46.69570541381836,46.08858325828753,46.69570541381836,32275700
2016-03-14,46.3789508794332,47.15325418091036,46.308561501031825,46.78369903564453,24083600
2016-03-15,46.414152263438055,47.15325927734375,46.40535484887842,47.15325927734375,21104800
2016-03-16,47.03006995490962,48.04194033906047,46.986076174122246,47.82196807861328,31691700
2016-03-17,47.69879859070176,48.393911949724156,47.514022641547356,48.094749450683594,28223900
2016-03-18,48.32350779614346,48.36750493638401,47.03007310062663,47.065269470214844,67625500
2016-03-21,46.85408675114434,47.45241150775487,46.57252255468173,47.39081954956055,23925700
2016-03-22,47.17084773919008,47.733976137223564,47.03886305242786,47.57559585571289,23124100
2016-03-23,47.61079378483677,47.72518029335695,47.28523579836716,47.48760986328125,20129000
2016-03-24,47.37322587075173,47.80437297560439,47.27643753967193,47.69878387451172,19950000
2016-03-28,47.6987807492295,47.769173478679065,46.92448086434479,47.109256744384766,17025100
2016-03-29,47.21483878176035,48.27070614518353,47.03006291620149,48.13872146606445,23924300
2016-03-30,48.33229955186356,48.95701989123424,48.305903957850965,48.43788528442383,23008300
2016-03-31,48.34989986120895,48.9130282683264,48.270709719176175,48.59626770019531,26360500
2016-04-01,48.437888835239384,48.93062788415821,48.0155425175276,48.89543151855469,24399200
2016-04-04,48.77225875854492,48.974632872319724,48.39390613298435,48.77225875854492,18928800
2016-04-05,48.56107974790622,48.657868088991904,47.91876108748651,48.006752014160156,19272300
2016-04-06,47.83077079378008,48.56987775319981,47.698786089540306,48.49948501586914,21188700
2016-04-07,48.27950893671292,48.31470530260089,47.71638050854619,47.91875457763672,19225100
2016-04-08,48.10352094507877,48.64025367087618,47.79556119577347,47.883548736572266,22167200
2016-04-11,47.945146318408234,48.52587284216618,47.77796528384282,47.786766052246094,21414200
2016-04-12,47.839566285751005,48.20032065880134,47.30283343295434,48.0859375,24944300
2016-04-13,48.49948443785969,48.78104867080581,48.29711035521157,48.70185852050781,20818000
2016-04-14,48.58748651056735,48.90424718446416,48.45550177760662,48.710670471191406,20877100
2016-04-15,48.65786854511314,49.20339886956099,48.49069081763205,48.9658317565918,28793800
2016-04-18,48.82504910585396,49.79292580238987,48.578677868009216,49.67853927612305,23786000
2016-04-19,49.82811820980119,49.95130214067048,48.99222293481768,49.616943359375,29596800
2016-04-20,49.528963264865475,49.71373918903201,48.82505258481853,48.91304016113281,36195700
2016-04-21,49.0977983755298,49.476150858927596,48.763439664420424,49.0802001953125,38909100
2016-04-22,45.675047850771925,46.13259063367685,44.67197470831189,45.56066131591797,126834100
2016-04-25,45.560652012915256,45.86861518132987,45.428670674889176,45.851016998291016,33226900
2016-04-26,45.983010220774084,46.06220038666077,44.95354142075823,45.26150131225586,33532600
2016-04-27,45.29668936998814,45.3142875543439,44.47839225825294,44.82154846191406,43369300
2016-04-28,44.539981437652344,44.67196613380487,43.607301220743366,43.906463623046875,43134800
2016-04-29,43.42252320987266,44.21442469629096,43.42252320987266,43.88006591796875,48411700
2016-05-02,43.99445229510455,44.65436907953112,43.80087563092278,44.531185150146484,33114500
2016-05-03,44.29362727541069,44.35521925758268,43.64250771979222,43.80088806152344,26460200
2016-05-04,43.85367032059159,44.04724698538503,43.51931154226938,43.88006591796875,24257600
2016-05-05,43.88007748299122,44.258430142164016,43.75689352075101,43.94166946411133,25390700
2016-05-06,43.92405563401419,44.33760452270508,43.6952859793935,44.33760452270508,24787300
2016-05-09,44.42560453426041,44.51359210640636,43.99445737511952,44.05604934692383,17951600
2016-05-10,44.28481881632171,44.962330451267285,44.16163152618479,44.89194107055664,22891000
2016-05-11,44.98872005413146,45.56064582086908,44.874333558180034,44.91832733154297,24039100
2016-05-12,45.05032231375928,45.5870551984943,44.803951084849935,45.32308578491211,24102800
2016-05-13,45.261505259464435,45.66625689624495,44.90955154656093,44.94474792480469,22592300
2016-05-16,44.69836063549559,45.719031743673874,44.65436685669251,45.60464859008789,20032000
2016-05-17,45.826166304742166,45.83502525165892,44.62114672482046,44.754051208496094,27803500
2016-05-18,44.72746341540377,45.31225183253911,44.567975358004425,45.019859313964844,24907500
2016-05-19,44.71860884292804,44.85151331709942,44.14267931489067,44.58570098876953,23842400
2016-05-20,44.727467382176265,45.38314094074447,44.656585672594005,44.85151290893555,23905800
2016-05-23,44.833783507919165,44.90466858463666,44.28443768330458,44.328739166259766,26118700
2016-05-24,44.922397622050916,45.817299900448596,44.65658529836754,45.710975646972656,34757900
2016-05-25,46.00337078670239,46.50841862420256,45.88818758059402,46.180580139160156,24040200
2016-05-26,46.012226293677344,46.056527780228876,45.507181911018925,45.976783752441406,24335200
2016-05-27,46.0033580351704,46.3577766418457,45.87045359265691,46.3577766418457,17721400
2016-05-31,46.304630600369016,46.960304260253906,46.14514588416809,46.960304260253906,37653100
2016-06-01,46.46411870256529,46.916002768487154,46.46411870256529,46.827396392822266,25324800
2016-06-02,46.64132813106438,46.72993450683785,45.93249402481475,46.49956130981445,22840800
2016-06-03,46.41093770462386,46.446376859208385,45.71982180044067,45.8881721496582,23368300
2016-06-06,46.06539234583919,46.38436509251499,45.976785988440135,46.18943786621094,18243300
2016-06-07,46.286905963511074,46.72106531102064,46.16285705566406,46.16285705566406,20866800
2016-06-08,46.09197797570673,46.464114580522455,45.95907011399407,46.10969924926758,21149400
2016-06-09,46.07423466064159,46.07423466064159,45.62235423097131,45.7375373840332,20305700
2016-06-10,45.23251879596478,46.11856227239891,45.223659848394995,45.61351776123047,25833200
2016-06-13,43.930018889718916,44.94010749141307,43.46927606824705,44.42620086669922,83217800
2016-06-14,44.213557788842465,44.39076372788662,43.92116190544368,44.15153503417969,42577100
2016-06-15,44.1072518457368,44.4085068221435,44.02750778198242,44.02750778198242,33757600
2016-06-16,43.87686737857142,44.71860924245908,43.86800505222187,44.64772415161133,31188600
2016-06-17,44.665437970939216,44.68315924069398,44.14267234312674,44.4173469543457,45710500
2016-06-20,44.869237432467905,45.037587842399944,44.3287504152937,44.364192962646484,35607900
2016-06-21,44.4793861751249,45.56921931860856,44.443943622494245,45.3565673828125,34097800
2016-06-22,45.25908437887756,45.595778332277725,45.14389782640578,45.17934036254883,28816800
2016-06-23,45.43629861942335,46.12741468081746,45.32111542584674,45.9945068359375,29028800
2016-06-24,44.133813764277946,45.13504016382661,43.87686042068264,44.15153503417969,133503000
2016-06-27,43.50473842705009,43.549043310041576,42.56553439541986,42.91109085083008,50216300
2016-06-28,43.34524529785893,43.83257191448475,43.12373442847906,43.80598831176758,38140700
2016-06-29,44.22241622413022,44.94011243693936,44.12495093078726,44.78062438964844,31304000
2016-06-30,44.94010474117035,45.45400795444816,44.74517418786532,45.33882141113281,28527800
2016-07-01,45.30339109828848,45.826156736903094,45.25022728792563,45.32997131347656,21400400
2016-07-05,45.037570017822866,45.43628668778533,44.95782600783317,45.33882141113281,24806400
2016-07-06,44.99328191525632,45.6666767792506,44.64772553662198,45.52490997314453,28167500
2016-07-07,45.560349139680596,45.728699545672804,45.25023530756959,45.52490997314453,19585200
2016-07-08,45.83502435310004,46.393232637559116,45.67553627182601,46.34006881713867,28391000
2016-07-11,46.51727516008273,46.80967108348277,46.49069494158712,46.59701919555664,22269200
2016-07-12,46.90714539390203,47.31472800502234,46.7742408863526,47.14637756347656,27317600
2016-07-13,47.45648291091737,47.72229523918127,47.11978549245663,47.41217803955078,25356800
2016-07-14,47.70456977184283,47.837477614281404,47.474200008934375,47.615966796875,24545500
2016-07-15,47.80203909532613,47.84634058653846,47.14636553342738,47.580528259277344,32024400
2016-07-18,47.58053563851862,48.14760292595176,47.44762776428188,47.81090545654297,31433900
2016-07-19,47.58937724513274,47.75772760848607,46.89826466290532,47.04003143310547,53336500
2016-07-20,49.7513329105944,50.36270157403833,49.20198362809315,49.53868103027344,89893300
2016-07-21,49.600699752697864,49.82221056083602,49.40576915994054,49.44121170043945,32776700
2016-07-22,49.689307191042495,50.1766303036107,49.42349151147186,50.12346649169922,32157200
2016-07-25,50.03486992775722,50.27410204202336,49.84879825222542,50.26523971557617,25610600
2016-07-26,50.079172008711595,50.76142581371553,50.07030968216023,50.29182052612305,28079000
2016-07-27,50.158925168854886,50.327272224084176,49.71590340036825,49.78678512573242,32327500
2016-07-28,49.618424669127094,49.946259742866054,49.370333627377285,49.80449295043945,37550400
2016-07-29,49.84879586825405,50.29181752978487,49.662727581607996,50.2209358215332,30558700
2016-08-01,50.15005355591166,50.28296141384623,49.74247441556024,50.1323356628418,26003400
2016-08-02,50.37156439914446,50.41586927178081,49.893103546551906,50.1323356628418,35122000
2016-08-03,50.220944226156284,50.60194318923306,50.052597183396536,50.47789764404297,22075600
2016-08-04,50.3272670382497,50.965219400730525,50.21208044391566,50.850032806396484,26587700
2016-08-05,51.080393156160895,51.576575197832106,50.903183835569756,51.355064392089844,29335200
2016-08-08,51.443660736083984,51.47024094600721,51.19556638351849,51.443660736083984,19473500
2016-08-09,51.541142535079416,51.833538477087664,51.40823805415619,51.567726135253906,16920700
2016-08-10,51.53228299002508,51.674049796022906,51.231028104781295,51.40823745727539,15756900
2016-08-11,51.41709038836804,51.789230323065894,51.41709038836804,51.65632247924805,18162300
2016-08-12,51.417100613534615,51.55886743113919,51.05382293217365,51.33735656738281,21655200
2016-08-15,51.399368500969864,51.83353118958107,51.35506701355733,51.49683380126953,19283900
2016-08-16,51.36309670436079,51.37201086423495,51.05996425284453,51.21152877807617,20523500
2016-08-17,51.3006878713138,51.425506517060306,51.02430129783723,51.318519592285156,18856400
2016-08-18,51.19371250652416,51.44335327202613,51.0599796617359,51.35419464111328,14214300
2016-08-19,51.202616838662,51.47008586017475,50.99755714213379,51.372013092041016,17271000
2016-08-22,51.35417850808388,51.48791471191262,51.05104606031795,51.416587829589844,15221900
2016-08-23,51.62164567880863,51.87128293950718,51.57706468135309,51.612728118896484,18732400
2016-08-24,51.53249304232498,51.74647029126942,51.4611695600455,51.666229248046875,18151500
2016-08-25,51.60382948410672,51.96937132626158,51.514670863426495,51.86238098144531,18552600
2016-08-26,51.96044788241121,52.334907244776915,51.43442398362472,51.73755645751953,20971200
2016-08-29,51.87129179204484,52.24574774699864,51.799964904785156,51.799964904785156,16417200
2016-08-30,51.69296915284282,51.88019709836673,51.363090858197936,51.612728118896484,16930200
2016-08-31,51.39876214145563,51.532494951077965,51.08671211689727,51.22936248779297,20860300
2016-09-01,50.8281660690978,51.55033561005501,50.8281660690978,51.34527587890625,26075400
2016-09-02,51.416587829589844,51.880202361529086,51.193696423910566,51.416587829589844,18900500
2016-09-06,51.51466649996645,51.532498222592096,51.00647430882239,51.363101959228516,16278400
2016-09-07,51.23828804712037,51.56816644361167,51.18479287428922,51.407684326171875,17493400
2016-09-08,51.38093911872955,51.52358951377589,50.97973381983244,51.2026252746582,20146100
2016-09-09,50.63201989462575,51.2828624857459,50.11491012573242,50.11491012573242,35113900
2016-09-12,49.9276758797792,51.00646948878599,49.57996582407065,50.86381912231445,29303000
2016-09-13,50.373465449760445,50.50720167420774,49.972260177472016,50.400211334228516,30130200
2016-09-14,50.2753893567558,50.489366621550886,49.954425160089805,50.15948486328125,24062500
2016-09-15,50.06142160313066,51.13129785452729,49.90985364684882,50.9886474609375,26847000
2016-09-16,51.38093690975802,51.38093690975802,50.59635807020695,51.04214096069336,44607000
2016-09-19,51.059976088677686,51.487927283950306,50.68551666715554,50.75684356689453,20937100
2016-09-20,51.131299535921535,51.131299535921535,50.59636139263239,50.64985656738281,17384000
2016-09-21,51.273930979694875,51.57706338911367,50.89056093939266,51.496822357177734,33707300
2016-09-22,51.63947486593777,51.71080174222542,51.38092344202666,51.55031967163086,19822200
2016-09-23,51.59491301077221,51.63057645979722,51.15804766390379,51.2026252746582,19955300
2016-09-26,50.89058085102792,50.94407262587959,50.66768938633573,50.730098724365234,21688700
2016-09-27,50.75683189187577,51.76430201210253,50.53394048304128,51.666229248046875,28065100
2016-09-28,51.603823643216465,51.76430574122273,51.41659226150699,51.73755645751953,20536400
2016-09-29,51.541414605565905,51.86237540232634,51.00647314219201,51.175872802734375,25463500
2016-09-30,51.32744875236643,51.50576261313812,51.122389002847896,51.35419464111328,29910800
2016-10-03,51.18479616496364,51.309614841873945,50.872749472687886,51.19371032714844,19189500
2016-10-04,51.05996426447062,51.35417915512673,50.792495254496075,51.03321838378906,20085900
2016-10-05,51.07779258169511,51.675139884132115,51.05104330174301,51.38983917236328,16726400
2016-10-06,51.47900390625,51.585990835651934,51.06888110827845,51.47900390625,16212600
2016-10-07,51.577067375342665,51.692971852886345,51.193693904358206,51.53248977661133,20089000
2016-10-10,51.63057833610458,52.058529536795774,51.594914885783524,51.746482849121094,18196500
2016-10-11,51.61274420828797,51.728648715908946,50.72117839808834,50.9886474609375,26497400
2016-10-12,50.91733169555664,51.05998211080535,50.28432069045637,50.91733169555664,22177500
2016-10-13,50.551775037241114,51.08671308800535,50.21297912452873,50.74791717529297,25313700
2016-10-14,50.92624124790438,51.47901453286981,50.92624124790438,51.19371032714844,27402500
2016-10-17,51.140210961851885,51.22936617468312,50.70334225645073,51.0153923034668,23830000
2016-10-18,51.29177981889787,51.66623922660862,51.18479287428922,51.407684326171875,19149500
2016-10-19,51.238282983264924,51.5681613471545,51.17587365498996,51.29177474975586,22878400
2016-10-20,51.265032405936566,51.282864129682444,50.51611701387726,51.04214096069336,49455600
2016-10-21,53.74357324720337,53.89514116765932,53.03923900842894,53.19080352783203,80032200
2016-10-24,53.440448593465874,54.3855094909668,53.43153443263575,54.3855094909668,54067000
2016-10-25,54.25177248626763,54.715387066954065,54.207194880655216,54.37659454345703,35137200
2016-10-26,54.216119481502524,54.563829611898605,53.91298696250655,54.05563735961914,29911600
2016-10-27,54.03778825391172,54.23393376224763,53.57417376215124,53.58308792114258,28479900
2016-10-28,53.50285897411608,53.95755940961744,53.1194888319246,53.3780403137207,33574700
2016-10-31,53.6365999754448,53.86840559382469,53.42262268066406,53.42262268066406,26434700
2016-11-01,53.46719598894152,53.51177359362383,52.825267598146006,53.31562805175781,24533000
2016-11-02,53.33345835979316,53.43153112812593,52.869843801072065,52.985748291015625,22147000
2016-11-03,53.07490877373462,53.17298155181595,52.70045278584603,52.789608001708984,21600400
2016-11-04,52.29033071285062,52.8520146663434,52.17442621723403,52.34382247924805,28697000
2016-11-07,53.29779904222885,53.95755918868598,53.29779904222885,53.86840057373047,31664800
2016-11-08,53.984302613638754,54.18936231711575,53.62767837322132,53.91297912597656,22935400
2016-11-09,53.49395088023968,54.01997486660419,52.78069888204724,53.64551544189453,49632500
2016-11-10,53.921901258077405,53.93081882101178,51.380939990379176,52.33491516113281,57822400
2016-11-11,51.91587853864223,52.70937159335091,51.71973296518929,52.620216369628906,38767800
2016-11-14,52.62021686922806,52.67371204460144,51.06889079393828,51.817806243896484,41328400
2016-11-15,52.356350087850906,53.39755283440436,52.34737228346774,52.84104537963867,35904100
2016-11-16,52.90387762305544,53.55014259346668,52.78719355542058,53.541168212890625,27332500
2016-11-17,54.2233492603745,54.70804812343558,53.82841134826741,54.42979431152344,32132700
2016-11-18,54.55543896236236,54.878571435526176,54.12459680615364,54.16947555541992,27686300
2016-11-21,54.30412197278139,54.72598980115195,54.232313225812135,54.627254486083984,19652600
2016-11-22,54.73496433718135,54.9862881042249,54.58237588548477,54.860626220703125,23206700
2016-11-23,54.761893225090155,54.84267635706609,54.07972721820535,54.2143669128418,21848900
2016-11-25,54.12460205224734,54.33104705810547,53.972013605146316,54.33104705810547,8409600
2016-11-28,54.160513140415,54.77087385255994,54.04382562732057,54.402862548828125,20732600
2016-11-29,54.438749083618724,55.120914902069096,54.32206160876832,54.83368682861328,22366700
2016-11-30,54.62725467284234,54.91448281364228,54.05279839124246,54.08869934082031,34655400
2016-12-01,53.95406227763592,53.98996665071213,52.90388162134862,53.13725662231445,34542100
2016-12-02,53.029548082789525,53.37960716783765,52.77822088980841,53.18213653564453,25515700
2016-12-05,53.58604506933337,54.38489844949927,53.46038320153592,54.052791595458984,23552700
2016-12-06,54.24128989356173,54.26821646109569,53.675808007142386,53.810447692871094,19907000
2016-12-07,53.86429696486917,55.09399596251273,53.675804157590974,55.085018157958984,30809000
2016-12-08,55.022195814313534,55.27352302062689,54.6093057651248,54.76189422607422,21220800
2016-12-09,54.914484934616844,55.64153312011425,54.869606177889025,55.62358093261719,27349400
2016-12-12,55.4889382523245,55.9197804569796,55.39918074369908,55.80309295654297,20198100
2016-12-13,56.09929015618514,56.9250700637503,55.865918615708146,56.53013229370117,35718900
2016-12-14,56.54808855550658,56.952004158566034,56.126220767419014,56.260860443115234,30352700
2016-12-15,56.27881412014728,56.68272973391492,55.9197772581251,56.171104431152344,27669900
2016-12-16,56.50321481221593,56.50321481221593,55.758214475659535,55.91978073120117,42453100
2016-12-19,56.15315705404246,57.239238689818265,56.02749174475348,57.10459899902344,34338200
2016-12-20,57.16742739847107,57.266162710790944,56.575018948581246,57.03279113769531,26028400
2016-12-21,56.93405582537544,57.1764052036071,56.65580207465847,57.03279113769531,17096300
2016-12-22,57.30206869214412,57.53544027179212,56.91610523716398,57.04176712036133,22176600
2016-12-23,56.95201212021121,57.03279525211623,56.36857800933829,56.763519287109375,12403800
2016-12-27,56.73658845963265,57.50851539225834,56.73658845963265,56.79941940307617,11763200
2016-12-28,56.90712331050338,56.90712331050338,56.39549804016217,56.53911209106445,14653300
2016-12-29,56.42243150334206,56.72761182682677,56.30574400270775,56.458335876464844,10250600
2016-12-30,56.512191382990416,56.53912137597705,55.677433505027,55.77616882324219,25579900
2017-01-03,56.35959724290081,56.40447599464626,55.76718881738471,56.171104431152344,20694100
2017-01-04,56.081346986742815,56.32369637005528,55.758214475659535,55.91978073120117,21340000
2017-01-05,55.82104541681134,56.24291324228446,55.677431347888714,55.91978073120117,24876000
2017-01-06,55.919781209696346,56.682733739400206,55.68640962971122,56.40447998046875,19922900
2017-01-09,56.33267384344247,56.61990542108332,56.13520662785334,56.2249641418457,20382700
2017-01-10,56.30574749671353,56.61092783913595,55.901831834091254,56.20701217651367,18593000
2017-01-11,56.19804339017405,56.75454756740226,56.03647710903843,56.71864318847656,21517300
2017-01-12,56.60195952919384,56.907139904353976,55.60563526252311,56.19804382324219,20968200
2017-01-13,56.20699985878524,56.431397019506704,55.96465051432258,56.27880859375,19422300
2017-01-17,56.26086037866698,56.27881256367453,55.67742635002397,56.126220703125,20664000
2017-01-18,56.25188883803319,56.27881883055786,55.75821567945531,56.099300384521484,19670100
2017-01-19,55.86592759537362,56.53014138012971,55.830023222135594,55.91978073120117,18451700
2017-01-20,56.251881980233755,56.38652165435419,55.98260605602202,56.31471633911133,30213500
2017-01-23,56.278823982766916,56.655809672328964,56.16213646855634,56.5121955871582,23097600
2017-01-24,56.72761483490646,57.2123136256776,56.49423982126273,57.01484298706055,24672900
2017-01-25,57.400792788598125,57.53542902684022,56.95199847973345,57.158443450927734,23672700
2017-01-26,57.55338978725754,57.930375396924134,57.041761079235634,57.68802261352539,43554600
2017-01-27,58.69332929322542,59.1600792898964,58.24453490691963,59.04338836669922,44818000
2017-01-30,58.96261921145451,59.0523767351597,58.163765608776146,58.459964752197266,31651400
2017-01-31,58.217602757241735,58.47790429810716,57.67905091492556,58.029109954833984,25270500
2017-02-01,57.76881320625543,58.00218820157371,56.9699597568039,57.068695068359375,39671500
2017-02-02,56.77249616175138,56.91611024432979,56.32370172569011,56.700687408447266,45827000
2017-02-03,56.996877225814146,57.176395634165786,56.61091384626821,57.158443450927734,30301800
2017-02-06,56.99688907958379,57.13152876985605,56.67375656215402,57.12255096435547,19796400
2017-02-07,57.21230907665709,57.248210024799576,56.75453689153915,56.93405532836914,20277200
2017-02-08,57.05970500006228,57.27512776297839,56.745550370839474,56.8532600402832,18096400
2017-02-09,57.01483548923546,57.840618886104764,56.835317061739595,57.49953079223633,22644400
2017-02-10,57.670079723000526,57.71496190169728,57.427730338961965,57.445682525634766,18170700
2017-02-13,57.66108867099279,58.21759605791299,57.56235337898989,58.09193420410156,22920100
2017-02-14,58.16418876898786,58.44412597580065,57.81200059033402,58.30867004394531,23108400
2017-02-15,58.24546267969217,58.30867453414913,57.93843564077991,58.272552490234375,17005200
2017-02-16,58.46220239136482,58.913717716669474,58.1912973299283,58.26353454589844,20546300
2017-02-17,58.21836868293207,58.4170364653902,58.064855174514406,58.353824615478516,21248800
2017-02-21,58.34479343303177,58.65182045539396,58.20030526516129,58.236427307128906,20655900
2017-02-22,58.09194400533821,58.146123621614905,57.83909660994727,58.11903381347656,19292700
2017-02-23,58.17321440889162,58.453158506707574,57.96552128328534,58.353824615478516,20273100
2017-02-24,58.27254830012068,58.51637035661926,57.920367009244885,58.353824615478516,21796800
2017-02-27,58.28159284599667,58.28159284599667,57.83910980313149,58.00165557861328,15871500
2017-02-28,57.86619164557596,57.97455088791824,57.577218738583106,57.77588653564453,23239800
2017-03-01,57.91134003115108,58.68794676600342,57.81200613090888,58.642799377441406,26937500
2017-03-02,58.41703176001469,58.471211372839235,57.68557598379864,57.80297088623047,24539600
2017-03-03,57.784912724991,58.046788904431786,57.450789020374124,58.01969909667969,18135900
2017-03-06,57.766841510157164,58.29962600745479,57.62235681966581,58.03774642944336,18750300
2017-03-07,57.9655310443081,58.49831574191338,57.9655310443081,58.15516662597656,18521000
2017-03-08,58.02873041337172,58.76921500173393,58.01969818107199,58.68793869018555,21510900
2017-03-09,58.868564004348116,58.87758934939074,58.22741313792692,58.45317077636719,19846800
2017-03-10,58.79630427697307,58.93176020194482,58.47121281287068,58.633758544921875,19538200
2017-03-13,58.70599712118262,58.8685428379989,58.30866161572641,58.43508529663086,20100000
2017-03-14,58.272547618118786,58.290612083353516,57.92939856398217,58.164188385009766,14280200
2017-03-15,58.29061858877396,58.62473544758173,58.0197066966171,58.471221923828125,24833800
2017-03-16,58.4712287491735,58.48026098385322,58.064867753079305,58.37189483642578,20674300
2017-03-17,58.615700438628146,58.913695203374814,58.40800043694461,58.5795783996582,49219700
2017-03-20,58.61570097006042,58.85951612334994,58.44412300579123,58.633758544921875,14598100
2017-03-21,58.868565991025775,59.1485032674745,57.91134888682326,57.98359298706055,26640500
2017-03-22,57.90230605765039,58.823393944031615,57.90230605765039,58.72406005859375,20680000
2017-03-23,58.64279024546198,58.913695203374814,58.48926985744612,58.5795783996582,19269200
2017-03-24,59.02206983118394,59.103339263404386,58.48025294765456,58.67892074584961,22617100
2017-03-27,58.362848047370875,58.89563952738581,58.110000656004345,58.78727340698242,18614700
2017-03-28,58.660849199268576,59.12139659499462,58.38091200263835,58.9588508605957,20080400
2017-03-29,58.80533588256748,59.14848491787476,58.65181549479564,59.121395111083984,13618400
2017-03-30,59.07625128967057,59.581953034321785,59.02207166650553,59.338130950927734,15122800
2017-03-31,59.2839628726419,59.771600244816156,59.10335261096049,59.47359848022461,21040300
2017-04-03,59.428424590978885,59.54582294474425,58.868550188373916,59.193641662597656,20400900
2017-04-04,59.049159611905445,59.428430741225654,58.94982571285842,59.35619354248047,12997400
2017-04-05,59.8709223678902,59.91606975723082,59.09431561964464,59.202674865722656,21448600
2017-04-06,59.23879517656555,59.654188350046084,59.13043593366004,59.35619354248047,18103500
2017-04-07,59.46456013982778,59.5638940511602,59.094321198151206,59.3110466003418,14108500
2017-04-10,59.24783461223945,59.43747019995189,59.022076975975644,59.17559051513672,17952700
2017-04-11,59.238802829902994,59.24783506450386,58.561529915941655,59.13044357299805,18791500
2017-04-12,59.076257094193295,59.157533426502326,58.79631982756784,58.904685974121094,17108500
2017-04-13,58.95885121731055,59.47357823109225,58.651817321777344,58.651817321777344,17896500
2017-04-17,58.7331079254763,59.13946891802256,58.70601811125006,59.13044357299805,16689300
2017-04-18,58.99497657065275,59.338125635921095,58.84146305905179,59.049156188964844,15155600
2017-04-19,59.28394616251894,59.37424782311817,58.59764114072963,58.733097076416016,26992800
2017-04-20,59.11236886319239,59.37424850463867,58.82339941221289,59.14849090576172,22299500
2017-04-21,59.30199324756201,60.23211327737716,59.1033254956454,59.96120834350586,32522600
2017-04-24,60.93648104162833,61.09902675351594,60.59332515565799,60.98162841796875,29770000
2017-04-25,61.31577802154328,61.44220175211659,61.0448660905567,61.33383560180664,30242700
2017-04-26,61.47830579762113,61.685998912919246,61.06291267745033,61.25254821777344,26190800
2017-04-27,61.54153545399805,61.74922862940082,61.02680829857059,61.64989471435547,34971000
2017-04-28,62.22783237980421,62.43552552768952,61.12613411495831,61.82146453857422,39548800
2017-05-01,62.02012139619929,62.80576023892333,61.85757566631068,62.67933654785156,31954400
2017-05-02,62.95025217904509,62.95025217904509,62.42649286174891,62.580013275146484,23906100
2017-05-03,62.65224883717077,62.65224883717077,62.04722010175752,62.381343841552734,28928000
2017-05-04,62.33619910813306,62.38135339243712,61.98401773720616,62.13753128051758,21749400
2017-05-05,62.21880705590972,62.33619854863956,61.84856121875371,62.30910873413086,19128800
2017-05-08,62.28201840315125,62.35426250095964,61.78534884268897,62.25492858886719,18566100
2017-05-09,62.182657694424,62.56192871011268,62.02011198918979,62.3452033996582,22858400
2017-05-10,62.30008076911101,62.81480794878188,62.23686890106641,62.58905029296875,17977800
2017-05-11,61.73116287038166,62.065286621227344,61.5144374888044,61.82146453857422,28789400
2017-05-12,61.95692567130006,61.95692567130006,61.44219854098781,61.74922561645508,18714100
2017-05-15,61.53248151172958,61.83951538343911,61.01775453788709,61.79436111450195,31530300
2017-05-16,61.96692848869071,63.06585745028923,61.903354315013615,63.038612365722656,34956000
2017-05-17,62.56634561541474,62.75706815009967,61.240364948748756,61.2857780456543,30548800
2017-05-18,61.21312902634053,61.87611599439525,60.97699335939861,61.49467086791992,25201300
2017-05-19,61.30392859703002,61.84885102096849,61.24035442972161,61.47649002075195,26961100
2017-05-22,61.65813179321676,62.21213825020804,61.30393185239478,62.166725158691406,16237600
2017-05-23,62.41194325277905,62.439188335402314,62.10314948189757,62.375614166259766,15425800
2017-05-24,62.54818550919187,62.557262585461885,62.16673350480959,62.457359313964844,14593900
2017-05-25,62.63897752985486,63.465441500227705,62.58448737967241,63.229312896728516,21854100
2017-05-26,63.3928260696779,63.774271194455196,63.13852239075962,63.53813552856445,19827900
2017-05-30,63.383736375622696,63.94682693481445,63.3655683642254,63.94682693481445,17072800
2017-05-31,64.05581443860108,64.24653700516951,63.4019045366139,63.42914962768555,30436400
2017-06-01,63.79241628738906,64.1284551534952,63.07493239212355,63.66526794433594,21603600
2017-06-02,63.97407258102746,65.26372423884219,63.792427110800325,65.17290496826172,34770300
2017-06-05,65.36364548301731,66.19919408854753,65.21832906688957,65.64518737792969,33316800
2017-06-06,65.66334427615564,65.95397013013334,65.63609225594502,65.86314392089844,31511100
2017-06-07,65.97210773649442,66.09017206578957,65.34544314693794,65.74505615234375,22301800
2017-06-08,65.85405936790316,65.86313644454273,64.93676880547747,65.345458984375,24588300
2017-06-09,65.42719028382811,65.46351937153598,62.29387402740836,63.865074157714844,49187400
2017-06-12,62.89331584994168,63.51998070892499,61.87612182115343,63.374664306640625,47761700
2017-06-13,63.59263547655244,64.31920366977731,63.53814528723431,64.16481018066406,25258600
2017-06-14,64.40094174966745,64.57349631445652,63.056792757187246,63.81968307495117,25510700
2017-06-15,62.911471767169175,63.76518823778371,62.484620460928774,63.483646392822266,26068700
2017-06-16,63.32925395396264,63.601711796688114,62.86606661354225,63.574466705322266,48345100
2017-06-19,64.02856221498098,64.42817531702812,63.89232984573162,64.3646011352539,23798300
2017-06-20,64.31919748620584,64.36461059231686,63.456403902633596,63.492733001708984,21512200
2017-06-21,63.76519288913014,64.13756096975352,63.51998012386813,63.81968307495117,19891100
2017-06-22,64.06488171097259,64.11028787454252,63.311068719247714,63.810585021972656,22965700
2017-06-23,63.65619933009729,64.70972234617652,63.50180586607189,64.67339324951172,27617300
2017-06-26,64.84594351707632,65.12748530622763,63.9740661350346,64.05580139160156,19607000
2017-06-27,63.6743667143389,63.737940900608,62.829734280154234,62.85697937011719,25215100
2017-06-28,62.85697677853545,63.42914443136697,62.47553167664777,63.392822265625,25806200
2017-06-29,63.01136336659586,63.11126663416291,61.8397761707268,62.203060150146484,28918700
2017-06-30,62.46644783268096,63.01137039808606,62.43011873777844,62.60268020629883,24161100
2017-07-03,62.96596809811588,63.211180842453395,61.77621268636441,61.912445068359375,16165500
2017-07-05,61.99419288307149,63.065877093909265,61.95786378264526,62.738922119140625,21176300
2017-07-06,62.003238778541444,62.466425914694256,61.8670133817882,62.27570343017578,21117600
2017-07-07,62.39378364332822,63.429138496762036,62.39378364332822,63.084022521972656,16878300
2017-07-10,63.08402601682766,63.80151002151123,62.847890374118435,63.556297302246094,15014500
2017-07-11,63.57444121142013,64.1920217746365,63.34738963566506,63.56535720825195,17460000
2017-07-12,64.20111472883207,64.73695319637072,64.07396638300713,64.61888885498047,17750900
2017-07-13,64.93677121712182,65.42720360745238,64.76420974763522,65.1819839477539,20269800
2017-07-14,65.60882615213583,66.54427760349436,65.3545294774828,66.09925842285156,25868100
2017-07-17,66.11742638484688,66.70775498099887,66.04476821240627,66.61693572998047,21803900
2017-07-18,66.38082658039862,66.65329137106933,65.99030433834072,66.5715560913086,26435300
2017-07-19,66.75317664186407,67.24360897521055,66.70776354599168,67.08013153076172,22416200
2017-07-20,67.37078301684517,67.47977033105578,66.55339548293615,67.40711212158203,42361000
2017-07-21,66.70778476809014,67.47068206124436,66.45348798006133,67.0165786743164,46717100
2017-07-24,66.78042758765898,66.98023414052537,66.41714357599881,66.84400177001953,21394800
2017-07-25,67.0256446732182,67.48882501450497,66.75317994264226,67.37984466552734,22018700
2017-07-26,67.51606696008743,67.55239605107815,67.03471863032522,67.25269317626953,16252200
2017-07-27,66.98930415299614,67.58871675731856,65.68148475583484,66.44438171386719,36844200
2017-07-28,65.99936454367449,66.58061614804272,65.88130019340352,66.33540344238281,18306700
2017-07-31,66.57155616889052,66.6987045569337,65.76325273244423,66.02662658691406,23600100
2017-08-01,66.3899127819234,66.68053866801208,65.83590610390004,65.91764831542969,22132300
2017-08-02,65.89038725889067,65.89946433536456,64.88227744500834,65.62700653076172,26499200
2017-08-03,65.56342870044627,65.79048032284254,65.25463489087323,65.527099609375,18214400
2017-08-04,65.75417183979718,66.33542362097658,65.60885542996843,66.00846862792969,22579000
2017-08-07,66.117449710717,66.20826899377595,65.62701726731811,65.75416564941406,18705700
2017-08-08,65.47260394701314,66.41713954842591,65.16381705972006,66.10835266113281,22044600
2017-08-09,65.61793480915671,65.8540704939375,65.43629623875135,65.81774139404297,22213400
2017-08-10,65.3000608311978,65.56344159647111,64.8005443920472,64.85504150390625,24734500
2017-08-11,65.03665240768922,66.02659392910849,64.73694267165686,65.84495544433594,21443700
2017-08-14,66.35355923483665,66.95297880166406,66.25365597369876,66.83490753173828,20096600
2017-08-15,67.19097924042873,67.19097924042873,66.68880866228841,66.85315704345703,19181400
2017-08-16,66.96273979083148,67.65665617793367,66.80752375973766,67.24578857421875,18150400
2017-08-17,67.18187059315005,67.44665454930688,66.10447692871094,66.10447692871094,22977500
2017-08-18,65.9857896589726,66.5062252714732,65.67535755880695,66.18666076660156,18761500
2017-08-21,66.16838726131115,66.17751966385552,65.46533855101937,65.87621307373047,17734800
2017-08-22,66.05882941153551,66.87143921246296,66.05882941153551,66.79840087890625,14343700
2017-08-23,66.61577347837044,66.78925428642803,66.22316378422755,66.39664459228516,13766500
2017-08-24,66.41491841372039,66.52448636612252,65.80317968627112,66.36927032470703,17098300
2017-08-25,66.52446819746655,66.97185835711653,66.17751355859248,66.48794555664062,12794300
2017-08-28,66.70707441911482,66.73446465823211,66.24142642215779,66.49707794189453,14569700
2017-08-29,65.96753598765929,66.79841071885792,65.78492967789336,66.6979751586914,11478400
2017-08-30,66.66141788400223,67.75706910555732,66.49706950417092,67.574462890625,16897800
2017-08-31,67.59277310974034,68.44190590261181,67.38277649642005,68.26842498779297,27652800
2017-09-01,68.21360076648202,68.24099100580092,67.23664275687918,67.51055908203125,21736200
2017-09-05,66.9627253220607,67.46490292119054,66.63403548969919,67.2092514038086,21556000
2017-09-06,67.32795676971995,67.60187313918946,66.97186966899915,67.01752471923828,16535800
2017-09-07,67.27317953801534,68.11317956160052,67.20013424049064,67.87578582763672,17471200
2017-09-08,67.86667605418074,67.9671116199629,67.41927872806578,67.54711151123047,14703800
2017-09-11,67.84841030987003,68.42363344525744,67.84841030987003,68.25928497314453,17910400
2017-09-12,68.25926355217591,68.69752136295423,67.90317646867516,68.18621826171875,14394900
2017-09-13,68.4144839311321,68.68840030481664,68.06752922831673,68.67013549804688,13380800
2017-09-14,68.47842856709924,68.92581901659489,68.04016355923598,68.26842498779297,15733900
2017-09-15,68.32317863752694,68.83448175520908,67.62926228782791,68.76143646240234,38578400
2017-09-18,68.68839408711516,69.36404559079863,68.51491326841965,68.62448120117188,23307000
2017-09-19,68.67013872010467,69.12666138701083,68.48753243973545,68.88014221191406,16093300
2017-09-20,68.79798245231909,68.9805957462976,67.84841422158554,68.42363739013672,21587900
2017-09-21,68.57883755419843,68.69753094325712,67.66579219410097,67.75709533691406,19186100
2017-09-22,67.55621298414866,68.03100039322142,67.42838721231725,67.939697265625,14111400
2017-09-25,67.6475010143839,67.79359155871983,66.57924003135456,66.88967895507812,24149200
2017-09-26,67.26402378447295,67.3918495277766,66.6431529030064,66.88967895507812,18019600
2017-09-27,67.15447350837101,67.72055704263258,66.80751189345544,67.42838287353516,19565100
2017-09-28,67.14535626375122,67.53796604516413,66.9353527670025,67.44666290283203,10883800
2017-09-29,67.51057036348111,68.05839613934896,67.45578290970646,68.01274108886719,17079100
2017-10-02,68.21360995575372,68.48752631780594,67.83926502466365,68.12230682373047,15304800
2017-10-03,68.17707159038409,68.3688102132191,67.73881387132712,67.80272674560547,12190400
2017-10-04,67.6475557751944,68.22277905168562,67.30060090050688,68.19538879394531,13317700
2017-10-05,68.67926029704597,69.50100236113096,68.4418665972032,69.36404418945312,21195300
2017-10-06,69.09014232696255,69.41883922148938,68.97144893515475,69.39144897460938,13959800
2017-10-09,69.36406049042711,69.89362849684268,69.2636249386592,69.65623474121094,11386500
2017-10-10,69.69275739330686,69.96666683505092,69.5192765373471,69.65623474121094,13944500
2017-10-11,69.72014473906152,69.81144788250941,69.34579279514685,69.7749252319336,15388900
2017-10-12,69.83883945002894,70.56927854339584,69.72927846221233,70.4140625,16876500
2017-10-13,70.84317232666243,71.09883082904346,70.56926295165562,70.75186920166016,15335700
2017-10-16,70.68795339992346,71.04404044892219,70.62404051846167,70.89795684814453,12380100
2017-10-17,70.73360158815171,70.8705597397194,70.53273056131658,70.8431625366211,16824000
2017-10-18,70.9162077813392,71.08055616995102,70.64229844430677,70.8614273071289,13300700
2017-10-19,70.82494449026566,71.15364145229894,70.62407335058033,71.13538360595703,15092800
2017-10-20,71.50971723723514,72.10319815526996,71.4184140881491,71.95710754394531,22866400
2017-10-23,72.12144066995626,72.44100510682881,71.91144416828955,71.97535705566406,20627200
2017-10-24,72.03928449326564,72.31319393763006,71.63754228235074,72.00276184082031,17517200
2017-10-25,71.74710703792131,72.22188756655578,71.22667145427165,71.79275512695312,20410800
2017-10-26,72.31318078956305,72.5140518584979,71.90231321472899,71.91144561767578,32120700
2017-10-27,77.03361834747282,78.7044856026536,76.33970211421759,76.52230834960938,71066700
2017-10-30,76.42187898845779,76.99710191165822,75.88318567445693,76.5953598022461,31756700
2017-10-31,77.02449909886086,77.02449909886086,75.8831925178156,75.94710540771484,27086600
2017-11-01,76.40362804013294,76.47667333315565,75.67318904187096,75.94710540771484,22307400
2017-11-02,76.10232679747416,77.11580767018945,75.89233027270356,76.74146270751953,23992900
2017-11-03,76.76887366938308,77.1888737982469,76.1480023993268,76.82365417480469,17633500
2017-11-06,76.87840522354094,77.33492783642653,76.76884425467703,77.12493133544922,19860900
2017-11-07,77.39887511063301,77.51757550094852,76.63192012391126,76.94235229492188,17939700
2017-11-08,76.82364537673025,77.25277786268045,76.54060350982017,77.20712280273438,18034200
2017-11-09,76.79622653452878,76.9423101331952,75.6914427618094,76.77796173095703,21178400
2017-11-10,76.50408024038323,76.78712210501918,75.99277700981916,76.5771255493164,19397800
2017-11-13,76.38540060623566,76.64105226759861,76.2027873009869,76.63191986083984,14196900
2017-11-14,76.2392849900541,76.78711079439081,75.76450448389109,76.74146270751953,18801300
2017-11-15,76.59464138888448,76.7965212781673,75.87889050940332,76.14500427246094,19383100
2017-11-16,76.25510875377925,76.54875029382809,76.10829148423811,76.34687042236328,20962800
2017-11-17,76.2734729920457,76.2734729920457,75.46595342462332,75.61277770996094,22079000
2017-11-20,75.61279667061623,75.78714180196435,75.47515061883793,75.73208618164062,16315000
2017-11-21,75.92476210808843,76.93415447723514,75.92476210808843,76.82404327392578,21237500
2017-11-22,76.92498509586906,76.98921896636236,76.20005598546373,76.26428985595703,20553100
2017-11-24,76.17253930751244,76.557942586753,75.96148113023241,76.40194702148438,7425600
2017-11-27,76.44782241261295,77.06264039110204,76.43865114498497,76.96170043945312,18265200
2017-11-28,77.14519505377034,78.05364727906539,77.09931072886083,77.88847351074219,21926000
2017-11-29,77.73248290965756,77.92518448469283,76.3285092908538,76.47532653808594,27381100
2017-11-30,76.631328844981,77.55813065560376,76.47532633145116,77.2369613647461,33054600
2017-12-01,76.7139479051701,77.82428054184201,76.365250655949,77.31958770751953,29532100
2017-12-04,77.46639587181235,77.47557414072493,74.05280793699738,74.4015121459961,39094900
2017-12-05,74.640083883382,75.86971276247303,74.30974324524819,74.86949157714844,26152300
2017-12-06,74.83279718368534,76.29182684675789,74.7226789634474,75.96147918701172,26162100
2017-12-07,75.74125024807269,75.97983622634787,75.24572875517856,75.69536590576172,23184500
2017-12-08,76.74145592048512,77.61320932014206,76.46617090030418,77.2278060913086,24489100
2017-12-11,77.3471109754303,78.33815404783424,77.19111539948754,78.20968627929688,22857900
2017-12-12,78.2830890105632,78.96214091007685,78.07203782633802,78.53085327148438,23924100
2017-12-13,78.67764618921026,78.91623210701354,78.15459702388846,78.31977081298828,22062700
2017-12-14,78.39318656518215,78.79694629074785,77.56731758150968,77.71414184570312,19306000
2017-12-15,78.23718353801863,79.91644214277481,77.88847944445737,79.69621276855469,53936700
2017-12-18,79.94397473232176,80.29267181528633,79.12728411622066,79.26492309570312,22283800
2017-12-19,79.23742652145197,79.23742652145197,78.24638347288867,78.76026153564453,23524800
2017-12-20,79.09976584660093,79.19153452005072,77.73249802399448,78.47577667236328,23674900
2017-12-21,78.96215839791847,79.00803575201276,78.36569678693553,78.45745849609375,17990700
2017-12-22,78.3656509600107,78.57670206755849,77.92518521227072,78.46659088134766,14145800
2017-12-26,78.2830864619419,78.48496637138871,78.02615094117975,78.36567687988281,9891200
2017-12-27,78.59509086866495,78.89791075700707,78.20050928714994,78.650146484375,14678000
2017-12-28,78.82448320303747,78.8520110055147,78.50331383919135,78.65930938720703,10594300
2017-12-29,78.5767164003272,78.96212662526243,78.45742692651798,78.49413299560547,18717400
2018-01-02,79.03553514560559,79.2007089630862,78.45743028490708,78.870361328125,22483800
2018-01-03,78.97129774934433,79.38423577510852,78.88871434477157,79.23741149902344,26061400
2018-01-04,79.45766529854993,80.43953719404008,79.43931575889103,79.9348373413086,21912000
2018-01-05,80.43952195338234,81.1277450761828,80.22846378196444,80.92586517333984,23407100
2018-01-08,80.93502597318206,81.2837301242538,80.38444894634434,81.00843811035156,22113000
2018-01-09,81.34795822812939,81.42137036009547,80.62302917713843,80.95337677001953,19484300
2018-01-10,80.6230479324321,80.9258677965123,80.21011684575393,80.58634185791016,18652200
2018-01-11,80.87079799264367,80.87079799264367,80.0541071598178,80.82492065429688,17808900
2018-01-12,81.36632955249135,82.38490040317807,81.16444963599947,82.2197265625,24271500
2018-01-16,82.67853146937172,83.31169894475336,80.76068650911022,81.07267761230469,36599700
2018-01-17,81.74253898292689,82.84369294907874,81.43971919189697,82.71522521972656,25621200
2018-01-18,82.40324281208235,83.20157707099777,82.27477506924615,82.67852783203125,24159700
2018-01-19,82.71524449268408,83.14653211355778,82.27478560398126,82.58677673339844,36875000
2018-01-22,82.58676947569296,84.07333384660362,82.34818351471458,84.06415557861328,23601600
2018-01-23,84.33027648925781,84.69733022933848,83.99992882328199,84.33027648925781,23412800
2018-01-24,84.92671700245205,85.73422943075708,84.03661417753244,84.25684356689453,33277500
2018-01-25,84.85334419054466,85.55991701759302,84.35782258414727,84.7248764038086,26383200
2018-01-26,85.4498019141502,86.31237030029297,84.95428033012656,86.31237030029297,29172200
2018-01-29,87.3033789140891,87.58784217343296,86.00034507978118,86.18386840820312,31569900
2018-01-30,85.61493685103962,85.94528442353098,84.51377594241315,85.10105895996094,38635100
2018-01-31,86.02788814252715,87.54198037402911,85.80765870915316,87.1841049194336,48756300
2018-02-01,86.98221565265072,88.15678183875245,85.87188333607122,86.4958724975586,47227900
2018-02-02,85.92696322681552,86.22978312628844,83.96323351666713,84.22016906738281,47867800
2018-02-05,83.10063538287068,85.55988598126316,80.75150299072266,80.75150299072266,51031500
2018-02-06,79.7329375729105,83.94486647558878,78.22802366022806,83.80722045898438,67998600
2018-02-07,83.03640197942907,84.2109681821036,81.85265750927424,82.22888946533203,41107600
2018-02-08,82.32063510099968,82.47663061294266,77.77836671747636,78.00777435302734,55628700
2018-02-09,79.19154356863369,81.6049101354289,76.92499429439347,80.91668701171875,63499100
2018-02-12,81.43053102652605,82.38486761496586,80.68725253977496,81.78840637207031,35720300
2018-02-13,81.60487915076932,82.58674348775178,80.56795922510383,82.43074798583984,26407700
2018-02-14,81.60102070245334,83.88743102694336,81.50882798569789,83.72148132324219,34960900
2018-02-15,84.09025172544453,85.48238483602577,83.54630982139555,85.42707061767578,27823900
2018-02-16,85.23345897281187,86.20150002189304,84.63420283503618,84.81858825683594,30596900
2018-02-20,84.33917868254451,85.79584033975138,83.905865220812,85.48238372802734,30911700
2018-02-21,85.72210922645586,86.07244440485117,84.3484115600586,84.3484115600586,26922500
2018-02-22,84.86472316542768,85.49164370576379,84.22858124003866,84.5697021484375,24392800
2018-02-23,86.29371935640853,86.72703296856355,85.15051391406807,86.71781158447266,26329200
2018-02-26,87.03125691473474,87.99929102369545,86.89296431806788,87.97163391113281,30199800
2018-02-27,88.26662989732104,88.35882259110095,86.84683990478516,86.84683990478516,25869100
2018-02-28,87.43692415735424,88.23901575485456,86.32137584161444,86.45044708251953,31167300
2018-03-01,86.65326167520227,87.18798932261987,84.67108645381221,85.60224914550781,37135600
2018-03-02,84.43138909490987,85.87883670860542,83.76759020870608,85.7866439819336,32830400
2018-03-05,85.13204765335209,86.91139446369833,85.05829770254199,86.33057403564453,23901600
2018-03-06,86.97592991282154,87.11422250035707,85.68521785276502,86.03555297851562,22175800
2018-03-07,85.8880454635855,86.60715847329269,85.21502529351027,86.53340148925781,26716100
2018-03-08,86.9114002054982,87.67661314576402,86.45042957167836,87.05891418457031,25887800
2018-03-09,87.85178483341384,89.00421142578125,87.58442101992217,89.00421142578125,36937300
2018-03-12,88.96733413556166,89.6219116048282,88.54324198788983,89.21625518798828,26073700
2018-03-13,89.42829048233676,89.64955438621637,86.6348099566039,87.04046630859375,35387800
2018-03-14,87.69506997611778,87.96243383068014,86.20152235079331,86.52420043945312,32132000
2018-03-15,86.22914420580011,87.19718510976936,85.58378829238855,86.82840728759766,27611000
2018-03-16,87.28942473546742,87.934780995836,86.58874720002747,87.21566772460938,49081300
2018-03-19,86.42276296451284,86.57027692737881,84.92000139554342,85.63911437988281,33344100
2018-03-20,85.78663212924282,86.4504238898798,85.74053225534921,85.86038208007812,23075200
2018-03-21,85.67597904279683,86.70855551464574,85.0121803847405,85.2611083984375,24457100
2018-03-22,84.14559740744218,84.58813242127275,82.66127806716412,82.7811279296875,38604700
2018-03-23,82.51372757180737,83.39879017432537,80.28263182167747,80.37482452392578,44068900
2018-03-26,83.53708135440147,86.66246103541738,83.3434745727463,86.45963287353516,56396800
2018-03-27,87.529087508015,87.71347290862451,81.6010061417264,82.48606872558594,56569000
2018-03-28,82.80877332611274,84.1087140302022,81.93293184075567,82.41233825683594,52501100
2018-03-29,83.14064879412366,85.08594508051719,81.49959475927469,84.14556121826172,45867500
2018-04-02,83.40801120135436,83.78600338912682,80.67906643002173,81.61022186279297,48515400
2018-04-03,82.58749423158427,83.02080772020045,81.02941135562908,82.70734405517578,37213800
2018-04-04,80.99253355350578,85.51926825195174,80.88190511043382,85.12283325195312,35560000
2018-04-05,85.22424367732327,85.80506407999873,84.26542402015458,85.1689224243164,29771900
2018-04-06,84.34840856549421,85.24269276249161,82.495311594944,83.186767578125,38026000
2018-04-09,83.93353654869722,85.89726897972238,83.54632289196333,83.68460845947266,31533900
2018-04-10,85.17815643163873,85.99868362869844,84.4867004543061,85.6299057006836,26812000
2018-04-11,84.82782966426431,86.00791352362451,84.33920185067187,84.68953704833984,24872100
2018-04-12,85.2150421883995,86.81000387357125,85.2150421883995,86.27527618408203,26758900
2018-04-13,86.70856933328652,86.82841915248244,85.22424349575861,85.81428527832031,23346100
2018-04-16,86.72701351912467,87.2709625168187,86.12775029700038,86.81920623779297,20288100
2018-04-17,87.58441551428291,89.00420583089262,87.47378003618294,88.57089233398438,26771000
2018-04-18,88.70915917064575,89.17012964479473,88.06379628652644,88.9119873046875,21043300
2018-04-19,88.91203043458353,89.49285098157216,87.89788927243008,88.6077880859375,23552500
2018-04-20,88.42338916903215,88.60777460654438,86.70857787152482,87.58441925048828,31154400
2018-04-23,88.26666870912071,88.77373929865207,87.24331318032453,87.90711212158203,22331800
2018-04-24,88.72761777010416,88.93966733777698,85.19658837349454,85.85116577148438,34524800
2018-04-25,86.0170967571682,86.0170967571682,83.23283104211538,85.1043701171875,33729300
2018-04-26,86.24762123811647,87.72272607912018,85.83274338561702,86.9021987915039,42529000
2018-04-27,89.98147035933371,90.258055565599,86.57951171185313,88.34041595458984,48272800
2018-04-30,88.81060766700233,88.87514327704774,85.87883403349588,86.2199478149414,41523600
2018-05-01,85.93414355949561,87.85178305857852,85.54692992040778,87.58441925048828,31408900
2018-05-02,87.57523941954794,87.74118920558719,85.91574859301242,86.21076965332031,27471000
2018-05-03,85.70366482900671,87.51989036681522,85.23347278322308,86.72702026367188,31142500
2018-05-04,86.03558046499232,87.92556335279521,85.66680245836548,87.7319564819336,22531300
2018-05-07,87.74114167281142,89.16093195446801,87.67660607063854,88.70918273925781,24242000
2018-05-08,88.36807051196031,88.65387709252711,87.63973605479616,88.33119201660156,23484600
2018-05-09,88.5155877635689,89.40065058331567,87.63052494382214,89.37299346923828,27327400
2018-05-10,89.85240275252947,90.30415204266787,89.47441045820877,90.26728057861328,22388100
2018-05-11,90.16585392367682,90.23038952757534,89.46517662859767,90.07365417480469,16778300
2018-05-14,90.27650031187675,90.9863991297161,89.71411549447065,90.37791442871094,19454100
2018-05-15,89.64956302097609,90.21194773263723,88.81981450919298,89.72332000732422,24594000
2018-05-16,90.14924943772064,90.18628777470714,89.46405786432159,89.95480346679688,17384700
2018-05-17,89.59369357453643,90.31592352573514,88.7325716178747,89.05664825439453,17246700
2018-05-18,88.89923575909921,89.75109631840802,88.89923575909921,89.22331237792969,17865800
2018-05-21,89.81591427624677,90.75111288744783,89.63072964986708,90.37147521972656,19422500
2018-05-22,90.44553859387166,90.89924580681209,90.00108566585068,90.27886962890625,15441200
2018-05-23,89.54739951158592,91.41779689875965,89.18628451329481,91.35298156738281,21251200
2018-05-24,91.41779154692499,91.61223752967211,89.63998658517531,91.02889251708984,26649300
2018-05-25,91.01962608443682,91.64926363878983,90.61221147152018,91.07518005371094,18363900
2018-05-29,90.59369157050153,91.5566670989239,90.0288763819753,90.75110626220703,28671000
2018-05-30,91.02889118803154,91.89927448657912,90.65852192973458,91.62149047851562,22158500
2018-05-31,91.93631407930222,92.58446735450359,91.30667644153193,91.51963806152344,34140900
2018-06-01,91.92705846141507,93.39004116164045,91.82520478833982,93.32522583007812,28655600
2018-06-04,93.76042973739611,94.31599080384456,93.38079198564529,94.14006042480469,27281600
2018-06-05,94.4456135200722,94.75117455337325,94.01042181767524,94.62154388427734,23514400
2018-06-06,94.89005296475533,95.00116091413523,94.35300766161707,94.89930725097656,21122900
2018-06-07,95.0474515591825,95.08448989356529,92.94557023508459,93.40853881835938,28232200
2018-06-08,93.60300505895414,94.39931175988997,93.09374374560126,94.10301208496094,22165100
2018-06-11,93.52891778030664,94.06595598298846,93.2140954614406,93.56595611572266,23490900
2018-06-12,93.6122709102089,93.93634759143626,93.28819422898155,93.80671691894531,18325200
2018-06-13,94.18635114241015,94.45487382952862,93.1122603939362,93.38078308105469,29492900
2018-06-14,94.12152275268069,94.47337636405945,93.51966212809711,93.90855407714844,25691800
2018-06-15,93.99189401990827,94.0104096569519,92.65854209386436,92.71409606933594,65738600
2018-06-18,92.60299223695952,93.62152186383572,92.05668555127563,93.3900375366211,23586000
2018-06-19,92.26965424062317,93.519668194714,92.13076223142617,93.3900375366211,28653100
2018-06-20,93.86224963458208,94.9270716851438,93.63076535153134,94.3252182006836,26180800
2018-06-21,94.51967525934059,94.87152886776775,93.40854633150549,93.6492919921875,23198200
2018-06-22,92.97337341308594,93.30670436243275,92.25113634053385,92.97337341308594,38923100
2018-06-25,92.59371810585063,92.69557176091426,90.09369054272868,91.10295867919922,35433300
2018-06-26,91.50112900486032,92.66781204847159,91.43631367267865,91.74187469482422,26897200
2018-06-27,92.20483075953932,92.61223833566535,90.18628732211802,90.31591796875,31298400
2018-06-28,90.16775859729715,91.76963300128341,90.056650658659,91.32518005371094,26650700
2018-06-29,91.6029860829715,92.51040783157687,91.04742506300612,91.30668640136719,28053200
2018-07-02,90.83445308772298,92.64928945530436,90.74186076511666,92.60299682617188,19564500
2018-07-03,93.03818674401809,93.1770716931159,91.61224239710337,91.71409606933594,14670300
2018-07-05,92.13076006464794,92.51965202978053,91.69556840942492,92.37150573730469,18977400
2018-07-06,92.49187942514476,93.91782376255486,92.28817208203743,93.6678237915039,19234600
2018-07-09,94.12151704735912,94.67707795009065,93.75114075742472,94.30670166015625,18212000
2018-07-10,94.44561714381386,94.91784720754868,94.31598646974422,94.55673217773438,19293100
2018-07-11,93.6585562471383,94.76041679437802,93.61225655791498,94.42708587646484,19644600
2018-07-12,95.15859777397199,96.67714183711544,95.12156648903394,96.47343444824219,24335900
2018-07-13,96.64009063108253,97.77898969649539,96.38082222060902,97.62158203125,24635200
2018-07-16,97.59379060159979,97.98268256326679,96.77896127505086,97.14008331298828,21786900
2018-07-17,96.86230522275777,98.61232622154206,96.59378254776689,98.10305786132812,25901700
2018-07-18,98.09381738959429,98.1956710759819,96.96417255099874,97.33454895019531,29493900
2018-07-19,97.15860760970082,97.51046126385334,96.1956319061692,96.66786193847656,40171600
2018-07-20,100.07530433157109,100.18641228556255,98.2234297454103,98.39935302734375,56004000
2018-07-23,98.42713613783334,100.13085734990607,98.26972143061766,99.97344970703125,29707000
2018-07-24,100.52900823136551,100.76049254681622,99.31603267899274,99.68640899658203,26316600
2018-07-25,99.96420020262006,102.9179427498951,99.6308621756524,102.62164306640625,30702100
2018-07-26,102.53829649444222,102.77904217484927,101.39013619951346,101.50125122070312,31372100
2018-07-27,102.01976871259545,102.01976871259545,98.27898129328908,99.70492553710938,37005300
2018-07-30,99.2512538215674,99.56606921537086,97.00122516607478,97.56604766845703,34668300
2018-07-31,98.60306508312418,98.81603377903939,97.57527407344814,98.22343444824219,27655200
2018-08-01,98.17713078730799,98.56602275786062,97.61230846916875,98.40861511230469,23628700
2018-08-02,97.59379838955135,100.08456506461589,97.07526866827604,99.60308074951172,26104300
2018-08-03,99.81605367631458,100.04753802429829,98.90863192390808,100.03827667236328,18659600
2018-08-06,100.112343003403,100.39011995364483,99.59381331380456,100.12159729003906,20265900
2018-08-07,100.5197328099408,101.01973970904409,100.15861789353394,100.81603240966797,16080200
2018-08-08,101.23272071861165,101.62161266617487,100.70493677139284,101.38086700439453,15487500
2018-08-09,101.58459236021856,102.00126843314662,101.48273868001449,101.54755401611328,13677200
2018-08-10,101.31603880978398,101.56604579027417,100.3530633493285,100.9271469116211,18183700
2018-08-13,101.14940844484691,101.46423086184004,100.09384028167077,100.19569396972656,18472500
2018-08-14,100.51974905846893,101.62161668447509,100.03826478021008,101.44568634033203,16788300
2018-08-15,100.84151026080478,101.30626052463754,99.28924608156966,100.07003021240234,29982800
2018-08-16,100.66491113715651,101.18542916932982,99.73541059883199,100.05143737792969,21384300
2018-08-17,99.79119048477749,100.293121687432,99.16842675041117,99.99568176269531,18061500
2018-08-20,99.93062667218334,100.29313139392963,98.97324204339043,99.33574676513672,17914200
2018-08-21,99.38218660095866,99.78187207887949,98.38762140122903,98.50846099853516,22881900
2018-08-22,98.3876342589278,99.77258812742485,98.32256950246222,99.5123291015625,18000600
2018-08-23,99.59601254505009,100.55339723831545,99.33575345463174,99.97710418701172,18167700
2018-08-24,100.079342507242,100.90659759466294,99.97709685899648,100.75788116455078,17234000
2018-08-27,101.56653882249891,101.91045663598537,100.86012339324269,101.87327575683594,19662300
2018-08-28,102.18929259099411,102.70981062896558,102.04986609038707,102.48673248291016,19151500
2018-08-29,102.66333454343943,104.13194713775961,102.4960241581178,104.12265014648438,20818000
2018-08-30,103.7973504741656,104.67108347727358,103.58356926586993,104.05760955810547,22798700
2018-08-31,103.81590975630986,104.82906186460644,103.65788928686133,104.4107894897461,23222700
2018-09-04,103.03513972276278,104.0668859523906,102.44955689980918,103.83451080322266,22634600
2018-09-05,103.1838521822623,103.56494369852987,100.47900233141324,100.84150695800781,32872400
2018-09-06,100.61845257928476,101.30628112399116,99.93062403457839,101.07390594482422,23477600
2018-09-07,100.59986229550921,101.05531564570215,99.670361610161,100.58126831054688,22498600
2018-09-10,101.16683108570264,101.91043432282488,100.72067481665012,101.66876220703125,20727900
2018-09-11,101.22262352685642,103.72297548581166,101.21332653460725,103.39765167236328,24301800
2018-09-12,103.57425177079884,103.96464031943457,102.71911292382721,103.83451080322266,18891100
2018-09-13,104.2155915697567,105.71208784094122,104.2155915697567,104.94989776611328,26055600
2018-09-14,105.36819019084784,105.71210797104439,104.51305132776805,105.37748718261719,19122300
2018-09-17,105.6749128596418,105.68420275863276,103.97392526287086,104.23418426513672,20736500
2018-09-18,104.28065717339308,105.68419773916946,103.84379082968464,105.22874450683594,22170900
2018-09-19,105.08004973245804,105.33101178389668,103.21175146854074,103.8252182006836,21728400
2018-09-20,104.36431327487519,105.77715798270317,104.03898952357463,105.56336975097656,23714500
2018-09-21,105.96307028571233,107.1621269320339,105.50761696923462,106.20474243164062,71229700
2018-09-24,105.061442771707,106.7996112992196,104.30854961885838,106.58582305908203,27334500
2018-09-25,106.7066709076104,106.98551683058024,105.7306924483991,106.38134002685547,22668000
2018-09-26,106.3999035529638,106.94830534189305,105.7213651940682,105.94445037841797,19352000
2018-09-27,106.68808796249037,106.8089275906535,106.14897586083448,106.34417724609375,19091300
2018-09-28,106.13965070743689,106.49285829904075,105.66560352780462,106.30696105957031,21647800
2018-10-01,106.66019313105043,107.52462896688472,106.64160623944751,107.45956420898438,18883100
2018-10-02,107.17141655246621,107.67334061033199,106.37204550990008,107.03199005126953,20787200
2018-10-03,107.28295039084082,107.98937278532743,106.82749711286158,107.05057525634766,16648000
2018-10-04,106.5300620489182,106.66948855423374,103.76014720004378,104.83837127685547,34821700
2018-10-05,104.68965725347599,105.19158846311565,102.83995291738837,104.22490692138672,29068900
2018-10-08,103.78803362087793,104.13194428183779,101.63158556186352,103.0351333618164,29640600
2018-10-09,103.30470558104132,105.10793917953494,102.98867875202107,104.34574890136719,26198600
2018-10-10,103.39763862850724,103.63931075580736,98.33186349543931,98.67578125,61376300
2018-10-11,97.92288761813045,101.2505014961808,96.85396050080371,98.44341278076172,63904300
2018-10-12,101.32487220271207,103.39765477016044,99.56811646593107,101.84539031982422,47742100
2018-10-15,101.23190990031263,101.76172493850389,99.41008255304902,100.0142593383789,32068100
2018-10-16,101.81749813051985,103.55566683202471,101.26908908054749,103.17456817626953,31610200
2018-10-17,103.80662308883184,103.92745560899004,101.82678944393922,102.9050064086914,26548200
2018-10-18,102.338029840695,102.73771544171643,100.22806628560004,100.850830078125,32506200
2018-10-19,101.25048899038813,103.04442522561423,100.58124750075596,100.99952697753906,32785500
2018-10-22,101.61298020135916,102.74697178781186,100.60911809943138,101.901123046875,26545600
2018-10-23,100.17226703539285,101.28767190445716,97.69979936162365,100.47900390625,43770400
2018-10-24,100.76716900109012,100.84152366362588,94.42796775200448,95.10650634765625,63897800
2018-10-25,99.0382909555092,101.566526609921,98.66648930024881,100.6649169921875,61646800
2018-10-26,98.23890250589497,101.08317154632407,97.37446682418262,99.41936492919922,55523100
2018-10-29,100.48831548786883,101.03671746552051,94.46514817663267,96.52864074707031,55162000
2018-10-30,96.35204949009379,97.02128406168849,93.05231904779224,96.4171142578125,65350900
2018-10-31,98.00653423688784,100.51618273101076,97.96005637563425,99.27994537353516,51062400
2018-11-01,99.50303021599542,99.75399222783456,98.09018550100745,98.45269012451172,33384200
2018-11-02,98.97322114070539,99.75399819448464,97.5789703233627,98.67578125,37680200
2018-11-05,98.87096545192323,100.14437653026506,98.43409910563564,99.93059539794922,27922100
2018-11-06,99.80975960429099,101.16682946246759,98.78731048829775,100.12579345703125,24340200
2018-11-07,101.72452612412762,104.32712299122954,101.68734525711577,104.06686401367188,37901700
2018-11-08,103.9181743407574,104.29926591538782,103.09091933886052,103.87169647216797,25644100
2018-11-09,103.035150068382,103.59284906407751,101.09249703021165,101.84539031982422,32039200
2018-11-12,101.7059694002834,102.20790065151546,98.62002722315607,99.33574676513672,33621800
2018-11-13,99.96779090795914,101.07389178358157,99.12194197036824,99.40079498291016,35374600
2018-11-14,100.91308307788857,101.06244906378241,97.52442239724694,97.99118041992188,39495100
2018-11-15,98.00986810909254,100.63305358832223,97.00167598206113,100.14762115478516,38505200
2018-11-16,99.9608929894261,101.64121748251114,99.69950965420142,101.09044647216797,33502100
2018-11-19,101.07177947984925,101.34249998868756,96.6655897116925,97.6644515991211,44773900
2018-11-20,95.03194954166787,96.1241617579929,92.74483063774748,94.94792938232422,64052500
2018-11-21,96.7122502243856,97.48707016602596,95.44266797273632,96.25482940673828,28130600
2018-11-23,95.37732534891708,96.90829097641837,95.21862934266478,96.21749114990234,13823100
2018-11-26,97.82314182053058,99.54080783005593,97.62710431654097,99.39144897460938,32336200
2018-11-27,99.20473766194765,100.19426941988942,98.35524184421365,100.01689910888672,29124500
2018-11-28,100.7170400106817,103.92833730874432,100.68903567041099,103.7322998046875,46788500
2018-11-29,102.99482741930474,103.73230595284474,101.78125370645922,102.8641357421875,28123200
2018-11-30,103.34020782397673,103.59226110671096,102.0892999300431,103.517578125,33665600
2018-12-03,105.48730507913906,105.87938007896396,103.3682269515659,104.63780212402344,34732800
2018-12-04,104.49778301666979,105.15124136591389,101.0157652129957,101.3051528930664,45197000
2018-12-06,98.78466667971715,101.97728981465211,98.01918381481177,101.93061828613281,49107400
2018-12-07,101.17448898403917,102.1733510903353,97.36574808284126,97.8511734008789,45044900
2018-12-10,97.83247787587499,100.80105898696272,96.98297491263259,100.43698120117188,40801500
2018-12-11,102.50007470948759,103.57361256949602,100.2969760560072,101.37051391601562,42381900
2018-12-12,103.5175883107834,103.87232182557338,101.79058514121243,101.82792663574219,36183000
2018-12-13,102.29470913998028,103.49894591894683,101.40786445730883,102.17334747314453,31333400
2018-12-14,101.05311981293988,101.99597308669344,98.48595048743795,98.980712890625,47043100
2018-12-17,98.40193350642238,98.7660042082008,94.94791973379084,96.04946899414062,56957300
2018-12-18,96.85229591058001,97.56177014470885,95.7040679674789,97.05767059326172,49319200
2018-12-19,96.75893078473162,99.7741833504337,94.6118412255082,96.79627227783203,68198200
2018-12-20,96.19883851128947,97.37506368837504,92.21272071134459,94.76122283935547,70334200
2018-12-21,94.87322059296945,96.15213997014261,90.98046090738043,91.69927215576172,111242100
2018-12-24,91.18582543517448,91.45654587719638,87.73181975561866,87.87184143066406,43935200
2018-12-26,88.81473339984893,93.99575131631372,87.71318396545477,93.8743896484375,51634800
2018-12-27,92.69814788351881,94.46249267241144,89.99094987700683,94.45315551757812,49498500
2018-12-28,95.30265754304403,95.60138953956941,92.9035213927114,93.71568298339844,38196300
2018-12-31,94.555854463877,95.59205799056812,93.76236713751652,94.8172378540039,33173800
2019-01-02,92.93153568940143,94.98526837292377,92.3620902674664,94.39715576171875,35329300
2019-01-03,93.44496744035342,93.52898759940106,90.73776911574217,90.92447662353516,42579100
2019-01-04,93.09023513883162,95.69474615051092,92.35275649777576,95.15330505371094,44060600
2019-01-07,94.88256792434031,96.40419647651117,94.26645105322747,95.27464294433594,35656100
2019-01-08,96.1894959624217,97.05766618568377,94.9479178896194,95.9654541015625,31514400
2019-01-09,96.95499247172697,97.90717585578747,96.37620986750927,97.33773040771484,32280800
2019-01-10,96.35752386479514,96.85228621143777,95.57336671146265,96.7122573852539,30067600
2019-01-11,96.3295247962696,96.56290381196195,94.88257205011203,95.9654541015625,28314200
2019-01-14,95.12528336811947,96.03079504235994,94.52783368819703,95.26531219482422,28437100
2019-01-15,95.69475098378877,98.0658830688995,95.10663119915357,98.0285415649414,31587600
2019-01-16,98.26191450203291,99.1954306763425,97.98185680087477,98.37393188476562,29853900
2019-01-17,98.01919477106101,99.5408235163855,97.79515289150422,99.06473541259766,28393000
2019-01-18,100.3156398335089,100.72638919898468,98.86869414340933,100.54901885986328,37427600
2019-01-22,99.65285374224038,99.97958298581506,97.88850870477378,98.65399169921875,32371300
2019-01-23,99.0647379149298,99.92357107672707,98.33658932419233,99.61550903320312,25874300
2019-01-24,99.7555436785115,99.88623537932818,98.33659503798236,99.13941955566406,23164800
2019-01-25,100.11025245041365,100.70770211231319,99.13939496928647,100.04490661621094,31225600
2019-01-28,99.19542133717438,99.40079601573274,97.70179702333519,98.0938720703125,29476700
2019-01-29,97.90719303845384,97.99121321417832,95.37736456356942,96.09617614746094,31490500
2019-01-30,97.6644734839579,99.30745697021484,97.39375291445602,99.30745697021484,49471900
2019-01-31,96.89899362528345,98.22458504604609,96.32021096225449,97.48710632324219,55636400
2019-02-01,96.88028567907527,97.17901050289915,95.54535756463949,95.94676971435547,35535700
2019-02-04,96.03081220048003,98.76601489846026,95.93745488455511,98.70999908447266,31315100
2019-02-05,99.00872395074025,100.13827767592316,98.91537375700409,100.09160614013672,27325400
2019-02-06,99.88622466498445,99.88622466498445,98.51395483144283,98.980712890625,20609800
2019-02-07,98.1965719801399,98.56997276477837,97.35640597037644,98.27124786376953,29760700
2019-02-08,97.44975374595752,98.74734067018643,97.32839920618072,98.6446533203125,21461100
2019-02-11,99.13940086810365,99.49414152244987,97.9911801241993,98.2525634765625,18914100
2019-02-12,99.0834092949506,100.01692549868835,98.46729230400868,99.7835464477539,25056600
2019-02-13,100.3529830783297,100.61436645284813,99.61550448755965,99.70885467529297,18394900
2019-02-14,99.24210655618177,100.1569555808054,98.6353267140487,99.79288482666016,21784700
2019-02-15,100.73572064022984,101.09979133091855,100.22228396250871,101.02510833740234,26606900
2019-02-19,100.62369055602755,101.43585204050115,100.61435340181654,100.97842407226562,18038500
2019-02-20,101.11905633015621,101.19405827355652,99.64717716567546,100.45343017578125,21607700
2019-02-21,100.21907010468755,102.637829512414,100.19094615966888,102.57220458984375,29063200
2019-02-22,103.17218996441927,104.25031250377266,102.95656116500119,104.0346908569336,27763200
2019-02-25,104.7753095536828,105.16905899285679,104.30655817773899,104.61592864990234,23750600
2019-02-26,104.30657024458675,106.16282190262336,104.22219126781461,105.33782196044922,21536700
2019-02-27,104.709701100158,105.33782632600104,103.95031888805423,105.15969848632812,21487100
2019-02-28,105.03782704404264,105.82532605632403,104.74720343035492,105.02845001220703,29083900
2019-03-01,105.83470928163845,105.9565820923151,104.69095451846677,105.49720764160156,23501200
2019-03-04,105.95657665775063,106.17220547605116,103.8753261877115,105.24407958984375,26608000
2019-03-05,105.23469988747838,105.3659497204769,104.27845008240642,104.71907043457031,19538300
2019-03-06,104.87847126635172,105.61909955173056,104.46596762574053,104.7659683227539,17687000
2019-03-07,104.43780073686891,104.57842757040022,103.00342277052086,103.49092102050781,25339000
2019-03-08,102.33780440994647,103.79092939207018,102.00030284514571,103.60343170166016,22818400
2019-03-11,104.05344102065204,105.89094577839636,104.04407114185575,105.77845001220703,26491600
2019-03-12,105.76908351710622,106.8659602621938,105.60970973074238,106.51908874511719,26132700
2019-03-13,106.99719942891696,107.81282949655858,106.66907485661719,107.34407806396484,35513800
2019-03-14,107.38158068565443,108.00032886683742,107.18470593925169,107.42845153808594,30763400
2019-03-15,108.13157111945758,109.92220492720251,107.42844400904903,108.66595458984375,54681100
2019-03-18,108.90969320039522,110.25969945479231,108.79719744758106,110.22219848632812,31207600
2019-03-19,110.7097070797174,111.03783879618774,109.67845538495375,110.29721069335938,37588700
2019-03-20,110.05345832089132,111.328462761354,109.41595610065998,110.17533111572266,28113300
2019-03-21,109.81907837927045,113.26908899951594,109.77220037782938,112.70658874511719,29854400
2019-03-22,112.0315820098295,112.11595382664103,109.7253260334596,109.73470306396484,33624500
2019-03-25,109.27534349275352,110.63472708580538,109.05034478350287,110.30660247802734,27067100
2019-03-26,111.20658837083518,111.29096019237413,109.5472043547793,110.54096221923828,26097700
2019-03-27,110.512834865387,110.82221252665569,108.30032753750417,109.47220611572266,22733400
2019-03-28,110.1003514192619,110.23160126325322,108.87221766108588,109.62222290039062,18334800
2019-03-29,110.69097223397492,110.92534796980975,109.65034339466183,110.56909942626953,25399800
2019-04-01,111.51597145504849,111.66597535815288,110.71909538940078,111.58159637451172,22789100
2019-04-02,111.61910971214307,112.01286642511091,111.11285721196776,111.7409896850586,18142300
2019-04-03,112.36907261856791,112.90344886397178,111.70344656921068,112.47219848632812,22860700
2019-04-04,112.59408730363754,112.71596724794448,110.981581308078,111.90033721923828,20112800
2019-04-05,111.92848056418075,112.71598678921438,111.90973365165667,112.39723205566406,15826200
2019-04-08,112.32221997764483,112.51909472801536,111.2253433030464,112.43472290039062,15116200
2019-04-09,111.21594680434562,112.06907772586725,111.16907595917365,111.82532501220703,17612000
2019-04-10,112.27535550032265,112.8284788085972,112.06910370653218,112.67848205566406,16477200
2019-04-11,113.00659000353197,113.29721358690699,112.42533568420306,112.8097152709961,14209100
2019-04-12,113.10035233413569,113.41910704807393,112.8472296914439,113.39097595214844,19745100
2019-04-15,113.38160768608788,113.98160899460126,113.03472902386804,113.48473358154297,15792600
2019-04-16,114.03785915167104,114.04723618396625,112.59410373914596,113.22222900390625,14071800
2019-04-17,113.66283080526688,114.23470805194421,113.00658174477401,114.15970611572266,19300900
2019-04-18,114.55349046932483,115.80036398647033,113.71911339621947,115.65974426269531,27991000
2019-04-22,114.95660738099089,116.25035879914961,114.90972937528204,116.02536010742188,15648700
2019-04-23,116.34410709445652,117.73161451731232,116.0909844615613,117.6003646850586,24025500
2019-04-24,117.92850922839798,117.98475712243413,116.73787635237478,117.19725799560547,31257000
2019-04-25,121.93160689853771,123.15973322754627,120.77848250708439,121.07847595214844,38033900
2019-04-26,121.59412709841233,122.36288636709969,120.95663197281159,121.77225494384766,23654900
2019-04-29,121.7816099010927,122.04410954478234,121.26599479716084,121.65974426269531,16324200
2019-04-30,121.69724618593837,122.53162317434014,121.30349669418055,122.43788146972656,24166500
2019-05-01,122.37227053112521,122.48476631814893,119.71913521424713,119.88788604736328,26821700
2019-05-02,119.9816114387469,120.00035834760406,117.67534825748459,118.32222747802734,27350200
2019-05-03,119.40035298514299,121.34097627427842,119.29722710855995,120.84410095214844,24911100
2019-05-06,118.49099877731551,120.52537848793314,118.22849909240742,120.14099884033203,24239800
2019-05-07,118.5566166539109,119.23161989075442,116.45661214684846,117.67536163330078,36017700
2019-05-08,117.60038306921963,118.47226117839178,116.95350368585885,117.66600799560547,28419000
2019-05-09,116.5222309826121,117.92848526844728,115.84722778099854,117.65660858154297,27235800
2019-05-10,117.10349527690346,119.93475099909723,116.08161335638036,119.18474578857422,30915100
2019-05-13,116.35348012601632,117.70348652859145,115.35035235537485,115.64097595214844,33944900
2019-05-14,116.12849268151946,118.01286845613316,115.96911174448408,116.93474578857422,25266300
2019-05-15,116.92534358658963,119.23072528652916,116.39839365990271,118.58145141601562,24722700
2019-05-16,119.2683568817107,121.74312107077519,118.99547378357154,121.31967163085938,30112200
2019-05-17,120.73627666366038,122.75937778703118,120.36929766667497,120.51045227050781,25770500
2019-05-20,119.05191806563253,120.05875903447827,118.33678365084577,118.7696304321289,23706900
2019-05-21,119.90820710651818,120.00230298438471,119.1083813760697,119.40949249267578,15293300
2019-05-22,119.14601576173365,120.67039475866528,119.05191270907783,120.134033203125,15396500
2019-05-23,118.7508261946896,118.83551752380504,117.37700605429986,118.73200988769531,23603800
2019-05-24,119.41890963467064,119.8988007872087,118.53439254880298,118.7884521484375,14123400
2019-05-28,119.48477826702683,120.44456775756039,118.60967291725107,118.71318054199219,23128400
2019-05-29,117.97921649994422,117.98862824202146,116.71831586570991,117.56519317626953,22763100
2019-05-30,117.86630468112753,118.3367912796865,117.4146343877264,118.30856323242188,16829600
2019-05-31,116.89710815826496,117.26408714563891,116.04081906835502,116.37957000732422,26646800
2019-06-03,116.53952447599198,117.02883453965536,111.98521782574865,112.76622009277344,37983600
2019-06-04,114.12120961318308,116.00315570094416,113.52839917999799,115.89024353027344,29382600
2019-06-05,117.57459556502795,118.44029634373301,116.87827742435823,118.40265655517578,24926100
2019-06-06,118.97663675540846,120.41632439765586,118.18621564690602,120.27517700195312,21459000
2019-06-07,121.56432484941743,124.44370042199728,120.68921234431537,123.64386749267578,33885600
2019-06-10,124.58484227991391,126.1656846757307,124.20845875420623,124.7730484008789,26477100
2019-06-11,125.97748995782509,126.31624086626039,123.53095402378007,124.30255889892578,23913700
2019-06-12,123.64387053210716,124.18023213843705,122.99461109649758,123.72856903076172,17092500
2019-06-13,124.1896407147318,125.1494374129066,123.79443368798024,124.50958251953125,17200800
2019-06-14,124.45309453116953,125.89278219653205,123.86969581551169,124.63188171386719,17821700
2019-06-17,124.80127790286863,125.83633978969151,124.70717484128868,125.00829315185547,14517800
2019-06-18,126.26922333873438,127.25724828423397,125.685824423042,127.18196868896484,25934500
2019-06-19,127.03135985282113,127.90645788435931,125.91159964274695,127.68063354492188,23744400
2019-06-20,129.33674324028374,129.53435389894676,127.70886387915313,128.8662567138672,33042600
2019-06-21,128.51815277261852,129.60026647370614,128.4052405556327,128.8851318359375,36727900
2019-06-24,128.91328958807472,130.2306459282136,128.91328958807472,129.64724731445312,20628800
2019-06-25,129.1485632830951,129.46849070429792,124.89536067601472,125.55403900146484,33327400
2019-06-26,126.41972690603309,127.72767878735652,125.7139971637771,126.02450561523438,23657700
2019-06-27,126.22213230306136,126.75849386723776,125.62931464962642,126.23153686523438,16557500
2019-06-28,126.62679738813938,126.6550254415032,125.3000214475816,126.05280303955078,30043000
2019-07-01,128.5651624552563,128.6310231076823,127.00314362433801,127.67122650146484,22613500
2019-07-02,128.08525822402177,128.52751674502406,127.35130032919045,128.5181121826172,15237800
2019-07-03,128.72516079053548,129.609678061838,128.24525517927623,129.34620666503906,13629300
2019-07-05,127.91590218289595,129.22385438804022,127.70888692526633,128.96978759765625,18141100
2019-07-08,128.34869923728758,129.00739176106342,127.37949828820928,128.8756561279297,16779700
2019-07-09,127.9723584019444,128.88510357743075,127.78416662885805,128.40521240234375,19953100
2019-07-10,129.03564823098873,130.40005638009714,128.93214061371236,129.71315002441406,24204400
2019-07-11,130.04249060866292,131.0022872725657,129.73196773627933,130.23068237304688,22327900
2019-07-12,130.6541347014395,130.91760604906926,129.86370630043865,130.701171875,18936800
2019-07-15,131.20930544407994,131.3033941493125,130.2871557273758,130.701171875,16651500
2019-07-16,130.75765127689854,130.8423354248371,128.46167421203603,128.98861694335938,22726100
2019-07-17,129.57200998844476,129.7884298095519,128.17937363810682,128.22642517089844,20211000
2019-07-18,127.54894199876234,128.55577602915713,126.72088084620287,128.36758422851562,30381800
2019-07-19,131.94324926045456,132.3666842839282,128.39577665238238,128.5557403564453,48992400
2019-07-22,129.29911367540907,130.97404460017884,129.22383410643957,130.25889587402344,25074900
2019-07-23,131.51038897759457,131.72682311804994,129.88250961296632,131.06813049316406,18034600
2019-07-24,130.70119417313032,132.43259607051033,130.6541569915451,132.4137725830078,20738300
2019-07-25,132.14084816300124,132.3102307905793,131.09638178506293,131.91502380371094,18356900
2019-07-26,132.08440146776655,133.31707404360185,132.01854081099262,132.9971466064453,19037600
2019-07-29,133.1476875625775,133.1570921242279,131.14341035661647,132.70542907714844,16605900
2019-07-30,131.86797160390867,132.8842242898653,131.54804419113816,132.06558227539062,16846500
2019-07-31,132.04677416054224,132.19733332223063,127.10666473777279,128.22642517089844,38598800
2019-08-01,128.91333723847524,132.62077419796006,128.8474622180652,129.9107666015625,40557500
2019-08-02,129.9389126070822,130.1553466591045,127.27595822692919,128.81915283203125,30791600
2019-08-05,125.43171649321536,126.02451977982514,123.06046027244633,124.40605926513672,42749600
2019-08-06,125.90220431074479,127.67122398449112,125.34703362478477,126.73966979980469,32696700
2019-08-07,125.89281306576213,127.64302400000143,124.04851341521257,127.29486846923828,33414500
2019-08-08,128.53692004892136,130.78584498843722,127.90645549149569,130.69174194335938,27496500
2019-08-09,130.4282602868572,131.1528134737001,128.40517420135814,129.58139038085938,23466700
2019-08-12,128.9791779055179,129.72254026892156,127.25719556712986,127.77471923828125,20484300
2019-08-13,128.01939987425007,130.60707603564092,127.03137519555139,130.41888427734375,25154600
2019-08-14,128.73835675656483,129.267054066321,126.19870808813045,126.49137878417969,32527300
2019-08-15,126.87849774904004,127.0578803254502,124.85811000459772,126.20817565917969,28074400
2019-08-16,127.3411220647935,128.83281244696497,127.19006152853991,128.52125549316406,24449100
2019-08-19,130.14506982370392,130.8059414063787,129.2387213632356,130.67376708984375,24355700
2019-08-20,130.48497120926137,130.9570244791791,129.5691867131472,129.5880584716797,21170800
2019-08-21,130.8059401709551,131.69340246184515,130.28667878735772,131.0325164794922,14970300
2019-08-22,130.9098284520228,131.4196396923654,128.67228594838454,130.07901000976562,18697000
2019-08-23,129.52199540777846,130.61716259432987,125.3773677332579,125.93438720703125,38508600
2019-08-26,127.44494574782449,127.98307897916995,126.41585868100178,127.87922668457031,20312600
2019-08-27,128.7666939007539,129.07825079610006,127.13339357599018,128.1530303955078,23102100
2019-08-28,127.34108489075743,128.17188878576852,126.0854215608195,127.98307037353516,17393300
2019-08-29,129.57864095908982,130.7021302056867,129.25764814746918,130.40000915527344,20168700
2019-08-30,131.37246303685887,131.40078509001873,128.65344509202149,130.15457153320312,23940100
2019-09-03,128.974396427874,129.531415835195,128.11525600957862,128.43624877929688,18869300
2019-09-04,129.62582106622773,129.9940220128763,128.85164684685714,129.9373779296875,17995900
2019-09-05,131.3346445943068,132.53366378074261,131.00420158510994,132.22210693359375,26101800
2019-09-06,132.20325336060617,132.34486359607237,130.4755364582972,131.3252410888672,20824500
2019-09-09,131.78785050247885,131.93891103156488,128.83280633407995,129.83355712890625,25773900
2019-09-10,129.1537874544012,129.23875359209347,126.9917752447399,128.47402954101562,28903400
2019-09-11,128.31349500522597,128.65337386089186,127.53932089835172,128.51174926757812,24726100
2019-09-12,130.14511406792434,130.68324739464651,129.21987913171608,129.83355712890625,27010000
2019-09-13,130.07899528773493,130.34334396109406,128.9366344648449,129.64471435546875,23363100
2019-09-16,128.2380144004563,129.05938261706712,128.07751799065448,128.71006774902344,16731400
2019-09-17,129.3048412634744,129.8335386340373,128.8044515314171,129.71080017089844,17814200
2019-09-18,129.68245156156436,130.91922860133747,128.8988415457411,130.77761840820312,23982100
2019-09-19,132.45816871794023,134.412462034287,132.24102821744046,133.1851348876953,35772100
2019-09-20,133.1284185363398,133.7326459665025,130.52269044487292,131.64617919921875,39167300
2019-09-23,131.44792693200088,131.82557812662859,130.70208923223132,131.3629608154297,17139300
2019-09-24,132.51477271403107,132.8263295496485,129.2292865293963,129.7013397216797,29773200
2019-09-25,129.81460998388607,132.1371177083836,128.42677263740308,131.57064819335938,21382000
2019-09-26,131.64622908529395,132.34485876264458,130.70212246753474,131.74063110351562,17456600
2019-09-27,132.3165355831006,132.51480430973803,129.01216244925013,130.03179931640625,22477700
2019-09-30,130.3339044250626,131.4385072947318,130.0789916379322,131.25912475585938,17280900
2019-10-01,131.85392390733696,132.41094331305064,129.34259703306907,129.40869140625,21466600
2019-10-02,128.63450801650237,128.74779618431006,126.11374544132995,127.12393188476562,30521700
2019-10-03,127.40714811432109,129.1065424130071,125.77384817449042,128.66281127929688,24132900
2019-10-04,129.10658762226254,130.5227476327444,128.79503069124559,130.40000915527344,22897700
2019-10-07,129.47478826668564,130.4566528657822,129.36150007607725,129.45590209960938,15303700
2019-10-08,129.4181075491507,130.06009298883106,128.03970586113044,128.0869140625,25550500
2019-10-09,129.776903645437,130.94758664636785,129.3142862107932,130.5133056640625,19749900
2019-10-10,130.7493354547642,131.86337438956303,130.522744672094,131.3252410888672,17654600
2019-10-11,132.28824255628135,133.14738321696686,131.7029009397789,131.87283325195312,25446000
2019-10-14,131.88223536498572,132.4486906045742,131.7217389934729,131.75006103515625,13304300
2019-10-15,132.23155547754106,133.8648557060827,131.99552885005554,133.65716552734375,19695700
2019-10-16,132.9207318320575,133.10956463411543,131.7311629710616,132.56198120117188,20751600
2019-10-17,133.07177081729165,133.51550189979903,131.24965270029077,131.8822021484375,21460600
2019-10-18,131.94834792406806,132.1749387194344,128.92720934880884,129.72970581054688,32273500
2019-10-21,130.71154363459112,130.75875184135003,129.35202795309812,130.69265747070312,20078200
2019-10-22,131.20245437242835,132.18431859112957,128.64391994699895,128.74777221679688,27431000
2019-10-23,129.22928920909175,129.76742236837504,128.03027004217142,129.5691680908203,29844600
2019-10-24,131.59896380189517,132.57139204399436,130.91920617942924,132.11822509765625,37029300
2019-10-25,131.5518128589766,133.25120765468353,131.4196385085285,132.86412048339844,25959700
2019-10-28,136.32900691071055,137.5280264990429,135.48875249194035,136.13075256347656,35280100
2019-10-29,136.026843129502,136.42336606339808,134.67676357288295,134.84671020507812,20589500
2019-10-30,135.49816434559108,136.8954378848265,134.80895625156265,136.52723693847656,18496600
2019-10-31,136.80103400009742,136.82935604426177,134.9978014293005,135.35655212402344,24605100
2019-11-01,136.19680766564963,136.34786817323254,134.97891653732933,135.68699645996094,33128400
2019-11-04,136.73497555548116,136.89547196631688,136.10242579303747,136.4706268310547,16912000
2019-11-05,136.86713983179126,136.91434804465823,135.86638910507685,136.38565063476562,18250200
2019-11-06,136.30065105729517,136.44227567612077,135.19604817888097,136.0079803466797,16575800
2019-11-07,135.80028483279548,136.78216372757217,135.73420486433483,136.19680786132812,17786700
2019-11-08,135.93249228049015,137.83015615781494,135.7247876331618,137.8018341064453,16732700
2019-11-11,137.21645427074083,138.23609116077284,136.64054864968358,137.94342041015625,14362600
2019-11-12,138.10389451879053,139.32179994333885,137.89618994105237,138.84974670410156,18641600
2019-11-13,138.53822165522573,139.21797962831948,138.10392623677834,139.07635498046875,16919200
2019-11-14,138.80255928210093,140.11486690743746,138.78367311604555,139.784423828125,19729800
2019-11-15,140.60579800789372,141.60656316881852,139.9826985605794,141.58767700195312,23485700
2019-11-18,141.68206756289746,142.13523464345982,140.65298054252128,141.9369659423828,21534000
2019-11-19,142.44676339206836,142.87160834659494,141.80476361591712,141.98414611816406,23935700
2019-11-20,142.39153703820168,142.89361502395266,140.63900530933563,141.73788452148438,25696800
2019-11-21,141.52946786430311,141.90840417755308,140.67688645563982,141.60525512695312,18576100
2019-11-22,142.16422688567908,142.38210629659935,140.98007765575883,141.70950317382812,15901800
2019-11-25,142.09786309345495,143.37674964327292,142.02207583187874,143.2630615234375,22420900
2019-11-26,143.38621774540442,144.39037366594638,143.34833134205698,144.0209197998047,24620100
2019-11-27,144.3051375440203,144.46618007574097,143.53781129378612,144.29566955566406,15184400
2019-11-29,144.08729884385707,144.27675984906978,143.3104899310524,143.4052276611328,11977300
2019-12-02,143.8125057188623,143.83145614764797,140.50637141538132,141.67156982421875,27418400
2019-12-03,139.72008553239814,141.55787226364612,138.9243265808417,141.44419860839844,24066000
2019-12-04,142.23046564524972,142.2683520428285,141.33998352527908,141.95574951171875,17574700
2019-12-05,142.14522803370429,142.40100822762935,141.60524923041157,142.0315399169922,17869100
2019-12-06,143.03568857832454,143.86931939648935,142.35361780122818,143.75564575195312,16403500
2019-12-09,143.11145335079533,144.19139616910385,142.95987887859198,143.38616943359375,16687400
2019-12-10,143.31992557551058,143.8883229178125,142.81784752028668,143.16836547851562,16476100
2019-12-11,143.55675369692057,143.86937078600013,142.41050549190678,143.7083282470703,18856600
2019-12-12,143.6609421299317,145.35665148920563,143.0641408997182,145.1671905517578,24612100
2019-12-13,144.93985432215842,146.73028723852846,144.77881177417171,146.38925170898438,23845400
2019-12-16,146.9386603212284,147.68703602021847,146.66394415335506,147.33653259277344,24144200
2019-12-17,147.26072868650778,147.5070408660075,146.31340973136145,146.540771484375,25425600
2019-12-18,146.1713508143225,147.289180496491,146.05766268456694,146.23765563964844,24129200
2019-12-19,145.8871276915896,147.56388638841537,145.65029793884352,147.50704956054688,24958900
2019-12-20,149.06070160542652,150.1406450579801,148.05653097853835,149.11753845214844,53477500
2019-12-23,149.79012707828537,149.79012707828537,148.9849143248154,149.11753845214844,17718200
2019-12-24,149.18383458215166,149.4017284217973,148.84279906677688,149.089111328125,8989200
2019-12-26,149.25961703393423,150.3679788093413,149.1080424864569,150.31114196777344,14520600
2019-12-27,151.04999242943285,151.1447300993485,149.88479425515305,150.5858154296875,18412800
2019-12-30,150.6142958109539,150.64271423263378,148.47334501143888,149.2880401611328,16348400
2019-12-31,148.51124246988692,149.4585617173354,148.20809337232998,149.39224243164062,18369400
2020-01-02,150.4153225898607,152.2625919076215,149.9890318942147,152.15838623046875,22622100
2020-01-03,149.97959446814662,151.52371505612567,149.73328220562672,150.26377868652344,21116200
2020-01-06,148.80484601012395,150.7184341257304,148.26486732973,150.65211486816406,20813700
2020-01-07,150.92690510004644,151.25845815414866,149.03226665965386,149.278564453125,21634100
2020-01-08,150.55740226330082,152.32889862891633,149.62903368740584,151.6562957763672,27746500
2020-01-09,153.31411932222434,153.674105204978,152.5467931657798,153.5509490966797,21385000
2020-01-10,154.24249672186824,154.62141856495847,152.68887958234973,152.8404541015625,20725900
2020-01-13,153.23835440536027,154.70670211208954,152.76469478737948,154.67828369140625,21626500
2020-01-14,154.78249955826826,154.98144297107078,153.20047806483123,153.58888244628906,23477400
2020-01-15,154.05301501204548,155.3034830617299,154.00566062481232,154.58351135253906,21417900
2020-01-16,155.69193253538216,157.48236543186604,155.38878342140092,157.41604614257812,23865400
2020-01-17,158.60017747170502,158.64754632231816,156.71500707487465,158.2970428466797,34371700
2020-01-21,157.89913292781256,159.32959395002115,157.66230316439436,157.72862243652344,29517200
2020-01-22,158.58121907428676,158.66648878308445,156.95182898866327,156.9707794189453,24138800
2020-01-23,157.4349946879729,158.01286003149272,156.5634626781463,157.93707275390625,19680800
2020-01-24,158.68544554672874,158.70439597949334,155.78665089637408,156.34556579589844,24918100
2020-01-27,152.66046656819069,154.77299856024104,151.76051631780365,153.73094177246094,32078100
2020-01-28,155.15193497322656,157.02762291226713,154.47934644660026,156.74343872070312,24899900
2020-01-29,158.99802382465174,159.86008761817865,156.96129367549298,159.18748474121094,34754500
2020-01-30,164.88086399079006,164.88086399079006,161.79259500285548,163.67776489257812,51597500
2020-01-31,163.1378330139446,163.31781150569444,160.6463790875127,161.2621307373047,36142700
2020-02-03,161.45157498009493,165.30717036186377,161.42315656565438,165.19349670410156,30107000
2020-02-04,167.80811178619967,171.1237287743186,167.0218351658526,170.63111877441406,36433300
2020-02-05,174.33516267075652,174.4962052107413,169.01123304263785,170.4227294921875,39186300
2020-02-06,171.43633505355797,174.1362002133704,170.57427122162437,173.95620727539062,27751400
2020-02-07,173.21733945607366,175.85088594864706,172.86682148638042,174.20254516601562,33529100
2020-02-10,173.90885522377374,178.89174886166035,173.5962381626121,178.75912475585938,35844300
2020-02-11,180.60636914294562,180.65373798592051,173.83304379083776,174.72352600097656,53159900
2020-02-12,175.80348736530172,176.0592675799467,172.2699910279323,174.9793243408203,47062900
2020-02-13,173.43519723039753,176.41924686578838,173.23625384239782,174.03201293945312,35295800
2020-02-14,173.59624099105812,175.64245390384997,173.02784369696806,175.5856170654297,23149500
2020-02-18,175.8319246061661,177.81181834735847,175.7277189116326,177.3665771484375,27792200
2020-02-19,178.63943981115193,178.75342396936063,177.1290917371865,177.8985137939453,29997500
2020-02-20,177.5850405545757,177.87001544081576,172.02809549780588,175.18177795410156,36862400
2020-02-21,173.99438799966083,174.30785891305882,168.3709427375459,169.64381408691406,48572600
2020-02-24,159.36584000819616,165.80620582569023,155.05325577394382,162.3295440673828,68311100
2020-02-25,165.47371997311936,166.08165959218329,159.25182910172236,159.6508026123047,68073300
2020-02-26,161.20865045967483,164.58080718946448,159.78379060390208,161.64559936523438,56206100
2020-02-27,155.13875963759634,158.66290516046735,150.06624715653416,150.2562255859375,93174900
2020-02-28,144.77525436429954,155.50920080368482,144.38578921735436,153.89434814453125,97012700
2020-03-02,157.02908558517254,164.25787667339787,154.1793652796082,164.13438415527344,71030800
2020-03-03,165.09375911275336,166.2336440588436,154.13182955336734,156.2691192626953,71677000
2020-03-04,160.049786299332,162.1490720051714,157.32354419371018,162.006591796875,49814400
2020-03-05,157.7320136249134,162.310556474439,157.39004662621815,157.9409942626953,47817300
2020-03-06,154.46430635732068,154.9392596374927,148.18542341366964,153.47640991210938,72821100
2020-03-09,143.435889783358,149.84775902864055,142.48598322850134,143.07492065429688,70419300
2020-03-10,150.23727109717373,152.9634991224944,144.93678912699198,152.8590087890625,65354400
2020-03-11,149.25881588095203,149.8002550593637,143.57836446468625,145.93414306640625,56371600
2020-03-12,138.0214317979302,145.7821669760473,131.63805829012034,132.09400939941406,93226400
2020-03-13,140.11122857796408,153.79938665871734,133.68035660445514,150.87367248535156,92727400
2020-03-16,132.98695814086605,141.86859292875943,128.2374239215494,128.63638305664062,87905900
2020-03-17,132.98692056268771,140.111219878546,128.23738768544888,139.22781372070312,81059800
2020-03-18,131.08715725052258,138.6864127433065,128.25643863790086,133.36692810058594,81593200
2020-03-19,135.61817982543892,142.62848121921525,132.03702760813172,135.56118774414062,85922700
2020-03-20,138.6863672974225,139.73127038304972,129.0543146964059,130.4696807861328,84866200
2020-03-23,130.1466764014955,133.52835551035776,125.88160575331062,129.16827392578125,78975200
2020-03-24,136.54909590592504,142.10605621534557,134.1933312141267,140.90916442871094,82516700
2020-03-25,141.45057605299218,146.59906738567054,137.20449296873716,139.5602569580078,75638200
2020-03-26,140.96611636735446,148.81235319825882,140.9376203324005,148.28990173339844,64568100
2020-03-27,144.1483462407878,147.13105279245107,141.7260811810194,142.20103454589844,57042300
2020-03-30,144.8037706334884,152.55501230058746,142.49548995938957,152.2035369873047,63420300
2020-03-31,151.4150677295448,156.52556857589585,148.7173371503791,149.8097381591797,77927200
2020-04-01,145.33571171552185,149.84776812499067,143.2649222575526,144.49029541015625,57969900
2020-04-02,144.25282142442757,147.69147878711792,142.82796147930063,147.4824981689453,49630700
2020-04-03,147.33050027358752,149.49628588002253,144.56626894886142,146.12411499023438,41243300
2020-04-06,152.28903866452734,158.1594547108867,149.68628926690775,156.99107360839844,67111700
2020-04-07,161.094653373126,161.4841185494659,155.08174298427676,155.30023193359375,62769000
2020-04-08,157.37099056058554,158.3208969546214,155.30969542485835,156.85804748535156,48318200
2020-04-09,158.02644076267168,158.98584107836996,155.14822532115448,156.8675537109375,51385100
2020-04-13,156.1171440984928,157.27603122535353,154.16983281192037,157.21902465820312,41905300
2020-04-14,160.5342358653934,165.04629279060418,159.58432914429642,164.99879455566406,52874300
2020-04-15,162.6239840446775,164.8752722248114,160.76217548860208,163.26992797851562,40940800
2020-04-16,165.56874315151887,168.39946110084114,164.23886505524362,168.17147827148438,50479600
2020-04-17,170.50821509765711,170.98316834305447,167.06004989785689,169.65330505371094,52765600
2020-04-20,167.781994358711,169.795791556013,166.22414823554044,166.29063415527344,36669600
2020-04-21,164.80877674925068,164.9702591139394,157.78896833665317,159.41331481933594,56203700
2020-04-22,162.80448370842808,165.2837403941168,162.2630445097546,164.82778930664062,34620200
2020-04-23,165.38824370404214,166.2906521024293,162.34854539106306,162.83299255371094,32790800
2020-04-24,163.4409405350451,165.8157072276836,162.15857521767563,165.80621337890625,34277600
2020-04-27,167.74397856900762,168.03844725298504,164.61879268800635,165.3312225341797,33194400
2020-04-28,166.7940777590931,166.87007201792395,160.9046603967209,161.30361938476562,34392700
2020-04-29,164.54281734751044,168.779392536246,163.26994602134675,168.5419158935547,51286600
2020-04-30,170.9832080102126,171.36316489690927,167.4020556506705,170.2327880859375,53875900
2020-05-01,166.9935916904016,169.69132309324073,165.29325067285902,165.82521057128906,39370500
2020-05-04,165.74923153491736,170.0333056950505,165.0937935681578,169.88131713867188,30372900
2020-05-05,171.572122300799,174.450338086352,170.88818840181372,171.70510864257812,36839200
2020-05-06,172.95897094263947,174.9727680108776,172.53151593213528,173.3959197998047,32139300
2020-05-07,174.94430178922232,175.30527094576834,173.43395373066107,174.40286254882812,28316000
2020-05-08,175.7137316135177,175.7327338053412,174.1748874476006,175.4287567138672,30877800
2020-05-11,173.97544332286245,178.11703799581989,173.69048284777404,177.3856201171875,30892700
2020-05-12,177.44258553115407,177.67055387694649,173.1680051144238,173.3674774169922,32038200
2020-05-13,173.4054536736494,174.83031358141244,167.6965057001137,170.74571228027344,44711500
2020-05-14,168.64642242172906,171.63863710417746,166.87959545034084,171.4866485595703,41873900
2020-05-15,170.09025608059895,177.6895081033715,168.13345100384268,173.98487854003906,46610400
2020-05-18,176.44515011723627,176.87260518633394,174.74482368880803,175.64723205566406,35264500
2020-05-19,175.76121412821837,177.25257442284837,174.29836436598677,174.4313507080078,26799100
2020-05-20,176.0411549622514,177.03181730648205,175.21243926902898,176.850830078125,31261300
2020-05-21,176.6031523221469,177.8128975506415,174.59326682345701,174.72662353515625,29119500
2020-05-22,174.49803205422208,175.70777736396283,173.878864430985,174.80284118652344,20826900
2020-05-26,177.4985581567519,177.65096998396217,172.50719436134594,172.95489501953125,36073600
2020-05-27,171.64989267092176,173.3549691405075,168.22071368879833,173.18350219726562,39517100
2020-05-28,172.16431052776355,175.41250287324576,171.82139111320652,172.79298400878906,33810200
2020-05-29,174.05987504067974,175.52681369967453,171.84996129665396,174.55520629882812,42130400
2020-06-01,173.87887257152337,174.317052979787,172.85012898389996,174.15512084960938,22622400
2020-06-02,175.50771049099285,176.2221245092737,172.7453154342231,176.1363983154297,30794600
2020-06-03,176.05067650710572,177.1175301498481,174.86950673493328,176.56504821777344,27311000
2020-06-04,175.55538677286637,177.02231087757588,173.65028222738718,174.24085998535156,28761800
2020-06-05,173.95505869036717,178.82260047028618,173.37400133185187,178.3177490234375,39893600
2020-06-08,177.11755495708823,179.60371673224284,175.68872668481072,179.4227294921875,33211600
2020-06-09,179.07979116522557,181.65167887606577,178.3748973930078,180.7943878173828,29783900
2020-06-10,182.06131625973632,189.1006768084004,181.947000106035,187.50038146972656,43872300
2020-06-11,183.9663769701649,186.47157890859128,177.24136200907282,177.43186950683594,52854700
2020-06-12,181.49928782354135,182.62330696543887,176.39360750554295,178.8321533203125,43373600
2020-06-15,175.82209144395165,181.7660225607909,175.27912969897213,179.9752197265625,32770200
2020-06-16,183.73780074282863,186.3001685905178,182.37565801817837,184.3855438232422,42556700
2020-06-17,185.77625251080684,187.0050529757738,184.4998360641594,185.02374267578125,25687800
2020-06-18,184.79512262836676,187.166982785349,184.79512262836676,187.0050506591797,23061600
2020-06-19,189.1673304707642,189.83411407758476,185.14755918205572,185.8905487060547,44441100
2020-06-22,186.50022256791996,191.23440902079636,185.96679556502613,191.05343627929688,32818900
2020-06-23,192.5012864177539,194.27303423664063,191.87259842577603,192.329833984375,30917400
2020-06-24,192.0345322646708,193.60623760474027,187.23366096391769,188.4529266357422,36740600
2020-06-25,188.41482860990715,191.0914979740535,186.19538023333627,190.8343048095703,27803900
2020-06-26,190.25325928026015,190.40567113057938,185.63338952896157,187.01458740234375,54675800
2020-06-29,186.49065245840316,189.1101707823293,184.3664653054702,189.02444458007812,26701600
2020-06-30,188.49103797881637,194.70166798928813,188.357681249384,193.85389709472656,34310300
2020-07-01,193.50143255212635,196.5591311811581,192.19644082936517,194.98741149902344,32061200
2020-07-02,195.92092193188483,198.1499050400059,195.27319343767005,196.47340393066406,29315800
2020-07-06,198.92147558606962,201.1123485300744,198.21658173292928,200.70274353027344,31897600
2020-07-07,200.46461530971268,204.4843869114335,198.12134494687825,198.36900329589844,33600700
2020-07-08,200.1026505749674,203.14127992845096,198.78812386849197,202.731689453125,33600000
2020-07-09,206.06562572695827,206.11325624543244,201.43622130626395,204.1510009765625,33121700
2020-07-10,203.48421457154092,203.9223950181679,201.06473816174983,203.53184509277344,26177600
2020-07-13,204.30336440933152,205.56074012154218,196.70200294166628,197.24496459960938,38135600
2020-07-14,196.34956659976442,198.94050944255682,192.44409722406942,198.4642333984375,37591800
2020-07-15,199.61682866793632,201.30285006378293,195.30176853848567,198.1689453125,32179400
2020-07-16,195.6542343777719,195.9400029714762,192.71085129264486,194.2444610595703,29940700
2020-07-17,194.76833860463782,195.31128577018185,191.8344762485348,193.2537841796875,31635300
2020-07-20,195.27319325053878,202.22682694154088,193.37760921523997,201.56004333496094,36884800
2020-07-21,203.5222639133005,203.78897731065484,198.1593914994022,198.84523010253906,37990400
2020-07-22,199.27387041432306,202.22678735298066,198.50230563955367,201.702880859375,49605700
2020-07-23,197.35927722794668,200.91229258668062,192.55840637545583,192.92990112304688,67457000
2020-07-24,190.91052862873565,193.2347585469078,188.13859797051586,191.748779296875,39827000
2020-07-27,191.9106710052641,194.29205123361672,191.3296136481544,194.17774963378906,30160900
2020-07-28,193.949155350088,194.98743376683993,192.16788737503714,192.43460083007812,23251400
2020-07-29,192.8917981652364,194.93977934418533,192.42504240875613,194.37777709960938,19632600
2020-07-30,191.463052176978,194.7588902167285,190.100909080979,194.22544860839844,25079600
2020-07-31,194.70164222615028,195.3684403198741,189.56738702018401,195.28269958496094,51044000
2020-08-03,201.4838090258531,207.3134227858936,200.45505109147118,206.26560974121094,78983000
2020-08-04,204.0080654968015,204.57960252584857,200.3312140980677,203.16981506347656,49280100
2020-08-05,204.70349656325405,204.79875761327145,201.5315099917709,202.8365020751953,28806400
2020-08-06,202.26492745672695,206.10371159915528,201.5124176259521,206.0846710205078,32656800
2020-08-07,204.6558126241995,205.46547314134574,200.9217958182413,202.39825439453125,27820400
2020-08-10,201.6267302012885,201.82677256630785,196.55915986005738,198.36900329589844,36716500
2020-08-11,197.33071819206666,197.79745947005014,193.50145425985625,193.73007202148438,36446500
2020-08-12,195.5494119121457,200.30265206772674,195.03504017950794,199.26437377929688,28013100
2020-08-13,199.50253178830027,201.321909948508,198.27373133117436,198.79763793945312,22588900
2020-08-14,198.85478719753726,199.64540724846154,197.66409697652952,198.98814392089844,17958900
2020-08-17,199.65492961793257,201.1694839962256,199.00718662001864,200.3026580810547,20184800
2020-08-18,200.5408047630147,202.2839769572169,199.28344347190688,201.45526123046875,21336200
2020-08-19,201.94224572660374,202.5247077340246,199.80336574182783,200.23304748535156,27627600
2020-08-20,200.08026959141188,205.29378324171398,199.47872097132446,204.8927459716797,26981500
2020-08-21,204.20524223675469,206.487344560312,203.24084416167003,203.40316772460938,36249300
2020-08-24,205.09323916626136,205.79029360312026,202.83978144131711,204.04290771484375,25460100
2020-08-25,203.47957724399592,206.83111256977526,203.47957724399592,206.6974334716797,23043700
2020-08-26,208.04375788990563,212.0636882339954,207.54722933961594,211.16612243652344,39600800
2020-08-27,212.82756644310686,220.71466112899327,209.49511824885343,216.35098266601562,57602200
2020-08-28,217.8787512019263,220.2277003121461,216.35099233448315,218.5758056640625,26292900
2020-08-31,216.75202630738926,218.37527645385566,214.1834647217213,215.348388671875,28774200
2020-09-01,215.3293033840546,217.181724050309,214.29805843882244,217.00985717773438,25725500
2020-09-02,217.67820444165247,222.34744285530206,217.08619925171826,221.1920623779297,34080800
2020-09-03,218.9195572217702,218.95774500180633,205.2555877927425,207.4899444580078,58400300
2020-09-04,205.38931506811102,208.50213710384176,195.92669857937142,204.5776824951172,59664100
2020-09-08,197.17751849448624,200.54815481211494,193.07163989272198,193.51087951660156,52924300
2020-09-09,198.22786446784107,205.14100397041202,197.3684863965206,201.7512664794922,45679000
2020-09-10,203.766024749938,205.04554135717223,194.89542936094682,196.09854125976562,35461500
2020-09-11,197.8459188393803,199.21136882938845,192.15499218362683,194.81903076171875,33620100
2020-09-14,195.01955560675427,199.75562740153794,194.81902968180668,196.13673400878906,30375800
2020-09-15,199.01080496489146,200.30940787534448,197.5880662872127,199.35455322265625,21823900
2020-09-16,201.11150211344088,201.14014659025136,195.40147480702015,195.79296875,26328100
2020-09-17,191.0186726560724,195.1054493284995,190.93273923569984,193.7495574951172,34011300
2020-09-18,193.6445722843672,194.45619018917904,187.3902699158646,191.34336853027344,55225300
2020-09-21,188.2878215402221,193.55862414931087,187.5143914784935,193.3962860107422,39839700
2020-09-22,195.80249637462492,198.70526273170444,192.95703353650538,198.0559539794922,33517100
2020-09-23,198.51428731939603,198.70526991631596,190.99958545426037,191.5343017578125,30803800
2020-09-24,190.82771090807543,196.28948076547937,190.20704663295967,194.0169219970703,31202500
2020-09-25,194.36072314906912,199.60286736934276,193.39631034881688,198.43795776367188,29437300
2020-09-28,201.3597955621824,202.9735025909273,198.66709788985403,199.98480224609375,32004900
2020-09-29,199.89885582352807,200.5863524369217,197.47351650129846,197.9031982421875,24221900
2020-09-30,198.35199677037934,202.41012994138174,197.21571715131006,200.83462524414062,33829100
2020-10-01,203.85193790943092,204.32936526589785,201.77990493075555,202.86843872070312,27158400
2020-10-02,198.6097849842091,201.46480588853086,196.26083592410876,196.88150024414062,33154800
2020-10-05,197.86501011285242,200.91099921434176,197.63583971881565,200.88235473632812,21331600
2020-10-06,199.3927819040882,200.69137041613547,195.57336278885933,196.61415100097656,28554300
2020-10-07,197.71221088986192,200.62452062469237,197.38756379022215,200.35716247558594,25681100
2020-10-08,201.006471654224,201.6557804718175,198.91535195429182,201.0733184814453,19925800
2020-10-09,201.69396323673163,206.1149453581554,201.69396323673163,206.06719970703125,26458000
2020-10-12,208.91262935214155,213.75374911739496,207.02202134336838,211.40480041503906,40461400
2020-10-13,212.6652711005284,215.0428648969688,210.47864535807548,212.7989501953125,28950800
2020-10-14,212.93260977868263,214.09753374216916,209.23732654938445,210.88922119140625,23421700
2020-10-15,207.29899733498226,210.41181895444555,206.2581944574021,209.74342346191406,22733100
2020-10-16,210.21129302172162,212.2546818531345,209.4187763041029,209.74342346191406,26057900
2020-10-19,210.46907710426066,212.26420865277728,204.0715533495555,204.54898071289062,27625800
2020-10-20,206.05762522137556,207.55673936430378,203.4699628492878,204.95953369140625,22753500
2020-10-21,203.49866522161116,207.1271166414113,203.49866522161116,205.1028289794922,22724900
2020-10-22,204.27205380357498,206.30589892543762,202.14273195608644,205.188720703125,22351500
2020-10-23,205.32240845573483,206.51597685096647,203.53683479884484,206.46823120117188,18879600
2020-10-26,204.19569269246188,206.57327167863946,198.70527791822374,200.59588623046875,37111600
2020-10-27,202.03772500009524,204.9786795523544,200.8346131891416,203.62278747558594,36700300
2020-10-28,198.29471470146902,199.41189318251043,192.97618050181404,193.5299835205078,51195600
2020-10-29,194.8572097568725,197.99867537575767,194.1887997967496,195.4778594970703,31432600
2020-10-30,194.31296712943194,195.06729607017297,190.60812555077848,193.3294677734375,36953700
2020-11-02,195.06730829502152,196.01261992601422,191.08556496375604,193.19580078125,30842200
2020-11-03,194.6853170414413,198.72434819434292,193.95007486989743,197.1106414794922,27512000
2020-11-04,204.35803146698734,208.46391008308424,202.8302579359049,206.62103271484375,42311800
2020-11-05,212.0159499519229,214.00204965218953,211.16612977646565,213.2095184326172,36080100
2020-11-06,212.22599244922995,214.23119307229723,208.18696129868533,213.62008666992188,25231900
2020-11-09,214.3076524783654,217.8215117855544,208.04380618646806,208.53077697753906,44395000
2020-11-10,204.81636591764507,206.72607562317089,200.25216088703263,201.48391723632812,44045100
2020-11-11,202.80160436416497,208.19652799591586,202.62017962636645,206.7738037109375,29440800
2020-11-12,207.40400997799867,209.21822820406635,204.77815937346904,205.7139129638672,21593900
2020-11-13,206.59235807105273,207.6045016953903,204.4916806999845,206.73558044433594,18621100
2020-11-16,205.16965297683396,207.91009625072095,204.8354625277745,207.42311096191406,24953300
2020-11-17,206.3441290207393,207.85278678987626,204.41531823662734,204.77816772460938,24154100
2020-11-18,204.53879324931168,205.99397625190795,201.93478771122201,202.07839965820312,28372800
2020-11-19,202.3656398944147,203.94526929630183,200.97746390164156,203.3612823486328,24792700
2020-11-20,203.15065627997777,204.194169355236,201.0444789459679,201.4178466796875,22843100
2020-11-23,201.9539393304308,203.2367909210462,199.28292656441394,201.14976501464844,25683500
2020-11-24,200.65197462988576,205.11325118374054,199.95310976628818,204.73988342285156,33979700
2020-11-25,205.9365451088525,206.10886192206488,203.39956130497038,204.74942016601562,21012900
2020-11-27,205.68769823970536,207.0471403927311,204.91222852958649,206.05148315429688,14512200
2020-11-30,204.9696374397487,205.60148040979328,201.8486519158757,204.94091796875,33064800
2020-12-01,205.36212481674454,208.05230344579502,204.25160461083848,206.98963928222656,30904500
2020-12-02,205.71640659011933,206.28124242302238,203.7251068290327,206.1855010986328,23724500
2020-12-03,205.45785419325355,207.15237578450493,204.53878742618159,205.1036376953125,25120900
2020-12-04,205.08450731483558,206.19504217699352,204.08885033218635,205.21853637695312,24666000
2020-12-07,205.22814042867907,206.3482437733022,203.90700075988175,205.15155029296875,24620000
2020-12-08,204.845190059829,207.69810302754718,203.8112452120222,206.79818725585938,23284100
2020-12-09,205.984443126197,206.0514503597692,202.2028949393342,202.76773071289062,32440600
2020-12-10,202.73905202795117,203.99318461438926,201.38917810792137,201.5423583984375,26733300
2020-12-11,201.09235074888988,204.22290460061276,200.19243502451116,204.1654510498047,30979400
2020-12-14,204.0122720932873,206.98964549805916,203.8016529116194,205.0653533935547,28798400
2020-12-15,205.99397910773743,206.23331774795298,203.1889372562856,204.9983367919922,27000600
2020-12-16,205.59194069349553,210.72336294076212,205.56322121850565,209.9287567138672,35023300
2020-12-17,210.493535498029,211.47004120731856,208.62669708914518,210.06272888183594,32515800
2020-12-18,209.2681884765625,210.32128463124675,206.8077941632735,209.2681884765625,63354900
2020-12-21,208.27248885115827,214.4474228830975,208.01399902795885,213.09754943847656,37181900
2020-12-22,213.19332126901028,216.00794643471485,212.38914682397282,214.3900146484375,22612200
2020-12-23,213.59538050172162,214.0261871402473,211.38389376362787,211.59451293945312,18699600
2020-12-24,211.97749458218158,214.0741038970455,211.76687536099413,213.2507781982422,10550600
2020-12-28,214.87827109953108,216.39089336020064,213.50926081646244,215.3665313720703,17933500
2020-12-29,216.65895424878013,217.49184821866578,214.04537983398163,214.591064453125,17403200
2020-12-30,215.6249449358293,216.00789549177568,212.0252973583535,212.22633361816406,20272300
2020-12-31,212.24554837160557,213.49011248709138,210.31168765702222,212.93484497070312,20942100
2021-01-04,213.04011740396882,213.4900752334204,205.64933874293737,208.40652465820312,37130100
2021-01-05,207.9948528511583,209.20112898306692,206.50138202886356,208.60755920410156,23823000
2021-01-06,203.12191147056765,207.2576901048468,202.90172401611616,203.19850158691406,35930700
2021-01-07,204.91215455439107,209.98613642014786,204.59624041863154,208.9809112548828,27694500
2021-01-08,209.35431096289832,211.17329358978736,207.77468161014076,210.2542266845703,22956200
2021-01-11,209.15326079150833,209.5744991531238,207.48745852732125,208.21505737304688,23031300
2021-01-12,207.26725958443384,207.84167815630275,204.22287913451353,205.7642059326172,23249300
2021-01-13,204.8930198022847,207.5161618550956,204.8068467927867,207.11407470703125,20087100
2021-01-14,206.70245392329073,208.1863566093762,203.66764131924498,203.93569946289062,29480800
2021-01-15,204.41435985792472,205.36213157006432,202.9878962340234,203.58145141601562,31746500
2021-01-19,204.63458270836028,207.72683453458131,203.562350037291,207.20986938476562,30480900
2021-01-20,208.41612942216207,216.161125965196,208.02361046256806,214.77296447753906,37777300
2021-01-21,215.11760876082386,216.64938219947808,212.93484110598976,215.3760986328125,30709400
2021-01-22,217.39613140277186,220.2586275356128,216.17071841802812,216.31431579589844,30172700
2021-01-25,219.34908876068727,219.98094632418085,214.6580569038777,219.74160766601562,33152100
2021-01-26,221.97226806085106,224.1933234360386,220.26817781179568,222.42222595214844,49169600
2021-01-27,227.85037895390354,230.1863263527391,220.32557173690137,222.96786499023438,69870600
2021-01-28,225.56235818896445,232.2925610607269,225.064529617763,228.7407684326172,49111200
2021-01-29,225.92616231957325,227.86959137607727,221.48403667498192,222.06802368164062,42503100
2021-02-01,225.0358140012582,232.15853595719565,222.51796623567458,229.43006896972656,33314200
2021-02-02,231.0096936130651,231.97661660777806,228.51099724463657,229.2960205078125,25916300
2021-02-03,229.35348721136774,234.6380749767332,229.05669496453717,232.63720703125,27158100
2021-02-04,232.31165077361996,232.86691814686066,230.11930074754287,231.68936157226562,25296100
2021-02-05,231.89999632428507,232.9052215570717,230.16718686803185,231.87127685546875,18054800
2021-02-08,232.78077013104104,233.2881669112596,230.5405638250113,232.12977600097656,22211900
2021-02-09,231.55536129754788,234.32211561321034,231.0862668747444,233.3743438720703,23565000
2021-02-10,234.55186970118112,235.43263415280472,230.61714183329966,232.46484375,22186700
2021-02-11,234.34127083104315,234.69548737812784,231.82342341865782,234.0636444091797,15751100
2021-02-12,233.52751965114385,234.839105493822,232.3786969588708,234.54232788085938,16561100
2021-02-16,234.5806260608858,235.63372209695896,232.56060701574452,233.30734252929688,26728500
2021-02-17,231.56092598454555,234.429999771811,231.1962886570467,234.32444763183594,21653500
2021-02-18,232.02150089094852,234.06535276526913,231.11951257604537,233.93101501464844,16925600
2021-02-19,233.89264153022282,233.99819366694103,230.4670068908638,231.22506713867188,25262600
2021-02-22,227.81864342177664,228.30801355738436,223.00165002550102,225.0263214111328,36446900
2021-02-23,221.015394129365,225.33341290970458,219.48009270633426,223.8365020751953,30228700
2021-02-24,220.70830363621744,225.68842042273627,219.73915368791364,225.06471252441406,26339700
2021-02-25,222.69458880716616,225.10307807896038,218.66444150450877,219.72955322265625,39542200
2021-02-26,222.166836123275,225.8515415247869,220.2573072215553,222.9824676513672,37819200
2021-03-01,226.36011252225157,227.86662818043706,223.72132352037755,227.35806274414062,25324000
2021-03-02,227.4252175123957,227.70349799818933,224.00918764921863,224.41220092773438,22812500
2021-03-03,222.77138716621417,224.13396020584003,218.06953577308565,218.35740661621094,34029500
2021-03-04,217.57054857019696,223.08801625993092,215.19083022458815,217.56094360351562,44727800
2021-03-05,220.23812306789688,223.8364715609729,217.30187304022164,222.2340087890625,41872800
2021-03-08,222.01328727476053,223.93240636504976,217.94476417404604,218.19424438476562,35267400
2021-03-09,223.46223842117595,225.86113735770795,222.30116489353895,224.32583618164062,33080500
2021-03-10,227.41561273111648,227.41561273111648,222.65619093371328,223.0208282470703,29746800
2021-03-11,225.45811704228768,229.49785452570518,224.8343945532657,227.5403594970703,29907600
2021-03-12,224.54653232236623,226.28334746335574,223.79807702037834,226.21617126464844,22653700
2021-03-15,225.45815172323736,225.6788463527636,222.43552990775498,225.314208984375,26034900
2021-03-16,226.72473079014074,230.35186474160002,226.39848405501235,228.09690856933594,28092200
2021-03-17,226.6000177196356,228.90296978894895,223.7981051474322,227.4540252685547,29562100
2021-03-18,223.15517351500054,224.71926031527957,221.01535975192502,221.38958740234375,34833000
2021-03-19,221.67747963958135,223.06883823635602,220.07501674352017,221.03457641601562,46430700
2021-03-22,220.95781993782433,227.31969089953785,220.8330724893745,226.44650268554688,30127000
2021-03-23,227.8858263731183,231.30185638179913,227.48281307743645,227.97218322753906,31638400
2021-03-24,228.23124345357456,228.3751715285235,225.80355897799103,225.93789672851562,25620100
2021-03-25,225.78437942941395,227.35805660601366,222.20522617954543,222.94407653808594,34061900
2021-03-26,222.18601962035427,227.13735047675794,222.18601962035427,226.91664123535156,25479900
2021-03-29,227.02218797535386,227.22370192103884,222.50267074289255,225.72679138183594,25227500
2021-03-30,224.08596063121217,224.3930267427671,221.7542377436791,222.47390747070312,24792000
2021-03-31,223.49099568282355,229.4306710387862,222.99202066764897,226.23533630371094,43623500
2021-04-01,228.8261747651646,233.01944545451641,228.42316149759984,232.5492706298828,30338000
2021-04-05,232.94267953817064,239.85152026219762,232.88510830575663,238.9975128173828,36910600
2021-04-06,237.59658162885503,239.3141870764356,236.89610713655097,237.8364715576172,22931900
2021-04-07,237.78849946523798,240.78232120190728,237.193577105187,239.79397583007812,22719800
2021-04-08,242.54789934961562,243.8624913984209,241.80903431175963,243.00848388671875,23625200
2021-04-09,242.64384338315648,245.63767943978883,242.23123976274744,245.5033416748047,24326800
2021-04-12,244.40942924919764,247.24973207374578,244.32305775852038,245.56089782714844,27148700
2021-04-13,246.85632045190187,248.70826351478416,246.44368755447493,248.03656005859375,23837500
2021-04-14,247.06742699301665,248.36280908207007,244.84124159709435,245.25384521484375,23070900
2021-04-15,247.4992215769771,249.41834093963365,247.30732721077396,249.0057373046875,25627500
2021-04-16,248.97688095719212,250.44500568122766,247.18250954819635,250.1955108642578,24878600
2021-04-19,249.66778593713443,250.90562587805667,247.39363463217305,248.2764129638672,23209300
2021-04-20,247.39369409039713,249.6774509098271,246.45331502256164,247.81590270996094,19722900
2021-04-21,248.4683450570387,250.13796925520947,246.8466871216118,250.04200744628906,24030400
2021-04-22,249.6870140739472,251.19352978714605,245.3018339862112,246.7699737548828,25606200
2021-04-23,247.4512247703219,250.9344306690591,246.86587820955702,250.58897399902344,21462600
2021-04-26,251.0783145634638,251.8267697194926,249.64858043701327,250.97274780273438,19763300
2021-04-27,251.0016273911271,252.5465338213757,249.60067835062966,251.37586975097656,31014200
2021-04-28,245.72402306023824,246.1654415847011,242.72061130265914,244.2655029296875,46903100
2021-04-29,245.1290672361007,245.7431847076935,238.93030665326364,242.29835510253906,40589000
2021-04-30,239.64043719314697,242.84536297608295,239.5060994250514,241.98175048828125,30945100
2021-05-03,243.15238261393083,244.06397589418296,240.96458802475905,241.67466735839844,19626600
2021-05-04,240.8206790565612,241.0509786364311,235.821366992888,237.76927185058594,32756100
2021-05-05,238.987880033093,239.41008854394119,235.87891671087567,236.50262451171875,21901300
2021-05-06,236.48347435623583,239.7555762980852,234.79465463224184,239.63082885742188,26491100
2021-05-07,241.95295146590863,244.0160134266029,241.01258714133363,242.25042724609375,27032900
2021-05-10,240.72469114199723,241.5499129115919,237.12634295627333,237.1839141845703,29299900
2021-05-11,234.66028588552803,236.62738584949687,232.76036211665323,236.2723388671875,33641600
2021-05-12,232.37653406692775,234.49716711113675,228.44234870372256,229.33473205566406,36684400
2021-05-13,232.0215127667873,235.66784215247608,231.6568754357032,233.20176696777344,29624300
2021-05-14,235.6486398477899,239.10304549849073,235.5622830009087,238.1147003173828,23901100
2021-05-17,236.57942289581203,236.6177988375516,233.67195847192968,235.2648162841797,24970200
2021-05-18,236.31072249373375,236.44506023825218,233.07699701786404,233.24972534179688,20168000
2021-05-19,230.1624510972941,233.9326086171046,229.47959883359417,233.82681274414062,25739800
2021-05-20,234.63473195533908,238.4722063912413,234.53854854557304,237.0583953857422,21800700
2021-05-21,238.1067469784597,238.83769101202844,235.38492078788627,235.79847717285156,21863100
2021-05-24,238.31830198996036,241.55949482361876,238.04900607225056,241.1940155029297,21411500
2021-05-25,242.14619045877527,243.08872621785105,241.2325067869294,242.0980987548828,17704300
2021-05-26,241.819173240438,243.2714634355035,241.16517303578058,241.87689208984375,17771600
2021-05-27,241.56909978446225,241.86724777869244,239.72249297377158,239.7801971435547,24426200
2021-05-28,241.4056131297948,242.44433227006198,240.02065427610526,240.1360626220703,18270200
2021-06-01,241.62680800038572,241.68451217113508,237.5200379764385,237.94320678710938,23213300
2021-06-02,238.64530588633542,239.74172912294227,236.4428322679461,237.84703063964844,19406700
2021-06-03,235.84653488909666,236.9237185044888,233.7113925974972,236.31781005859375,25307700
2021-06-04,238.28945046434345,242.0307559108141,238.04900663185686,241.20362854003906,25281100
2021-06-07,240.4245686519693,244.3774654468797,240.26106862341163,244.10816955566406,23079200
2021-06-08,245.40656740508024,246.22408220811877,242.85785427977055,242.9155731201172,22455000
2021-06-09,244.1081676513997,245.76242221340559,243.53111132137863,243.89657592773438,17937600
2021-06-10,244.56985479894277,247.61868099093334,243.973558759814,247.40708923339844,24563600
2021-06-11,248.12836533933836,248.6092529216704,246.8011109159342,248.03221130371094,18999700
2021-06-14,248.04184249398912,250.0134994576514,246.98388380020114,249.95579528808594,19150500
2021-06-15,249.84035962759822,250.05195136807478,247.83025276859738,248.4842529296875,18038900
2021-06-16,249.4845237170654,250.6194116030859,244.69488651031241,247.541748046875,27220000
2021-06-17,246.28180801711895,251.74468467468952,246.22410384722616,250.9271697998047,27565500
2021-06-18,249.70573350554895,252.27365719884,248.85936651938206,249.51336669921875,37202200
2021-06-21,249.8884931676624,253.44704456117242,248.0611257654755,252.59107971191406,26696100
2021-06-22,252.67766108012302,255.63031891575838,252.36988587520372,255.36102294921875,24694100
2021-06-23,255.82259105297376,256.6304787462093,254.3222240011004,255.13011169433594,19518700
2021-06-24,255.9861098893135,257.61151244689773,255.32248260362277,256.495849609375,21446900
2021-06-25,256.0534941839957,257.03449459793245,254.63968306773089,254.8897247314453,25611100
2021-06-28,256.0150729392906,258.6214768375339,255.74577692048018,258.4483642578125,19590000
2021-06-29,258.59252746788644,261.26626170283777,257.7365626894256,261.02581787109375,19937800
2021-06-30,260.34304876285535,260.98742200115714,259.2947168437324,260.5450134277344,21656500
2021-07-01,259.3042174129385,261.44898683933064,259.2946196189184,261.2181701660156,16725300
2021-07-02,262.391594122123,267.3735840761219,262.0838189235368,267.0369567871094,26458000
2021-07-06,267.402330362961,268.6911054771681,263.81489866709086,267.0464782714844,31565600
2021-07-07,268.7200575437323,269.96075610492034,266.5560627596186,269.22979736328125,23260000
2021-07-08,266.3155319677022,268.0755969208778,264.3631295960202,266.815673828125,24618600
2021-07-09,265.18074464609816,267.42166866870554,264.7960403125206,267.3158874511719,23916700
2021-07-12,268.4891758346326,269.07584463447415,266.0077793129093,266.7195129394531,18931700
2021-07-13,266.91183033818885,272.03810834879346,266.7868242229715,270.2395935058594,26120100
2021-07-14,271.557263551942,272.8171868548692,269.82605039030216,271.7111511230469,23113700
2021-07-15,271.22064297039645,271.7111577808716,269.1335775905223,270.2877197265625,22604200
2021-07-16,271.28792181591155,273.2403241834957,268.7776734284187,270.01837158203125,26186800
2021-07-19,268.26788668107764,269.6528449928956,263.959153578571,266.4212951660156,32935600
2021-07-20,267.40233775483614,270.22995898020264,265.7000063440737,268.6430358886719,26259700
2021-07-21,268.2391770091446,270.7590240847354,266.6907325661512,270.64361572265625,24364300
2021-07-22,272.99029182453523,275.4716884823561,272.58636264371466,275.202392578125,23384100
2021-07-23,276.3853722718105,278.90521894376,275.5486324297109,278.59747314453125,22768100
2021-07-26,277.9530216151671,278.61664882454664,275.68324632300676,278.0010986328125,23176100
2021-07-27,278.36658164145285,278.51084204738186,272.1342972969276,275.5870666503906,33604100
2021-07-28,277.943434405772,279.0590972753007,272.98067033830415,275.2793273925781,33566900
2021-07-29,275.2985435397369,277.5875733755724,275.1446559746078,275.5486145019531,18168300
2021-07-30,274.26941906367057,275.7024545749451,273.0575730414376,274.01934814453125,20944800
2021-08-02,275.41397422948273,275.8083056438092,272.89412751695914,273.932861328125,16267400
2021-08-03,274.50995786548094,276.25076905660643,273.14422383185655,276.14495849609375,17879000
2021-08-04,275.27933499379344,276.59696249430243,273.76934068765456,275.5582580566406,16191300
2021-08-05,275.91411439860224,278.558996585167,275.1639308070006,278.45318603515625,13900200
2021-08-06,277.4818387644274,278.4339870480046,276.6258445430264,278.3955078125,16589300
2021-08-09,278.6743272674621,280.4055106576095,276.80848127865755,277.30859375,16117600
2021-08-10,277.7607428078615,278.193553507934,274.29837461151317,275.490966796875,18616600
2021-08-11,276.23145639673766,277.6260422247308,274.93305396223553,275.9814147949219,13955900
2021-08-12,275.6736478943844,278.88597374560374,275.3947248502605,278.7320861816406,14561300
2021-08-13,278.41470593926334,281.70396081045175,278.2415640899501,281.6558837890625,18249000
2021-08-16,281.98294340140507,283.55064206366075,278.9341023443054,283.33905029296875,22507600
2021-08-17,281.21350772659866,282.2137329544662,279.9535550193779,281.8771057128906,20075300
2021-08-18,281.4145875343293,284.09344038644264,279.7089674078397,280.1522521972656,21813000
2021-08-19,278.1864346679161,286.6469859033091,278.1382656084222,285.9724426269531,29850500
2021-08-20,288.8151805177053,294.7125096493585,287.21557336643235,293.2863464355469,40817600
2021-08-23,292.21673851879405,294.2885083597371,290.8676811391506,293.5657958984375,22830200
2021-08-24,293.9222928481988,294.5293759454758,291.0121816186196,291.609619140625,18175800
2021-08-25,293.228511364618,293.50796840478165,289.4897037639269,291.0218505859375,20006100
2021-08-26,290.0389651127222,291.42657543670686,288.07320832644916,288.2080993652344,17666100
2021-08-27,288.1116739143192,289.92327755138285,286.0302588466658,288.81512451171875,22605700
2021-08-30,290.1641777400818,293.1513945858638,290.10636310625455,292.5443115234375,16348100
2021-08-31,293.34420103292587,293.4212774277083,290.53042740378993,290.8966064453125,26285300
2021-09-01,291.8505275583118,294.08612491832895,290.5207320699009,290.8483581542969,18983800
2021-09-02,291.2048996220678,292.3226688129112,289.2583755946985,290.1930847167969,16285600
2021-09-03,290.03893618886394,291.59037412727884,289.33551492747904,290.1835021972656,14747900
2021-09-07,290.05830229855934,290.1353787033477,287.350541443884,289.25848388671875,17180400
2021-09-08,288.8729444557402,289.67273318736136,286.6469927606512,289.28729248046875,15046800
2021-09-09,289.8751463205612,291.1471272624396,286.1941239314484,286.4350280761719,19927000
2021-09-10,287.5624411048134,289.007865815786,284.6330387898814,284.9510192871094,19633400
2021-09-13,286.7240711170078,287.678071426656,283.3803207637957,286.1844482421875,23652900
2021-09-14,288.66098698942704,290.4244218394307,287.25411498430714,288.88262939453125,21853400
2021-09-15,292.2263443776221,294.211391982283,290.8387342879429,293.7295837402344,28356300
2021-09-16,292.70820968009997,294.20180375871473,289.81735966426726,294.1150817871094,19550800
2021-09-17,293.103255033234,293.4212355512948,288.6320601855472,288.9596862792969,41372500
2021-09-20,285.5484866618961,287.8515443910694,278.98626014030367,283.59234619140625,38278700
2021-09-21,284.93182120134657,286.7145179579363,283.3707668698969,284.0741882324219,22364100
2021-09-22,285.9339163666204,289.29692832647936,283.79468669698116,287.7165832519531,26626300
2021-09-23,287.9768511323882,289.95225356645904,286.70487005513655,288.6610107421875,18604600
2021-09-24,287.3793115337563,288.89216683736635,286.1265926479854,288.45855712890625,14999000
2021-09-27,285.36539716620223,285.6833776639269,282.28181268174734,283.4670715332031,23571700
2021-09-28,279.25613259627204,280.200487632406,272.4626460233125,273.2046203613281,43186200
2021-09-29,274.7270983987107,276.3363216518175,272.7131432346265,273.6671142578125,26353700
2021-09-30,275.3149589627137,277.3578219571687,271.3737696182695,271.6628723144531,32343600
2021-10-01,271.8554294831216,279.4294689940815,271.05564088261934,278.58148193359375,30086300
2021-10-04,276.94337118609593,277.2806428364156,270.05351921774275,272.8094482421875,31350700
2021-10-05,273.7152814419423,279.83425268811834,273.7152814419423,278.2539367675781,24993000
2021-10-06,275.38232168306524,282.94671707548684,275.1221558151547,282.44561767578125,28002600
2021-10-07,284.4402643887922,285.8471654194184,283.22612779643686,284.1222839355469,20430500
2021-10-08,285.44243361714194,285.8471654194184,283.0719456530571,284.1222839355469,17685700
2021-10-11,282.26256704142725,287.1288187573514,282.0987392920623,283.52490234375,19298600
2021-10-12,284.5944873273196,284.69085485665033,281.71328346594987,282.2239990234375,17974100
2021-10-13,284.1801177182295,286.4638838944547,282.81176948302556,285.5291748046875,23416300
2021-10-14,288.32368317323034,292.2359637895139,286.9938877052562,291.7348937988281,27262900
2021-10-15,291.33982641094127,293.3730726386509,289.5860372188823,293.14178466796875,25384800
2021-10-18,292.52505628022925,296.99622136989956,291.67706908893643,296.1097106933594,22729300
2021-10-19,297.1311321961775,298.04655016071644,296.0422409246639,297.0155029296875,17682100
2021-10-20,297.95987037171125,298.4320624863461,294.9726531333277,296.2253723144531,16537100
2021-10-21,295.99414145888375,299.7040420623986,295.2135849120758,299.4535217285156,16918100
2021-10-22,299.10655718444485,299.7714549252828,296.6011483907177,297.91168212890625,17449300
2021-10-25,298.10438841823645,298.14294131253496,295.309906430058,296.9191589355469,17554500
2021-10-26,299.6848119858874,301.0338695667533,297.37213764622436,298.8271789550781,28107300
2021-10-27,304.50284339356364,314.2353768644904,304.50284339356364,311.4119873046875,52588700
2021-10-28,312.5297811116196,313.05014234656585,309.6678384302858,312.549072265625,26297900
2021-10-29,312.33702609856846,319.9206833758431,312.115383713237,319.55450439453125,34766000
2021-11-01,319.3039399071891,319.429214753653,314.49550312432325,317.3863525390625,27073200
2021-11-02,318.2921163018297,321.3178857761328,317.99339758395104,321.009521484375,26487100
2021-11-03,321.75156337079386,322.71517993039924,318.61980955207633,321.8479309082031,21500100
2021-11-04,320.778330690629,324.29552525226745,317.52130201351525,324.19915771484375,23992200
2021-11-05,326.1938496188393,326.4636610780947,322.2526614356384,323.8329772949219,22570100
2021-11-08,325.0278447491498,325.36511641707693,322.2719155808302,324.7291259765625,20897000
2021-11-09,324.8447590588509,326.39619698658385,322.3586413143152,323.72698974609375,21307400
2021-11-10,322.3972273444752,322.45504199048236,317.91641583544316,318.7643737792969,25500900
2021-11-11,319.197961574822,321.62626453740313,318.4848947841872,320.33502197265625,16849800
2021-11-12,321.7708793286239,324.96044803422893,321.6456044610585,324.468994140625,23831000
2021-11-15,325.25913835367027,325.5867644516325,321.87683485459274,323.8426208496094,16723000
2021-11-16,323.4668329496531,328.2753000737165,323.3030345857247,327.1575012207031,20886800
2021-11-17,327.20575534879794,330.3432389660273,326.298296191854,327.3795166015625,19053400
2021-11-18,326.4720587629754,330.5942484179435,325.4487587667228,329.455078125,22463500
2021-11-19,330.7776231911043,333.152448348102,330.3528538835382,331.2313232421875,21963400
2021-11-22,332.6890870606931,337.56427133664994,327.79460580022015,328.0649108886719,31031100
2021-11-23,325.381155553639,327.69808997134413,322.0119904551096,325.9893493652344,30427600
2021-11-24,324.63782194134853,326.45274014228477,322.34987720586537,326.2113952636719,21661300
2021-11-26,322.77463147147154,326.23067700890783,316.7603067714065,318.26629638671875,24217200
2021-11-29,323.34418392046973,327.29258219620067,323.15109625287187,324.9756774902344,28563500
2021-11-30,323.71099964845,326.08582451918915,317.60013207363266,319.1447448730469,42885600
2021-12-01,323.52758820834913,327.5339066425295,317.98632013384116,318.65240478515625,33337600
2021-12-02,318.86477960423474,321.94434201116263,316.4513312891526,318.08282470703125,30766000
2021-12-03,320.4962662650158,321.1817067839959,307.01957940682024,311.8271789550781,41779300
2021-12-06,312.7347453190639,316.1135740499522,308.1781522521098,314.8971862792969,30032600
2021-12-07,320.1584467996634,324.1743992838451,318.6717542353688,323.32489013671875,31021900
2021-12-08,323.70133333948155,323.88475776484546,319.34746323379886,323.37310791015625,24761000
2021-12-09,322.832576975175,324.84055346464856,320.62184956942644,321.56793212890625,22214200
2021-12-10,323.38285472943636,331.12518817346324,323.19943025665486,330.6811218261719,38095700
2021-12-13,328.8854035288056,331.88774838642314,327.34079080039083,327.64971923828125,28899400
2021-12-14,321.68380516476225,323.0546572178961,312.88918131517073,316.9727478027344,44438700
2021-12-15,317.23333915012444,323.5855526741377,313.26564359900055,323.0642395019531,35381100
2021-12-16,324.08757603047445,325.10124228323565,311.83690659632845,313.6518249511719,35034800
2021-12-17,309.77095234774947,313.67109344538676,306.2666203467996,312.58984375,47750300
2021-12-20,308.9696409594906,311.62443410133017,306.5755190902784,308.8345031738281,28326500
2021-12-21,312.0975879363911,316.3838758381777,308.7283930038444,315.9591064453125,24740600
2021-12-22,316.9340160008676,322.06017778513547,314.47231054235743,321.6643981933594,24831500
2021-12-23,321.23006646593336,324.74406240118367,321.2107694796361,323.1029052734375,19617800
2021-12-27,323.84615541209826,330.6231374487701,323.8171952094219,330.59417724609375,19947000
2021-12-28,331.2699450024373,331.9070989605817,328.5379341826007,329.43572998046875,15661500
2021-12-29,329.48402148531875,332.38016007251247,327.9201113620014,330.1115417480469,15042000
2021-12-30,330.07299235933823,331.2507568274334,327.08997248070693,327.5726623535156,15994500
2021-12-31,326.7905747449666,327.6111236275241,324.2226621264703,324.6763916015625,18000800
2022-01-03,323.7400001560889,326.29824977245147,318.3628296202537,323.1607666015625,28865100
2022-01-04,323.23793081044835,323.5951458907131,314.8294855450226,317.61944580078125,32674300
2022-01-05,314.57856765657084,314.78131857507753,305.0406424002805,305.4267883300781,40054300
2022-01-06,302.3085376148828,307.6664106849742,300.7060043582687,303.0132751464844,39646100
2022-01-07,303.27396324795524,305.5426109592931,299.35452484498177,303.16778564453125,32720000
2022-01-10,298.77525819873097,303.82420301804177,294.14144890781034,303.3897705078125,44289500
2022-01-11,302.53058247531004,305.6487388904273,299.1614180041006,304.0751953125,29386800
2022-01-12,308.6028364262324,312.2133458454884,306.10247793014696,307.25128173828125,34372200
2022-01-13,309.3751914637592,309.77100062212895,293.47538879376066,294.2476806640625,45366000
2022-01-14,293.7166743042593,300.05922385700916,293.2339846176459,299.460693359375,39846400
2022-01-18,293.5429710843101,299.0745771307378,291.2936202020948,292.172119140625,42333200
2022-01-19,295.68603516166604,303.04222074165364,292.2203269969151,292.8284912109375,45933900
2022-01-20,298.36983291707537,300.86049892883005,290.71438096885566,291.158447265625,35380700
2022-01-21,292.2108048723912,293.5816276472931,285.37589960414067,285.7813720703125,57984400
2022-01-24,282.08388134377833,286.82386842126607,266.49297997417904,286.1094970703125,85731500
2022-01-25,281.4273871708722,284.77725480885573,275.2972516566814,278.5022888183594,72848600
2022-01-26,297.32722375809846,297.8195767322565,282.8851546395586,286.437744140625,90428900
2022-01-27,292.1816967113216,296.6610412552463,287.6154421063972,289.4593200683594,53481300
2022-01-28,289.83586478628683,297.80024475160536,284.2559730920568,297.5878601074219,49743700
2022-01-31,298.254025795733,301.5652706042171,295.76333004152133,300.2137451171875,46444500
2022-02-01,299.66342677802413,299.8758114270801,294.56622466172195,298.070556640625,40950400
2022-02-02,298.91045860750387,304.21038262271304,298.1864239841783,302.60784912109375,36636000
2022-02-03,298.7752738080084,300.4550540690847,289.57520891247447,290.820556640625,43730000
2022-02-04,289.81654049853466,298.1091459827031,289.58485887080843,295.3481750488281,35096500
2022-02-07,295.57022651592763,297.18239363022644,289.5172787684884,290.53094482421875,28533300
2022-02-08,290.8205570951065,294.9813401359987,289.5655756040924,294.0159606933594,32421200
2022-02-09,299.1421250545375,301.1308043619736,296.7480028768317,300.43572998046875,31284700
2022-02-10,293.51394069905155,298.4180547485802,290.28957726166584,291.9114074707031,45386200
2022-02-11,292.69342951887205,293.7553529211515,284.03397373558494,284.8255920410156,39175600
2022-02-14,283.599498987924,286.4860034605709,281.263297311286,284.78692626953125,36359500
2022-02-15,289.62349961792046,290.3861281751453,286.7369950149994,290.06756591796875,27058300
2022-02-16,288.635864710569,291.0543038082839,284.09887060149885,289.72900390625,29982100
2022-02-17,286.6913858769695,287.1170334540753,280.53889193473333,281.2450866699219,32461600
2022-02-18,283.4894271936835,284.2729991216109,276.9693246500047,278.5364685058594,34264000
2022-02-22,275.70205013593005,282.02869492098785,275.21836232867406,278.33331298828125,41736100
2022-02-23,280.7130382995433,282.1834680729997,270.9619054573808,271.1263427734375,37811200
2022-02-24,263.6194893522378,285.5305370600189,262.66176759624625,284.9791259765625,56989700
2022-02-25,285.51122425806165,287.9199798483663,282.1350636287986,287.61041259765625,32546700
2022-02-28,284.7083819245961,289.38082377748896,283.44112193232166,289.042236328125,34627500
2022-03-01,286.7300385594967,290.18357553253867,282.61869345500435,285.3273620605469,31217800
2022-03-02,285.72401365770156,291.634693317186,284.1181963061909,290.3964538574219,31873000
2022-03-03,293.00838616012356,293.2405468384808,284.45676056249704,286.2657775878906,27314500
2022-03-04,284.6889691786735,286.0142690066233,277.80125973691753,280.4034729003906,32356500
2022-03-07,279.1168784545169,280.2390376841762,269.4431225318955,269.81072998046875,43157200
2022-03-08,268.7369507911687,274.695988493688,261.19143233256847,266.8505859375,48159500
2022-03-09,274.19303188881025,280.15207107174666,271.6198084105897,279.08795166015625,35204500
2022-03-10,273.7865737445616,277.2497941919624,271.42617541831936,276.2727355957031,30628000
2022-03-11,278.5655013687833,280.06495143344847,270.31378773793114,270.93292236328125,27209300
2022-03-14,271.1941466911913,276.0890662106608,266.8216184054348,267.42138671875,30660700
2022-03-15,271.2037487581612,278.4300454950149,269.63660504784883,277.7818908691406,34245100
2022-03-16,279.67793426336954,284.95982608211176,273.96077067732267,284.78570556640625,37826300
2022-03-17,283.7216558783688,285.96594529158506,279.9295297629921,285.58868408203125,30816600
2022-03-18,285.73368363007364,291.1800121692439,283.1798277784117,290.62860107421875,43390600
2022-03-21,289.1388741774251,290.348093539092,285.27902590005374,289.4000549316406,28351200
2022-03-22,290.01922877865013,295.04959432677754,289.0228329688514,294.1402587890625,27599700
2022-03-23,290.7060719110069,293.3373349131294,288.0070855267432,289.7193298339844,25715400
2022-03-24,289.3807198521377,294.2756374968961,288.58746486067383,294.17889404296875,24484500
2022-03-25,295.27203273707045,295.5332134926127,289.5258199394837,293.7725830078125,22566500
2022-03-28,294.4014214022609,300.6603430987499,294.4014214022609,300.5636291503906,29578200
2022-03-29,303.6688707174927,305.5165616109736,298.9674100649689,305.11993408203125,30393400
2022-03-30,303.52370844291846,305.6422628852491,301.4148076794519,303.62042236328125,28163600
2022-03-31,303.6592443734039,304.85881038763455,297.8453361457931,298.2516174316406,33422100
2022-04-01,299.27705294890603,300.01226801972274,295.57201654501256,299.325439453125,27110500
2022-04-04,299.9734775453708,304.8296921264754,299.605870116793,304.69427490234375,24289600
2022-04-05,303.0498365279918,304.5976438670888,299.7607643836416,300.7378234863281,23156700
2022-04-06,295.23337365440614,296.98432119939486,287.03001760705087,289.72900390625,40110400
2022-04-07,286.9816633477329,293.7436096818607,286.6817792585373,291.5379943847656,31411200
2022-04-08,290.63834994645777,291.2961583197062,286.61406359876185,287.28155517578125,24361900
2022-04-11,282.27057568810704,283.06380135890896,275.7020861416009,275.95361328125,34569300
2022-04-12,279.80368992052826,281.2547532210791,271.3391540006482,272.8579406738281,30966700
2022-04-13,273.50609081671024,279.1652139791266,272.12272138935975,278.2365417480469,21907200
2022-04-14,278.6912463967013,278.9040702197633,270.2073726066549,270.7007141113281,28221600
2022-04-18,269.8107947085954,273.2449670762064,269.2593834034509,271.3682556152344,20778000
2022-04-19,270.2653715965898,276.83385950003543,269.32701618181187,275.9922180175781,22297700
2022-04-20,279.9585306840921,280.2487611166092,276.0600076685243,277.0177001953125,22906700
2022-04-21,279.1652405373938,283.73125459736195,270.9232109682988,271.64874267578125,29454600
2022-04-22,272.49035276111147,273.9607825716903,264.4611470651918,265.0899353027344,29405800
2022-04-25,264.37411220746367,271.93896771296136,261.9363065596579,271.56170654296875,35678900
2022-04-26,268.44669768793943,269.27862643636087,261.1913815342113,261.4042053222656,46518400
2022-04-27,272.89667705103636,281.4772943518781,270.05259027534413,273.9801330566406,63477700
2022-04-28,275.88584973003594,281.4869627202717,272.2775281140742,280.1809997558594,33646600
2022-04-29,279.1942562573067,280.4228421568128,267.47935197429007,268.466064453125,37073900
2022-05-02,268.6498329270147,275.6439681879051,267.20845292685556,275.1893005371094,35151100
2022-05-03,274.6959381507982,274.8604049751224,271.0102398651095,272.5870666503906,25978600
2022-05-04,273.37070203873003,281.3902550491014,267.7018944721031,280.5196228027344,33599300
2022-05-05,276.2244444799009,277.00801637510676,265.38982566126134,268.3016357421875,43260400
2022-05-06,265.84443636998407,270.13958558945643,262.4199191226848,265.7670593261719,37780300
2022-05-09,261.2494559206379,263.4744080237602,254.72935373016503,255.94822692871094,47726000
2022-05-10,262.8262881528178,264.8190795955056,256.42226618437826,260.7077331542969,39336400
2022-05-11,257.0123704889284,262.50705741382524,250.8405087610353,252.0497283935547,48975900
2022-05-12,249.28301874671405,251.40157365565182,241.86324972493676,247.0193634033203,51033800
2022-05-13,248.95412449484758,254.4584941959466,247.0193732332159,252.6011199951172,34925100
2022-05-16,251.47892245393152,257.14775813932226,247.43530001769813,252.96868896484375,32550900
2022-05-17,257.4282849486114,259.57585977965135,253.89737021197146,258.1151428222656,28828800
2022-05-18,255.01235236440064,255.59413551227334,245.09305474022761,246.36326599121094,31356000
2022-05-19,246.18875585167464,249.84427550605224,244.2301162531535,245.45184326171875,32692300
2022-05-20,249.42729026419417,250.68782539404745,238.9553115969885,244.88943481445312,39199300
2022-05-23,247.73038611581396,253.5578479645015,245.73293901541288,252.73365783691406,33175400
2022-05-24,250.0575770395254,253.39307277606676,245.80089254690245,251.73501586914062,29043900
2022-05-25,250.30001685401606,256.5443997067437,249.32068220222658,254.54696655273438,28547900
2022-05-26,254.3045527743794,258.9975529486111,253.4900680754524,257.8243103027344,25002100
2022-05-27,260.32593257304654,265.03831400617037,259.43386111985046,264.94134521484375,26910800
2022-05-31,264.25290403889915,266.4248628217989,260.76223485872504,263.6129455566406,37827700
2022-06-01,266.84186825760014,269.25623459703166,261.8385798988137,264.14630126953125,25292200
2022-06-02,256.4183173881909,266.30851221318625,253.65486971991317,266.2406311035156,44008200
2022-06-03,262.1002923632558,265.14494022982973,260.25800402669876,261.819091796875,28059000
2022-06-06,263.7971760802352,265.85278414550214,259.10417682407206,260.58770751953125,22400300
2022-06-07,258.54186576604843,264.83474789857866,257.86311369538305,264.223876953125,22860700
2022-06-08,263.4578015962176,264.70863088470054,261.42157544049917,262.1972961425781,17372300
2022-06-09,259.6472278413425,264.4274912567582,256.59290269880853,256.748046875,26439700
2022-06-10,252.66587647807916,252.66587647807916,244.86037595555834,245.30641174316406,31422800
2022-06-13,237.66570001230667,241.45695191998857,234.1944273628666,234.90225219726562,46135800
2022-06-14,236.45365859510807,238.27656531045733,234.1750252009215,237.0645294189453,28651500
2022-06-15,240.76853769461,247.5462486914025,238.93593975750122,244.11375427246094,33111700
2022-06-16,238.50925737974993,239.90552503927643,235.63916478659826,237.52993774414062,33169200
2022-06-17,237.26816850622123,242.89201860259925,236.61851897442415,240.12857055664062,43084800
2022-06-21,242.65928121254296,247.0129195467826,241.9320596633375,246.03359985351562,29928300
2022-06-22,244.23976328606997,249.35941623749332,242.76592357588206,245.44210815429688,25939900
2022-06-23,247.80802019464696,251.4925975110486,245.92693810206876,250.99807739257812,25861400
2022-06-24,253.8584834422403,259.8411054436494,253.7712204115489,259.5696105957031,33923200
2022-06-27,260.0642083256776,260.151471392347,255.28394404349044,256.8450622558594,24615100
2022-06-28,255.96261499134835,258.8036202038124,248.5352550148448,248.69039916992188,27295500
2022-06-29,249.76666900838734,254.01364771630867,247.9922466002197,252.3555908203125,20069800
2022-06-30,249.24305888897192,251.64774884681984,245.21910548593416,249.0297393798828,31730900
2022-07-01,248.6031243426408,251.88044459455264,246.8771715911317,251.6962127685547,22837700
2022-07-05,248.3800943919095,254.99296930885941,247.0032233964507,254.86691284179688,22941000
2022-07-06,255.73959933597524,259.8508160325724,254.4305945207555,258.1248779296875,23824400
2022-07-07,257.0680010610952,260.8883411729017,256.97103225603274,260.2483825683594,20859900
2022-07-08,256.7479931048278,259.9574617514012,255.29355004720045,259.53082275390625,19658800
2022-07-11,257.58189346441975,258.43517157163143,254.2172802316378,256.4765319824219,19455200
2022-07-12,257.8048865798043,257.8630619352438,244.3852139665222,245.96571350097656,35868500
2022-07-13,242.59142655470853,245.84937984355258,240.57459691919928,245.04458618164062,29497400
2022-07-14,242.95987452362783,247.39107006314066,238.47048883303972,246.36326599121094,25102800
2022-07-15,247.95343654733435,252.462203796879,247.03229230010422,248.92306518554688,29774100
2022-07-18,251.8610491607276,252.91794086907208,245.60694714545224,246.52809143066406,20975000
2022-07-19,249.7569629365393,251.8319826861172,245.975416691355,251.6477508544922,25012600
2022-07-20,252.00650426801573,256.8255603020686,251.04658128193176,254.3045196533203,22788300
2022-07-21,251.89986485024778,256.8449774641106,249.2236799929457,256.7964782714844,22404700
2022-07-22,257.1843540830661,257.2716171311826,251.2017604777432,252.4525604248047,21881300
2022-07-25,253.07311691629897,253.55793131652177,249.01036987517415,250.96900939941406,21056000
2022-07-26,251.96768644166164,251.98709795269474,241.99022895209225,244.24945068359375,39348000
2022-07-27,253.22831949924682,261.8483061368068,250.98847882070677,260.5780944824219,45994000
2022-07-28,261.55734491443076,269.40163763919867,259.734438202384,268.01507568359375,33459300
2022-07-29,269.2659119581238,273.43530368872024,268.2284021083121,272.21356201171875,32152800
2022-08-01,269.3822964700081,272.7372040337669,267.4624206782317,269.5665283203125,21539600
2022-08-02,267.6175128829661,269.45012527255744,264.1074618325668,266.4733581542969,22754200
2022-08-03,268.35442020276383,274.8897074830674,268.208952240517,273.8909912109375,23518900
2022-08-04,273.2413676766203,275.18062516074315,271.6608976832657,275.0351867675781,18098700
2022-08-05,270.67187422288504,275.03520383289623,270.2161475022105,274.31768798828125,16774600
2022-08-08,275.42306263435034,277.2362934376105,270.836737118106,271.8063659667969,18739200
2022-08-09,271.14694928077154,274.48244435979353,269.1785748637903,273.72613525390625,23405200
2022-08-10,279.4179456049466,281.00812145710677,278.22529152278446,280.37786865234375,24687800
2022-08-11,282.01652051436565,282.3655726517332,277.80833539979704,278.3028259277344,20065900
2022-08-12,279.71855257086617,283.04437255859375,278.225315796299,283.04437255859375,22619700
2022-08-15,282.16199190447594,285.2454045080501,281.29900803496633,284.5569763183594,18085700
2022-08-16,283.12190392197317,285.1096607169614,281.5996091944976,283.8200378417969,18102900
2022-08-17,281.536556451653,285.0443616245307,281.2742116606303,283.07183837890625,18253400
2022-08-18,281.97382980141776,283.64513249063674,280.89524189994404,281.95440673828125,17186200
2022-08-19,280.72035691439993,281.06045328122894,277.47492602525494,278.0482177734375,20570000
2022-08-22,274.0934077691384,274.46265350884744,269.3710240123007,269.8860168457031,25061100
2022-08-23,268.61309814453125,270.96456356636963,267.60253558165664,268.61309814453125,17527400
2022-08-24,267.61229110085856,269.38076836522134,267.32076724046834,267.9815368652344,18137000
2022-08-25,269.4778816182688,271.12003464855854,266.7474441390709,270.9548645019531,16583400
2022-08-26,271.1783719738918,272.40270697945806,260.3926709090645,260.4995422363281,27549300
2022-08-29,258.3229611362696,259.82906392811554,256.3795873901303,257.72052001953125,20338500
2022-08-30,259.1197280644123,259.4889441338361,253.27988099606083,255.52447509765625,22767100
2022-08-31,257.8759964592217,259.54726943283595,253.9309204276981,254.0669708251953,24791800
2022-09-01,251.54054215060617,253.50336834765315,248.17851432635862,253.0272216796875,23263400
2022-09-02,254.29046300933095,257.2443697118644,247.265156339412,248.8101348876953,22855400
2022-09-06,248.9462001827662,250.5300249496929,244.80680442412418,246.0797119140625,21328200
2022-09-07,247.48860588641247,251.5016619783708,246.05051368493938,250.78262329101562,24126700
2022-09-08,250.21913202904068,253.05644149900624,247.57612734264936,251.2005157470703,20319900
2022-09-09,253.12444856663964,257.7205384807604,252.92040261166707,256.9723205566406,22084700
2022-09-12,258.254948403488,259.8776786073918,257.65250725767163,259.1003112792969,18747700
2022-09-13,251.51145463958565,253.02728395787975,244.46672402632814,244.85540771484375,33353300
2022-09-14,246.35178015556986,247.03195802459214,242.78569098884205,245.07887268066406,23913000
2022-09-15,242.69823034248557,244.28206983666107,237.111030916621,238.43252563476562,31530900
2022-09-16,237.34423330622892,238.3547959701018,235.2065251235573,237.81065368652344,39791800
2022-09-19,235.60491699915002,238.19931916772862,234.03078901134762,237.5968780517578,26826900
2022-09-20,235.21624880625103,236.6154654509246,232.85504199150714,235.58547973632812,26660300
2022-09-21,237.35393588330672,240.64795350193162,232.13596774895265,232.18455505371094,28625600
2022-09-22,231.13517270867078,236.95558294370812,230.8436784817332,234.15711975097656,31061200
2022-09-23,232.75785901455737,234.30285235773331,228.54074168946926,231.18373107910156,34176000
2022-09-26,230.33836671998023,234.61378285432556,230.19260479897667,230.72703552246094,27694200
2022-09-27,233.18543702119823,234.95391443946426,227.86059652886274,229.71652221679688,27018700
2022-09-28,230.10517219200622,235.46888802626256,228.0840616627681,234.24456787109375,29029700
2022-09-29,232.12630963642152,233.15629549656063,227.7731559754163,230.77566528320312,27484200
2022-09-30,231.54322275431005,233.72951788157386,226.1406469454424,226.3058319091797,35694800
2022-10-03,228.7448264993668,234.76928257243102,228.01606129310665,233.92391967773438,28880400
2022-10-04,238.15073348619765,243.27152748723756,238.04384733649516,241.83343505859375,34888400
2022-10-05,239.02525687467363,243.4852960194291,237.18876929584698,242.1443634033203,20347100
2022-10-06,240.91031948888858,243.25208841301955,239.11270766853326,239.80259704589844,20239900
2022-10-07,234.0793797349826,234.4875013005094,226.56824378188696,227.6079559326172,37769600
2022-10-10,226.45159837907644,227.91884002309686,220.3105310476207,222.75918579101562,29743600
2022-10-11,221.1753893188512,222.57462096558834,217.76477330000458,219.02796936035156,30474000
2022-10-12,219.01822579092038,221.4085821373912,217.61900908089987,219.3583221435547,21903900
2022-10-13,213.62538135038992,229.41529424813774,212.92576556200996,227.6079559326172,42551800
2022-10-14,228.87109948608796,230.5229788868416,221.87495757893063,222.08872985839844,30198600
2022-10-17,229.1431725244845,232.19426827345444,228.48241783603675,230.80474853515625,28142300
2022-10-18,236.35313103627706,237.02358255454533,228.70594491704173,231.74732971191406,26329600
2022-10-19,230.32864238101766,232.8258846804723,227.65650356694331,229.7845001220703,19985700
2022-10-20,229.094636228901,234.477775405208,228.220109078315,229.4638671875,21811000
2022-10-21,228.09377738574145,236.11990546004,227.86056720320732,235.2648162841797,26299700
2022-10-24,236.85839536600284,240.8228797300147,234.4680538752151,240.2495880126953,24911200
2022-10-25,240.2592898081023,243.93226498550914,238.86978470276068,243.5630340576172,34775500
2022-10-26,224.62485269698536,231.55298484742156,223.5462796746697,224.77061462402344,82543200
2022-10-27,224.49854760384136,227.07352693116061,219.38747955716596,220.33001708984375,40424600
2022-10-28,219.8344674535042,229.90114514841537,219.64984455522253,229.19180297851562,40647700
2022-10-31,227.14151774097857,228.26867807032616,224.605414413329,225.55767822265625,28357300
2022-11-01,227.95771604634555,229.065438341305,220.89354926680116,221.7097625732422,30592300
2022-11-02,222.9632917416644,224.7511921525638,213.80998772072712,213.86830139160156,38407000
2022-11-03,213.85859335870933,214.16954032295408,207.92158505441284,208.18394470214844,36633900
2022-11-04,211.39046095991677,215.31606900887368,207.38710136295038,215.12173461914062,36789100
2022-11-07,215.7047654290473,221.9429931186714,215.01486125373305,221.41827392578125,33498000
2022-11-08,222.22479913107526,225.09127262477088,219.44577390313017,222.38998413085938,28192500
2022-11-09,220.93242142810288,222.15675627667915,217.97850010051374,218.1533966064453,27852900
2022-11-10,228.764240055821,236.44057547213717,228.34642180511014,236.10047912597656,46268000
2022-11-11,236.1101955294159,240.9686298310699,235.0801950029828,240.11354064941406,34620200
2022-11-14,235.13852790216598,237.00416504738854,232.4372393956365,234.7109832763672,31123300
2022-11-15,238.7046221025726,240.00667907027895,233.2340197743407,235.1190948486328,31390100
2022-11-16,236.58069414702467,237.56487314144158,234.27131111867024,235.5478057861328,24093300
2022-11-17,231.69881697787037,237.02892387588912,231.5526591490044,235.4990692138672,23123500
2022-11-18,237.2822848010197,237.50641331153858,232.9168638897255,235.0508575439453,27613500
2022-11-21,235.25549585436693,238.4126392167858,235.02164329544348,235.85964965820312,26394700
2022-11-22,237.36026810624583,239.03628090244808,234.55393320096024,238.76344299316406,19665700
2022-11-23,238.8413830694947,241.93030944994973,238.02286939557064,241.2482147216797,19508500
2022-11-25,240.9851181755742,242.33956874564888,240.4199497182592,241.1605224609375,9200800
2022-11-28,239.78655028531924,240.3419649067529,234.6415865199682,235.5770263671875,24778200
2022-11-29,235.22623623628454,236.58068666323004,232.11783235235237,234.18360900878906,17956300
2022-11-30,234.41748501766983,248.79999607817797,233.72563656132382,248.61485290527344,47594200
2022-12-01,247.37735568786078,249.56981269736582,244.50280391577542,248.1763916015625,26041500
2022-12-02,243.43094650855843,249.51135113758676,243.30426645593676,248.49795532226562,21528500
2022-12-05,245.56491592032455,247.32863821310553,241.7159389367775,243.80120849609375,23435300
2022-12-06,244.40534037511836,245.41873605992336,237.5453785123422,238.85110473632812,22463700
2022-12-07,238.56852717524598,239.8645144954358,236.0155378698541,238.1202850341797,20481500
2022-12-08,238.57827343420877,242.37854081110692,236.84379768747013,241.0727996826172,22611800
2022-12-09,238.44184527837177,241.9595208718469,237.91566220853431,239.1434326171875,20609700
2022-12-12,241.12151949404333,246.0813403319802,240.84868161991452,246.05210876464844,30665100
2022-12-13,254.99730111732012,257.17027974726597,246.59776170037412,250.34930419921875,42196900
2022-12-14,250.55399840099744,255.87435255775398,247.80611173983112,250.64169311523438,35410900
2022-12-15,247.2311661145022,247.69888605332656,241.01432850057725,242.64161682128906,35560400
2022-12-16,242.19341115694567,243.45041325109977,237.2822993212295,238.43212890625,86102000
2022-12-19,238.5977558234553,238.93881059195638,232.60504677186884,234.300537109375,29696400
2022-12-20,233.2773983167744,236.69764045155708,232.32246573736623,235.61602783203125,25150800
2022-12-21,235.50887122029903,239.33835580645467,233.9692773438502,238.1787872314453,23690600
2022-12-22,235.08983601075406,235.8011771653982,227.88883383804284,232.09835815429688,28651700
2022-12-23,230.07153767696204,232.7609459126413,227.95703674860303,232.62452697753906,21207000
2022-12-27,232.59533192984796,232.81944560087155,229.79873588689108,230.89984130859375,16688600
2022-12-28,230.83161149343562,233.58923690976746,228.1811734561326,228.53196716308594,17457100
2022-12-29,229.6233318774667,235.73298309418124,229.6233318774667,234.84625244140625,19770700
2022-12-30,232.1178355853205,233.8230797011239,230.60747353761346,233.68666076660156,21938500
2023-01-03,236.86329296068058,239.46500660940322,231.32854977617055,233.4528045654297,25740000
2023-01-04,226.33947913786812,226.91438642438956,220.18111974505624,223.24081420898438,50623400
2023-01-05,221.389435810891,221.73049062967846,216.088559545531,216.62449645996094,39585600
2023-01-06,217.2968261609176,219.98623444144232,213.74018002094996,219.17745971679688,43613600
2023-01-09,220.65859925614794,225.3261046224166,220.61962878753835,221.31146240234375,27369800
2023-01-10,221.93507289887148,225.3942852499652,221.51607720978163,222.99720764160156,27033900
2023-01-11,225.37479875829538,229.91562377471337,225.19940935858202,229.740234375,28669300
2023-01-12,229.2432592016942,233.76459137721616,227.58673939319505,232.41014099121094,27269500
2023-01-13,230.93877604519966,233.24815904771603,228.91196981298216,233.1117401123047,21333300
2023-01-17,231.883988045912,234.7488007848325,231.02648903057522,234.203125,29831300
2023-01-18,235.3919509161512,236.1812331108518,229.49667427491408,229.7792510986328,30028700
2023-01-19,227.80113628343994,229.49664158993286,224.78041202749904,225.99844360351562,28623000
2023-01-20,228.85352633542087,234.583151851916,228.51247153332469,234.07644653320312,35389800
2023-01-23,234.9339381400993,238.89984125052814,233.5210096061912,236.37608337402344,31934000
2023-01-24,236.29812619619068,237.7110398533446,234.29081253406932,235.84988403320312,40234400
2023-01-25,228.48320522416125,237.07764219216483,224.99476139964753,234.45643615722656,66526600
2023-01-26,237.41868478326023,241.95950960681114,235.8108892133159,241.65744018554688,33454500
2023-01-27,242.62215978962465,243.4406734697651,240.51739758193492,241.81338500976562,26498900
2023-01-30,238.25671541727394,239.31885025276583,236.00579544141553,236.5027618408203,25867400
2023-01-31,237.22382584140612,241.60873949787776,236.73661321290928,241.47232055664062,26541100
2023-02-01,241.65747529132665,248.65384183422793,239.1921804627177,246.28599548339844,31259900
2023-02-02,252.20079944287713,257.9206720160433,250.67094436562596,257.8329772949219,39940400
2023-02-03,252.90230509331886,257.44312974111796,250.52470541100183,251.74273681640625,29077300
2023-02-06,250.8560641029921,251.69405562891393,248.264089107466,250.20318603515625,22518000
2023-02-07,253.86698591365706,261.8962397215106,253.4284826965279,260.7171936035156,50841400
2023-02-08,266.2129795710124,269.6819309436082,259.4017271241036,259.908447265625,54686000
2023-02-09,266.7976013623995,266.97302049431784,256.07892442365,256.8779602050781,42375100
2023-02-10,254.84142214986286,257.3359482905629,253.99367698119255,256.37127685546875,25818500
2023-02-13,260.7951349122666,267.57712494054994,260.317646416074,264.3810119628906,44630900
2023-02-14,265.69656324255214,267.9377295681392,262.39324715689656,265.2093505859375,37047900
2023-02-15,262.112672647368,264.46692310846817,260.02216525434795,263.08953857421875,28922400
2023-02-16,257.91212263576193,260.569199060256,255.8411717100615,256.08538818359375,29603600
2023-02-17,253.38924459984534,254.07303280103977,250.07765509199857,252.08999633789062,30000100
2023-02-21,248.5928473067925,249.57949147395604,245.7697052561427,246.82472229003906,28397400
2023-02-22,248.21182862519024,248.45604507625342,244.54858185924243,245.69151306152344,22491100
2023-02-23,249.64783134560344,250.89821842663798,244.68535109646456,248.87611389160156,29219100
2023-02-24,244.17744557268009,245.1933797109414,242.36047411484537,243.45455932617188,24990900
2023-02-27,246.61958212194187,246.97125445707402,243.62059652709382,244.37278747558594,21190000
2023-02-28,243.30796249415872,245.67197584948505,242.97581680668205,243.6498565673828,22491000
2023-03-01,244.9588564386837,245.12492183178364,240.10383234316708,240.57273864746094,27565300
2023-03-02,240.84627541231006,245.58406578455748,239.92801913938823,245.30078125,24808200
2023-03-03,246.35578868178143,249.7064312236528,245.57429306000546,249.38406372070312,30760100
2023-03-06,250.49771263487295,254.10235014838744,250.05812596620328,250.9275360107422,24109800
2023-03-07,250.37071775470054,251.72857566259853,247.52804931967242,248.2704620361328,21473200
2023-03-08,248.16297184644702,248.65140472789284,245.00769960592783,247.83084106445312,17340200
2023-03-09,249.90181841749686,253.5552870035151,245.7599020211808,246.4827880859375,26653400
2023-03-10,245.2714821705408,246.94191444562173,241.8719931478548,242.83908081054688,28333900
2023-03-13,241.67660681243697,251.94347649871762,240.04524262160942,248.0457763671875,33339700
2023-03-14,250.81033489351847,255.0304029898369,249.94092478651652,254.7568817138672,33620300
2023-03-15,253.96557655248083,260.3152041308793,253.21337082147616,259.29925537109375,46028000
2023-03-16,259.0746169472976,270.16205172863715,257.1892727698562,269.8103942871094,54768800
2023-03-17,271.8227207737094,276.7754083374073,269.9275985016487,272.96563720703125,69527400
2023-03-20,270.57233358465885,271.0607665452562,263.607274796688,265.9322204589844,43466600
2023-03-21,268.5208779306245,268.6380970576698,263.2848617004978,267.4463195800781,34558700
2023-03-22,267.0751210074597,274.5383905110529,265.8833434620223,265.9908142089844,34873300
2023-03-23,271.51012405626466,274.55794104511676,268.83352089762093,271.2366027832031,36610900
2023-03-24,270.82627422927686,274.1378637154936,268.9116255422268,274.0792541503906,28172000
2023-03-27,274.0108888501196,274.9486717802247,269.1460858667074,269.9862060546875,26840200
2023-03-28,269.40986602798046,269.75177506940884,265.756367139309,268.8628234863281,21878600
2023-03-29,272.5065307325749,274.63612126718954,271.96926635776106,274.02069091796875,25087000
2023-03-30,277.65458775561683,277.8792478188559,274.9682067021936,277.4787292480469,25053400
2023-03-31,277.16620757595643,282.57802388172956,276.4530846466407,281.6304626464844,32766000
2023-04-03,279.8916392622568,281.6011547846993,277.3811162661027,280.5852355957031,24883300
2023-04-04,280.585207618267,283.7307170583828,279.0612991751383,280.5363464355469,25824300
2023-04-05,279.2370701753402,280.506983678301,276.3748607894706,277.7619934082031,22064800
2023-04-06,276.65811716916926,285.3229108645218,275.5054228370315,284.8540344238281,29770300
2023-04-10,282.51936243851856,282.9003544272942,278.12346613985693,282.6952209472656,23103000
2023-04-11,279.1394490348436,279.36413893859026,275.1245442349261,276.2869873046875,27276600
2023-04-12,278.20161454678106,280.3702577764048,275.4370676878089,276.9316711425781,27403400
2023-04-13,277.0293845422131,283.1934057090152,276.6191175771534,283.1347961425781,24222700
2023-04-14,280.36050660414264,281.8062788337825,277.1270829372931,279.5204162597656,20987900
2023-04-17,283.22272922701467,284.85410843164084,279.53995543823305,282.1188659667969,23836200
2023-04-18,284.82480490610715,285.0104118167831,280.3702986730481,281.6988220214844,20161800
2023-04-19,279.3738357310493,282.36304264200237,277.9573982326938,281.7769470214844,17150300
2023-04-20,278.6509985011603,282.34355041766946,278.48491818075087,279.4910888671875,23244400
2023-04-21,278.4166119122102,279.6474429051616,276.5117111253377,279.1492614746094,21676400
2023-04-24,275.5640690535179,278.3579207345042,272.27203608801597,275.25146484375,26611000
2023-04-25,273.04377855903545,275.08542457289633,268.9995397003019,269.04840087890625,45772200
2023-04-26,289.8361135268747,292.63971378431694,285.95795485763057,288.536865234375,64599200
2023-04-27,289.1229976897944,298.13948055653924,288.419653058881,297.77801513671875,46462600
2023-04-28,296.9770107869876,301.78317430412875,296.2931927346846,300.1518249511719,36469600
2023-05-01,299.8685344351108,301.460830664017,298.0906312953761,298.49114990234375,21294100
2023-05-02,300.640245214825,302.02737803508757,296.8793057090036,298.3446044921875,26404400
2023-05-03,299.52658392125915,301.4705373047011,297.05511466369126,297.3579406738281,22360800
2023-05-04,299.15539003512066,300.640245214825,296.38109458301545,298.3446044921875,22519900
2023-05-05,298.6474673178527,304.7528796666807,297.2309997282912,303.4634094238281,28197100
2023-05-08,302.9554464323352,303.02383420465094,299.0088995873121,301.5096740722656,21318600
2023-05-09,300.8747236518984,302.8675386103428,299.22381775082977,299.8978576660156,21340800
2023-05-10,301.4803538446717,305.75903132119197,300.55234911259487,305.0849914550781,30078000
2023-05-11,302.92610366423224,303.922496091225,299.17494240713177,302.93585205078125,31680200
2023-05-12,303.36570066728314,303.4633932219653,299.50709815578426,301.822265625,19774700
2023-05-15,301.94927639928727,302.73075724835036,300.4741992492285,302.3009338378906,16336500
2023-05-16,302.66231993782725,306.4525640397429,302.66231993782725,304.52813720703125,26730300
2023-05-17,305.7323794637119,307.8274270875237,304.2149092490743,307.4064636230469,24315000
2023-05-18,307.925276324525,312.34058172844885,307.1322876651915,311.83148193359375,27276000
2023-05-19,310.08886536616376,312.05666755980644,309.7266396617467,311.6552734375,27546700
2023-05-22,311.90982815472574,315.8160338813464,311.33222095812204,314.4356384277344,24115700
2023-05-23,313.30974799179927,315.94326356917975,308.6301235232962,308.6399230957031,30797200
2023-05-24,308.1211084957931,309.8539301457172,306.0456005180939,307.25958251953125,23384900
2023-05-25,316.4523646988683,320.03551297467794,313.28041010709336,319.07611083984375,43301700
2023-05-26,317.2160130284429,326.39905065575283,317.0789683726066,325.8997802734375,36630600
2023-05-30,328.1906400290104,328.6899104115325,323.57952206493354,324.2550354003906,29503100
2023-05-31,325.3123310459061,328.8856796035957,320.45646337468304,321.4942321777344,45950600
2023-06-01,319.08589950715634,326.5263156649062,317.9013162515011,325.59625244140625,26773900
2023-06-02,327.2312404695121,330.4129952384752,325.5669260242761,328.3570861816406,25873800
2023-06-05,328.18082951193753,331.4506903935802,327.6325911531441,328.8857116699219,21307100
2023-06-06,328.2885642949618,328.3277327209836,325.1949458046118,326.6732177734375,20396200
2023-06-07,324.68587095816133,327.4662318852109,315.72801239577234,316.58953857421875,40717100
2023-06-08,317.1377341007984,319.78104998315,316.5601268268705,318.4300231933594,23277700
2023-06-09,318.16566645574613,323.06067362544843,317.59785876983193,319.9278869628906,22529000
2023-06-12,321.6802988149572,325.12640320633943,318.33213042540393,324.88165283203125,24260300
2023-06-13,327.44656828941845,329.90387113011326,323.4522561033348,327.2703552246094,22951300
2023-06-14,327.3193130414061,331.9206314111561,325.82144214687054,330.2563171386719,26003800
2023-06-15,330.393414820895,342.4938582086499,330.1192956143464,340.7904052734375,38899100
2023-06-16,343.94278354537636,344.08962778195877,334.769545086919,335.14154052734375,46552000
2023-06-20,332.1849367263642,334.89675963715365,328.8073702091856,330.9513854980469,26375400
2023-06-21,329.30668603957923,330.6381434386612,325.0969920993696,326.5556945800781,25117800
2023-06-22,327.10389414473735,332.9779016676336,326.3402743618307,332.5765075683594,23556800
2023-06-23,327.33887140406574,330.86328217867896,326.44800648245837,327.9850158691406,23146900
2023-06-26,326.71231091411966,329.0521084557262,321.5921234240104,321.6998291015625,21520600
2023-06-27,324.8913794122553,329.0913036434743,322.38513830210024,327.54449462890625,24354100
2023-06-28,327.63259343214776,330.8828850652817,326.80043631423547,328.797607421875,20259500
2023-06-29,327.6815474089493,329.05214338180554,325.6354380857654,328.014404296875,16997000
2023-06-30,330.65770749403055,335.5331449952425,330.11926869973666,333.3891296386719,26832800
2023-07-03,332.06751392034784,333.7415980832822,329.5025348266666,330.8927001953125,12508700
2023-07-05,328.05357452169636,334.4758212956056,327.701148359632,331.04931640625,18172400
2023-07-06,330.2172139336629,335.7877351950813,328.45502307798586,334.1038513183594,28161200
2023-07-07,332.19476390626494,334.61289857162126,329.92347347630437,330.13885498046875,21214800
2023-07-10,327.5738523279874,328.1906279486803,320.7110434161663,324.86199951171875,32791400
2023-07-11,324.10819090994494,325.8703814238738,320.1334477409768,325.48858642578125,26698200
2023-07-12,329.53188638120173,334.4758316380157,328.62142222429776,330.1192932128906,29995300
2023-07-13,332.42971974992344,336.52193851467035,331.90105061768867,335.4646301269531,20567200
2023-07-14,340.2910151842862,344.0503761149572,337.0798925220415,337.9903564453125,28352700
2023-07-17,338.4212468404557,339.70373647401993,335.01434058563115,338.47021484375,20363900
2023-07-18,338.5680009815039,359.0780898369436,334.98488257273925,351.941162109375,64738600
2023-07-19,354.15376240808007,354.84884504828324,345.03926161088305,347.6238098144531,39732900
2023-07-20,346.1455024073654,350.4531022216543,338.11767966688456,339.586181640625,33778400
2023-07-21,341.8183323536975,342.944177986763,332.69403214811535,336.5513000488281,69405400
2023-07-24,338.58764053266464,339.6351792022214,335.1219672074144,337.8631591796875,26678100
2023-07-25,339.8211034156389,344.50075798788623,337.82396241292906,343.60986328125,41637700
2023-07-26,334.2702555757294,337.43244099686376,326.11515681266013,330.67730712890625,58383700
2023-07-27,333.33039238314757,334.1625196341891,322.1403841798644,323.77532958984375,39635300
2023-07-28,326.6634206723763,332.8702861605579,326.17391995680913,331.26470947265625,28484900
2023-07-31,329.8451818704879,330.60880180685933,326.3599092198598,328.8661804199219,25446000
2023-08-01,328.1514676458398,331.4311281711662,326.692765182679,329.2773132324219,18311900
2023-08-02,326.6242386250664,326.6242386250664,319.5068793964864,320.6229553222656,27761300
2023-08-03,319.1544840968255,322.95301463874944,319.1055459732793,319.8006286621094,18253700
2023-08-04,324.910975755622,328.10252974603515,320.3683951097149,320.8970642089844,23741500
2023-08-07,321.4746479067205,324.15710187316535,320.64249083722723,323.1781005859375,17741500
2023-08-08,320.094294531756,321.84671543145896,316.21745729083267,319.2033996582031,22327600
2023-08-09,319.614579306117,320.24112464866727,314.3083787208824,315.463623046875,22373300
2023-08-10,319.1740058162668,321.3669891320305,314.43564292025485,316.1488952636719,20113700
2023-08-11,313.53497507772255,315.63982195899507,312.50700575657817,314.26922607421875,24355500
2023-08-14,314.64127845171237,317.25519549333154,313.3587591141242,317.2356262207031,18836100
2023-08-15,316.2174247167932,318.26353387975075,314.1615159801267,315.1013488769531,16966300
2023-08-16,314.72857479436016,318.2800883607637,313.7475006460735,314.3361511230469,20698900
2023-08-17,314.47348610040007,315.77830142047725,310.2254186741254,310.88275146484375,21257200
2023-08-18,308.538028861624,312.3544220351469,305.65366819423417,310.4903869628906,24755000
2023-08-21,311.9129223112844,316.66131798487817,311.03978181664064,315.7881774902344,24040000
2023-08-22,319.339590071102,319.90859982297314,315.37604268978373,316.35711669921875,16084600
2023-08-23,317.69144015108157,322.96962389693414,317.33823788637403,320.8112487792969,21166400
2023-08-24,326.55048338012807,326.67802778915836,313.9044252847735,313.91424560546875,23281400
2023-08-25,315.38590853898717,319.20227141780845,312.76642738205277,316.8673400878906,21684100
2023-08-28,319.49659681490056,319.97731354583135,315.63116244372804,317.5736999511719,14808500
2023-08-29,315.7881368695037,322.7537689845137,315.7881368695037,322.1945495605469,19284600
2023-08-30,322.4496892096442,323.5680982937767,320.2717031615859,322.5674133300781,15222100
2023-08-31,322.9696339885842,324.6472624633452,320.5954212849975,321.556884765625,26411000
2023-09-01,325.0396597293619,325.7067829359754,320.5953952258838,322.4398193359375,14942000
2023-09-05,322.77336861557694,328.512657905709,322.4398070250058,327.23724365234375,18553900
2023-09-06,327.0704931119819,328.13003998213503,323.9310439692956,326.5799560546875,17535800
2023-09-07,325.02011658642925,326.7762180447548,322.8028790647299,323.6662292480469,18381000
2023-09-08,323.84272127726,329.797847793835,323.22463985119003,327.943603515625,19530100
2023-09-11,330.8574865040351,332.0151769294796,329.0817444207828,331.54425048828125,16583300
2023-09-12,329.46433515175244,330.41597829482106,325.2064768442106,325.490966796875,17565500
2023-09-13,325.0396659724569,330.4748250083912,324.90233116375424,329.69976806640625,16544400
2023-09-14,332.7312908414323,334.40891924896704,330.20013271673093,332.2898254394531,20267000
2023-09-15,330.54354630179284,331.01444277565355,323.4111174113431,323.9703369140625,37679800
2023-09-18,321.59611231194907,324.14691123207,320.18336306203616,322.832275390625,16834200
2023-09-19,319.9969783891352,323.15603844559445,318.36839165791633,322.4300231933594,16505900
2023-09-20,323.27376651009695,323.35223927183466,314.44409878418986,314.69915771484375,21436500
2023-09-21,313.2177562445035,319.19249448338184,309.0383706041025,313.4826354980469,35560400
2023-09-22,315.23874198409163,315.36628640951005,310.16657563325697,311.01031494140625,21447900
2023-09-25,310.59824108043864,311.65781785899316,309.0383368775715,311.5302734375,17836000
2023-09-26,309.1658848784398,309.9016904509528,304.15258067558153,306.23248291015625,26297600
2023-09-27,306.38940108139303,308.351549099692,303.82881228871406,306.8701477050781,19410100
2023-09-28,305.1042614505791,309.50930504825243,303.59342871178666,307.7041320800781,19683600
2023-09-29,311.7362875557097,313.4237361635249,309.01872314440465,309.7741394042969,24147300
2023-10-02,310.294137124608,315.7979787841784,309.21494955018176,315.70965576171875,20570000
2023-10-03,314.75796442808075,315.3073934236735,305.3200371531252,307.45880126953125,21033500
2023-10-04,308.086742575961,313.9830083427308,308.0573115463436,312.9234313964844,20720100
2023-10-05,313.0509776654909,313.92414811592056,308.9402741782087,313.31585693359375,16965600
2023-10-06,310.55904872586825,322.95984189117127,310.31378015794706,321.0663757324219,25673600
2023-10-09,318.60385781984473,324.0488078481523,317.063564085275,323.5779113769531,19891200
2023-10-10,324.6963258646944,324.83369063109717,321.46861313435045,322.17498779296875,20557100
2023-10-11,324.9415409038971,326.5210857572993,322.91074029238723,326.128662109375,20063200
2023-10-12,324.31365647453015,327.3157406777027,322.49866349078104,324.8924865722656,19313100
2023-10-13,326.0894240178062,327.5119635418574,320.1833385954494,321.5274353027344,21072400
2023-10-16,324.78457872571454,329.7782723940854,324.34311333126567,326.3445129394531,22158000
2023-10-17,323.35216723119646,327.1489187170451,321.21343315524064,325.7754211425781,18338500
2023-10-18,326.1973884107362,329.23872476588883,322.08668464832255,323.8624267578125,23153600
2023-10-19,325.86380848903855,330.5043005032586,324.64728599110776,325.0495300292969,25052100
2023-10-20,325.441930986154,325.6381577998448,319.29060660305254,320.4875183105469,25027700
2023-10-23,319.31019990102027,326.4328077015871,318.25065300887303,323.08734130859375,24374700
2023-10-24,325.02989150210226,325.5596799875635,321.39993469137573,324.27447509765625,31153600
2023-10-25,338.4901517493969,339.64784186158397,331.23020990044404,334.2225036621094,55053800
2023-10-26,334.09496805111814,335.1643351813987,320.7523548760507,321.68438720703125,37828500
2023-10-27,324.1763153652428,330.3472799837888,322.1847360926127,323.56805419921875,29856500
2023-10-30,327.09996393650596,333.02566069281073,325.54984988044805,330.9261474609375,22828100
2023-10-31,332.4369526667647,332.5841077884047,328.3556809665902,331.7109375,20265300
2023-11-01,333.3592104526516,340.84481138122624,333.22184569359115,339.5203552246094,28158800
2023-11-02,340.66817584467145,342.22808013928716,338.244921513789,341.7277526855469,24348100
2023-11-03,343.01296696867126,347.6828896003234,340.75647841286957,346.1229553222656,23637700
2023-11-06,346.7607140780306,350.77330426538856,346.66260066264067,349.78240966796875,23828300
2023-11-07,352.5980160280282,355.60010029773895,350.86152569633424,353.7066345214844,25833900
2023-11-08,354.8348894957631,356.9834442680157,353.7262709217689,356.3261413574219,26767800
2023-11-09,355.4431318616368,357.88602671202375,353.53984572631765,353.8636169433594,24847300
2023-11-10,354.64849649105355,363.09556076737016,354.236462100994,362.6737060546875,28042100
2023-11-13,361.2511274783557,361.49639601773487,358.9750282473155,359.7402648925781,19986500
2023-11-14,363.98837493903653,364.91058714916625,360.3976395136401,363.2623596191406,27683900
2023-11-15,364.99254154145893,366.81121863639925,360.89314538692616,363.4098205566406,26860100
2023-11-16,364.6779510555463,369.97668823321743,363.9111612043172,369.79974365234375,27182300
2023-11-17,367.28300549814645,368.0301447124906,360.78495838643414,363.5867004394531,40157000
2023-11-20,364.93351959280636,372.45396350296016,364.7172440162698,371.0481872558594,52465100
2023-11-21,369.30823463589167,369.8489086679745,364.8352685492538,366.75225830078125,28423100
2023-11-22,371.5987172360064,373.35841268345206,368.62003030581224,371.4512634277344,23345300
2023-11-24,370.9400785666633,371.56925486439644,368.7871927998492,371.03839111328125,10176600
2023-11-27,370.3993982063347,374.19404643508545,369.82923344697656,372.1983947753906,22179200
2023-11-28,371.9428061684763,376.51405435302496,371.75602133936184,376.2191467285156,20453100
2023-11-29,377.2612117132878,377.79204546279357,371.0482307864117,372.4343566894531,28963400
2023-11-30,372.0803854957098,373.653296016865,369.1115390125993,372.4932861328125,30554400
2023-12-01,370.37974391455106,371.75602952719976,365.0220252786822,368.1678466796875,33040500
2023-12-04,362.84946292716745,363.2623336149724,356.7544451480774,362.8887939453125,32063300
2023-12-05,360.24430304947185,366.76200100247496,359.4283420231669,366.21148681640625,23065000
2023-12-06,367.214285660699,367.84343196383037,361.79758529719794,362.5545349121094,21182100
2023-12-07,361.99418225567007,365.15965403682253,360.11652374565716,364.6681213378906,23118900
2023-12-08,362.9477302195792,368.11863343182006,361.99415565369594,367.8925476074219,20154400
2023-12-11,362.2399548445349,365.30711413857625,359.90025435719485,365.0121765136719,27708800
2023-12-12,364.5697890781994,368.079339558926,364.1863791933993,368.0400085449219,24838300
2023-12-13,369.65226441534134,371.2448556652715,364.49117073712733,368.03021240234375,30955500
2023-12-14,366.98815141610726,367.430542857679,357.9636180145618,359.7331237792969,43277500
2023-12-15,360.6375447439286,366.09354566450713,360.0771902707865,364.45184326171875,78502300
2023-12-18,363.1935335888459,366.6834038503824,362.43655401042764,366.3393249511719,21802900
2023-12-19,365.1989200557806,366.93896484375,363.5768683048988,366.93896484375,20603700
2023-12-20,368.6495201604417,369.662076309118,364.2552166800982,364.34368896484375,26316700
2023-12-21,366.25081857048275,368.06949543921024,363.77350472816454,367.2142333984375,17708000
2023-12-22,367.3518499751321,368.8264479888416,366.39827539290235,368.2366027832031,17107500
2023-12-26,368.649515727109,370.5566649551992,367.1749176642006,368.3152770996094,12673100
2023-12-27,367.36169037934906,368.70848509896524,366.49658807749455,367.7352600097656,14905400
2023-12-28,369.0132159290277,370.08475350322914,367.82371531924764,368.92474365234375,14327000
2023-12-29,369.6326050173838,370.77296452657316,367.1552909116957,369.67193603515625,18730800
2024-01-02,367.52886438904085,369.53432646906003,360.55893338629653,364.5895080566406,25258600
2024-01-03,362.7609956778596,366.9390238907261,362.2694629469342,364.3240661621094,23083500
2024-01-04,364.3928551976836,366.7816968551165,360.95212639041375,361.7090759277344,20901500
2024-01-05,362.72161874370073,365.75928703620065,360.29344616027043,361.52227783203125,21004600
2024-01-08,363.0460204620728,368.84613000704053,362.7609531121448,368.3447570800781,23134000
2024-01-09,365.71019173607624,369.6227730702436,364.90407085789354,369.4261779785156,20830000
2024-01-10,369.99632077317983,377.6642489138574,369.94717950336036,376.2879333496094,25514200
2024-01-11,379.4632192692285,384.0639578363486,373.9383968872458,378.1164245605469,27850800
2024-01-12,378.9618424711607,382.0978232574525,378.13607119839037,381.8913879394531,21661200
2024-01-16,386.9935560466254,387.3572854699558,381.0558322148753,383.66094970703125,27202300
2024-01-17,381.4097233605343,383.50362745457204,378.29339285307435,382.8744812011719,22234100
2024-01-18,385.08639698467385,387.31794474262756,383.51348627386955,387.1999816894531,23392100
2024-01-19,389.05794692680297,391.9186706542969,386.83620966747424,391.9186706542969,29331100
2024-01-22,393.2457965997971,393.83564181909105,386.9246935015416,389.7952575683594,27016900
2024-01-23,389.048064880265,392.6165964662767,387.2588789609846,392.14471435546875,20525900
2024-01-24,394.7400819620146,398.7608157750505,393.66854429552797,395.7427978515625,24867000
2024-01-25,397.4730283974927,400.1174768477645,395.7133328486228,398.0137023925781,21021200
2024-01-26,397.52215078520555,399.291686504724,395.6150015101639,397.089599609375,17803300
2024-01-29,399.1835624719501,403.03719231588735,397.4828484080428,402.7815856933594,24510200
2024-01-30,405.2785172108199,406.05511721074,399.5669101187714,401.670654296875,33477600
2024-01-31,400.06826467616,408.2867065664151,390.48337755581736,390.84710693359375,47871100
2024-02-01,395.02514917701313,401.0906757831929,394.9956584155895,396.942138671875,30657700
2024-02-02,396.9716461643717,405.6619409058491,396.72587980855803,404.25616455078125,28256700
2024-02-05,402.95845347789543,404.1971253346496,397.1485340556138,398.7804260253906,25352300
2024-02-06,399.0065788415849,401.06118187336995,396.0868734804641,398.6231689453125,18382600
2024-02-07,400.54016025565755,407.28397435246177,400.5008292402968,407.0382080078125,22340500
2024-02-08,407.0382169623767,408.52265531696276,405.5439683543155,407.0971984863281,21225300
2024-02-09,408.217866487787,413.69354741786265,408.06057243943894,413.4281005859375,22032800
2024-02-12,413.43798737008973,413.61493194410616,407.7263797250581,408.2277526855469,21202900
2024-02-13,398.08248245796057,403.1256124684785,396.55874317637694,399.4391174316406,27824900
2024-02-14,401.9013482236895,403.6445808998677,398.454256564083,403.29986572265625,20401200
2024-02-15,401.97022523368696,402.94524993895544,398.17841907639485,400.4140930175781,21825500
2024-02-16,401.7929735865366,402.11800189970467,397.3413119912312,397.9519348144531,22296500
2024-02-20,397.1443207958614,398.37542488528044,391.99340052173363,396.7011413574219,24307900
2024-02-21,394.12077725006736,396.20872511051635,391.2153593903598,396.1003723144531,18518900
2024-02-22,403.98929433440406,406.5893706886108,402.393788153555,405.4272155761719,27009900
2024-02-23,409.3864380168882,409.57353818458586,402.7877081506477,404.1369934082031,16295900
2024-02-26,405.24008986741234,405.92952022656453,401.2020621700657,401.3793640136719,16193500
2024-02-27,401.82249094576025,402.1475192363306,397.74509008849367,401.3202209472656,14835800
2024-02-28,402.00967855020446,403.1127430930959,399.1929265964819,401.556640625,13183100
2024-02-29,402.4627294555139,407.93867824413843,399.7838456551883,407.38714599609375,31947300
2024-03-01,405.0529271345384,409.583396137478,404.6688382927548,409.218994140625,17823400
2024-03-04,407.1901585103068,411.04105586312363,406.08709401097116,408.6477966308594,17596000
2024-03-05,407.70225951365865,407.98788407033936,394.5836375385052,396.563232421875,26919200
2024-03-06,396.87845143918287,399.03534841652714,392.3676988449284,396.0117492675781,22344100
2024-03-07,399.9808634464233,403.58554049406575,396.1595108366956,402.9552307128906,18718500
2024-03-08,401.7930332428982,404.2158681064649,398.217901604745,400.079345703125,18002200
2024-03-11,397.65650787745375,399.5474670630361,395.19429952187465,398.4049987792969,16120800
2024-03-12,401.4581998155934,409.288035513985,400.6407597509148,409.0024108886719,22457000
2024-03-13,411.77966173386176,411.8584391631609,405.230194627304,408.82501220703125,17115900
2024-03-14,413.8873540190868,421.3527863664109,411.6713665638625,418.7920837402344,34157300
2024-03-15,412.95173236718284,416.2116937258995,406.54999083820695,410.1251220703125,45079900
2024-03-18,407.98793648172665,414.3699915467621,407.52504009505543,411.01153564453125,20106000
2024-03-19,411.5137738248201,415.295752126201,409.2682411150174,415.0396728515625,19837900
2024-03-20,415.62069643346314,419.52082535865304,414.3009565965617,418.8018798828125,17860100
2024-03-21,423.3324019440985,424.30745690999566,420.70278020104655,422.8793640136719,21296200
2024-03-22,423.2043902779049,423.36194516542855,419.62925888508494,422.2588806152344,17648500
2024-03-25,418.8117700116772,420.9489800236463,415.2366387798196,416.4677429199219,18060500
2024-03-26,419.17616089060704,419.55042134825453,414.98057853086766,415.2760314941406,16725600
2024-03-27,418.0238957387452,418.0337541903471,412.67598630724365,415.05938720703125,16705000
2024-03-28,414.5964392633085,415.49268661622915,412.7842577129666,414.3600769042969,21871200
2024-04-01,417.5413241302687,421.42176708130677,415.83746504973493,418.1519470214844,16316000
2024-04-02,413.7593022671653,415.9950065592136,411.5236280313696,415.0692138671875,17912000
2024-04-03,413.38506009911544,416.86169679254687,412.75472038791173,414.09417724609375,16502300
2024-04-04,418.56558637813976,422.18998013142357,411.25776838460877,411.5630798339844,19370900
2024-04-05,413.6608379545396,420.06257930400153,411.9963827991793,419.0875244140625,16554800
2024-04-08,418.7428494922185,420.8209388461148,416.9010924581036,418.1716003417969,14272400
2024-04-09,419.9936445079337,421.27398079875763,415.24649970194963,419.8360595703125,12496900
2024-04-10,415.80789248455,417.6200741918698,413.3555426286193,416.8617248535156,16216600
2024-04-11,419.38297045020465,422.87929377947376,415.97525294572694,421.4610595703125,17966400
2024-04-12,417.63980168862076,418.75272476078317,413.4245018587201,415.5223083496094,19253800
2024-04-15,420.15122525352587,420.36790078356154,407.18029886088704,407.38714599609375,20273500
2024-04-16,408.3030683339737,412.07515806913636,407.47576998606934,408.3128967285156,16765600
2024-04-17,410.9425718180864,412.5479364642673,404.127165910336,405.6143493652344,15855500
2024-04-18,404.42265672373026,405.6636193685748,397.843643128254,398.1587829589844,21029900
2024-04-19,397.9224202787546,399.35051316442866,391.7570408652649,393.0866394042969,30565800
2024-04-22,394.0321015888098,396.7602475945419,389.76757007965125,394.8988037109375,20286900
2024-04-23,398.1292267170022,402.0293863346637,396.9670716039761,401.4089050292969,15734500
2024-04-24,403.36881495690267,406.23482905911584,400.63084049682084,402.8763732910156,15065300
2024-04-25,388.0735981687377,393.84503042188726,382.16429787123263,393.00787353515625,40586500
2024-04-26,405.93933785210214,406.7567777157392,399.62623268322636,400.1777648925781,29694700
2024-04-29,399.12396145400385,400.17779380940664,393.1555709987601,396.1693115234375,19582100
2024-04-30,395.4207324585643,396.08061740413206,383.2869947035819,383.4445495605469,28781400
2024-05-01,386.6749928264685,395.64729473492514,384.40977340635925,388.96978759765625,23562500
2024-05-02,391.6486559723034,393.88433001065073,388.6841479294673,391.825927734375,17709400
2024-05-03,396.1988407447482,400.99521746175435,395.7851765465019,400.51263427734375,17446700
2024-05-06,402.5808944329267,407.67272409935384,400.2270089943109,407.28863525390625,16996600
2024-05-07,408.3917165446932,408.4015749957849,402.90590929968624,403.1521301269531,20018200
2024-05-08,401.99981584395204,405.9984394987751,400.5618646353196,404.333984375,11792300
2024-05-09,404.36352097224125,406.48101393700307,402.9157414003457,406.0870666503906,14689700
2024-05-10,406.69771158758806,409.1008292398404,405.5749302005713,408.4704895019531,13402300
2024-05-13,411.6911003868472,412.0259571204268,404.60978666771797,407.4659423828125,15440200
2024-05-14,405.79162172220066,411.1789347782618,405.3287253515243,410.26300048828125,15109300
2024-05-15,412.32511422725236,418.15627711467357,411.7035137509103,417.4360046386719,22239500
2024-05-16,416.1730628235195,419.744796345379,414.7424242787078,415.3738708496094,17530100
2024-05-17,416.90321260748334,417.27814812423264,412.45336756995647,414.6042785644531,15352200
2024-05-20,414.6043237478942,421.0768099021397,414.3872573782501,419.6658935546875,16272100
2024-05-21,421.13598848639515,427.1940941013643,419.1824213563369,423.3165283203125,21453300
2024-05-22,424.35250743086516,426.6415653807663,421.43200286988593,424.7767639160156,18073700
2024-05-23,427.19410176133954,427.81570226312846,419.7448321943187,421.3037414550781,17211700
2024-05-24,421.49115879915024,425.3095270127513,418.74824604311783,424.4215393066406,11855300
2024-05-28,423.8986700778892,425.07279769134385,420.9090919797955,424.5794677734375,15718000
2024-05-29,420.011237075474,425.1912013264544,420.011237075474,423.44482421875,15517100
2024-05-30,418.63975349144664,418.63975349144664,408.7139580183881,409.13824462890625,28394500
2024-05-31,411.1904861655314,411.1904861655314,399.11377942255837,409.59210205078125,47995300
2024-06-03,409.9867358256656,410.8747236026411,403.4649291544174,408.0035400390625,17484700
2024-06-04,406.92804504027714,410.8845599967463,404.21473091731406,410.5195007324219,14348900
2024-06-05,412.23630472822083,418.42265047577604,410.7464388812518,418.3536071777344,16988000
2024-06-06,418.35363549566944,419.63628120393724,414.96936946485204,418.8568115234375,14861300
2024-06-07,420.5144575469657,420.59337708963096,417.35713385188853,418.19580078125,13621700
2024-06-10,419.0344147777948,422.36929949498546,418.2352227759558,422.162109375,13982900
2024-06-11,419.8040264249776,427.04610581067664,419.57708382911113,426.907958984375,14551100
2024-06-12,429.51273012432705,437.4849276655188,427.47033721280536,435.1761474609375,22366200
2024-06-13,434.9689666213265,437.4750908737884,433.508699318619,435.689208984375,15960600
2024-06-14,432.4332670607897,437.2284494695541,430.8940801420427,436.6660461425781,13582000
2024-06-17,436.68574902549324,444.92436422206765,434.84070005199675,442.3886413574219,20790000
2024-06-18,443.7107502283828,444.1350368072149,438.95507309068336,440.3857116699219,17112500
2024-06-20,440.3462442358131,440.57318682315986,435.38334678666155,439.7542724609375,19877400
2024-06-21,441.4118383251449,444.56913141990066,440.553449170913,443.7798156738281,34187100
2024-06-24,443.79958875342635,446.71024735686916,440.45482751735335,441.6980285644531,15913700
2024-06-25,442.27021086532676,445.3979353653379,440.79022131418793,444.9342041015625,16413400
2024-06-26,443.0102338094888,447.5488747436615,442.21104180989477,446.1280822753906,16507000
2024-06-27,446.1478236075156,450.08461670642896,445.74328947401983,446.80889892578125,14806300
2024-06-28,447.02596302446955,449.3051447547128,440.4548051400977,440.98760986328125,28362300
2024-07-01,442.67479410049566,451.2685926172397,439.71481466960876,450.63714599609375,17662800
2024-07-02,447.1542284209129,453.4589688152071,447.06540254269134,453.1531066894531,13979800
2024-07-03,452.07763057164084,454.869864398923,451.7717684597979,454.6231994628906,9932800
2024-07-05,453.4787047518369,462.10213204110306,452.84725812540677,461.3226623535156,16000300
2024-07-08,460.3261258064599,461.4608086849496,458.26401040115894,460.020263671875,12962300
2024-07-09,460.77011087707854,461.09569535136285,451.89017298008986,453.4096374511719,17207200
2024-07-10,455.0671931892753,460.23728044044634,452.73866061347735,460.03009033203125,18196100
2024-07-11,456.8037891977259,458.5797648874454,445.5262442034591,448.6342468261719,23111200
2024-07-12,448.26913567933263,450.2720538778231,444.6382348256943,447.4995422363281,16324300
2024-07-15,447.25288415779397,451.1600787227488,445.40783511291056,447.9040832519531,14429400
2024-07-16,448.16056699620316,448.23948652304546,440.7014221253391,443.52325439453125,17175700
2024-07-17,436.68577660898285,438.9156374910901,433.32126292871686,437.6033630371094,21778000
2024-07-18,438.41237105587203,438.7182331565263,428.60497114914784,434.4953308105469,20794800
2024-07-19,427.32232365737326,435.25507610536096,426.2369919613048,431.27880859375,20940400
2024-07-22,435.89641421757136,438.6689256733767,433.05482935357276,437.03106689453125,15808800
2024-07-23,437.97824958808866,442.4083722657051,437.1889338456379,438.91558837890625,13107100
2024-07-24,434.5743451525585,435.5906035987281,421.88588376058476,423.17840576171875,26805800
2024-07-25,423.0797380180107,424.0663978828946,411.94036982301,412.8184814453125,29943800
2024-07-26,412.6211398648851,423.19813411147953,411.7035233681291,419.5968017578125,23583800
2024-07-29,425.8225986635412,426.38500194360023,419.0344049240428,421.0373229980469,15125800
2024-07-30,422.0141534919779,423.32639784774454,411.79234175836467,417.2781982421875,32687600
2024-07-31,414.89044707540063,416.1533704185598,406.7110288792971,412.7691345214844,42891400
2024-08-01,415.1765852410534,421.7575892383458,407.57929274476925,411.545654296875,30296400
2024-08-02,406.98728858808795,409.46381430513844,398.9460172931046,403.0406494140625,29437900
2024-08-05,383.9783949357412,395.6900415573509,380.43625987349014,389.87860107421875,40709200
2024-08-06,394.6639255499671,400.2582999432438,393.18393582915473,394.27911376953125,24946500
2024-08-07,403.188717990179,404.60948055159776,392.16771360387116,393.1148986816406,20650900
2024-08-08,397.0713892387092,400.4457490366174,394.6047396336136,397.31805419921875,20203000
2024-08-09,398.64013341356633,402.6064947272633,396.89375651412195,400.60357666015625,19276700
2024-08-12,401.6296910455733,403.3070245629386,398.84730349296393,401.3830261230469,16762900
2024-08-13,404.1259805010332,409.41449264240543,404.10625814496586,408.4870300292969,19414300
2024-08-14,409.26646397851016,412.14752377963794,406.9478375879701,411.2989807128906,18267000
2024-08-15,414.94631960204117,416.2411711538097,412.8310776655769,416.162109375,20752100
2024-08-16,415.7370612802868,416.46849580465874,412.4751975268654,413.6316833496094,22775600
2024-08-19,414.11601787893187,416.87376862371895,411.64492262923585,416.65631103515625,15234000
2024-08-20,416.8244154105886,420.9362919197164,416.76511152971835,419.8885498046875,16387600
2024-08-21,419.1768414959673,421.4700252660244,416.8441419181339,419.2361755371094,16067300
2024-08-22,419.45359039351575,421.8555179747642,409.8163186254232,410.7454528808594,19361900
2024-08-23,412.15893602611095,414.41257372157986,407.32545916499066,411.97113037109375,18493800
2024-08-26,411.5560270388973,412.45550946116737,406.58418387561824,408.7093200683594,13152800
2024-08-27,408.0865565785304,409.5692137906275,405.5067475085558,409.05523681640625,13492900
2024-08-28,410.0831746944341,410.20178243167123,402.6006915681321,405.8526611328125,14882700
2024-08-29,410.14253158113485,417.17031240351145,405.85271359636084,408.34356689453125,17045200
2024-08-30,410.7949049431994,412.663037378181,407.3650233246306,412.3171081542969,24308300
2024-09-03,413.0781880012741,415.02541234976394,402.32397617802485,404.70611572265625,20313600
2024-09-04,401.2169427939581,406.4853049884444,399.6947395600007,404.17236328125,15135800
2024-09-05,402.9071267784607,408.3237783354607,401.4343636867301,403.6682434082031,14195500
2024-09-06,404.33049307771034,405.9021060614487,396.165984591682,397.05560302734375,19609500
2024-09-09,402.5315288470681,403.9252302108811,397.5003824546475,401.02911376953125,15295100
2024-09-10,403.48044319629906,411.51641958523567,402.9862241478787,409.41107177734375,19594300
2024-09-11,410.6960329818373,419.0878628478116,404.8444661227044,418.14886474609375,19266900
2024-09-12,418.415740735589,422.42879711427406,414.89690341994134,422.0630798339844,17395700
2024-09-13,420.9065970976519,426.83722589839596,420.5408798146308,425.611572265625,15874600
2024-09-16,425.6215011650568,428.5176178937892,423.26901338836296,426.3529357910156,13834700
2024-09-17,435.14011791593873,436.7413828200211,427.2721288798558,430.11883544921875,18874200
2024-09-18,429.9705680090547,430.9886580324637,425.43364080776206,425.8290100097656,18898000
2024-09-19,436.1285918792357,436.3954593302787,431.84863763952944,433.6179504394531,21706600
2024-09-20,432.1649237095232,434.1615578880838,429.1996092968504,430.2374572753906,55167100
2024-09-23,429.25888919848313,431.41367697848,425.4138807437856,428.497802734375,15128900
2024-09-24,427.9937125983331,428.33967197864655,421.1734954974966,424.2080078125,17015800
2024-09-25,424.8603757953974,428.11234590086275,423.6149641825675,427.114013671875,13396400
2024-09-26,430.0595370663028,430.2671006249204,424.1684543301705,426.3232421875,14492000
2024-09-27,426.5308226116947,426.85702409572957,422.52766014209345,423.0712890625,14896100
2024-09-30,423.2590885562286,425.4435585697777,420.4519278512811,425.3249206542969,16807300
2024-10-01,423.49637062005274,423.52602256028683,413.96781162828705,415.8260803222656,19092900
2024-10-02,417.6941594936009,417.93140514988795,411.89203266645677,412.30718994140625,16582300
2024-10-03,412.80142348929195,414.699207817815,409.50004373541833,411.7240295410156,13686400
2024-10-04,413.40436067339476,414.8969119270876,410.172178794162,411.24957275390625,19169700
2024-10-07,411.190264062665,412.287415913181,404.2711971193028,404.8049621582031,20919800
2024-10-08,406.1492143378804,410.8541894054543,403.45079759655545,409.9151611328125,19229300
2024-10-09,411.0518548194861,415.51961434814075,409.5098937927917,412.63336181640625,14974300
2024-10-10,410.4291412448218,412.5246250787664,408.37317321416026,411.0320739746094,13848400
2024-10-11,411.32868016338136,412.30722431233596,408.4720793339732,411.506591796875,14144900
2024-10-14,412.9397598241915,419.1372858012014,412.6926503077809,414.2939453125,16653100
2024-10-15,417.2987890411578,417.59533856944756,410.45881429415135,413.8985595703125,18900200
2024-10-16,410.36987028679,411.5460839058675,405.7340930599272,411.3088684082031,15508900
2024-10-17,417.4767225011017,417.61511832115826,410.78500708577025,411.9019470214844,14820000
2024-10-18,412.31709084461266,414.79805000770625,411.447260474788,413.3252868652344,17145300
2024-10-21,411.3088916838687,414.1160525024568,408.96629801765454,413.9381408691406,14206100
2024-10-22,413.6514683614362,425.60168187753965,413.2066892964129,422.56719970703125,25482200
2024-10-23,425.87842845603865,426.09588604624633,417.64475229425324,419.6908264160156,19654400
2024-10-24,420.4123746810587,421.0548835944768,417.5162582126422,419.8193359375,13581600
2024-10-25,421.8258547879259,427.5192377532194,421.63804913504384,423.19976806640625,16899100
2024-10-28,426.669163933882,426.94592537587704,421.3711204038895,421.65777587890625,14882400
2024-10-29,423.05149857942604,428.16173672961014,420.8769227357868,426.9558410644531,17644100
2024-10-30,432.3823482739382,433.43009020652653,427.1040926423887,427.52911376953125,29749100
2024-10-31,410.55766284750285,411.3484314804884,401.60241546152275,401.65185546875,53971000
2024-11-01,404.28107436497436,410.6960279404989,402.78852319074196,405.6253356933594,24230400
2024-11-04,405.06189960347484,405.67475653100576,400.88082597000493,403.7373962402344,19672300
2024-11-05,403.64845819160416,410.1029577159873,403.36180269923256,406.7027282714844,17626000
2024-11-06,407.6516405324137,415.588796997366,405.7735840748554,415.3218994140625,26681800
2024-11-07,416.40921822256973,421.91482589939426,415.0254108601489,420.51123046875,19901800
2024-11-08,420.4024892096892,421.568838898406,416.90340997880253,417.6546325683594,16891400
2024-11-11,417.6348987728619,419.8984307044044,411.19029254705583,413.17706298828125,24503300
2024-11-12,413.41424403977334,419.5326784209289,412.37639607879026,418.13897705078125,19401200
2024-11-13,416.7650676989441,424.366129168666,413.3747019871383,420.2839050292969,21502200
2024-11-14,420.086213638624,423.21957584577814,415.14402288993426,421.9543762207031,30246900
2024-11-15,414.9661533841751,417.9116800639509,408.8576122382768,410.2018737792969,28247600
2024-11-18,410.0733395128572,413.56252505276035,407.33537663624696,410.95306396484375,24727000
2024-11-19,408.33368112951007,413.1078544202765,406.79171998540573,412.9595947265625,18133500
2024-11-20,412.05020669970736,412.46536399512735,405.8329222910528,410.6861572265625,19191700
2024-11-21,415.4797975064388,415.7571129679985,406.35806834126146,408.913330078125,20780200
2024-11-22,407.4276728377604,413.39988374041405,407.1206461090675,413.00372314453125,24814600
2024-11-25,414.3705063731925,417.0446130867062,410.8743369468268,414.7765808105469,27691100
2024-11-26,415.5689336176803,424.92838338966095,414.83603494213827,423.888427734375,23458900
2024-11-27,421.03598817971914,423.1356967701012,417.97560449920036,418.9363098144531,18332400
2024-11-29,416.06412568619913,420.808229889217,413.7960631011275,419.4018249511719,16271900
2024-12-02,417.5299380247713,428.85039263641124,417.27242003383,426.8497619628906,20207200
2024-12-03,425.7206447327868,428.325445086175,423.64076394005417,427.067626953125,18302000
2024-12-04,428.8801143248133,435.4564952904926,428.483953715763,433.2280578613281,26009400
2024-12-05,433.72326431540773,440.3986627358307,431.9900352112823,438.3782043457031,21697800
2024-12-06,438.0612738202398,441.82487523918803,437.5363542028089,439.3191223144531,18821000
2024-12-09,438.3583975889403,444.03346541962105,436.2785166631167,441.74560546875,19144400
2024-12-10,440.13125981361975,445.31111943385133,437.3679889585384,439.0813903808594,18469500
2024-12-11,439.7945036123786,446.034146674654,439.7945036123786,444.6871643066406,19200200
2024-12-12,444.8060093995974,451.7884649521135,444.8060093995974,445.251708984375,20834800
2024-12-13,444.142443353527,447.10377945438483,441.30983602760955,442.983642578125,20177800
2024-12-16,442.9836607244317,447.8466102847365,441.0127411892908,447.26226806640625,23598800
2024-12-17,446.6878170659997,450.92679906279125,445.26161469090005,450.104736328125,22733500
2024-12-18,446.9948298056794,448.3120705924071,432.83185420697276,433.1983337402344,24444500
2024-12-19,437.38777493352876,438.93282241461935,432.13857903304347,432.8417663574219,22963700
2024-12-20,428.9593493416428,439.48748337745457,424.5223020050907,432.4159240722656,64263700
2024-12-23,432.5545685943141,433.4558513948008,428.6820357713906,431.078857421875,19152500
2024-12-24,430.48460812290455,435.38718282685113,430.02902490868655,435.1197509765625,7164500
2024-12-26,434.8721433787049,436.71433412405435,432.4456406431818,433.91143798828125,8194200
2024-12-27,430.43505550450976,431.0491089535002,422.2641186475361,426.404052734375,18117700
2024-12-30,421.97695149184733,423.45266275424467,417.8568142492271,420.75872802734375,13158700
2024-12-31,422.016524265212,422.64049156656444,416.6286554798762,417.4606018066406,13246500
2025-01-02,421.45201157982797,421.9868450538027,410.8743686174563,414.568603515625,16896500
2025-01-03,417.0446121521978,419.96635323692743,415.51939233739597,419.2928771972656,16662900
2025-01-06,423.8983123069827,430.1577525838614,421.4024733118246,423.749755859375,20573600
2025-01-07,424.8887326935554,426.52291408196885,416.76730426764124,418.322265625,18139100
2025-01-08,419.40180766065134,422.87817962096636,417.50022470253026,420.49127197265625,15054600
2025-01-10,420.56061778951556,420.63983782074297,411.042698272716,414.93505859375,20201100
2025-01-13,411.26063086426467,414.489399057034,408.3389196630922,413.19195556640625,17604800
2025-01-14,413.805999460752,415.71749643981025,406.78394867710017,411.6865234375,16935900
2025-01-15,415.1133035563719,424.04685017409594,414.2615295855494,422.2244873046875,19637800
2025-01-16,424.5916197701724,425.3740271428382,420.3229265289763,420.5110778808594,15300000
2025-01-17,429.9299628963343,430.31623990051855,424.06671321451194,424.91845703125,26197500
2025-01-21,426.0772445238866,426.7705180269004,421.52132200002626,424.3935241699219,26085700
2025-01-22,433.366705345479,442.98364251820686,431.82165779523024,441.9239196777344,27803800
2025-01-23,437.7641621247137,442.46864124256984,437.26895379651836,442.42901611328125,18389300
2025-01-24,440.89387719602587,442.3695883246394,437.169900939795,439.8044128417969,15549500
2025-01-27,419.94659323490635,431.02935848885954,419.4414710475572,430.3954772949219,35647800
2025-01-28,430.435111003789,444.08305214713533,427.2459679678923,442.91436767578125,23491700
2025-01-29,442.40923592540474,442.5974175154718,436.17950645057016,438.09100341796875,23581400
2025-01-30,414.75677425796516,418.8075747745586,409.20055129765046,411.01300048828125,54586300
2025-01-31,414.964783031506,416.6583870568431,410.933779971825,411.08233642578125,34161900
2025-02-03,407.6555012178145,411.42898625512174,404.7436738342851,406.9820251464844,25679100
2025-02-04,408.73506192939664,409.9532853263689,405.81332063447735,408.4181213378906,20532100
2025-02-05,408.39835154322543,409.86414898425164,406.46702679712905,409.329345703125,16316700
2025-02-06,410.03245657619226,414.1922182257068,410.03245657619226,411.83502197265625,16309800
2025-02-07,412.48872643025265,414.63791357819275,404.1890302854019,405.8232116699219,22886800
2025-02-10,409.74527293691693,411.47850211303046,406.9820321839411,408.2695617675781,20817900
2025-02-11,405.714301867279,408.5369652151938,405.3775335991668,407.4970397949219,18140600
2025-02-12,403.30754628100544,406.813629604169,400.4947666868975,405.1200256347656,19121700
2025-02-13,403.0995382668374,407.0612044905901,402.465657162982,406.6056213378906,23891700
2025-02-14,403.8820181953633,404.99128001840967,401.99031874797896,404.515869140625,22758500
2025-02-18,404.08999660584703,406.66508596257455,402.60437161832556,405.71429443359375,21423100
2025-02-19,403.97114994678657,411.5082061808428,403.7433432351679,410.79510498046875,24114200
2025-02-20,412.1348608394034,416.1243081620841,409.4057538443196,412.9684753417969,23508700
2025-02-21,414.16928284227896,414.8738801834256,404.79109677447474,405.108642578125,27524800
2025-02-24,405.4063787741937,406.25983043716724,396.2861968407472,400.9306335449219,26443700
2025-02-25,398.05268403794094,398.86646142853965,393.6861187086097,394.8769836425781,29387400
2025-02-26,394.986181494864,400.5337085768434,391.25473790483426,396.693115234375,19619000
2025-02-27,398.22134834414993,402.657388820498,389.1905096396701,389.5477600097656,21127400
2025-02-28,389.67678725566606,394.6090291195634,383.6330593862238,393.973876953125,32845700
2025-03-03,395.7899873220531,395.7899873220531,383.2261675615013,385.5384521484375,23007700
2025-03-04,380.48712304915495,389.59737098453536,378.10536303990614,385.65753173828125,29342900
2025-03-05,386.3819822563368,398.61832193178543,385.8560101474748,397.9732360839844,23433100
2025-03-06,391.28450820827493,399.09471206990673,389.69665794124984,393.87469482421875,23304600
2025-03-07,389.33936956128906,391.80050846371955,382.61088158953936,390.32183837890625,22034100
2025-03-10,382.90859827837613,383.4643412864511,374.3540930979484,377.2717590332031,32840100
2025-03-11,376.1205744700273,383.0673924681545,374.0464567305875,377.5595703125,30380200
2025-03-12,380.0405779726452,382.2933209136247,376.0709676751301,380.3581237792969,24253600
2025-03-13,380.2489652043101,382.3925583494832,374.58235511618193,375.8923034667969,20473000
2025-03-14,376.8946473094157,387.2652662935844,376.6267095180303,385.6079406738281,19952800
2025-03-17,383.7620820869245,389.7264008785539,382.6406623483486,385.74688720703125,22474300
2025-03-18,384.1292790671939,384.4269877309022,378.2046343736099,380.6062316894531,19486900
2025-03-19,382.60095534567967,386.719419886704,381.0825806498319,384.8735656738281,19185500
2025-03-20,382.80938253905003,388.81343664918575,380.3680805381929,383.9010314941406,18470500
2025-03-21,380.308460024633,388.7637178162279,379.89163767876767,388.2873840332031,39675900
2025-03-24,392.39594799568545,392.39594799568545,386.8484215764684,390.09356689453125,21004500
2025-03-25,390.9272368910712,393.34867131877104,389.65696280253144,392.1578063964844,15775000
2025-03-26,391.99901639757354,392.30665877239477,385.61787512073846,387.0072326660156,16108400
2025-03-27,387.1660163642304,389.259971232933,384.4567464670721,387.6125793457031,13766800
2025-03-28,385.1315521729189,386.1735929782764,374.06627026028934,375.92205810546875,21632000
2025-03-31,369.7096411618319,374.20522334023684,364.449889664545,372.5379943847656,35184700
2025-04-01,371.80362246362756,379.9413357760227,370.3944277527412,379.2863464355469,19689500
2025-04-02,375.0983928958324,382.1543604865691,373.7586433966847,379.2367248535156,16092600
2025-04-03,371.9425583652147,374.61212363444304,366.54388609690864,370.2752990722656,30198000
2025-04-04,361.363555677575,371.74407816646067,356.74888974568233,357.10614013671875,49209900
2025-04-07,348.2142236601539,368.1813588125757,342.17049555544185,355.14117431640625,50425000
2025-04-08,365.46213664338546,370.8111701107758,347.5889587924899,351.8662109375,35868900
2025-04-09,350.854026698487,390.2424886537646,350.4173671278774,387.5232849121094,50199700
2025-04-10,379.1572950457799,380.983312003396,365.00562576710445,378.45269775390625,38024400
2025-04-11,377.7481178718862,387.0865991344375,376.0114134245454,385.498779296875,23839200
2025-04-14,390.23254912743425,391.651677567929,381.29099206627785,384.8636474609375,19251200
2025-04-15,385.5583162962043,388.9126416904877,381.24135923720473,382.7994384765625,17199900
2025-04-16,377.77787673053996,378.7107072268867,365.20412360568145,368.78668212890625,21967800
2025-04-17,370.9104227594851,371.47609943534326,364.10255635982776,364.98577880859375,21120200
2025-04-21,360.06353397111536,361.7109259917268,352.9678611353571,356.3916320800781,20807300
2025-04-22,360.6192443688487,364.9758758256959,357.12596800122816,364.0331115722656,19485000
2025-04-23,373.20291916052497,377.50003937654276,370.18600677791767,371.5456237792969,20545500
2025-04-24,372.84560833228255,385.4987394256534,372.3394733971177,384.3574523925781,22232300
2025-04-25,384.05979677325973,389.1805976978566,381.67803664886475,388.8729553222656,18973200
2025-04-28,388.9820812843996,389.75615403464093,383.70252292195136,388.18817138671875,16579400
2025-04-29,388.3270916828822,392.0982394081848,387.41409832984397,391.0462951660156,14974000
2025-04-30,387.3347110069874,393.6464071015826,381.5192464831796,392.2570495605469,36461100
2025-05-01,427.8346397458207,433.669971462135,421.67182852064957,422.16802978515625,58938100
2025-05-02,428.4598480759583,436.10135948336034,426.72314369115975,431.97296142578125,30757400
2025-05-05,429.58128511716615,436.1609188409604,428.827049490993,432.8562316894531,20136100
2025-05-06,428.91639204817295,434.4043769104007,427.8942186382879,430.0179443359375,15104200
2025-05-07,430.54391525930873,434.79139692835327,427.83464541633373,430.0576477050781,23295300
2025-05-08,434.6028977335656,440.29930970253645,432.35015455619765,434.8410949707031,23491300
2025-05-09,436.6570993033328,437.3914674607305,432.5684058555715,435.3967590332031,15324200
2025-05-12,442.551987565255,445.9559209816134,436.43878433354007,445.8467712402344,22821900
2025-05-13,444.37800844651383,447.24606632617565,441.9763809723924,445.7276916503906,23618800
2025-05-14,444.73528972695,450.45150777480933,444.73528972695,449.4988098144531,19902800
2025-05-15,448.16655392379437,453.55526390744575,447.82852124457236,450.512939453125,21992300
2025-05-16,449.4391826540583,451.735838870633,446.13838030321216,451.6463623046875,23849800
2025-05-19,448.27591363294266,456.9355998797858,448.1963586877965,456.2197570800781,21336500
2025-05-20,452.9587181303489,455.69283539558984,451.69606398891386,455.5238342285156,15441800
2025-05-21,451.944595050179,455.1360468945702,449.2005259832327,449.9561462402344,19216900
2025-05-22,452.32244757902833,457.5918252828005,451.27849365115543,452.2329406738281,18025600
2025-05-23,447.38115987330883,451.06972434232773,446.3173323563206,447.5799865722656,16883500
2025-05-27,453.8435596609756,458.2877438900054,453.48562310372705,458.02923583984375,20974300
2025-05-28,458.5562282330538,459.8487079553447,454.29099660337516,454.718505859375,17086300
2025-05-29,458.884303233251,459.05333474747385,452.68035209769624,456.0308837890625,13974800
2025-05-30,457.0648535034259,459.0135248792732,452.90900269221845,457.7011413574219,34770500
2025-06-02,454.49978904014216,459.44105553120437,454.2512329224997,459.3018798828125,16626500
2025-06-03,458.8047753297213,461.4593680607732,458.1982826150306,460.2961120605469,15743800
2025-06-04,461.3201414833542,463.00038321907994,460.3457906064832,461.1908874511719,14162700
2025-06-05,462.2745901279283,466.93750520910584,461.3499686746429,464.9788818359375,20131700
2025-06-06,467.37496597576217,470.6061954238558,466.0725343793748,467.6632995605469,15285600
2025-06-09,466.98725027602023,470.69568816704816,465.9134708467471,470.0196228027344,16469900
2025-06-10,468.4686249933991,470.06931180763127,464.26304461137784,468.2001953125,15375900
2025-06-11,467.30536072753216,472.72389606625393,466.9474544926898,469.8903503417969,16399200
2025-06-12,472.2764779222473,477.6453141185156,470.7851412769109,476.104248046875,18950600
2025-06-13,473.6584649544854,476.4124557062983,470.0295518485209,472.2168273925781,16814500
2025-06-16,472.4653860858625,477.91374692205306,472.25660744971805,476.3727111816406,15626100
2025-06-17,472.65428568792316,475.97499162724574,471.3419021646973,475.279052734375,15414100
2025-06-18,475.2392860574369,478.2219594008936,471.71972301658775,477.4663391113281,17526500
2025-06-20,479.44488246554124,480.667759158903,474.1158234691147,474.64276123046875,37576200
2025-06-23,475.4480376949825,484.9329468840925,469.78097686904323,483.19305419921875,24864000
2025-06-24,486.1260537385937,489.009298556199,483.9884469122188,487.2793273925781,22305600
2025-06-25,489.1981971647186,491.70363180611855,486.5635084927723,489.4268493652344,17495100
2025-06-26,490.13278082199906,495.1635541172166,489.9637493151316,494.57696533203125,21578900
2025-06-27,494.6763704185467,496.4162632322767,490.1824867596744,493.07568359375,34539200
2025-06-30,494.1693427257206,497.86785899517616,492.4691970236715,494.5372009277344,28369000
2025-07-01,493.602615314542,495.17347659984546,488.14433277768,489.2081298828125,19945400
2025-07-02,487.1600396387865,490.6497772469701,485.87751191483574,488.2536926269531,16319600
2025-07-03,490.9580057562307,497.2415119784696,490.59014753996934,495.9589538574219,13984800
2025-07-07,494.50736527479916,495.8694479262707,492.36978876052433,494.84539794921875,13981600
2025-07-08,494.36815380384166,495.3226311177228,491.25622643335066,493.7517395019531,11846600
2025-07-09,497.41047691930333,503.8530622357068,496.85371365827956,500.6019592285156,18659500
2025-07-10,500.14458849842043,501.52657502305914,494.87521114411277,498.58367919921875,16492100
2025-07-11,495.59106078877636,502.1131707269345,494.9249170598048,500.4130554199219,16459500
2025-07-14,498.6234399223271,501.05930198422453,498.1362796464767,500.1147766113281,12058800
2025-07-15,500.11477392946824,505.36427783294863,499.88612172349406,502.89862060546875,14927200
2025-07-16,502.26227638441253,503.7933904598671,498.99129994586445,502.6997375488281,15154400
2025-07-17,502.75940886082554,510.40499725185873,502.6997578215743,508.7446594238281,17503100
2025-07-18,511.50859420333654,511.6677041033988,504.499323712682,507.10418701171875,21209700
2025-07-21,503.7834473494323,509.132409924825,502.630143381304,507.1141052246094,14066800
2025-07-22,508.01886761548803,508.2475501614973,502.3517761230469,502.3517761230469,13868600
2025-07-23,503.8232561388069,503.8630336136484,497.80821016060554,502.9483337402344,16396600
2025-07-24,505.83155299665924,510.70324664183266,504.370041868975,507.92938232421875,16107000
2025-07-25,509.51021364184703,515.2966076642933,507.41241445610984,510.74310302734375,19125700
2025-07-28,511.110930710653,512.0256002286585,507.17377997770546,509.5400390625,14308000
2025-07-29,512.5525759685828,514.6304711522027,508.60547322287385,509.6096496582031,16469200
2025-07-30,512.1946027794743,512.9701269930791,506.49771598970693,510.2757568359375,26380400
2025-07-31,552.0232408256204,552.2420017670738,528.8280273057109,530.4187622070312,51617300
2025-08-01,531.9101275902764,532.7054950837879,517.8517780654563,521.0830078125,28977600
2025-08-04,525.218957545317,535.141297909759,525.0797515616827,532.54638671875,25349000
2025-08-05,534.077432699505,534.196734767709,524.194840165689,524.701904296875,19171600
2025-08-06,527.8338028961505,528.6291703469228,521.0034855448089,521.908203125,21355700
2025-08-07,523.757448292983,525.0400367197672,514.5608717763297,517.8319091796875,16079100
2025-08-08,519.5817267008259,521.629826851029,516.4101479520375,519.0249633789062,15531000
2025-08-11,519.2834381856256,524.5429245664681,516.7183220142601,518.7565307617188,20194400
2025-08-12,520.7250669698358,527.9132904806338,519.6811434112465,526.183349609375,18667000
2025-08-13,529.0368026236954,529.6234217995657,516.3703917601634,517.5734252929688,19619200
2025-08-14,519.5418962511537,522.9123315064297,517.1358902118243,519.4623413085938,20269100
2025-08-15,519.7507304052322,523.0614541020369,516.0820397908819,517.1657104492188,25213300
2025-08-18,518.5775217659684,519.8003983365775,511.0512359172718,514.1134033203125,23760600
2025-08-19,512.0256106523992,512.1846598699071,505.61285057663105,506.8258056640625,21481000
2025-08-20,506.925219770199,508.0486982628479,501.52658824278717,502.7991943359375,27723000
2025-08-21,501.6041452591809,505.5278315490841,500.6381609615915,502.15185546875,18443300
2025-08-22,502.1618461633245,508.6150227226763,500.32946944945456,505.1295166015625,24324200
2025-08-25,504.5319946732823,506.0855321115255,502.0323791323648,502.17181396484375,21638600
2025-08-26,502.2713680297872,502.88882606141556,496.4456179190968,499.96099853515625,30835700
2025-08-27,499.9211487290224,505.1892506185915,497.82983904056124,504.6415100097656,17277900
2025-08-28,504.9900522378754,508.9734875719172,503.4066403395377,507.5295104980469,18015600
2025-08-29,506.5535790393771,507.4896888132377,502.40083415821226,504.59173583984375,20961600
2025-09-02,498.3974910813857,503.90458943006223,494.75264396148896,503.0282287597656,18128000
2025-09-03,501.70375627159575,505.68719181229375,500.2398424947412,503.2572937011719,16345100
2025-09-04,502.2116394820944,506.04570238922344,501.0664078062513,505.866455078125,15509500
2025-09-05,506.9619070760115,509.8498918622262,490.3310509759443,492.9501647949219,31994800
2025-09-08,496.04724781279185,499.1244784694731,492.9800158612091,496.13690185546875,16771000
2025-09-09,499.3535217605099,500.17013335375145,495.6389875077243,496.3460388183594,14410500
2025-09-10,500.8971201283455,501.1460848531792,494.6630336933239,498.29791259765625,21611800
2025-09-11,500.17012751524385,501.08633106619584,495.8182290284252,498.9352722167969,18881600
2025-09-12,504.55191069082485,510.42747218178897,501.7635178992086,507.7884521484375,23624900
2025-09-15,506.68306017742736,513.3353599697668,504.9004642300766,513.225830078125,17143800
2025-09-16,514.7395367165727,515.0880630075219,506.4938265025834,506.9320068359375,19711900
2025-09-17,508.5054498653079,509.1726886784055,503.8348693472275,507.9079284667969,15816600
2025-09-18,509.37184097126715,510.9453149965379,505.55771489166153,506.3444519042969,18913700
2025-09-19,508.44568153944795,517.1494779837726,508.1967168320822,515.78515625,52474100
2025-09-22,513.4548737162081,515.5959337012963,510.4174557013089,512.319580078125,20009300
2025-09-23,511.67229848312854,512.4590659268906,505.2091838485409,507.1212463378906,19799600
2025-09-24,508.26644250853604,510.35772177145367,504.82077941210207,508.0373840332031,13533700
2025-09-25,506.1950582100621,507.89799878212006,502.94857891661616,504.9303283691406,15786500
2025-09-26,507.94778361103766,511.8117209714621,504.52202659403474,509.34197998046875,16213100
2025-09-29,509.3817950243417,514.7096154882738,506.77264973451184,512.4689331054688,17617800
2025-09-30,511.11459757878936,516.0142062084105,507.54943619028296,515.8051147460938,19728200
2025-10-01,512.6681599915194,518.3545363078492,509.5710533372991,517.557861328125,22632300
2025-10-02,515.496404228155,519.439966484546,508.5652045551738,513.604248046875,21222900
2025-10-03,514.9585548343116,518.3345307125708,512.8672756929882,515.20751953125,15112300
2025-10-06,516.4623876768178,528.8309994124726,516.0541122577388,526.3811645507812,21388600
2025-10-07,526.1022689962125,527.6060256392368,519.2806599401652,521.8101196289062,14615200
2025-10-08,521.1130687043808,524.7678538085896,520.923853084141,522.676513671875,13363400
2025-10-09,520.1769452354545,522.158694647609,515.2574000210162,520.2366943359375,18343600
2025-10-10,517.4881335274953,521.4118200258811,507.5195762105422,508.84405517578125,24133800
2025-10-13,514.2714464494894,514.2714464494894,509.56105349845876,511.9212341308594,14284200
2025-10-14,508.11707238992415,513.1461778212379,503.9045785101632,511.4432373046875,14684300
2025-10-15,512.8274957075639,515.0482414945574,507.888013925759,511.3038024902344,14694700
2025-10-16,510.4573477017149,514.7096236704256,506.02576365101777,509.4913330078125,15559600
2025-10-17,506.93203901166436,513.3453425707617,505.2091921192977,511.4532470703125,19867800
2025-10-20,512.4788764440519,516.5519656323323,511.30377036778043,514.6498413085938,14665600
2025-10-21,515.3569857054445,516.5420602391357,510.91543308707116,515.5162963867188,15586200
2025-10-22,518.9919195722497,523.0549803520576,515.5661623300699,518.3843994140625,18962700
2025-10-23,520.2964530626382,521.7802730707533,516.4623598997719,518.404296875,14023500
2025-10-24,520.6250388201142,523.1744351060786,518.5536961256696,521.441650390625,15532400
2025-10-27,529.577902779321,532.3662956890146,526.819354031342,529.3189697265625,18734700
2025-10-28,547.7224103521172,551.4269763883988,538.5306518978505,539.8252563476562,29986700
2025-10-29,542.6833492925585,544.0078586434945,534.507325873603,539.307373046875,36023000
2025-10-30,528.2831883129468,532.7545848667123,519.9578228356851,523.582763671875,41023100
2025-10-31,526.6898137654194,527.1279940743384,512.9668501497666,515.6656494140625,34006400
2025-11-03,517.657371934483,522.7860691817526,512.4590180581705,514.888916015625,22374700
2025-11-04,509.6407695643784,513.4150529816625,505.73698923396887,512.2001342773438,20958700
2025-11-05,511.17434154282535,512.6980347767452,504.4821687767013,505.0597839355469,23024300
2025-11-06,503.5659922381216,503.6058351018555,493.75677643867937,495.04144287109375,27406500
2025-11-07,494.89207027354036,497.31199999791255,491.2073803526309,494.7626037597656,24019800
2025-11-10,497.9692613740871,504.7510576229119,496.73437575016374,503.9045715332031,26101500
2025-11-11,502.70954902224156,507.48968986721945,500.26971300797675,506.573486328125,17980000
2025-11-12,507.2506574723947,509.5511194130969,497.05307240824305,509.0233154296875,26574900
2025-11-13,508.1967287528611,511.3735209246628,499.2140928412288,501.205810546875,25273100
2025-11-14,496.166765720741,509.4813936811572,495.3800287197931,508.0672607421875,28505700
2025-11-17,506.34444359286346,509.9992285471841,502.8190947602184,505.3883972167969,19092800
2025-11-18,493.31862192366924,500.89712400975867,484.76419755903834,491.74517822265625,33815100
2025-11-19,488.0704229659532,493.13934080841636,480.8305097576304,485.1027526855469,23245300
2025-11-20,491.5879641710541,492.4460215630244,474.41716428973194,477.3404846191406,26802500
2025-11-21,477.4103368698009,477.8293938228302,467.20362215472323,471.04486083984375,31769200
2025-11-24,473.9183160323131,475.8139832068258,466.9542001322548,472.92059326171875,34421000
2025-11-25,472.9904142849383,478.0588322743821,463.8313270788984,475.90374755859375,28019800
2025-11-26,485.2025316262965,487.1979770584782,480.10418316215106,484.3943786621094,25709100
2025-11-28,486.48962635446395,491.5081706450152,485.54177754838196,490.88958740234375,14386700
2025-12-01,487.32770213243884,488.7444513856018,483.5463243869077,485.6315612792969,23964000
2025-12-02,485.6116258193264,492.3761849539621,485.2125428025972,488.8841552734375,19562700
2025-12-03,475.23529714339696,483.13724409881166,474.1178525596479,476.64208984375,34615100
2025-12-04,478.6674679630734,480.2239129901724,475.40489514051177,479.7449951171875,22318200
2025-12-05,481.4211657314621,482.299166614698,477.78947078944657,482.0597229003906,22608700
2025-12-08,483.7858099301447,491.17890888246444,483.2769615726175,489.9018249511719,21965900
2025-12-09,487.9862027558801,490.99931449735556,487.3875630167038,490.8995361328125,14696100
2025-12-10,482.92772884397027,483.14722906115725,473.99809828560024,477.4701843261719,35756200
2025-12-11,475.5445986070271,484.92318635563356,474.7763326037194,482.3690185546875,24669200
2025-12-12,478.72734800157895,481.3513637649093,475.2552617920193,477.4402770996094,21248100
2025-12-15,479.0066832317436,479.6252664455081,471.44392797474177,473.73870849609375,23727700
2025-12-16,470.8353364785088,476.80172935648005,469.8076832860371,475.3051452636719,20705600
2025-12-17,475.8239455574328,478.9069051052783,473.9182915104317,475.0357360839844,24527200
2025-12-18,477.10104539067044,488.4850656489584,476.8017407441929,482.87786865234375,28573500
2025-12-19,486.2501387748106,486.73904362092316,481.39123391446003,484.8134460449219,70836100
2025-12-22,485.01298390813173,487.6170561484318,481.5908021440126,483.81573486328125,16963000
2025-12-23,483.8755963136496,486.71908182827985,483.63612214595605,485.7413330078125,14683600
2025-12-24,484.5739628623746,488.04604888584674,483.7258924615979,486.90863037109375,5855900
2025-12-26,485.601642461088,487.00843522519267,484.85335038112265,486.599365234375,8842200
2025-12-29,483.7558335295542,487.23790659993216,483.0773893732932,485.9907531738281,10893400
2025-12-30,484.82341501264875,488.56487537463653,484.39440153201394,486.3699035644531,13944500
2025-12-31,486.7290680267604,487.0284031238816,482.1993981667827,482.5186767578125,15601600
2026-01-02,483.2869444224563,483.5563186075122,469.0893385249197,471.8630065917969,25571600
2026-01-05,472.98042932285466,474.9858617296903,468.4308161640092,471.773193359375,25250300
2026-01-06,472.72102257015473,477.64977534720424,468.68025764779384,477.4203186035156,23037700
2026-01-07,478.6674756822987,488.5848422406915,476.86159994291296,482.3690185546875,25564200
2026-01-08,480.14408679814625,481.5608665012806,474.7763335277468,477.0212097167969,18162600
2026-01-09,472.9804540365218,478.72734693664125,471.1247042989064,478.1885681152344,18491000
2026-01-12,475.5845048686955,479.89464390147504,474.59673866594744,476.09332275390625,23519900
2026-01-13,473.5990225282599,474.6965236309785,464.888922501957,469.5981750488281,28545800
2026-01-14,465.39775666549855,467.13381499707015,456.1289340170423,458.3338928222656,28184300
2026-01-15,463.0630900555096,463.1927988881192,454.8618076165624,455.6200866699219,23225800
2026-01-16,456.78739866953146,462.13520850615447,455.4404972994736,458.8127746582031,34246700
2026-01-20,450.1924514863621,455.7597309230742,448.2568669541529,453.48492431640625,26130000
2026-01-21,451.56931960591265,451.65911099901973,437.68100562513575,443.0986328125,37980500
2026-01-22,446.600636936346,451.8087507279656,443.6873036586902,450.1126403808594,25349400
2026-01-23,450.8409629929935,470.0271819611143,449.50401819491054,464.888916015625,38000200
2026-01-26,464.25036221183507,473.1700058760031,460.94790240319116,469.20904541015625,29291200
2026-01-27,472.62128861771004,481.7703893732875,472.0825097961169,479.485595703125,29213900
2026-01-28,482.10959164059926,482.63838346935967,476.9114647448887,480.533203125,36875400
2026-01-29,438.98802836564175,441.49232224197124,420.06122635013605,432.5128173828125,128855300
2026-01-30,438.1699022937122,438.5989157576861,425.47886802078926,429.31011962890625,58566800
2026-02-02,429.2602343395754,429.7590957240154,421.28843915961005,422.4058837890625,42219900
2026-02-03,421.0489834358989,421.0888704228976,407.6296003977664,410.2735595703125,61424100
2026-02-04,410.0640575889883,418.84400576689177,408.3080557741746,413.2467956542969,45012400
2026-02-05,406.51216038211834,407.37018733348754,391.4265972483441,392.7735290527344,66289200
2026-02-06,398.2609865133262,400.87501513504304,392.0252195920243,400.22650146484375,53515300
2026-02-09,403.9280678877113,413.94521298339265,399.9571203178888,412.65814208984375,45480500
2026-02-10,418.66440278178237,422.7151545880433,411.76017861216997,412.328857421875,44857900
2026-02-11,415.2322299614449,415.51159110220135,400.096793508188,403.4491271972656,42491000
2026-02-12,404.07770370563327,405.2749831551046,397.1036315998776,400.9248962402344,40802400
2026-02-13,403.528974460687,404.61648859375555,397.1435245648219,400.4060974121094,34091600
2026-02-17,398.31087932693146,399.60790672873594,393.6315571718042,395.95623779296875,32078800
2026-02-18,397.2233488345012,401.6432531481791,395.41747315874426,398.69000244140625,23223400
2026-02-19,400.69000244140625,404.42999267578125,396.6700134277344,398.4599914550781,28234000
2026-02-20,396.1099853515625,400.1199951171875,395.1600036621094,397.2300109863281,34015200
2026-02-23,395.0,395.3599853515625,383.1000061035156,384.4700012207031,43238300
2026-02-24,384.1400146484375,389.3599853515625,381.7099914550781,389.0,33884700
2026-02-25,390.5299987792969,401.4700012207031,390.1600036621094,400.6000061035156,43625500
2026-02-26,404.7099914550781,407.489990234375,398.739990234375,401.7200012207031,34405900
2026-02-27,390.8800048828125,396.82000732421875,389.8800048828125,392.739990234375,51367200
2026-03-02,392.8599853515625,401.19000244140625,390.6300048828125,398.54998779296875,35474900
2026-03-03,393.1400146484375,406.70001220703125,392.6700134277344,403.92999267578125,38199200
2026-03-04,401.2699890136719,411.0299987792969,400.30999755859375,405.20001220703125,35808000
2026-03-05,404.4200134277344,411.6099853515625,404.3999938964844,410.67999267578125,39001300
2026-03-06,409.20001220703125,413.04998779296875,408.510009765625,408.9599914550781,31123900
2026-03-09,404.9200134277344,410.2099914550781,403.5,409.4100036621094,30131900
2026-03-10,410.0299987792969,410.20001220703125,402.92999267578125,405.760009765625,31706400
2026-03-11,405.57000732421875,409.010009765625,401.5899963378906,404.8800048828125,25512100
2026-03-12,404.6300048828125,406.1199951171875,401.7099914550781,401.8599853515625,27263900
2026-03-13,401.0,404.79998779296875,394.25,395.54998779296875,26848000
2026-03-16,398.07000732421875,400.6300048828125,394.7900085449219,399.95001220703125,27733700
2026-03-17,400.2699890136719,404.3999938964844,397.75,399.4100036621094,26228300
2026-03-18,397.1300048828125,398.0,391.0,391.7900085449219,25908500
2026-03-19,390.1000061035156,392.489990234375,387.05999755859375,389.0199890136719,25138800
2026-03-20,386.7900085449219,387.0,380.1199951171875,381.8699951171875,50853200
2026-03-23,383.8999938964844,387.2099914550781,381.67999267578125,383.0,29680100
2026-03-24,382.3599853515625,382.4700012207031,371.8500061035156,372.739990234375,42733600
2026-03-25,376.9200134277344,377.05999755859375,369.6300048828125,371.0400085449219,31181200
2026-03-26,370.82000732421875,374.7200012207031,365.19000244140625,365.9700012207031,36836600
2026-03-27,361.8999938964844,362.45001220703125,356.510009765625,356.7699890136719,37883400
2026-03-30,361.8999938964844,365.3599853515625,356.2799987792969,358.9599914550781,44797000
2026-03-31,364.54998779296875,372.8999938964844,363.07000732421875,370.1700134277344,45244400
2026-04-01,373.489990234375,373.989990234375,368.20001220703125,369.3699951171875,29417200
2026-04-02,367.2099914550781,373.6400146484375,364.1499938964844,373.4599914550781,24099100
2026-04-06,373.489990234375,373.7300109863281,369.5,372.8800048828125,16146600
2026-04-07,370.3399963378906,372.45001220703125,366.55999755859375,372.2900085449219,21443300
2026-04-08,384.9800109863281,385.0,371.4100036621094,374.3299865722656,33064800
2026-04-09,372.5,373.5,367.04998779296875,373.07000732421875,30435300
2026-04-10,372.9800109863281,375.6400146484375,370.0299987792969,370.8699951171875,28111100
2026-04-13,373.6099853515625,384.5400085449219,371.0199890136719,384.3699951171875,35745800
2026-04-14,387.9200134277344,394.69000244140625,386.5199890136719,393.1099853515625,37504500
2026-04-15,398.0,414.3699951171875,396.7300109863281,411.2200012207031,45063400
2026-04-16,419.8599853515625,420.82000732421875,412.1400146484375,420.260009765625,41642400
2026-04-17,424.82000732421875,431.5799865722656,420.69000244140625,422.7900085449219,48568200
2026-04-20,421.1499938964844,423.3299865722656,416.29998779296875,418.07000732421875,27582200
2026-04-21,420.239990234375,427.17999267578125,417.20001220703125,424.1600036621094,32048500
2026-04-22,426.19000244140625,433.70001220703125,423.6700134277344,432.9200134277344,29378200
2026-04-23,419.8900146484375,423.6600036621094,411.4100036621094,415.75,38308000
2026-04-24,416.9700012207031,424.95001220703125,415.79998779296875,424.6199951171875,27457400
2026-04-27,422.3800048828125,427.1099853515625,417.07000732421875,424.82000732421875,30867300
2026-04-28,424.57000732421875,429.9200134277344,421.8999938964844,429.25,30438100
2026-04-29,424.5799865722656,426.82000732421875,420.2900085449219,424.4599914550781,38288300
2026-04-30,410.80999755859375,414.4200134277344,398.010009765625,407.7799987792969,70909400
2026-05-01,412.79998779296875,417.1099853515625,410.44000244140625,414.44000244140625,31372400
2026-05-04,411.5400085449219,420.7799987792969,410.79998779296875,413.6199951171875,28066500
2026-05-05,415.32000732421875,416.7799987792969,408.79998779296875,411.3800048828125,25700900
2026-05-06,408.0,418.4200134277344,405.1099853515625,413.9599914550781,30285900
2026-05-07,420.1099853515625,427.9800109863281,418.760009765625,420.7699890136719,34942400
2026-05-08,417.3900146484375,418.6300048828125,414.0,415.1199951171875,33383800
2026-05-11,407.8699951171875,412.69000244140625,405.5,412.6600036621094,35657900
2026-05-12,414.4800109863281,415.5,406.6400146484375,407.7699890136719,38594200
2026-05-13,403.20001220703125,406.30999755859375,401.0299987792969,405.2099914550781,29667100
2026-05-14,404.4800109863281,411.8399963378906,400.8800048828125,409.42999267578125,27077500
2026-05-15,414.2699890136719,428.1700134277344,412.9100036621094,421.9200134277344,50310800
