Date,Open,High,Low,Close,Volume
2008-03-19,13.075436794652347,15.163111576991799,12.086538213544188,12.416171073913574,708486000
2008-03-20,12.833706621763294,14.284090901007211,12.635926566275609,14.141249656677246,198985200
2008-03-24,14.776342933396231,14.877430149891797,12.96556009470259,13.125981330871582,149566400
2008-03-25,13.312775616959915,14.119277113511158,13.14576113029379,13.899521827697754,87092000
2008-03-26,13.785246010452523,14.169818516125654,13.530329967325557,14.05554485321045,43111600
2008-03-27,14.07532602350847,14.226956023053457,13.767668303426378,13.824804306030273,39829600
2008-03-28,13.925891403831402,13.941274205864762,13.659987724912082,13.791840553283691,24675200
2008-03-31,13.756676406405079,13.950061234303384,13.635811203331,13.703935623168945,22157200
2008-04-01,13.857767896823502,13.99401593214271,13.25344089259978,13.539122581481934,60410800
2008-04-02,13.563289973335417,13.69514274597168,13.295188385568936,13.69514274597168,43836400
2008-04-03,13.61383943215838,14.567577357666535,13.58527101173007,14.393970489501953,100868000
2008-04-04,14.26212143763496,14.354418275050191,14.009402469531231,14.169824600219727,36394400
2008-04-07,14.306065789852154,14.459895463824413,14.068729728248847,14.29288101196289,28301600
2008-04-08,14.262120266181478,14.996102212863054,14.242341416017005,14.963138580322266,53925600
2008-04-09,15.040052583152946,15.101583796093054,14.418144710108647,14.457700729370117,48324400
2008-04-10,14.539007383980822,14.664267802862303,14.308263712915213,14.528018951416016,22372000
2008-04-11,14.339029312177372,14.67305653699485,14.339029312177372,14.528018951416016,26421600
2008-04-14,14.657675674310997,14.77634371997482,14.400562413672535,14.433526039123535,28443600
2008-04-15,14.567575367772982,14.62471220082486,14.06433565637633,14.141249656677246,23888000
2008-04-16,14.187396152326373,14.712610982360813,14.187396152326373,14.5346097946167,25136800
2008-04-17,14.56098254002952,14.888417375217465,14.506043730526873,14.732391357421875,22459600
2008-04-18,14.945552586754037,15.481754169298927,14.76754972316975,15.16310977935791,104099600
2008-04-21,15.268592583916034,15.932252574127785,15.130145729903585,15.596027374267578,58848000
2008-04-22,15.804792480394086,15.910275706748,15.382862928176436,15.4443941116333,47357600
2008-04-23,15.591638661582248,15.756455145009545,15.31474817657637,15.400452613830566,37319600
2008-04-24,15.646576358910824,16.039938538795163,15.391661088126469,15.88830852508545,38086800
2008-04-25,16.701406013121137,16.718986842887418,16.242118152528406,16.503625869750977,101460000
2008-04-28,16.8112839611721,16.98489088562329,16.45967574305587,16.62009620666504,132517200
2008-04-29,16.294853591391494,17.773805618286133,15.602624156184504,17.773805618286133,197308400
2008-04-30,17.888089259230778,18.637454274751487,17.815569577425375,18.338586807250977,147543600
2008-05-01,18.545144215532734,19.259348731901937,18.437464619435666,18.76709747314453,116395600
2008-05-02,19.182444821699033,19.228593244293304,17.800183460431516,18.184755325317383,136648800
2008-05-05,18.20673315380321,18.789085254315548,17.76062999438373,18.692392349243164,70377200
2008-05-06,18.782484548809194,19.371428781918375,18.62426047475004,19.235179901123047,75913200
2008-05-07,19.52086675440068,19.74281843496147,19.26375341557274,19.448347091674805,100464800
2008-05-08,19.668096071115393,19.723034886956498,18.88576787004994,19.184635162353516,92836400
2008-05-09,18.857204720809214,19.046194442646076,18.13420946896358,18.208927154541016,94312000
2008-05-12,18.382534802436655,18.564932139760415,17.162891976476818,17.997962951660156,147471600
2008-05-13,17.98257682784119,18.349567781078786,17.75403111177109,18.10344123840332,53249600
2008-05-14,18.305614603066047,18.53635662986793,17.899066013587188,18.070476531982422,51400400
2008-05-15,18.136400357094708,18.224302791652946,17.824348307182476,18.07486915588379,36688800
2008-05-16,18.17595613671178,18.206721736924365,17.857311701681628,18.101240158081055,34066800
2008-05-19,18.079274715442157,18.6220707825225,18.05290514236977,18.31001853942871,45473200
2008-05-20,18.21331412315696,18.424278957409804,18.00015294360318,18.18254852294922,40702000
2008-05-21,18.169370282001555,18.334186775243005,17.694697976698144,17.7672176361084,41831600
2008-05-22,17.70568141794131,17.71227380755493,16.73656158294831,16.98927879333496,85283600
2008-05-23,16.666237038288962,16.98927751790159,16.508014669641472,16.77831268310547,42196400
2008-05-27,16.903571482763642,17.347477975585385,16.3409986440027,17.303525924682617,62776400
2008-05-28,17.6441550042834,18.00894796696541,17.481536535454076,18.002355575561523,52996000
2008-05-29,18.33417646117137,19.107714029919368,18.241879679262638,18.734130859375,100613200
2008-05-30,18.90334592630903,19.241769213557465,18.8571975248569,18.978063583374023,72016000
2008-06-02,18.94510085327246,19.107719276995944,18.591294748866247,18.914335250854492,36856000
2008-06-03,19.12090540510688,19.32747420685942,18.905544515271757,19.241769790649414,48411600
2008-06-04,19.136285532696267,19.360435126100953,18.7407254542182,18.784677505493164,40684400
2008-06-05,19.00003703495927,19.171445846557617,18.808849380776845,19.171445846557617,27059600
2008-06-06,18.87698157001959,18.896758743262353,18.36055692394792,18.382532119750977,41748000
2008-06-09,18.4594422535452,18.66820908458235,17.70348360569766,18.050697326660156,45240000
2008-06-10,17.64635178030794,18.211122850875906,17.49472008233057,17.648548126220703,36048400
2008-06-11,17.800175243487512,17.800175243487512,17.053007058440976,17.083772659301758,56996400
2008-06-12,17.34967188438676,17.749626270142908,17.261771148123135,17.483722686767578,44605600
2008-06-13,17.637558501226913,17.978178164956343,17.613385287314543,17.91664695739746,30689200
2008-06-16,17.905660305621915,18.349565217490895,17.82215222921314,18.299020767211914,34384000
2008-06-17,18.48141757421331,18.67480328172446,18.389120764682787,18.606678009033203,33277600
2008-06-18,18.39791290650349,18.613272148991776,18.336381694363975,18.428678512573242,33724000
2008-06-19,18.345165082944106,18.547339467307093,17.9364202712629,18.518770217895508,36925200
2008-06-20,18.233093549312795,18.569318817033935,18.184747125556903,18.364946365356445,42546800
2008-06-23,18.426471650325723,18.53634924117632,17.804564083727573,17.8133544921875,30141200
2008-06-24,17.593596150138332,18.226492032773674,17.252976685646534,18.164960861206055,49891200
2008-06-25,18.31879788432116,18.551737914210527,17.98916500733832,18.03311538696289,50711600
2008-06-26,17.712269843633347,17.743035439344784,17.14530099135252,17.38263702392578,76562800
2008-06-27,17.316714060421408,18.211117844834728,17.261775248905604,18.151782989501953,176022800
2008-06-30,18.022123399443082,18.2045189308844,17.646342229944903,17.86829376220703,49301200
2008-07-01,17.501304486655282,17.89027214050293,17.40461165942099,17.89027214050293,44921600
2008-07-02,17.99795667437476,18.107834307702323,17.426593316391358,17.45296287536621,33804000
2008-07-03,17.439772552034245,17.5386617199538,16.976088952662085,17.156288146972656,28738800
2008-07-07,17.250783798685692,17.567231834179687,16.26188536436613,16.617889404296875,79944400
2008-07-08,16.45747086070999,17.47054271718009,15.87731712347499,17.373849868774414,95796400
2008-07-09,17.360659903887935,17.38263508743381,16.569541560043227,16.672826766967773,55322000
2008-07-10,16.64866030531273,17.057405255896732,16.23771733250416,16.97609519958496,52812000
2008-07-11,16.61349149360411,17.02003824669052,16.26188353624827,16.382749557495117,54645200
2008-07-14,16.721171466047373,16.74095030481767,15.93225114514497,15.94983196258545,42679600
2008-07-15,15.659757874320675,15.670744629661163,14.787329358838496,15.035652160644531,84268800
2008-07-16,15.015880671332017,15.94544468981421,14.615926075883422,15.872926712036133,92448800
2008-07-17,16.195967510331705,16.494834899902344,15.679542808673668,16.494834899902344,67268800
2008-07-18,16.314638648244635,16.369577492256262,15.848758324050333,16.13004493713379,46632000
2008-07-21,16.242112138853887,16.468459789338432,15.727883956485485,15.800403594970703,52937200
2008-07-22,15.294968468133435,16.31243657506525,14.921385130643058,16.27288055419922,65408000
2008-07-23,16.152009501798975,16.481642348774464,15.954229458293808,16.097070693969727,49942800
2008-07-24,16.024556892973944,16.202559835163402,15.37408137290621,15.400452613830566,36625600
2008-07-25,15.501535143999572,15.899291599924402,15.178494666416649,15.813587188720703,38690800
2008-07-28,15.912481472553488,16.1739891295194,15.4378092378392,15.50373649597168,35699200
2008-07-29,15.60921376904649,16.694805145263672,15.604819402136014,16.694805145263672,49040400
2008-07-30,16.976093857797416,17.33869037260427,16.32122244441417,17.23979949951172,76089200
2008-07-31,16.749742282244835,17.173869902273886,15.71029940696355,16.055315017700195,148888800
2008-08-01,16.108061971699925,16.28386518184993,15.459782918835261,15.763046264648438,61715600
2008-08-04,15.769636384217502,16.17398521829003,15.712499552759631,15.932254791259766,42686000
2008-08-05,16.086080203639217,16.312429471279046,15.892696228398442,16.173982620239258,34354800
2008-08-06,15.998188732217839,16.000385078370915,15.618011272720798,15.708111763000488,40924000
2008-08-07,15.5542757137295,15.657560945414811,15.237827629689296,15.272989273071289,43847200
2008-08-08,15.332324401377601,16.00917103320642,15.187286795471227,15.954232215881348,36354400
2008-08-11,15.919074568364866,16.811280555449294,15.811393263537516,16.43549919128418,55289200
2008-08-12,16.30584121047947,16.437695720609284,15.954233095532693,15.998185157775879,33734400
2008-08-13,16.010284164243846,16.322786902354093,15.950865291681852,16.269969940185547,29924800
2008-08-14,16.25676520726795,16.679304238950504,16.197344659018956,16.67710304260254,25839200
2008-08-15,16.723329449743556,16.84216894793273,16.468045907687625,16.6793155670166,26003200
2008-08-18,16.64190766032447,16.780552935871142,16.31619913997967,16.492258071899414,25850400
2008-08-19,16.38441227781464,16.558269916906948,16.199552010843473,16.228160858154297,21104800
2008-08-20,16.307383681693555,16.441628137886685,16.210552853553448,16.410818099975586,18118800
2008-08-21,16.27657318477174,16.426222655700197,16.10711798103945,16.369003295898438,15544800
2008-08-22,16.5846766434467,16.679307959266303,16.250165242819673,16.30518341064453,20955600
2008-08-25,16.17974078791502,16.481240928428416,16.093912587152285,16.135726928710938,18039600
2008-08-26,16.21275730653108,16.351404198357315,16.03670013330613,16.140132904052734,18667200
2008-08-27,16.071894949125042,16.395401803693467,16.032281830626463,16.384397506713867,19141600
2008-08-28,16.450429018545226,16.683705468009812,16.322786490754037,16.648494720458984,26741200
2008-08-29,16.496641507984354,16.725517208104044,16.439422163199268,16.703510284423828,19326400
2008-09-02,16.90817887174271,17.055627116104045,16.371201171058726,16.503244400024414,29898400
2008-09-03,16.408619673453618,16.5802761076586,15.860639130640457,16.076311111450195,35400800
2008-09-04,15.95967040673063,15.983878536446781,15.350069806930868,15.515124320983887,37670000
2008-09-05,15.398484399508549,15.840830919413508,15.240031814526406,15.792414665222168,40616800
2008-09-08,16.177548101057567,16.34920457506306,15.114596330150569,15.427099227905273,56669600
2008-09-09,15.482115995876624,15.482115995876624,14.784485854827201,14.852707862854004,49882000
2008-09-10,14.804285719188258,15.383077835599483,14.663439364241425,15.193815231323242,43936800
2008-09-11,14.835097251642862,15.70438349533733,14.755870968078392,15.614152908325195,47132000
2008-09-12,15.389677625289307,15.770403977894597,15.240028183903862,15.768202781677246,28240400
2008-09-15,15.110194332546135,15.620762995093228,15.022164905412843,15.268645286560059,38734400
2008-09-16,14.661243420484311,15.176212716468264,14.304725053172913,14.601822853088379,83596400
2008-09-17,14.482985108105856,14.953940592704361,14.08685522109993,14.104459762573242,67536800
2008-09-18,14.128661355002862,14.797682312885641,12.847839629355148,14.722858428955078,84189200
2008-09-19,15.627364392575783,15.660375636539063,14.753675421325292,15.31045913696289,68941600
2008-09-22,15.167407814588067,15.182812834125256,14.282716431555833,14.34433650970459,46266400
2008-09-23,14.491781509247968,14.848299753619298,14.108855625381533,14.722858428955078,43803600
2008-09-24,14.755873528846944,14.903321818116737,14.414760211023383,14.454373359680176,24532400
2008-09-25,14.469776809055265,14.628229386482207,14.20348910272096,14.216692924499512,23895200
2008-09-26,13.805158710932584,13.952607838755354,13.380418383823853,13.653308868408203,51171200
2008-09-29,13.27038024024807,13.309993383254136,12.299859915620493,12.720198631286621,78439200
2008-09-30,12.407698666743315,13.519065598521657,12.407698666743315,13.510262489318848,38720400
2008-10-01,13.369415701134312,13.666513492021915,13.030503562536575,13.492656707763672,27054000
2008-10-02,13.532267219446886,13.532267219446886,12.612363502371258,12.673983573913574,35216000
2008-10-03,12.999691153263761,13.241770728454423,12.392291018697621,12.508929252624512,58355600
2008-10-06,11.756279092142117,12.328468414404695,11.058649281713459,12.1876220703125,87360800
2008-10-07,12.324069821710824,12.420901496657581,11.140078593062057,11.256717681884766,75845600
2008-10-08,10.785758765503266,11.978552805621266,10.508467632950314,11.582422256469727,75210400
2008-10-09,11.837710961982486,12.310866772369268,10.873792282394666,10.970623970031738,42537600
2008-10-10,10.343415627112755,11.872920871790063,10.343415627112755,11.443778991699219,72541600
2008-10-13,12.10179751269673,12.984288624393704,11.793695412923793,12.955678939819336,49433200
2008-10-14,13.644503525201369,13.668711649648404,12.159013222054446,12.678384780883789,53142400
2008-10-15,12.21843232227372,12.32406708223736,10.68012429387414,10.948613166809082,76699200
2008-10-16,11.03663924354562,11.736470053011882,10.572286006625093,11.679250717163086,56062800
2008-10-17,11.333744418941702,12.119403916356024,11.333744418941702,11.492197036743164,35098400
2008-10-20,11.732074258981829,11.844310950522814,11.250114577720176,11.445979118347168,35965600
2008-10-21,11.30073008936298,11.679255310903866,11.067453620794268,11.157683372497559,28995600
2008-10-22,10.99702877625208,11.44377591346118,10.56348545857955,10.675722122192383,40243600
2008-10-23,10.730741841077716,10.904599432762563,10.066123189453284,10.633910179138184,47970000
2008-10-24,9.6391881785235,10.673530474923453,9.62598434821275,10.55909252166748,40798800
2008-10-27,10.345614424263514,10.827574042556176,10.22017308677897,10.25318431854248,41901600
2008-10-28,10.54148452439223,11.351352270342314,10.3544221927045,10.997035026550293,58436000
2008-10-29,11.091667551208507,11.77609313649364,10.895802087652044,11.155488014221191,55994400
2008-10-30,11.133479600725858,12.359284656889757,11.131279242779708,11.938945770263672,74913200
2008-10-31,11.859713943427854,12.341673542326566,11.6638494362725,12.18101978302002,40372800
2008-11-03,12.306461211436027,12.346074352462962,11.423970324137011,11.551612854003906,28425200
2008-11-04,11.96755067424423,13.30339156268895,11.857514351706703,13.162545204162598,73603600
2008-11-05,12.828037735346706,13.02830385643803,12.418702383783831,12.427505493164062,44992000
2008-11-06,12.112798953063043,12.324068497247614,11.166486718497923,11.340343475341797,52092800
2008-11-07,11.542811502815141,12.05998193225486,11.291928797827001,11.773887634277344,30906400
2008-11-10,12.170023961763166,12.170023961763166,11.267725944373565,11.441583633422852,26516800
2008-11-11,11.221507910911324,12.101798755510389,11.082861867823956,11.837711334228516,32392800
2008-11-12,11.565386910900681,12.270996947130126,11.2853478936003,11.41103458404541,42746000
2008-11-13,11.439704771656228,12.035063502869841,11.000903090313326,12.004192352294922,38733600
2008-11-14,11.710919986840857,12.568676926729752,11.565387971861668,11.960088729858398,37410400
2008-11-17,11.710918916488477,11.957882134848896,11.391189276712863,11.633742332458496,29303200
2008-11-18,11.64035982017791,12.145312163102279,11.600669191580636,12.048290252685547,31482800
2008-11-19,11.907166520182692,12.312892227849831,11.298578379258236,11.373549461364746,34948000
2008-11-20,11.071460183355516,11.311808590232111,10.584148545929938,10.615018844604492,50990000
2008-11-21,10.936953872121302,10.936953872121302,9.600705569652337,10.226934432983398,84771200
2008-11-24,10.498153438686064,11.025155748899017,10.094632334523098,10.963415145874023,44853600
2008-11-25,11.104537273085434,11.239044311055196,10.804652894887797,10.92151927947998,44959600
2008-11-26,10.762757109335254,11.466161727905273,10.628250077558102,11.466161727905273,27670000
2008-11-28,11.402212520073157,11.629331233685248,11.283140671129232,11.589640617370605,10610000
2008-12-01,11.24565815199231,11.27652845155062,10.51138242184428,10.595173835754395,30951600
2008-12-02,10.736293358307032,10.972231557956725,10.480509850221736,10.954591751098633,26573200
2008-12-03,10.610611209398607,11.631541016616849,10.608406548033475,11.56318473815918,36399600
2008-12-04,11.450726248877949,11.631538726721507,11.073666143215352,11.203763008117676,30484400
2008-12-05,10.970027135423473,11.790298780346523,10.694398312925397,11.72635269165039,40991600
2008-12-08,11.995368304972368,12.716412661394767,11.90055190998789,12.383453369140625,53093600
2008-12-09,12.237920092387936,12.445192670417105,11.708712400580456,11.803528785705566,32127200
2008-12-10,11.719740148058326,11.874091645749965,11.234633157899044,11.721944808959961,30186800
2008-12-11,11.554362042554146,12.037263498066414,11.404419876785926,11.486005783081055,29928400
2008-12-12,11.137609238139019,11.88731998180721,11.135404577636653,11.675637245178223,25100000
2008-12-15,11.644766970257738,11.856449707232606,11.415443584625416,11.631536483764648,21858800
2008-12-16,11.752814088610132,12.07915854864977,11.629332901172297,12.076953887939453,30714400
2008-12-17,11.971116777569886,12.3481769799009,11.920401151626486,12.20705509185791,24687600
2008-12-18,12.209258225346646,12.390070726916862,11.922604320990402,12.061521530151367,30374800
2008-12-19,12.019624484057182,12.398890112777716,11.858657310302048,12.12105655670166,35585200
2008-12-22,12.096798838864807,12.180590242955246,11.682252822006948,11.85204029083252,14083600
2008-12-23,11.801325702867654,11.995368661292048,11.713124128724052,11.829991340637207,10670400
2008-12-24,11.783686329141263,11.85204259857123,11.609489505108039,11.662409782409668,6529600
2008-12-26,11.63814742236995,11.78808952130756,11.45072021927401,11.74178409576416,6476400
2008-12-29,11.69768788348209,11.816759745074513,11.450724676631209,11.503644943237305,13801600
2008-12-30,11.510267422964608,11.510267422964608,11.084696171732972,11.24345874786377,17095200
2008-12-31,11.159658308622273,11.635944812338794,11.15745280731142,11.565383911132812,16371600
2009-01-02,11.669022079333555,11.843219706789105,11.519080765353701,11.783683776855469,13199200
2009-01-05,11.686663993354404,12.193820941816632,11.686663993354404,11.867476463317871,16600000
2009-01-06,12.017417526126803,12.78476812226963,12.017417526126803,12.703182220458984,32506400
2009-01-07,12.500317793422449,12.778152111729371,12.34596632897682,12.427552223205566,28441600
2009-01-08,12.350378576396038,12.414324678906224,11.746200538007127,12.295252799987793,34683600
2009-01-09,12.352582979558843,12.41652907638011,12.0791587827918,12.264381408691406,16702400
2009-01-12,12.191619664424998,12.381252512660947,11.589646151097517,11.677846908569336,31520400
2009-01-13,11.631541781452158,11.761638680521147,11.358117490795147,11.717537879943848,23133200
2009-01-14,11.468366792811915,11.600669168254345,11.073666851014568,11.239044189453125,25246800
2009-01-15,11.108947059663727,11.212582950707857,10.473897859203992,10.888443946838379,47446400
2009-01-16,10.811265772816043,10.903877504068772,9.968944072203245,10.45405101776123,69204800
2009-01-20,10.154171287041422,10.23355256655309,9.274364068477148,9.353744506835938,59766000
2009-01-21,9.525731276801514,9.9557123631272,9.415479759341201,9.74182415008545,50503200
2009-01-22,9.653622599656268,10.072578702466389,9.532346098680389,9.74182415008545,31927600
2009-01-23,9.413277155646442,9.801363087616977,9.21261936574605,9.772697448730469,22617200
2009-01-26,9.768291815629627,9.97556536671761,9.375796379803743,9.391231536865234,24009200
2009-01-27,9.589678432997811,9.74402990181015,9.402250327629028,9.735210418701172,26436000
2009-01-28,10.12329675637752,10.469486537927336,9.977764751656913,10.412156105041504,32089600
2009-01-29,10.12991130577787,10.60840343213334,9.97776448168966,10.202677726745605,26097600
2009-01-30,10.37467222482382,10.881829261779785,10.332776932427732,10.881829261779785,30315200
2009-02-02,10.641483119208528,11.022954361630196,10.482721401256569,11.01854419708252,28544000
2009-02-03,11.071460615529688,11.234633282089339,10.626044245896681,10.670145034790039,28953600
2009-02-04,10.773780869082488,11.078075361944679,10.707630111804406,10.833316802978516,33166400
2009-02-05,11.51908449780827,12.149722776791757,11.35591180276809,11.849839210510254,96728400
2009-02-06,11.896139596999351,12.348170676757313,11.836603673155272,12.218073844909668,45907600
2009-02-09,12.24233535766429,12.425352540277133,12.039472016154829,12.198234558105469,31874400
2009-02-10,12.156338606688784,12.348176107115853,11.821173725700168,11.874094009399414,38071600
2009-02-11,11.95252146516792,12.202176962455425,11.819961486549236,12.142524719238281,23668000
2009-02-12,11.99228914718561,12.504855613423743,11.731587135916726,12.46066951751709,34827600
2009-02-13,12.577761128903541,12.803113702948009,12.208801249710605,12.361246109008789,40788000
2009-02-17,12.082875944052171,12.19555271673479,11.85752324148297,11.985665321350098,35581600
2009-02-18,12.056360614163191,12.568927099447636,11.985661846730563,12.405436515808105,36329200
2009-02-19,12.582185773532242,12.792073147090981,12.25962248180396,12.290553092956543,35102400
2009-02-20,12.074037319669513,12.39218181507129,12.040896899341956,12.29718017578125,42908000
2009-02-23,12.381137245744954,12.557884215565105,11.92822287220706,11.985665321350098,31967200
2009-02-24,12.005551002942843,12.58881650222814,11.844269318882601,12.449627876281738,43590800
2009-02-25,12.396601774127864,12.493812390722798,12.182295612611691,12.244156837463379,34394800
2009-02-26,12.427532406723476,12.51811527588731,12.104969101193333,12.385555267333984,35902400
2009-02-27,12.151364680893943,12.79207333755037,12.151364680893943,12.52916145324707,47237200
2009-03-02,12.356834355910447,12.586605837638427,11.901710172041104,11.965781211853027,39060000
2009-03-03,12.091710236364156,12.290551050437525,11.755890663037915,12.009964942932129,42195600
2009-03-04,12.151363997454936,12.343576246522733,11.908337054624202,12.215435028076172,35775200
2009-03-05,12.051944562138306,12.259622975897223,11.638798388471239,11.802289009094238,44144800
2009-03-06,11.877407650614126,11.963572590861238,10.872158442358383,11.08867359161377,60701600
2009-03-09,10.973784617807313,11.285302175059448,10.76831689970684,11.002506256103516,33554400
2009-03-10,11.26541773710451,11.68077278137207,11.177043857203108,11.68077278137207,38644400
2009-03-11,11.855315621911506,11.855315621911506,11.161583159691103,11.349376678466797,36124400
2009-03-12,11.333909651405286,11.950315475463867,11.106347989042238,11.950315475463867,43276000
2009-03-13,11.98787369029067,12.228691688002174,11.422283415148781,11.49960994720459,49564400
2009-03-16,11.705075964676478,11.870776361984122,11.457630274013221,11.526119232177734,33474400
2009-03-17,11.488562324866486,12.235319111965662,11.340537022530436,12.215435028076172,25730400
2009-03-18,12.029850156151756,12.482764449935368,11.811125240092613,12.440787315368652,45296400
2009-03-19,12.456257152701117,12.526955953907253,11.583567824492414,11.641010284423828,41743600
2009-03-20,11.753681798115377,12.009965048055522,11.59902792390416,11.605655670166016,33476000
2009-03-23,11.901705232956411,12.27950272426795,11.687399990114073,12.270665168762207,44656800
2009-03-24,11.992291388401952,12.104968145290828,11.769148528305891,11.842056274414062,43555600
2009-03-25,11.919380449654959,12.096127347358594,11.329486677749193,11.65425968170166,58624800
2009-03-26,11.793452575155243,12.325903274628217,11.603449274109153,12.261832237243652,59466400
2009-03-27,11.992293069344592,12.440789506083512,11.976827762160081,11.985665321350098,32687200
2009-03-30,11.775775557260067,12.118222900427345,11.711704530214433,11.819962501525879,38596400
2009-03-31,12.018804105655155,12.42311269123257,11.895080822278393,12.283924102783203,47446400
2009-04-01,12.09612857771028,12.372295896836086,11.848682895756374,11.994499206542969,44144400
2009-04-02,12.252995653302955,12.617536977830273,12.177878082791704,12.281717300415039,47396800
2009-04-03,12.211016042988552,13.291382616222652,12.211016042988552,13.27370834350586,57694800
2009-04-06,12.968820147818024,13.264871608654339,12.75893277346163,13.063821792602539,44927600
2009-04-07,12.898118976525343,12.982073236471644,12.608695316659272,12.626370429992676,27122400
2009-04-08,12.769978117619127,12.785443421822317,12.462880158733112,12.774396896362305,23815600
2009-04-09,13.001960176515437,13.15219530170073,12.732421381279687,12.988704681396484,45785600
2009-04-13,12.849514235665342,13.565340367031661,12.814164849103786,13.501269340515137,38124400
2009-04-14,13.280335550252358,13.459291452161926,12.842886572657168,12.887073516845703,35712000
2009-04-15,12.820794394627422,13.096961779263001,12.648466216309531,13.059403419494629,29687600
2009-04-16,12.83626146121408,13.116847663621252,12.703701435527018,12.829633712768555,36114000
2009-04-17,12.853938064583982,13.063825498480144,12.650678379898418,12.814169883728027,37814400
2009-04-20,12.593231131813742,12.743466237301154,12.142525815351506,12.151363372802734,42577200
2009-04-21,12.116011581385164,12.968816321885633,11.985660584633088,12.953351020812988,37746000
2009-04-22,12.76997885292683,13.242777249324813,12.63962782228287,12.705907821655273,34680000
2009-04-23,12.869397568695504,13.028470220355153,12.615323288160877,12.864978790283203,35890800
2009-04-24,13.10359138372465,13.421735932040518,12.823005198083916,13.339990615844727,39686000
2009-04-27,12.986495993981913,13.194174425304968,12.953356410521206,13.006380081176758,29496800
2009-04-28,12.84730502819697,13.706737657722739,12.836257660330824,13.412895202636719,42287600
2009-04-29,13.673601420733474,14.082329715679586,13.589646287495425,14.031514167785645,59240400
2009-04-30,14.170700040043839,15.023505018593713,14.122094312936042,14.351865768432617,101753600
2009-05-01,14.172909845237793,14.647918061427978,13.839299188435588,14.362913131713867,60616800
2009-05-04,14.599308378154523,15.147223350908552,14.298838224479834,15.067687034606934,78935200
2009-05-05,14.983737418059642,15.133972541368436,14.795943935321631,14.8887357711792,56786000
2009-05-06,15.038969406037472,15.072109825732866,14.526402862936244,14.623614311218262,41830400
2009-05-07,14.720823479871722,14.802569620409383,14.438028389654095,14.47779655456543,34731200
2009-05-08,14.575009254692002,15.127343989609288,14.471170054832859,15.11850643157959,37834800
2009-05-11,14.758388605050927,15.01246130029621,14.56617546081543,14.56617546081543,25980000
2009-05-12,14.767215366214936,14.857799039330335,14.296626947692857,14.409303665161133,36373600
2009-05-13,14.233384808492005,14.487868862065541,14.05413945251938,14.266578674316406,47555600
2009-05-14,14.158146189570298,14.405990964863225,14.0541395306206,14.277642250061035,32861600
2009-05-15,14.262145885527596,14.494501159592936,14.166991077558196,14.399346351623535,24682000
2009-05-18,14.454674666501472,14.726862334080236,14.220107613097573,14.695881843566895,59304400
2009-05-19,14.611789382645842,14.673750358961454,14.226744966748841,14.339603424072266,45784400
2009-05-20,14.44139630635618,14.817588902824575,14.297557364773581,14.375008583068848,33858000
2009-05-21,14.275431344747803,14.675966068453146,14.266579534107155,14.6671142578125,55723600
2009-05-22,14.806525934333099,14.937086322914965,14.434758384985926,14.54982852935791,21735200
2009-05-26,14.558682620978303,14.8021015059978,14.445824145008165,14.775546073913574,20556800
2009-05-27,14.678175984221676,15.07871061353948,14.439182218174764,14.587446212768555,27156800
2009-05-28,14.669325737016214,14.824228182435801,14.549828841273946,14.71579647064209,20184000
2009-05-29,14.744561089064282,15.025600506002158,14.560891560107194,14.98355484008789,32198400
2009-06-01,15.158375659245577,15.257955553945855,14.565317974679923,14.751202583312988,43628000
2009-06-02,14.69367281611345,14.826446627352995,14.494511255098825,14.784400939941406,31043600
2009-06-03,14.757840070103729,15.21591059526557,14.576382221689615,15.098627090454102,35362800
2009-06-04,15.147314726544238,15.76471463653685,15.118547606034397,15.384095191955566,56221200
2009-06-05,15.492524769948094,15.676194321951705,15.224763875564319,15.330982208251953,74260800
2009-06-08,15.19377911074097,15.623080757661153,15.169437064621174,15.446049690246582,20636000
2009-06-09,15.505794885978124,15.572182581225507,15.151731117380274,15.18713665008545,21773200
2009-06-10,15.275657663438865,15.472605747421978,15.038877287846264,15.328766822814941,33797200
2009-06-11,15.346472145889992,15.401794685484628,14.751202767902459,14.764479637145996,43948800
2009-06-12,14.802101014512806,14.870700434731475,14.231171905985866,14.242237091064453,80963200
2009-06-15,14.158143076314024,14.578593836427277,13.956769082389888,14.257723808288574,25564400
2009-06-16,14.405984971905744,14.405984971905744,13.746540584379249,13.821779251098633,29788400
2009-06-17,13.82178019251969,13.963405729130793,13.454438640376596,13.57614803314209,32063600
2009-06-18,13.60049037765986,13.744329291260067,13.416820019653008,13.589426040649414,32168400
2009-06-19,13.653604013538699,13.742119577351728,13.4677202321298,13.580577850341797,25469200
2009-06-22,13.441164234659944,13.932427799198537,13.432312425962506,13.551809310913086,30168000
2009-06-23,13.57172384188666,13.912509994597794,13.569510467898464,13.86825180053711,19989600
2009-06-24,13.941279888690019,13.9744737498965,13.476570896729001,13.51861572265625,22798800
2009-06-25,13.47435831676173,13.781951518008949,13.337158647719772,13.7089262008667,20882800
2009-06-26,13.680154795011198,14.122735023498535,13.622619736735954,14.122735023498535,19751600
2009-06-29,14.138227409569382,14.138227409569382,13.830634239155355,13.936853408813477,22680800
2009-06-30,13.885956536437375,14.147078973897992,13.724414832610876,13.7775239944458,49253600
2009-07-01,13.781950394164193,13.846124740830826,13.450015166218774,13.45444107055664,26167600
2009-07-02,13.454441908853202,13.653603395691443,13.295113563537598,13.295113563537598,21514800
2009-07-06,13.292900671866235,13.52082928073747,13.255281747516817,13.425674438476562,23382400
2009-07-07,13.571723599838176,13.571723599838176,13.14463359645608,13.21323299407959,30361600
2009-07-08,13.215450284163015,13.348224059167096,12.834830891057212,13.16455364227295,64080400
2009-07-09,13.308389012727156,13.421247457940995,13.222085992360633,13.374775886535645,26616400
2009-07-10,13.248643881253638,13.350438013609985,13.146850593052404,13.246431350708008,16654800
2009-07-13,13.301750192269438,13.37034959407875,13.078246682481042,13.354859352111816,30640000
2009-07-14,13.388056851516344,13.390269382047027,13.197747147983693,13.341586112976074,13291200
2009-07-15,13.49869770561644,13.885955426679207,13.425671558735996,13.863826751708984,36492400
2009-07-16,13.819567593231135,14.321896246225279,13.764245065511357,14.253296852111816,50086000
2009-07-17,14.2178938764288,14.38386150922758,14.16257133216254,14.184700012207031,18075600
2009-07-20,14.242236398375756,14.88840333141731,14.22895952757535,14.852997779846191,32220400
2009-07-21,14.852994058328532,14.870695985523692,14.558677781721595,14.85963249206543,17742800
2009-07-22,14.74234952951324,14.950361110168972,14.675961813112833,14.793245315551758,25328400
2009-07-23,14.870693321356962,15.012318843403454,14.742346352715037,14.868481636047363,19396000
2009-07-24,14.664897609408749,14.970279099254453,14.660472549231363,14.89061450958252,13194800
2009-07-27,14.88176087446016,15.116327866199992,14.850780392091112,15.089774131774902,14245200
2009-07-28,14.983550758390098,15.114112780410506,14.633912035098694,14.67153263092041,22644800
2009-07-29,14.737926296648446,14.802100654259931,14.543191537500267,14.777758598327637,22032400
2009-07-30,14.97913819631664,15.419505339715423,14.788828438202454,14.872918128967285,57776000
2009-07-31,14.813159185396938,14.864054960714236,14.461307063888217,14.485649108886719,33046800
2009-08-03,14.647195775563775,15.293362617492676,14.58302142856051,15.293362617492676,30334400
2009-08-04,15.120760237701102,15.293366328896719,15.02560538123297,15.291152954101562,18686400
2009-08-05,15.311063963174023,15.311063963174023,15.016747697993052,15.131817817687988,19874400
2009-08-06,15.162797672319096,15.421708385465816,15.036662376502823,15.191566467285156,20892800
2009-08-07,15.32212991469912,15.412859688964891,15.209273150825474,15.306639671325684,15380400
2009-08-10,15.277872253835527,15.377452146632338,15.180504046969403,15.242465019226074,10038800
2009-08-11,15.167228033040269,15.324343846778273,15.165014658674956,15.182718276977539,14537600
2009-08-12,15.135068594943379,15.303507375291034,15.044199749328934,15.170528411865234,14430400
2009-08-13,15.181612762128522,15.265831319092959,15.05750084851819,15.221506118774414,14968400
2009-08-14,15.137289659750397,15.22150822838704,14.959985452106872,15.026474952697754,12207600
2009-08-17,14.81370364069451,14.844733302593875,14.63640119081266,14.7228364944458,19771200
2009-08-18,14.771587971040514,14.924510984271581,14.74942538704003,14.851374626159668,17076800
2009-08-19,14.700675291357511,14.90235712196318,14.660781940450116,14.893491744995117,15451600
2009-08-20,14.869113111963925,15.068579876305893,14.793759940377983,15.0286865234375,12149200
2009-08-21,15.14614519474613,15.303503482041128,15.037547313747211,15.292421340942383,27450800
2009-08-24,15.347831217490862,15.403238550405993,15.017603986768023,15.059712409973145,19978400
2009-08-25,15.104043489880352,15.292428135984604,15.048636141561568,15.287996292114258,17574400
2009-08-26,15.2037772230093,15.609359450063584,15.170532473252713,15.55838394165039,18964400
2009-08-27,15.443132808048574,15.569461466905707,15.354480731979177,15.44978141784668,20604000
2009-08-28,15.525135866795248,15.624868392944336,15.354480328934155,15.624868392944336,14021600
2009-08-31,15.447557917338816,15.806597908009936,15.425395330706593,15.75783920288086,21521200
2009-09-01,15.686917022493411,15.957304960421837,15.545074447005856,15.553939819335938,22288400
2009-09-02,15.463080544593355,15.704657439405084,15.387727369724141,15.536218643188477,13335200
2009-09-03,15.60492267261022,15.74676531522545,15.469728639664817,15.715737342834473,17066400
2009-09-04,15.658117141405869,15.724604945564362,15.525139842190786,15.593844413757324,9894400
2009-09-08,15.669191557024586,15.79108835401102,15.549513217489205,15.72459888458252,12220400
2009-09-09,15.793305355051169,15.802170730499759,15.553945290631681,15.620434761047363,16388000
2009-09-10,15.598271562840443,16.065909582198625,15.573892201384037,16.026016235351562,17001600
2009-09-11,16.068127423762782,16.068127423762782,15.901905415930754,16.02158546447754,15394000
2009-09-14,15.84870768950539,16.178934789147814,15.846490923617377,16.150123596191406,13099200
2009-09-15,16.17894711745412,16.278679676750365,16.04153627293868,16.2232723236084,15351200
2009-09-16,16.23435290549271,16.533552245434805,16.103592376315035,16.420520782470703,16601600
2009-09-17,16.389485103015993,16.59116856588713,16.245427419133488,16.360673904418945,14236400
2009-09-18,16.382836084960996,16.460405995317423,16.214399048443394,16.35402488708496,15210000
2009-09-21,16.19445382484193,16.467058623684874,16.18115660715604,16.2653751373291,12940400
2009-09-22,16.3119207926892,16.562363055269824,16.24986484153933,16.49144172668457,15248400
2009-09-23,16.4914445489219,16.619988316488534,16.347385100014694,16.382844924926758,14976400
2009-09-24,16.2653759148724,16.38062410998425,16.01271862137783,16.296403884887695,16050400
2009-09-25,16.216620214193178,16.234350969190032,15.343401666821352,15.660331726074219,48175200
2009-09-28,15.757852530436224,15.924074607109388,15.62709197508457,15.766717910766602,18369600
2009-09-29,15.777788895902535,15.988336034364199,15.338962179965995,15.41874885559082,41892400
2009-09-30,15.45864080049691,15.514048115194031,15.2059835807498,15.316798210144043,30467200
2009-10-01,15.241449600039678,15.549515951044521,15.241449600039678,15.319021224975586,28217200
2009-10-02,15.168306521220002,15.314580948015628,14.747210604983142,15.024247169494629,35416400
2009-10-05,15.04198567331116,15.292426248070825,14.999875552700168,15.106258392333984,19902400
2009-10-06,15.22371480596431,15.225929881175967,14.937812850229584,15.128414154052734,36431200
2009-10-07,15.325669667211663,15.81103678682392,15.272479097438621,15.704655647277832,49056800
2009-10-08,15.75784671389933,15.963962080528677,15.662546024148174,15.89747428894043,24105200
2009-10-09,15.857580933005492,16.2432155349778,15.811037280740173,16.165645599365234,20736800
2009-10-12,16.473705368576237,16.608899369410835,16.2565079225297,16.334077835083008,19282400
2009-10-13,16.342947371099033,16.617768975407905,16.22991762298096,16.549062728881836,23606000
2009-10-14,16.5845218388033,16.67760574411787,16.354027151192845,16.57787322998047,27132800
2009-10-15,16.442684523505207,16.8083716540189,16.405006243180626,16.639934539794922,22272400
2009-10-16,16.56235736267676,16.639927274952797,16.400567239160516,16.464839935302734,14942000
2009-10-19,16.460410298177305,16.62220045998278,16.22105189663578,16.61111831665039,14582800
2009-10-20,16.721930168544866,16.821664369036995,16.50251763289799,16.63327980041504,16502800
2009-10-21,16.582312685476506,17.063248107972264,16.582312685476506,16.664316177368164,16275600
2009-10-22,16.755170363091878,16.817226280330853,16.45818799033479,16.775117874145508,21757600
2009-10-23,16.82831451756656,16.86377432988405,16.318566399684556,16.427165985107422,25499200
2009-10-26,16.615558895963318,16.80616034399844,16.059268544563214,16.130189895629883,34836400
2009-10-27,16.314145220336542,16.500313161204232,16.07035314452943,16.37841796875,40189600
2009-10-28,16.60889682615877,17.291513642998854,16.56900349282616,16.970151901245117,77930400
2009-10-29,17.06767661270717,17.33141438778587,16.806153913668563,17.12751579284668,41498400
2009-10-30,17.056588605870573,17.176268615908434,16.657656929974866,16.790634155273438,27308800
2009-11-02,16.863772150215897,17.324761487042437,16.80614975128557,17.129728317260742,25322800
2009-11-03,17.014487304482422,17.21395409106153,16.79950821933953,17.209522247314453,26090800
2009-11-04,17.35357029490267,17.619524708483272,17.31367696377589,17.355785369873047,24364000
2009-11-05,17.40234099806431,17.674945923704133,17.34693364407151,17.639484405517578,16350400
2009-11-06,17.508718141986225,17.708184889378266,17.431148209916458,17.657209396362305,15763600
2009-11-09,17.699309997062766,18.093809745978184,17.663848509525888,17.987428665161133,26318800
2009-11-10,17.92981497305187,18.06057547952446,17.854460113860966,17.974140167236328,19660000
2009-11-11,18.089386815340404,18.166956743913097,17.81456522425768,17.91208267211914,14662800
2009-11-12,17.90875285931443,17.999760762083593,17.609090130731925,17.740053176879883,12969200
2009-11-13,17.74228210452202,17.799995494127504,17.48035418987274,17.75782012939453,13697600
2009-11-16,17.78000667065276,17.844378934208265,17.584671373099884,17.657922744750977,23030400
2009-11-17,17.66014392309349,17.908753906827233,17.60021205127822,17.879898071289062,15734000
2009-11-18,17.799995089883783,17.950936625296414,17.68234980516114,17.844388961791992,11470800
2009-11-19,17.751163096352776,18.10188048746777,17.364930941849796,17.79777717590332,36533600
2009-11-20,17.695668029904482,17.855488682031865,17.67568960162971,17.75782012939453,12538400
2009-11-23,17.930946250056316,17.93538665039909,17.73783117305908,17.85547637939453,17463600
2009-11-24,17.835497968530756,17.899870225381836,17.66901851948999,17.895431518554688,12153200
2009-11-25,17.935383745486465,18.17955322577935,17.8399354757746,18.155136108398438,11494800
2009-11-27,17.775572960531335,17.94427098122277,17.669025326947686,17.831066131591797,9295200
2009-11-30,17.831064639635308,18.06413492247754,17.80220710924743,17.979785919189453,15704800
2009-12-01,18.077456261644894,18.512522527119415,17.979787736950765,18.41707420349121,24410000
2009-12-02,18.434823201425868,18.512513264690167,18.219509530724554,18.250585556030273,12852800
2009-12-03,18.279445575914544,18.341597640787842,17.742272222633304,17.764469146728516,19122800
2009-12-04,17.999756947172315,18.110743244866608,17.47146277981343,17.817739486694336,21865600
2009-12-07,17.815524708942515,17.899873703178862,17.722294912293346,17.742273330688477,9660800
2009-12-08,17.67346164848649,17.848820231772162,17.657923631917726,17.755590438842773,10418800
2009-12-09,17.67346944477956,18.18622591125776,17.646832107403956,18.146270751953125,16743600
2009-12-10,18.175120490753574,18.370457512176117,18.064134162587845,18.272789001464844,14546800
2009-12-11,18.266130939290758,18.290548068100197,18.01086203397562,18.055255889892578,11518800
2009-12-14,18.858791393157563,19.06966637368084,18.532491408839487,18.81661605834961,70498800
2009-12-15,18.696764308402713,19.134049176001245,18.623512899039415,19.120731353759766,38040000
2009-12-16,19.142918781344893,19.418166056762946,19.058569793178112,19.31827735900879,33778800
2009-12-17,19.198411937813844,19.400407840248864,18.978659512381483,19.31827735900879,38240000
2009-12-18,19.400415714938877,19.908733437744253,19.398195513594246,19.748912811279297,337533600
2009-12-21,19.746683371156667,19.771100493971424,19.229486778468267,19.424823760986328,44560800
2009-12-22,19.45812921638944,19.526940216844483,19.058577647740144,19.156246185302734,28816800
2009-12-23,19.191751028396066,19.311616437089643,19.01195376211398,19.122940063476562,23111600
2009-12-24,19.22061108881691,19.26722683594699,19.045254184350902,19.154020309448242,6912400
2009-12-28,19.18509518059301,19.311619516581665,19.109623603002905,19.258346557617188,13439600
2009-12-29,19.233927320055518,19.59574207080042,19.233927320055518,19.538028717041016,18743200
2009-12-30,19.41595117644915,19.595748510749136,19.41595117644915,19.564672470092773,12350800
2009-12-31,19.52915544599644,19.57354930075797,19.349356439123135,19.413728713989258,12643600
2010-01-04,19.53359642943641,19.70451465304641,19.41373097539735,19.564672470092773,20180000
2010-01-05,19.378211717429043,19.429264475121542,19.089646614454974,19.34047508239746,25833600
2010-01-06,19.313834750659968,19.32937276359226,19.0674450502219,19.08076286315918,16254000
2010-01-07,19.08298797027908,19.311619516581665,18.98975986871204,19.258346557617188,27841200
2010-01-08,19.27166937400862,19.398193742823988,19.1407062964266,19.31162452697754,11907200
2010-01-11,19.424824159316785,19.520272452227225,19.127379972345103,19.25612449645996,12912000
2010-01-12,19.218391917668644,19.32271933127717,19.0563511424543,19.165117263793945,12842000
2010-01-13,19.191759454388485,19.35601877833725,19.07855290311156,19.342700958251953,13428800
2010-01-14,19.304966684700716,19.429270859248575,19.20063924098346,19.40929412841797,18379600
2010-01-15,19.418175700787597,19.431493523029076,19.0718970808509,19.120731353759766,21295200
2010-01-19,19.127389028125172,19.624609144213412,19.023061577932395,19.500303268432617,15239600
2010-01-20,19.462557634237793,19.47587544831147,19.15845456259532,19.404844284057617,12771200
2010-01-21,19.411510156198254,19.511398878141847,18.672342420104847,18.74559211730957,28140800
2010-01-22,18.652367383301428,18.732277697951396,18.12185271819147,18.36380386352539,29776400
2010-01-25,18.512515243134516,18.60352312882266,18.07079024178176,18.208412170410156,16147200
2010-01-26,18.057472536754762,18.32162049996831,17.97756225701817,18.013078689575195,12437600
2010-01-27,17.953144441020243,18.674555437740448,17.893212580286196,18.625722885131836,19335200
2010-01-28,18.72561182506127,18.75224915121322,18.0707932221899,18.346038818359375,13070800
2010-01-29,18.33493648510985,18.863232358799127,18.17289743491515,18.208412170410156,20281600
2010-02-01,18.26612550421189,18.812177898394634,18.246147089531895,18.570228576660156,16098000
2010-02-02,18.703413764496986,18.750027812295222,18.53471409614381,18.647920608520508,14441600
2010-02-03,18.69897847126145,18.75447164239585,18.223957061832394,18.53915786743164,32197600
2010-02-04,18.92316887648098,19.12960351378327,18.379336548053416,18.434829711914062,66486800
2010-02-05,18.494760935184665,18.614626368142407,17.877677245656102,18.326061248779297,38687200
2010-02-08,18.401533474894283,18.73005205657982,18.32606189141498,18.434829711914062,23966800
2010-02-09,18.576887616894844,18.674554410255034,18.357133521422167,18.483657836914062,17968000
2010-02-10,18.560361737542785,18.65373171895987,18.426978230456914,18.593708038330078,14572800
2010-02-11,18.627050819506632,18.942725455710736,18.50700517699317,18.92716407775879,18044800
2010-02-12,18.78488242156158,18.8826977366742,18.595922405054225,18.84712791442871,22114800
2010-02-16,18.94717320221594,19.105010525893853,18.9405025862326,19.091670989990234,16065600
2010-02-17,19.120572868645425,19.238394982680347,19.06499627175626,19.21171760559082,14976800
2010-02-18,19.118350282035802,19.440693881621584,19.118350282035802,19.331764221191406,15289200
2010-02-19,19.118344735093636,19.336205688807652,19.004968029790284,19.298412322998047,13672000
2010-02-22,19.351765219439407,19.509602498095933,19.298410483169896,19.320642471313477,11572800
2010-02-23,19.34509384821097,19.471808373782082,19.131679999673434,19.14501953125,19129200
2010-02-24,19.16724862941963,19.253947946989555,18.840458111165706,19.036087036132812,16210000
2010-02-25,18.840460570631784,18.993852473769884,18.61593071312259,18.947168350219727,14140800
2010-02-26,19.02497313026935,19.056095875879635,18.900480451765777,18.958280563354492,12476400
2010-03-01,19.007191991754418,19.327313662776685,18.95828432578571,19.300636291503906,13495200
2010-03-02,19.300639666839867,19.3362095014241,19.17392509924391,19.218385696411133,12901200
2010-03-03,19.25172797788196,19.38733497584674,19.17169756281872,19.29619026184082,13658000
2010-03-04,19.3406501613226,19.44068732855955,19.147243049126818,19.34954261779785,14576800
2010-03-05,19.429577977975836,19.687452497178242,19.36288538545874,19.67633819580078,19503600
2010-03-08,19.662989586793987,20.21430990183181,19.582959191126204,20.14761734008789,31258400
2010-03-09,20.063146737162327,20.37882132586096,19.9764474021826,20.040916442871094,36690800
2010-03-10,19.949767383342472,20.40994136794656,19.907530338614325,20.34547233581543,28438800
2010-03-11,20.223198848208927,20.736725717940207,20.18540719460576,20.616680145263672,55125200
2010-03-12,20.71228710223918,20.814547843804167,20.596688519271925,20.730072021484375,28641200
2010-03-15,20.645593783187156,20.70783929719802,20.25655762455619,20.543333053588867,20734000
2010-03-16,20.603361198587884,20.654492426729735,20.307693222435834,20.374385833740234,19068000
2010-03-17,20.478866855569297,20.54333591722809,20.283236131621706,20.343259811401367,14785200
2010-03-18,20.34103459138636,20.41217256801644,20.025359926094318,20.036474227905273,18766000
2010-03-19,19.749696731567383,20.174302704527722,19.716352133534244,19.749696731567383,24224000
2010-03-22,19.649666720776025,19.952003624475445,19.602982570419087,19.838626861572266,16674400
2010-03-23,19.89642024718118,20.074266022787896,19.84084365431196,20.003128051757812,13516400
2010-03-24,19.91864870348109,19.994233744747568,19.69411881415134,19.72968864440918,15611600
2010-03-25,19.936426687770222,20.403269523199253,19.894187953038923,20.098711013793945,20353600
2010-03-26,20.169860129975042,20.28545871005494,19.92976881435155,20.063152313232422,13536000
2010-03-29,20.134293689809365,20.265455368019584,20.038701855203104,20.060932159423828,11134400
2010-03-30,20.112049691276088,20.416608213459188,20.08314878901065,20.22987174987793,16330800
2010-03-31,20.163184064562444,20.496643569683517,20.123168856105405,20.23654556274414,12504400
2010-04-01,20.381051887216067,20.581127996906876,20.298797904325593,20.574459075927734,17464400
2010-04-05,20.68560733017297,20.718951927086874,20.474415272028395,20.556669235229492,15363200
2010-04-06,20.458855116968156,20.747854078614484,20.409947443822194,20.541109085083008,13813600
2010-04-07,20.563333773776463,20.563333773776463,20.147620361497058,20.1654052734375,14750400
2010-04-08,20.15428562277495,20.469960093596775,20.118715808341,20.33879852294922,10770000
2010-04-09,20.438846957959466,20.587791809749238,20.374377911051305,20.56778335571289,9567200
2010-04-12,20.685607363253162,20.783421007795226,20.56333818749693,20.71673011779785,9323200
2010-04-13,20.76563433258304,20.850110124280974,20.487751430344616,20.627803802490234,11436000
2010-04-14,20.710057051957417,20.994608862859245,20.643364479249925,20.954593658447266,17329200
2010-04-15,20.97683085520685,21.176906943121995,20.88123904076201,20.996837615966797,20639200
2010-04-16,20.914580299742763,21.09909496392931,20.630028463729293,20.863449096679688,18766400
2010-04-19,20.718953188400405,20.93681417919055,20.469971137283693,20.701169967651367,12586400
2010-04-20,20.81898462975831,20.916798245126103,20.563332054196362,20.907907485961914,9090400
2010-04-21,20.974600279830987,20.981269197847002,20.643364348556013,20.703386306762695,11365600
2010-04-22,20.634483357831005,21.163572065855156,20.554452905045704,21.15023422241211,14658400
2010-04-23,21.385867275620704,21.523697804410194,21.170231570215336,21.472566604614258,12498800
2010-04-26,21.570390736689053,21.6059605764749,21.2391546599841,21.341415405273438,18274800
2010-04-27,21.33028707082727,21.392534254454397,20.65003039092301,20.663368225097656,17868400
2010-04-28,20.834560121895652,20.91014349845073,20.51888537970052,20.81010627746582,20395200
2010-04-29,20.84566413898777,21.030178802785514,20.474412969223195,20.63447380065918,29408000
2010-04-30,20.736739754336295,20.75674821135682,20.012020449209164,20.058706283569336,25059600
2010-05-03,20.129842813324228,20.28990197766637,19.656329151948416,19.84528923034668,31020000
2010-05-04,19.860849830114724,20.21876321336191,19.589637489574187,19.645214080810547,30622800
2010-05-05,19.287303090686308,19.551846544472482,18.67373697240945,19.21394157409668,37174400
2010-05-06,19.085003031770828,19.24284036340223,16.875278692868072,18.433645248413086,63938000
2010-05-07,18.46476377118229,18.711523940438873,17.951236676489664,18.293588638305664,45519200
2010-05-10,19.173919501057636,19.385109820035563,19.1027815487223,19.116119384765625,35106800
2010-05-11,18.924928986590036,18.9516063451068,18.4825400582409,18.709293365478516,47244000
2010-05-12,18.933054874301103,19.491874343589085,18.868489926180622,19.075542449951172,37131600
2010-05-13,19.120066022230535,19.58760510735443,18.81727954934018,19.086671829223633,31835600
2010-05-14,17.514856539714632,17.786474015960195,16.902604644388816,17.200939178466797,169829200
2010-05-17,17.537112848446768,17.641752492951614,16.401664675548556,16.633207321166992,90552000
2010-05-18,16.715590604873245,16.922643135302135,15.203884787842698,15.604630470275879,189331200
2010-05-19,15.742664636099844,16.51966741733865,15.742664636099844,16.245824813842773,131631200
2010-05-20,16.02987051507214,16.791288956877377,15.831723640425505,16.212432861328125,101612800
2010-05-21,16.032092739202266,16.920413998520598,16.032092739202266,16.51966667175293,79601200
2010-05-24,16.79573050208545,16.964933345494636,16.41947354774916,16.597583770751953,41148000
2010-05-25,16.265861331792614,16.44174479433518,15.978659351077722,16.245824813842773,45448000
2010-05-26,16.50631323732926,16.740082854474494,16.332656583946463,16.341562271118164,44406000
2010-05-27,16.69777809551103,16.740079676900454,16.232467494570653,16.406124114990234,39094800
2010-05-28,16.334873154219608,16.363815345380672,16.029859930168822,16.132272720336914,26581200
2010-06-01,16.13895106170483,16.386078197266244,15.887371934787952,15.916314125061035,25082000
2010-06-02,15.909640952014964,16.000922943852952,15.589043105578995,15.862887382507324,37608800
2010-06-03,16.014281979951075,16.299257112700776,15.954170727937157,16.216880798339844,39125600
2010-06-04,15.818368201546125,16.34156509866152,15.818368201546125,16.058815002441406,42138400
2010-06-07,16.029863205772063,16.426156774363314,15.929677240170157,16.005373001098633,30615200
2010-06-08,16.0543614554383,16.361600042685016,15.827270661684674,16.33043098449707,30502800
2010-06-09,16.501867835427625,16.80465452588221,16.292588349752208,16.43062400817871,35586800
2010-06-10,16.83803537024242,17.252140318056053,16.697774674467663,17.243234634399414,36380000
2010-06-11,17.033954942219157,17.11855637879164,16.775695243336948,16.938220977783203,30177200
2010-06-14,17.131923811842682,17.140829499489158,16.40835325178224,16.426164627075195,37456800
2010-06-15,16.57978117684624,17.134146948773154,16.452878127884997,17.12746810913086,31226400
2010-06-16,16.960484723339363,17.19870621723992,16.83358171628178,17.18089485168457,28142000
2010-06-17,17.32338490066155,17.6172656807628,17.20093556646094,17.419118881225586,29133200
2010-06-18,17.479231312023842,17.64398221610339,16.97829806298621,17.151954650878906,29732800
2010-06-21,17.356787500490544,18.654762155408683,16.7912890825892,18.011341094970703,115862800
2010-06-22,18.033601471283554,18.033601471283554,17.505951038966174,17.534894943237305,46870800
2010-06-23,17.579415741309546,17.579415741309546,17.100745894474304,17.312252044677734,27933600
2010-06-24,17.171989671057222,17.356778772280716,16.86697809528279,17.02727699279785,26277600
2010-06-25,17.14973264295139,17.234335813748817,16.842494108365223,17.067358016967773,24130400
2010-06-28,17.14082625148717,17.207618046886303,16.731174888891175,16.74675941467285,20523600
2010-06-29,16.53747860350505,16.579780183486303,15.829492767880058,15.907415390014648,39851600
2010-06-30,15.954170258943643,16.052129396330606,15.742664062964948,15.751569747924805,24716400
2010-07-01,15.80722757899397,16.25472844098917,15.609080777623005,16.221332550048828,30360000
2010-07-02,16.305937330547813,16.428388389465844,16.158997758432093,16.292579650878906,18801200
2010-07-06,16.43729218308421,16.546383851188153,15.983112442184112,16.089977264404297,23726000
2010-07-07,16.181263971678884,16.679970583916894,16.063266584275745,16.65770721435547,20873600
2010-07-08,16.809104345381098,16.87589616790997,16.48405431948624,16.71559715270996,16231600
2010-07-09,16.973858689790347,17.27664540050596,16.8358247207141,17.227664947509766,22479600
2010-07-12,16.918190025216646,17.225430260767176,16.893699812278967,17.03396224975586,15832800
2010-07-13,17.321157681802152,17.321157681802152,16.802413111988486,17.05176544189453,19931600
2010-07-14,17.047316786827626,17.143050774681612,16.842491133284202,16.982751846313477,12814800
2010-07-15,17.007241899006882,17.062901154259187,16.5330256557481,16.760114669799805,16489200
2010-07-16,16.386085352535375,16.41948124733185,15.867340655976035,15.907415390014648,39060000
2010-07-19,16.07661897498036,16.085524659591034,15.778286184158194,15.856208801269531,20019200
2010-07-20,15.742666444540314,16.399446796356212,15.69591286536741,16.38608741760254,19106400
2010-07-21,16.472919472953286,16.477373166410214,16.01428756489897,16.110021591186523,15907600
2010-07-22,16.285898834136137,16.597591011067042,16.256954933585718,16.577552795410156,19493200
2010-07-23,16.57977593839443,16.913731403681542,16.48626881577452,16.82912826538086,12660800
2010-07-26,16.851392695920975,17.03172809692941,16.775695243336948,16.938220977783203,15792800
2010-07-27,17.143049303953443,17.203160547641616,16.89147010098362,17.05622100830078,17352400
2010-07-28,16.95381415280802,17.107432584519714,16.72004453701447,16.737855911254883,25205200
2010-07-29,16.6443481215947,16.671063483369583,15.885154884218437,16.02541732788086,58866800
2010-07-30,15.938589211951982,16.392769100872957,15.889610476646839,16.33043098449707,30784800
2010-08-02,15.80278496502085,16.116702449561917,15.800558118013727,16.08108139038086,53846800
2010-08-03,15.947485369758136,16.368269102425835,15.902958655694407,16.252498626708984,34164800
2010-08-04,16.29925718936397,16.341558769719327,16.114468041963576,16.13005256652832,20499200
2010-08-05,16.05880449928062,16.11891743412778,15.878469091909794,15.918543815612793,30787600
2010-08-06,15.840630616389108,16.074398561264086,15.776065651065636,16.0610408782959,19362800
2010-08-09,16.27922351159808,16.668838392276243,16.21020486341084,16.639894485473633,28612400
2010-08-10,16.488500063449052,16.86030524329802,16.488500063449052,16.757890701293945,31068400
2010-08-11,16.502543615776602,16.5805958466501,16.27953626961746,16.39327049255371,23113600
2010-08-12,16.230481033510753,16.544922337150304,16.17472917412034,16.275083541870117,24677200
2010-08-13,16.266164087313516,16.30630549671514,16.08998799612928,16.10559844970703,14566800
2010-08-16,16.07437121638823,16.333058874070318,16.01192942665156,16.241626739501953,10700800
2010-08-17,16.37989689590652,16.45125921347933,16.154660591280635,16.359827041625977,13334000
2010-08-18,16.29737577089974,16.364276947764882,16.172490511545245,16.25277328491211,12232000
2010-08-19,16.150186418637396,16.219319830724427,15.945020134338273,15.974010467529297,18442400
2010-08-20,15.898191750299327,15.965092924204413,15.516849444384706,15.6328125,31538400
2010-08-23,15.733168922525447,15.90042443183049,15.521310923225778,15.637275695800781,18389600
2010-08-24,15.501239300617504,15.826829783879724,15.3875050909416,15.757698059082031,26747600
2010-08-25,15.679640056400636,16.087743754449825,15.67071956174591,15.802294731140137,22398800
2010-08-26,15.880356011516916,15.922727959998609,15.583755774967788,15.590447425842285,14099200
2010-08-27,15.697495191137751,15.862520237432646,15.521319091123342,15.858060836791992,15654000
2010-08-30,15.826828402644468,15.92272161000032,15.507927894592285,15.507927894592285,14000000
2010-08-31,15.507937400087227,15.632821020572404,15.166736293110423,15.38305377960205,23217200
2010-09-01,15.572602857138504,15.775538650457326,15.403116803468796,15.728707313537598,17290400
2010-09-02,15.829065137188856,16.11228377111902,15.757702841137931,16.052072525024414,16776800
2010-09-03,16.279548802869073,16.31076971925474,16.074382294788315,16.168045043945312,14072000
2010-09-07,16.02754165144809,16.275079989219872,15.909346306155161,15.945028305053711,14419200
2010-09-08,15.688570313166698,15.759932613398849,15.23140616216466,15.287158012390137,45012000
2010-09-09,15.338446962307138,15.380818907959105,14.734097180934409,14.89243221282959,53064000
2010-09-10,14.90581392124287,15.27154762553287,14.870133621684976,15.18457317352295,31392000
2010-09-13,15.164502635857803,15.164502635857803,14.473180061858326,14.602524757385254,60549200
2010-09-14,14.635974707134757,15.153351794976082,14.618135408624736,14.968256950378418,39616000
2010-09-15,15.102064612272196,15.499017596473987,15.075303106072194,15.371903419494629,43076400
2010-09-16,15.345136975864536,15.434340266417479,15.177881444106983,15.24924373626709,29800400
2010-09-17,15.336216895376474,15.387509341803456,15.206873907025207,15.273775100708008,41961600
2010-09-20,15.276012088429361,15.681885626226041,15.180118805803179,15.679655075073242,29386800
2010-09-21,15.710870956049567,15.85805665959954,15.50347400194554,15.597138404846191,25300000
2010-09-22,15.628351341027129,15.804527304854277,15.59935930433254,15.748775482177734,25826400
2010-09-23,15.62167214641554,15.936111757996187,15.588220689503952,15.829069137573242,26984000
2010-09-24,16.000776736535837,16.139041900634766,15.91380400955117,16.139041900634766,21028800
2010-09-27,16.228256167790516,16.388821851309828,16.034240718048277,16.27954864501953,20098400
2010-09-28,16.26392859597476,16.41334313503362,16.17918640249615,16.339750289916992,29212800
2010-09-29,16.28176822988562,16.61404872805152,16.25277618347043,16.593978881835938,27882000
2010-09-30,16.667578065219104,16.718870532659906,16.460181047153238,16.560535430908203,23144000
2010-10-01,16.667570713858037,16.674260662875316,16.317449203526778,16.350900650024414,18121600
2010-10-04,16.337518503236094,16.58282624143499,16.185873441209523,16.333057403564453,23152000
2010-10-05,16.529300939323456,16.723316192626953,16.426717790142277,16.723316192626953,20658000
2010-10-06,16.73893163534232,16.837055416659172,16.457943591153143,16.553836822509766,15120800
2010-10-07,16.564989578741343,16.67872383036532,16.399964577353625,16.41557502746582,9975200
2010-10-08,16.433412666920244,16.51369545148053,16.317447888594895,16.502544403076172,9381600
2010-10-11,16.46908550673425,16.6787128717163,16.46462611023712,16.567209243774414,10399200
2010-10-12,16.529309667823664,16.62074182022783,16.4044243625776,16.558300018310547,13899200
2010-10-13,16.660876970416307,17.17156394650103,16.569444852317936,17.158184051513672,29848000
2010-10-14,17.09574963380996,17.334367505152553,17.013236275902113,17.209482192993164,21303200
2010-10-15,17.3410580579735,17.372278961745096,17.086829726455267,17.305376052856445,14348000
2010-10-18,17.285301409564713,17.477087880376686,17.115815335063417,17.474857330322266,20168800
2010-10-19,17.307597957883917,17.742461544198267,17.225084638327257,17.294218063354492,28970400
2010-10-20,17.341059152793147,17.82498489321697,17.229555431880094,17.733551025390625,19824000
2010-10-21,17.717941346534648,18.03684207033375,17.52392595257382,17.662189483642578,19506400
2010-10-22,17.651033895184586,17.81159947580621,17.552910106713323,17.682254791259766,14815600
2010-10-25,17.842815655891126,17.998920095007445,17.762532886799654,17.9810791015625,16515600
2010-10-26,17.880733860812242,17.914185311956516,17.702327255650435,17.84728240966797,15630400
2010-10-27,17.905267270214647,17.974399031037205,17.653269479626204,17.82275390625,20665600
2010-10-28,17.693409123131495,17.72909112950371,16.796919980675856,17.048917770385742,44460800
2010-10-29,17.0377643284485,17.490469041772137,17.02438272856617,17.43025779724121,22865200
2010-11-01,17.52392309283183,17.568523895302313,17.104668063398442,17.24293327331543,13677200
2010-11-02,17.430258591373125,17.543991136381177,17.27861349661768,17.488239288330078,15381600
2010-11-03,17.521700465315444,17.666655691008266,17.394586249242856,17.61759376525879,14124400
2010-11-04,17.775916137977024,17.862888870681562,17.630961016332424,17.83835792541504,20202000
2010-11-05,17.900802031920353,17.945404529733736,17.65103484981069,17.795989990234375,23766400
2010-11-08,17.706785480497448,17.802678717449268,17.52837890431367,17.55290985107422,12224800
2010-11-09,17.615356957135614,17.72909122630341,17.403500572731897,17.4659423828125,10806400
2010-11-10,17.506078762600552,17.686714190094264,17.396805626337425,17.682254791259766,11910800
2010-11-11,17.59751330617521,17.72685629448532,17.403496271593095,17.666645050048828,9205200
2010-11-12,17.521685377094034,17.57520665845432,17.151494104019992,17.158184051513672,13316000
2010-11-15,17.287530590745444,17.36335398135369,17.01992242704729,17.02884292602539,13310000
2010-11-16,16.850430279809128,17.015456899345043,16.560521823795526,16.723316192626953,20359200
2010-11-17,16.736731723323274,17.06073985987828,16.727793344441704,16.922199249267578,14880000
2010-11-18,17.04286355023314,17.228331081054048,17.020518454852407,17.19257926940918,17200800
2010-11-19,17.16129187842936,17.331115928423532,17.15235350135265,17.21715545654297,10312000
2010-11-22,17.132247509416345,17.20151952893714,16.821646046652255,16.861867904663086,19955600
2010-11-23,16.759074916769084,16.792593407566873,16.649582771329477,16.680866241455078,14625600
2010-11-24,16.873032425615644,16.982524540699277,16.79258875193193,16.942302703857422,17354800
2010-11-26,16.826114967180843,16.93560713259008,16.810473229265238,16.866336822509766,4349600
2010-11-29,16.810475826713773,16.810475826713773,16.294294986098652,16.578083038330078,21576400
2010-11-30,16.432835400252166,16.598191165012505,16.368033425116796,16.502105712890625,18542000
2010-12-01,16.745673928855854,16.86633951409886,16.636180041151633,16.80824089050293,22343200
2010-12-02,16.886448086256596,17.221629669314346,16.873041368477224,17.20598793029785,26758800
2010-12-03,17.145654329836415,17.326651821561466,17.031692125317683,17.284194946289062,20678400
2010-12-06,17.273022953019474,17.507649011428587,17.23950445758346,17.49871063232422,18351200
2010-12-07,17.650659445204884,17.82495357349172,17.16352887149019,17.179170608520508,25374800
2010-12-08,17.205977616723665,17.46295035066484,17.205977616723665,17.416025161743164,14308800
2010-12-09,17.462953724372024,17.695346398800115,17.27301791209378,17.679704666137695,14858400
2010-12-10,17.65959274206106,17.929972235672437,17.65959274206106,17.92103385925293,23734800
2010-12-13,17.943388555671408,18.267396745684522,17.764624358188616,18.075225830078125,40988400
2010-12-14,18.048411862751134,18.14226401018504,17.90987122027291,18.019363403320312,24787600
2010-12-15,17.918805950622666,17.9612611203996,17.150122394810744,17.19257926940918,45802000
2010-12-16,17.246206311589948,17.764620320679825,14.8798239257621,15.013897895812988,202230800
2010-12-17,15.261933117426263,15.32450006400973,14.859714596787649,14.9490966796875,167890800
2010-12-20,15.083162499992985,15.244049839430891,14.971435370363409,15.192654609680176,64190800
2010-12-21,15.34684942998088,15.384836271719136,15.168085214426164,15.206073760986328,43468400
2010-12-22,15.255229955301946,15.36695714664092,15.208304739518173,15.317798614501953,23286800
2010-12-23,15.268632997881644,15.402705239285863,15.252991264798169,15.358015060424805,16600800
2010-12-27,15.346850924783965,15.90325200003879,15.340147564391582,15.822808265686035,31037600
2010-12-28,15.945703460711126,16.044023925854663,15.75353257237866,15.804927825927734,19129600
2010-12-29,15.845149007689258,15.905480932946924,15.715545073643703,15.775876998901367,12998000
2010-12-30,15.802691346553596,15.809394704045381,15.668619082253873,15.706605911254883,11019200
2010-12-31,15.70436999591707,15.746826864041692,15.630629658065219,15.726715087890625,11102000
2011-01-03,15.731186942310119,15.84738245685772,15.684261732310814,15.758000373840332,25710000
2011-01-04,15.849617344632952,15.854085681576644,15.699903337108648,15.775876998901367,18138000
2011-01-05,15.82950770429863,16.16245596309,15.793755889456113,16.10882568359375,38512800
2011-01-06,16.251828535486204,16.435060954355105,16.202668327161753,16.350147247314453,28358800
2011-01-07,16.410485291302276,16.43506540211653,16.200437691551816,16.303226470947266,28248400
2011-01-10,16.245123538770653,16.365789040174132,16.039546034818354,16.046249389648438,18202400
2011-01-11,16.09988389927651,16.204905994113016,15.988156743014551,16.0618953704834,20593600
2011-01-12,16.088714065089736,16.229489699423535,16.086479044119567,16.225021362304688,18545200
2011-01-13,16.341219175674013,16.374737675648497,15.847385170836569,15.89654541015625,28109600
2011-01-14,15.925590419181963,15.988159067836435,15.807159889094804,15.892073631286621,25165600
2011-01-18,15.925599067103786,15.94347583356965,15.807168472706422,15.912192344665527,19341600
2011-01-19,15.856321808177471,15.874198566841693,15.295450865043652,15.44516658782959,42852800
2011-01-20,15.349084956172591,15.985929724689845,15.085408667211874,15.79599380493164,81365200
2011-01-21,15.755765274106254,15.865257418376085,15.621693017168733,15.675321578979492,24783600
2011-01-24,15.693199858346278,16.050726479836214,15.682026458841019,16.04178810119629,22922000
2011-01-25,15.903250196994824,16.173629832706265,15.71107926503101,15.994867324829102,30279600
2011-01-26,16.066375190901763,16.120003781200865,15.854092441896643,15.865265846252441,17839600
2011-01-27,15.878665796820504,15.91441931165573,15.75576692542262,15.775876998901367,19417200
2011-01-28,15.820569836305884,15.849618290226479,15.512201719329706,15.521140098571777,25048400
2011-01-31,15.619465029427872,15.722253862856286,15.496564410751501,15.608291625976562,24602800
2011-02-01,15.688733224149134,16.028384866951683,15.688733224149134,15.798225402832031,25448800
2011-02-02,15.88090296261046,16.10882568359375,15.809397628103774,16.10882568359375,27162400
2011-02-03,16.028385470477076,16.195976276837968,15.8652630021642,16.006038665771484,33462800
2011-02-04,16.084251575514404,16.312174357511328,15.999337795991893,16.28982925415039,28833600
2011-02-07,16.307698535182155,16.56690468389938,16.294290115461017,16.51997947692871,22240400
2011-02-08,16.528918302973672,16.665225590885992,16.49539980999466,16.66299057006836,15376000
2011-02-09,16.519686252051812,16.730157188147185,16.36743100837247,16.407733917236328,18674400
2011-02-10,16.32265249086134,16.82643805102214,16.32265249086134,16.734636306762695,24752400
2011-02-11,16.703292653876037,16.821961888431904,16.63164320801641,16.77718162536621,17280400
2011-02-14,16.790611452987587,17.227226603372383,16.680898638242688,16.958539962768555,28970800
2011-02-15,16.951825859950887,16.99660782814914,16.813004320922428,16.92943572998047,15855200
2011-02-16,16.958543649690576,17.06377914535349,16.895850599063525,17.007802963256836,20147200
2011-02-17,16.96078253575064,17.177970387417414,16.89361043646449,17.048105239868164,23475600
2011-02-18,17.146627304125154,17.258579686562758,16.920483013289015,16.97869873046875,26009600
2011-02-22,16.64508090219358,16.81524901715955,16.369678973181042,16.510738372802734,31588800
2011-02-23,16.488342417095083,16.692096519566995,16.295784233228765,16.318174362182617,28714800
2011-02-24,16.268916725480015,16.62268486197895,16.262198149377248,16.548797607421875,19613200
2011-02-25,16.60925618550997,16.88242028281288,16.60925618550997,16.721208572387695,24869600
2011-02-28,16.761506286652075,16.8533063270451,16.35176026814127,16.356239318847656,24857200
2011-03-01,16.53984190020982,16.765984432252974,16.23533135136671,16.27787208557129,26993600
2011-03-02,16.25101115105946,16.618214894467247,16.2353378830454,16.562238693237305,21544000
2011-03-03,16.725685252874783,16.994371995679703,16.694338722452876,16.97869873046875,20388000
2011-03-04,16.985423719221583,17.003336518955887,16.573437866625603,16.72345542907715,19520000
2011-03-07,16.70328593123154,16.842107424075152,16.56894348784632,16.602529525756836,18637200
2011-03-08,16.66970866910869,16.772706361792697,16.414457379822377,16.60701560974121,33497600
2011-03-09,16.658513606457976,16.71672931929767,16.41221872510834,16.504018783569336,17861600
2011-03-10,16.41669986064365,16.41669986064365,15.948739648807793,15.98680305480957,28557600
2011-03-11,15.982324683103228,16.295791757975735,15.946500801886497,16.23533821105957,17335600
2011-03-14,16.098754370016458,16.284595751396733,16.038299121491338,16.089797973632812,13971600
2011-03-15,15.874847155029036,16.076361772167733,15.774088992330848,15.942017555236816,24180400
2011-03-16,15.991275888770481,16.10994512592727,15.825586861886904,15.888279914855957,24056800
2011-03-17,16.029339839149586,16.1211416043603,15.9263438616682,15.993515968322754,13790400
2011-03-18,16.148012053082724,16.152489396690047,15.879325313683639,15.991277694702148,25268400
2011-03-21,16.08531343719732,16.192788448900675,16.03829365340753,16.1121826171875,14807600
2011-03-22,16.076363859539516,16.112187735983536,15.942019625165202,16.03158187866211,15354400
2011-03-23,15.975610867030326,16.203994772959273,15.975610867030326,16.11890983581543,17580000
2011-03-24,16.170398464484858,16.311457817117205,16.01814319302536,16.268917083740234,20558800
2011-03-25,16.22861699592641,16.32489610654488,16.13233788530794,16.141292572021484,29466800
2011-03-28,16.208466182787312,16.367438364684176,16.112187063243258,16.289072036743164,23174800
2011-03-29,16.201745833079578,16.226375489179176,16.065163815893616,16.16592025756836,23558400
2011-03-30,16.5555126888699,16.86897787621493,16.49505746826968,16.620445251464844,59673200
2011-03-31,16.683142728067324,16.77494278357151,16.47938859381999,16.483867645263672,18555200
2011-04-01,16.56669958914184,16.674174540428364,16.403250200458746,16.61819839477539,17270000
2011-04-04,16.611500523269793,16.84883910555588,16.577914455826317,16.846599578857422,15529200
2011-04-05,16.833160129732708,16.998849175834444,16.748076934871335,16.931678771972656,18078800
2011-04-06,16.951834894530435,17.016767501831055,16.911531955801028,17.016767501831055,18132000
2011-04-07,17.041388462489344,17.13990708643254,16.954065757906044,17.10856056213379,22079200
2011-04-08,17.200362927058244,17.401877544885902,17.088410551404845,17.1779727935791,23977200
2011-04-11,17.19588856625173,17.410836959797624,17.173496720631086,17.399641036987305,19004400
2011-04-12,17.2227553624282,17.3705333380055,17.18916930359173,17.247385025024414,20512000
2011-04-13,17.321272640913396,17.462332026944722,17.28544705878988,17.352619171142578,18258400
2011-04-14,17.272011541082396,17.298880724908244,17.052585852072895,17.086170196533203,18609200
2011-04-15,17.12200164794922,17.240670927767084,17.03019985291536,17.12200164794922,20256000
2011-04-18,16.92272590380328,17.08393763988657,16.893617185297163,16.94511604309082,15332000
2011-04-19,16.90256695545779,17.01228149898837,16.828679695604645,16.99884605407715,14261200
2011-04-20,17.15334114672061,17.444417972995517,17.108560884951004,17.323509216308594,14838400
2011-04-21,17.32126872736313,17.46009026433987,17.251858813003455,17.413068771362305,10989600
2011-04-25,17.41306354588235,17.435455377059686,17.307829797330506,17.410825729370117,7126400
2011-04-26,17.41979760696321,17.688482737392395,17.330235327400683,17.63698387145996,15200000
2011-04-27,17.64370017084083,17.681763579550257,17.439945968470063,17.663850784301758,8982400
2011-04-28,17.652647011091826,17.652647011091826,17.363811430364677,17.38844108581543,11416000
2011-04-29,17.397394731149856,17.565323258316386,17.36604820940602,17.491436004638672,10877600
2011-05-02,17.567560957418845,17.83848541475931,17.567560957418845,17.719816207885742,13503600
2011-05-03,17.82952725091418,17.950435970881518,17.75564001225939,17.912372589111328,18944800
2011-05-04,17.878794596053204,17.945966706799148,17.699671814493584,17.860881805419922,17334400
2011-05-05,17.710867719161776,17.771322966259266,17.509353075933305,17.621305465698242,20991600
2011-05-06,17.576526878026154,17.881037544038588,17.525028022163994,17.78028106689453,29754400
2011-05-09,17.717581729418082,17.90790212790504,17.69743112247671,17.881032943725586,19093200
2011-05-10,17.905658561421724,18.069108030586257,17.849682388206453,17.990741729736328,19706400
2011-05-11,17.961632227234727,17.96834909376174,17.677272350373084,17.76459503173828,17667600
2011-05-12,17.708628535403424,17.923578631174546,17.70639071751055,17.896709442138672,25078400
2011-05-13,17.912379687384835,17.952682610011756,17.845207580254083,17.892229080200195,21474000
2011-05-16,17.72206557664727,18.20346124685531,17.71534870584917,17.898950576782227,18763200
2011-05-17,17.867607191688165,18.091512035151634,17.856411266211637,18.046730041503906,22112000
2011-05-18,18.04223393742836,18.04223393742836,17.8291285400021,17.94801902770996,20127200
2011-05-19,17.974945832504496,17.97718953477723,17.813435209178344,17.865028381347656,14941200
2011-05-20,17.7977192423516,17.909880321654875,17.548723220825195,17.548723220825195,17216000
2011-05-23,17.293001926557412,17.438811735524343,17.183084500111633,17.254867553710938,18258400
2011-05-24,17.275058443186047,17.44778583756397,17.196545991196082,17.407407760620117,14828400
2011-05-25,17.263837778257827,17.739401498915893,17.18532534385366,17.665374755859375,18002800
2011-05-26,17.624996292208564,17.802211046708916,17.416376564651717,17.786508560180664,21110800
2011-05-27,17.64518417314073,17.90988271264953,17.580130533087008,17.900911331176758,15344800
2011-05-31,17.95026409313112,18.194776213802704,17.94802210306974,18.18355941772461,15274400
2011-06-01,18.116264649542043,18.116264649542043,17.7618350982666,17.7618350982666,17732800
2011-06-02,17.764078831917658,18.129723469028896,17.755105736894677,18.10280418395996,19466400
2011-06-03,17.903155246691593,18.026533148245157,17.712481708198265,17.7506160736084,18954400
2011-06-06,17.72145638025216,17.84931998441146,17.530782824778516,17.5419979095459,17628000
2011-06-07,17.676595179771194,17.974942491747154,17.61378350791214,17.90540313720703,27764800
2011-06-08,17.65191475889352,17.65191475889352,16.682842907253093,17.20775604248047,80785200
2011-06-09,17.111298377284633,17.21224440143659,17.02156914851935,17.144947052001953,32074000
2011-06-10,17.09559041204505,17.118022284187035,16.723216542450096,16.754621505737305,29456800
2011-06-13,16.79051714768553,16.85557079423557,16.66714095852593,16.792760848999023,20820000
2011-06-14,16.848841272534656,17.109054145296753,16.786031327779757,17.032785415649414,30033600
2011-06-15,16.945297501504932,17.05521488932654,16.781541558820077,16.788270950317383,22775600
2011-06-16,16.779298645761763,16.909404200914373,16.685082035657892,16.797243118286133,21041600
2011-06-17,16.916133138748314,16.934077608976356,16.64470184745345,16.69629669189453,25859200
2011-06-20,16.66265042190198,16.67610920436623,16.519084370808898,16.61105728149414,22546800
2011-06-21,16.725457992799402,16.866782034480845,16.63348680654772,16.821916580200195,25295200
2011-06-22,16.810709965334386,17.04176160904025,16.72771011670173,16.747900009155273,17722000
2011-06-23,16.642463705009273,16.91389334759939,16.599841941551805,16.89370346069336,20405600
2011-06-24,16.893712636767408,16.902685734550353,16.449555420893812,16.458528518676758,39700800
2011-06-27,16.552732920493817,16.61105716316062,16.400193778363782,16.575164794921875,20880000
2011-06-28,16.662652142786037,16.925108696598826,16.646949657808584,16.886974334716797,23297600
2011-06-29,17.03054272512086,19.587816404460057,16.777059229760663,19.419574737548828,132109200
2011-06-30,19.32086956741807,19.596786613564934,18.827361435046473,18.90138816833496,119880400
2011-07-01,18.865497828894366,19.948974531754917,18.78922909773284,19.733625411987305,61742400
2011-07-05,19.50705174802235,19.91980534719766,19.36797141466421,19.812129974365234,33089600
2011-07-06,19.70447065434526,20.016280236061416,19.48239204929304,19.785226821899414,33615200
2011-07-07,19.785221127687947,20.37518972149504,19.740357363711215,20.2226505279541,48524000
2011-07-08,19.95794597270347,20.222646231390122,19.83008238994888,20.12843132019043,20818800
2011-07-11,19.87718884851031,20.018511208221128,19.66856914906533,19.717920303344727,25733600
2011-07-12,19.74484442505707,19.919817224165584,19.648385785518013,19.67306137084961,18421200
2011-07-13,19.771758114871645,20.18002444099362,19.744838835373457,19.90635108947754,18855600
2011-07-14,19.79643371146002,20.052160876879626,19.691002005964783,19.72689437866211,17211600
2011-07-15,19.895137253946714,19.93775730985446,19.675300736201624,19.90859603881836,15998000
2011-07-18,19.812142119477993,19.94224944223749,19.675305402686636,19.756061553955078,13515200
2011-07-19,19.850278907071345,20.025250018948356,19.785225237781106,20.011791229248047,21594800
2011-07-20,20.07459805811949,20.07459805811949,19.789709548193166,19.88392448425293,9474400
2011-07-21,19.975897727612878,20.27424502958029,19.749331768190242,19.751575469970703,21060400
2011-07-22,19.7627883711161,20.139649790748837,19.7627883711161,20.08132553100586,9035200
2011-07-25,19.88392362601013,20.24059688490281,19.823357372998192,19.98262596130371,13357200
2011-07-26,19.96916439488048,20.186757234353635,19.897381348899494,20.00954246520996,10704000
2011-07-27,19.81213826954977,19.96467744658815,19.572113564211417,19.684274673461914,24094800
2011-07-28,19.76952434543936,19.95795597370502,19.439771991000384,19.49809455871582,19224800
2011-07-29,19.255823718132543,19.345552972534996,18.753342289499255,19.188528060913086,16708400
2011-08-01,19.5160417636332,19.590068539689966,19.08085591687418,19.21993637084961,13512800
2011-08-02,19.06738056198947,19.379188177793704,18.744356155395508,18.744356155395508,17327200
2011-08-03,18.961949771384855,19.68426731891243,18.800437560578434,19.623701095581055,35308800
2011-08-04,19.46442709689556,19.473400185914954,19.040458481519003,19.065134048461914,38827200
2011-08-05,19.14365841880968,19.217685165966778,18.14318147147895,18.710718154907227,33626800
2011-08-08,17.986151008002633,18.351795515747945,17.515074810342917,17.775287628173828,58529200
2011-08-09,18.024293415574363,18.589586474415754,17.073167503573202,18.564910888671875,58702000
2011-08-10,18.235157575832247,18.313670028225147,17.72594506334683,17.784269332885742,38429600
2011-08-11,17.979427800301853,19.222173209884524,17.87848176587399,18.959714889526367,37359600
2011-08-12,19.09206380117619,19.24460297539935,18.715202412592085,18.804931640625,16598800
2011-08-15,19.09207065274941,19.343312239116134,18.95747761811996,19.262556076049805,18328800
2011-08-16,19.06738653909231,19.374708561782874,18.97990102012247,19.25357437133789,20360000
2011-08-17,19.294029374569032,19.356949298097962,18.725500718403467,18.873811721801758,19090000
2011-08-18,18.316506960941975,18.595152880559638,17.96595064716423,18.042354583740234,32999600
2011-08-19,17.82663394298077,18.354713630334576,17.82663394298077,17.887306213378906,31170000
2011-08-22,18.25359804490944,18.314270333378435,17.80866164319314,17.930007934570312,19341200
2011-08-23,18.02662878352897,18.828860873738652,17.92775368312533,18.824365615844727,20076000
2011-08-24,18.78617177212471,19.455823159285828,18.67606191321606,19.410879135131836,29150800
2011-08-25,19.431099444102195,19.534468101768457,18.86257096971836,18.900772094726562,24273200
2011-08-26,18.765951958203857,19.314255445800264,18.57719044830641,19.291784286499023,21498800
2011-08-29,19.545702570956024,19.759181038155663,19.341211190965147,19.4558162689209,18568800
2011-08-30,19.464805994754045,19.849068282621275,19.392897292599454,19.75918197631836,16622800
2011-08-31,19.887275410125547,19.965925308972665,19.49402420145075,19.74795150756836,24092800
2011-09-01,19.711997212812545,19.990643292319778,19.556943336700378,19.714244842529297,20800800
2011-09-02,19.262564454415653,19.577165705517938,19.123240577865513,19.224363327026367,15807200
2011-09-06,18.70752482241176,19.38166986105723,18.70752482241176,19.294031143188477,15809200
2011-09-07,19.509750553358625,19.894012885791252,19.482784144008672,19.88277816772461,16552800
2011-09-08,19.720987262766712,20.02210451514182,19.649078537241373,19.65357208251953,18386400
2011-09-09,19.523229556293742,19.867044787460866,19.31649226334358,19.404130935668945,26492400
2011-09-12,19.26255803480489,19.658056667652925,19.21087286275588,19.65131378173828,19608400
2011-09-13,19.69851138982067,19.754690121759097,19.47379646206696,19.723228454589844,17469600
2011-09-14,19.826603758203746,20.269290835785124,19.676043416211655,20.129968643188477,26147200
2011-09-15,20.226592504745962,20.359173498219825,19.853564876338012,20.336702346801758,21478400
2011-09-16,20.363674099345445,20.56591622960293,20.141205012959162,20.41535758972168,50275200
2011-09-19,20.10524880270911,20.374906083112922,19.925476139480445,20.231088638305664,22088000
2011-09-20,20.314228441084403,21.291737967966075,20.282768490476805,20.862531661987305,36064000
2011-09-21,20.817594305187193,21.152419124357213,20.53894822749586,20.543441772460938,28070400
2011-09-22,19.941204345605108,20.22434566495744,19.36818224709473,19.842330932617188,35689200
2011-09-23,19.765926614925565,20.433330284612737,19.765926614925565,20.24232292175293,21526000
2011-09-26,20.446811266883973,20.565909907024476,19.813115224610517,20.287263870239258,19095600
2011-09-27,20.47826682031217,20.6063542359811,20.026591136575615,20.10748863220215,20066800
2011-09-28,20.179401346014643,20.190636063821398,19.653567519707334,19.691768646240234,17090400
2011-09-29,19.992886514246432,19.992886514246432,19.325482933961062,19.705251693725586,15552000
2011-09-30,19.374925005243277,19.689526306415804,19.15695120983576,19.2625675201416,17952400
2011-10-03,19.094028063242746,19.46930158854942,18.92549186409364,18.934480667114258,26223600
2011-10-04,18.66032521902423,19.120989728381875,18.36145399508693,19.051328659057617,31600000
2011-10-05,19.010877801432386,19.201885099474634,18.70077189570868,19.0985164642334,25114000
2011-10-06,19.073803836151416,19.61312004482666,18.970435167608166,19.57941246032715,19486000
2011-10-07,19.646826050049405,19.774913489300275,19.27379844993424,19.381662368774414,17553200
2011-10-10,19.72772540408839,20.06479782460933,19.64008671190806,20.055809020996094,13322400
2011-10-11,19.934463504995342,20.41760100240987,19.876037136498013,20.338951110839844,17626800
2011-10-12,20.44456804876081,20.74793290533936,20.383894048781638,20.487262725830078,19065200
2011-10-13,20.336705979608094,20.882763457361882,20.32771717454738,20.80860710144043,13193600
2011-10-14,20.992870945177796,21.269271097611387,20.93669220573056,21.105228424072266,15800400
2011-10-17,20.92770226788266,21.10522728065081,20.45580122497995,20.491756439208984,13842800
2011-10-18,20.473777177390474,21.235560644300758,20.356924455029205,21.10297966003418,14400000
2011-10-19,21.170395039540324,21.23106903556952,20.19737890350186,20.24232292175293,21662400
2011-10-20,20.404123456975707,20.667039605447506,20.285023062345065,20.5277156829834,17646400
2011-10-21,20.783880816198085,20.995113372802734,20.65129984688318,20.995113372802734,14128800
2011-10-24,20.963650003320012,21.215331269818904,20.941178859662944,21.170387268066406,12138400
2011-10-25,21.01085150537932,21.040063836798275,20.347942972536128,20.377155303955078,16824000
2011-10-26,20.70524057265548,20.837823318068793,20.134464250112252,20.678274154663086,26746400
2011-10-27,20.449057911225367,21.233312509316313,20.359171599497056,21.213088989257812,41568000
2011-10-28,20.954667652217054,21.516454988737618,20.954667652217054,21.370389938354492,23299600
2011-10-31,21.186127232945058,21.543424929041212,20.952423456915948,20.956918716430664,17826000
2011-11-01,20.48501765369909,20.77714608839669,20.224347463461445,20.231088638305664,30528400
2011-11-02,20.907479772296362,21.12095829533668,20.476027466996882,20.561418533325195,24565200
2011-11-03,20.687260560160215,21.078265860701144,20.287268169104106,20.938941955566406,18410800
2011-11-04,20.747929634706644,21.04005801133105,20.59512341567091,20.817590713500977,13608400
2011-11-07,20.853540454856493,20.972639060693044,20.565903983430577,20.889493942260742,9647200
2011-11-08,20.99511886851433,21.27151902481468,20.988377693996604,21.244552612304688,19602000
2011-11-09,20.738936551118996,21.145669936675183,20.738936551118996,20.927696228027344,19594800
2011-11-10,21.20185822524439,21.20185822524439,20.80635937657487,20.907482147216797,11248800
2011-11-11,21.076014802721712,21.493984735701538,21.05803719573702,21.383874893188477,13648400
2011-11-14,21.26028490133879,21.509718672235014,21.026581110839654,21.082759857177734,10432000
2011-11-15,21.127699294671842,21.532186899063127,21.08949816382351,21.489490509033203,14153200
2011-11-16,21.295794043289888,21.397148268785035,20.984971210772137,21.036775588989258,12999600
2011-11-17,21.102093532128226,21.174168068519194,20.464683330625046,20.5863094329834,17227200
2011-11-18,20.613328271196313,20.642609667880844,20.36782506805515,20.453413009643555,12906000
2011-11-21,20.19440204491246,20.692167026039602,20.068270331198832,20.54351234436035,15844400
2011-11-22,20.48494843006396,20.764238693206213,20.41287391147062,20.460172653198242,13469600
2011-11-23,20.352068134011567,20.66739489640585,20.09079684796148,20.111068725585938,21064400
2011-11-25,20.054756631649624,20.35882099118711,19.99619554099153,20.050251007080078,6933600
2011-11-28,20.647115784234437,21.11560099744517,20.525489716282113,21.052536010742188,14792400
2011-11-29,21.052535154374052,21.059291871475665,20.84306833226434,20.924152374267578,14513600
2011-11-30,21.363361705312354,21.854369989828754,21.31606295495341,21.840856552124023,21504000
2011-12-01,21.604361347306885,22.131407763366212,21.566072127744906,22.01879119873047,19042400
2011-12-02,22.160684261428866,22.20798300555994,21.802564462268368,21.892656326293945,12928000
2011-12-05,22.135912618750176,22.138165431289334,21.442194138442467,21.635894775390625,16731600
2011-12-06,21.631384029699152,21.685439484801368,21.415160490898348,21.480478286743164,14135200
2011-12-07,21.45796010016951,21.94896840514591,21.40841025372332,21.863380432128906,16055200
2011-12-08,21.83409520797151,22.043562039983655,21.530029176888842,21.577329635620117,14238000
2011-12-09,21.76427584609059,21.951219748784283,21.512015850544735,21.89040756225586,11974000
2011-12-12,21.766522954042497,21.937700562153633,21.584084723876927,21.829587936401367,13644400
2011-12-13,21.946710503082887,21.969233466006717,21.516514522152473,21.60210418701172,13564000
2011-12-14,21.55706263012245,21.78905247869256,21.408409658134545,21.70346450805664,19150800
2011-12-15,21.919688305291587,21.919688305291587,21.525530324870836,21.581838607788086,21020000
2011-12-16,21.773282055027867,22.016534200811545,21.7147226897923,21.946712493896484,17556800
2011-12-19,21.96248607465073,22.381419892810396,21.96248607465073,22.2034854888916,23541200
2011-12-20,22.417447473301863,22.86115690190721,22.379158263318654,22.82737159729004,27454400
2011-12-21,22.773313238176318,22.807098538487107,22.410687899516816,22.68547248840332,15244000
2011-12-22,22.66070376452224,22.9670209374055,22.545834395092943,22.64493751525879,13439200
2011-12-23,22.732774337754762,23.086390196913264,22.638176858630267,23.081886291503906,7803200
2011-12-27,23.084134609549583,23.300358129433615,22.953500747680664,22.953500747680664,8719200
2011-12-28,22.903948816235765,22.973770510057438,22.65844390447634,22.68547248840332,9969600
2011-12-29,22.74853858080838,23.255312955133316,22.70799656212671,23.232789993286133,8637600
2011-12-30,23.23730600212345,23.244062722357853,22.85891420346215,22.867923736572266,8586800
2012-01-03,23.289104673187715,23.289104673187715,22.939992654005458,23.196758270263672,16829200
2012-01-04,22.90395756320733,23.077386317393533,22.523313023229186,22.782331466674805,16522000
2012-01-05,22.683220059031786,23.021069631049045,22.446726389654778,22.953500747680664,12096400
2012-01-06,22.964770872940502,23.02333197080851,22.572865688361517,22.683229446411133,13089200
2012-01-09,22.75079662124903,22.78908583702831,22.248526036501648,22.50078773498535,18002400
2012-01-10,22.719261273169646,22.73727861349253,22.399428995352125,22.478261947631836,18711600
2012-01-11,22.29357721315617,22.41069769122868,22.147175326771148,22.322856903076172,19016000
2012-01-12,22.383668008695967,22.901704898939126,22.383668008695967,22.825124740600586,16708800
2012-01-13,22.685477554773474,22.926476897171813,22.586374443300166,22.68998146057129,16623200
2012-01-17,22.816111553406575,23.185493664901863,22.79133577728501,23.09314727783203,17018800
2012-01-18,23.009818239844222,23.39721779437641,22.998555895569154,23.37469482421875,11752400
2012-01-19,23.460283053541584,23.469290866328926,23.030086961270445,23.05711555480957,14567600
2012-01-20,23.061615347916046,23.090895030233476,22.478262484814227,22.65394401550293,20032800
2012-01-23,22.692236429310018,22.72376892806795,22.25303254061578,22.433218002319336,16166400
2012-01-24,22.30933870521588,22.80935473172758,22.295823551034598,22.750795364379883,12140800
2012-01-25,22.660695474937004,22.741779503885205,22.478257268999382,22.649433135986328,15088400
2012-01-26,22.685479906365707,23.007563333649205,22.518807880295014,22.717012405395508,13939200
2012-01-27,22.615660421828764,22.867920438964656,22.500791039230105,22.759809494018555,11362800
2012-01-30,22.554853229273977,22.640441229379913,22.410704114151876,22.496292114257812,12476000
2012-01-31,22.63367989209605,22.698997715063456,22.485026899240264,22.667465209960938,13240400
2012-02-01,22.78908737740822,23.131440967126835,22.658451754092393,23.088647842407227,15376800
2012-02-02,23.37469055401552,24.126969992277076,23.331895715659204,23.888221740722656,33740400
2012-02-03,24.05264352573578,24.28463334929583,24.00759587363194,24.106698989868164,16533200
2012-02-06,24.08642896639531,24.38598769215424,24.054896468947,24.181026458740234,13349600
2012-02-07,24.203550846086646,24.223822720431475,23.888224134706608,24.095439910888672,13045600
2012-02-08,24.27336754840959,24.469320940761023,24.104442743469658,24.404003143310547,22742000
2012-02-09,25.464848709848876,25.879278425612448,25.23736456099219,25.32069969177246,39601200
2012-02-10,25.17880884126821,25.67657379369327,25.090968068392744,25.654050827026367,21888800
2012-02-13,25.7328836823624,25.94009773811256,25.307193227626648,25.386024475097656,22078400
2012-02-14,25.25089233638889,25.95812439501595,25.246386710419497,25.95587158203125,17960800
2012-02-15,26.22666507102246,26.436532617603152,25.870115609660967,25.973920822143555,21701200
2012-02-16,26.05516236922143,26.116092606664154,25.63542723762746,25.680561065673828,15971600
2012-02-17,25.818211450826926,26.007768328507222,25.680556313696588,25.953609466552734,15512800
2012-02-21,26.010019783703864,26.177010575997922,25.691832880469097,25.770814895629883,10819600
2012-02-22,25.67829317859549,26.34625805853154,25.56771835917792,26.258249282836914,14381200
2012-02-23,26.2582552491436,26.35754793010001,26.100291185512184,26.285335540771484,10890800
2012-02-24,26.287594010063884,26.576443601106746,26.154453101124812,26.5245418548584,11094000
2012-02-27,26.41847724850428,26.470380711971178,26.24471677315362,26.3710880279541,15812800
2012-02-28,26.43878128994719,26.847232366178037,26.413958125147424,26.84271812438965,11937200
2012-02-29,26.858519418265725,26.935246047531244,26.179272248118576,26.26051139831543,15217600
2012-03-01,26.504226840993837,26.6260855649731,26.30113068937415,26.44329833984375,11174000
2012-03-02,26.29211109314824,26.395916318536187,26.086756042588927,26.2131290435791,12213600
2012-03-05,26.213120757221546,26.36431516455617,26.154447658226385,26.231172561645508,10153600
2012-03-06,26.001000365620975,26.064185995596155,25.621884864090585,25.915246963500977,13302000
2012-03-07,26.113832948410323,26.19958463085013,25.942327861851382,26.095779418945312,10694000
2012-03-08,26.330460176259425,26.66895597811997,26.18603543853322,26.621566772460938,9520400
2012-03-09,26.64413790330134,26.716350285955258,26.40493470857504,26.4410400390625,8457600
2012-03-12,26.407188520912907,26.52679183276649,26.192808507016284,26.296613693237305,7709200
2012-03-13,26.382374161830842,26.495206140854982,26.10480673589253,26.463611602783203,12785600
2012-03-14,26.472633219141578,26.603518702557192,26.283076357653332,26.346261978149414,14996000
2012-03-15,26.31692206749305,26.508736019423253,26.244709695413018,26.402673721313477,13293200
2012-03-16,26.49971708996263,26.515513497221463,26.237946087754224,26.330469131469727,16006400
2012-03-19,26.276311405375676,27.01648890045454,26.210868651987937,26.817903518676758,15918400
2012-03-20,26.662196366777234,26.763744456862156,26.17701852393736,26.294363021850586,10588000
2012-03-21,26.42298688255779,26.549359845228985,26.307899525945228,26.346261978149414,8427200
2012-03-22,26.210872128384754,26.515518162942218,26.17702218639402,26.465871810913086,9368000
2012-03-23,26.517763248813043,26.854001950833247,26.380108143095477,26.80435562133789,10151200
2012-03-26,26.93524805811106,27.237636911776285,26.459097006234675,27.093212127685547,16363600
2012-03-27,27.0751664789317,27.142864643426993,26.978130893643456,27.036802291870117,10662000
2012-03-28,27.007462454225692,27.14737472743035,26.74343603762535,26.932992935180664,8992000
2012-03-29,26.750200619576123,26.894625387057793,26.526793826390264,26.854005813598633,8691200
2012-03-30,26.874310663087346,26.899133827640394,26.538071963703505,26.628337860107422,12002000
2012-04-02,26.628343526912914,27.05710533481768,26.425245647202328,26.84949493408203,11777600
2012-04-03,26.817901412120193,27.212813301361365,26.711840808077383,27.160911560058594,15691600
2012-04-04,26.96458229785208,27.007458995146298,26.673475623880094,26.84949493408203,10308800
2012-04-05,26.70056146994403,27.339190932799205,26.64414547615851,27.307598114013672,13395600
2012-04-09,27.00294780070946,27.158654748071125,26.78856602538546,26.966840744018555,13295600
2012-04-10,26.962325966205093,27.02776698804174,26.310155652321892,26.344005584716797,10679200
2012-04-11,26.632858628192785,26.842726170613002,26.39591251364048,26.488433837890625,14171200
2012-04-12,26.50873543977261,27.34143568217385,26.445549830794068,27.30984115600586,17164000
2012-04-13,27.16993186438912,27.910109125347216,27.149621219641023,27.79276466369629,21497200
2012-04-16,27.765684755167733,27.76794187609903,27.08869309679892,27.2669677734375,18308400
2012-04-17,27.4475052901951,27.64383354414993,27.361753610025954,27.549055099487305,10328800
2012-04-18,27.44298939928937,27.639317629138674,27.377546656006267,27.481351852416992,8480000
2012-04-19,27.366270728186546,27.589679313148096,27.19476733904057,27.34821891784668,8522400
2012-04-20,27.49038538294132,27.56485490794129,27.210562535835397,27.307598114013672,7841200
2012-04-23,27.136087211022144,27.26245845915486,26.285334964107292,26.650909423828125,17347200
2012-04-24,26.707335058197206,26.908175888001942,26.513263873177834,26.838220596313477,9430800
2012-04-25,27.02099840950956,27.621265287791296,26.980378833372605,27.483610153198242,12150800
2012-04-26,27.506177661093414,27.869496744238475,27.42042598322336,27.799541473388672,11107600
2012-04-27,27.923652608572844,28.02971492503553,27.725068981409745,27.874006271362305,9787200
2012-04-30,28.00714919117886,28.016175954561735,27.600953447344875,27.75214958190918,9375200
2012-05-01,27.862723297509778,28.286970829332752,27.765687747153365,27.77696990966797,17178000
2012-05-02,27.442993734700025,27.799543197185248,27.23086906583526,27.57387924194336,25366800
2012-05-03,27.5332565412157,27.646088506051143,26.037103585623026,26.26953887939453,47838000
2012-05-04,26.22666130909583,26.82918356806446,26.021306313522764,26.58095359802246,23403600
2012-05-07,26.393649451427713,26.874312937057656,26.393649451427713,26.74342918395996,13476800
2012-05-08,26.650906327580746,26.87205770779922,26.210862409899757,26.65993309020996,14596800
2012-05-09,26.4726362404961,26.849496328630433,26.305645407029154,26.497459411621094,17672800
2012-05-10,26.696041588412054,26.96458047405824,26.547102579471645,26.666704177856445,13468000
2012-05-11,26.483915479403993,26.84723449665508,26.46134943370768,26.610286712646484,8139600
2012-05-14,26.364315966578538,26.70958148582584,26.138652048463538,26.339492797851562,16246400
2012-05-15,26.278565412890256,26.605779162490894,26.278565412890256,26.314672470092773,12589200
2012-05-16,26.407367414777397,26.723892690778683,26.294322180510257,26.572412490844727,17339600
2012-05-17,26.452587983979136,26.73746249140339,26.002668380737305,26.002668380737305,17814800
2012-05-18,25.966492899537954,26.056929442154708,25.435180583448197,25.466833114624023,25934800
2012-05-21,25.609267636620537,26.298844283215736,25.471354032234952,26.276235580444336,13272000
2012-05-22,26.31919512227135,26.961291294525047,26.31919512227135,26.76685333251953,18594400
2012-05-23,26.592754339161363,27.008759860806396,26.540752786489275,26.943193435668945,16558000
2012-05-24,27.067552025701886,27.356947558596868,26.852765038835486,27.078855514526367,12749600
2012-05-25,26.99294344462497,27.221295322350027,26.893463077114344,26.988422393798828,11780000
2012-05-29,27.164771227663497,27.345642574777013,26.904766833446025,27.194162368774414,18006400
2012-05-30,26.83920426416181,27.07207721372451,26.55659112635588,26.563373565673828,18346400
2012-05-31,26.62215132010384,26.76006663691178,25.9370975111682,26.04561996459961,21004000
2012-06-01,25.692918154690258,25.975531212291948,25.308565086325242,25.378652572631836,18650400
2012-06-04,25.328915835091316,25.87379471204361,25.326654447342378,25.810489654541016,16646400
2012-06-05,25.720046459117412,25.894135322172428,25.579869778848245,25.73134994506836,11374800
2012-06-06,25.99361531311716,26.339533372404965,25.961962792981872,26.30335807800293,12384000
2012-06-07,26.64024116560448,26.678676132489294,26.35084563269903,26.40962791442871,9158000
2012-06-08,26.314662509660455,26.362141288457728,26.10213697367302,26.357620239257812,10376800
2012-06-11,26.513624889683694,26.662845406643775,26.27623096488331,26.305622100830078,10942800
2012-06-12,26.31919024877998,26.488758087158203,26.163187285493372,26.488758087158203,10398800
2012-06-13,26.181272565136954,26.44579795507306,25.921268224844304,25.97779083251953,14891200
2012-06-14,26.05919182838316,26.454850208171923,25.83310132564672,26.337282180786133,13152800
2012-06-15,26.536234946807127,26.791716517091228,26.436754603541438,26.769107818603516,12551600
2012-06-18,26.680944510350244,27.239388407622616,26.556594026163886,27.153472900390625,10931600
2012-06-19,27.32529517457522,27.492601644490342,27.243902464901172,27.436079025268555,10270400
2012-06-20,27.379552568995308,27.716426849365234,27.363726306828486,27.716426849365234,12702800
2012-06-21,27.714166611156806,27.7797330458954,26.974849904741017,27.013286590576172,13061200
2012-06-22,27.187375613999887,28.25,26.9793728216231,28.25,37216000
2012-06-25,27.77747253216189,27.87469149363433,27.390858073729607,27.417987823486328,16164000
2012-06-26,27.528773699173662,28.01712817463754,27.508424661690494,27.845300674438477,13128800
2012-06-27,27.890525550108077,28.062354821296438,27.702870012161164,27.908613204956055,13768400
2012-06-28,27.809124811360515,27.901822722032993,27.033634513883786,27.474510192871094,11514800
2012-06-29,27.867908613788234,28.044258884140227,27.47677138665037,27.951560974121094,15931200
2012-07-02,28.09399942051794,28.66826936275331,28.035215421330623,28.627573013305664,17042400
2012-07-03,28.59818775527453,28.713494396857516,28.410533945362776,28.564273834228516,6364400
2012-07-05,28.42860822627793,28.819745402196254,28.4127819662658,28.715744018554688,11298000
2012-07-06,28.505478957529547,28.652438067215563,28.211560738157512,28.32460594177246,9631200
2012-07-09,27.84304187681236,28.046523645904955,27.365990844524937,27.956087112426758,17684000
2012-07-10,28.10982939868306,28.204786984969072,27.540080431100115,27.646343231201172,18204000
2012-07-11,27.56268769142549,27.639557616747464,27.035896526954627,27.298160552978516,11644000
2012-07-12,26.929638276755853,27.906349120019854,26.927376888884968,27.727737426757812,15067600
2012-07-13,27.696083753096577,28.179917241482528,27.61695243021728,28.055566787719727,12112800
2012-07-16,28.984796138022684,29.617850112850835,28.458006679789232,28.74740219116211,30607600
2012-07-17,28.968973985305475,28.993844075824526,28.49644399037694,28.991580963134766,10766800
2012-07-18,28.826538743291525,29.120457083196573,28.80393003828351,28.898887634277344,11903600
2012-07-19,29.007409527865523,29.082019800902597,28.33592052039885,28.349485397338867,13832400
2012-07-20,28.173134677923077,28.528096660347675,27.956088025446903,28.430877685546875,11816800
2012-07-23,28.046525715944124,28.274875866787067,27.865652635637968,28.141483306884766,11391200
2012-07-24,28.148258868307945,28.20704286378528,27.42024739909815,27.729991912841797,13504000
2012-07-25,27.895044604102917,28.055568648284545,27.479038921987186,27.628257751464844,15305200
2012-07-26,28.254523895757668,28.982535422892497,28.080433282781993,28.66148567199707,21036000
2012-07-27,28.69766124438845,29.27871363911723,28.4195692284594,29.19732093811035,13937600
2012-07-30,29.131754895800693,29.923071444543336,29.10010237184564,29.58167266845703,12652800
2012-07-31,29.48897343527765,29.54549604336477,29.05262055678085,29.181493759155273,8961600
2012-08-01,29.05262006195576,29.258363179856552,28.713484419209195,28.817485809326172,11612000
2012-08-02,28.668273239770418,29.231236320885525,28.530357910487286,29.226716995239258,11112400
2012-08-03,29.473155843935043,29.739940961035153,29.134020115499094,29.613330841064453,12934400
2012-08-06,29.617851351001992,29.975074704944657,29.53193586907989,29.6246337890625,9227600
2012-08-07,29.579415593220954,29.715067800665025,29.242539562481493,29.482194900512695,13179200
2012-08-08,29.568117251537505,29.735425474453017,29.48220175195015,29.651769638061523,7962800
2012-08-09,29.59072846651423,29.611075785418187,28.883064032446566,29.05489158630371,14203600
2012-08-10,28.982545522943514,29.231243035424495,28.939587770368043,29.186025619506836,5984800
2012-08-13,29.084271885102822,29.16566457540091,28.803920243483322,29.011924743652344,6454000
2012-08-14,29.19280312409804,29.432458492826697,29.061670225198622,29.366893768310547,8732400
2012-08-15,29.25592220000172,29.509575538603496,29.12230331210678,29.22874641418457,7735600
2012-08-16,29.147208475825924,29.43030102795267,29.147208475825924,29.369152069091797,9121200
2012-08-17,29.439358238445088,29.450679174536855,29.05434965118755,29.144941329956055,9582400
2012-08-20,29.126822586578555,29.15173486592635,28.988673302144257,29.02490997314453,8674400
2012-08-21,29.149476955056276,29.27177142346545,28.762204802940907,28.87997055053711,7605200
2012-08-22,28.732765785465407,29.101917896283595,28.65349847894626,29.011329650878906,8866000
2012-08-23,28.972818723538815,29.101908833686704,28.70557933595167,28.79616928100586,7000000
2012-08-24,28.669346803954998,28.76673070656596,28.492697335930405,28.68520164489746,10650800
2012-08-27,28.82787848927958,29.020381062551593,28.77125998373724,28.91167449951172,8820400
2012-08-28,28.956976332541938,29.043037589739846,28.812033057941402,28.852798461914062,7862800
2012-08-29,28.886770555966358,29.00000759973281,28.698796648627606,28.993213653564453,8583600
2012-08-30,28.78484960344297,28.78484960344297,28.57649390520175,28.694259643554688,8573600
2012-08-31,28.877705409040413,29.0724714943816,28.59461285820872,29.04529571533203,13784000
2012-09-04,29.070204825877735,29.24911777796366,28.90261453787366,29.106441497802734,10200800
2012-09-05,29.18344888102584,29.215155112686773,28.750882576728745,28.90035629272461,12698800
2012-09-06,29.02944459803187,29.328392028808594,28.943386801427707,29.328392028808594,15698400
2012-09-07,29.33065228610176,29.432568370796197,29.140414917919582,29.37594985961914,10789200
2012-09-10,29.083797205295767,29.414450840165166,29.083797205295767,29.14267921447754,11633600
2012-09-11,29.187981922160034,29.994229132327742,29.172127077061496,29.77907943725586,15890400
2012-09-12,29.815306434554085,30.22975434870737,29.79945504848859,30.22522735595703,14656000
2012-09-13,30.109729238144137,30.947682670643296,30.025934931610323,30.56947135925293,15745200
2012-09-14,30.63061451689935,30.641938910267648,30.29090345016849,30.40414047241211,13289600
2012-09-17,30.45169939055502,30.540024123435234,30.261458580281197,30.318077087402344,10649200
2012-09-18,30.141419805690436,30.31354223436621,30.014594935541044,30.270511627197266,13192400
2012-09-19,30.31808203388607,30.69176631528499,30.28637580295404,30.526437759399414,11976800
2012-09-20,30.413198642352544,30.537760060948862,30.22749171839784,30.485671997070312,12779600
2012-09-21,30.641940405363805,30.789147159175226,30.551348709716912,30.573997497558594,29225600
2012-09-24,30.3724199684071,30.567187693347876,30.236534223297518,30.288625717163086,10530000
2012-09-25,30.31128837049783,30.66458736294872,30.261463799180905,30.474349975585938,15398400
2012-09-26,30.379227382145537,30.47434606361661,29.980634318497273,30.012340545654297,10637200
2012-09-27,30.05537074950166,30.401875747102924,30.012340129873348,30.327138900756836,8432800
2012-09-28,30.34300296220679,30.487946267141687,30.175414317710143,30.410945892333984,9431600
2012-10-01,30.54455176939643,31.230767813928985,30.54455176939643,30.96579360961914,14700800
2012-10-02,30.934087294734233,31.0495912630628,30.682700980227846,30.80046844482422,10041600
2012-10-03,30.94766896740333,31.389296007001402,30.798198762203363,31.371177673339844,11717600
2012-10-04,31.434606209326237,31.665610762148066,31.29872036514385,31.631637573242188,8475600
2012-10-05,31.873976510155746,32.06647748472746,31.59314729018321,31.76526641845703,11280800
2012-10-08,31.479889126548496,31.593126137795075,31.380240003736414,31.414213180541992,6803600
2012-10-09,31.51840141134659,31.565962494869122,30.963540534093937,30.96807098388672,9978000
2012-10-10,30.943149709027043,31.248887594713416,30.872943308366903,31.12206268310547,8050400
2012-10-11,31.29870475618345,31.667858466059382,31.296441260340114,31.491209030151367,14057600
2012-10-12,31.563681414031976,31.704097648991755,31.35079529342896,31.507062911987305,8116000
2012-10-15,31.56142273862358,31.760721002091262,31.38930371017763,31.681453704833984,9694400
2012-10-16,31.751665241913155,32.10723120533004,31.710901566365344,31.96908187866211,8324400
2012-10-17,31.96907059552005,32.33369387290649,31.887539817479638,32.2861328125,10126000
2012-10-18,32.24085535095278,32.408447441158756,31.96229315536514,32.13214874267578,11241600
2012-10-19,32.22951809372396,32.24084248617015,31.652008636162197,31.699569702148438,10134400
2012-10-22,31.66334191240997,31.717696937970466,31.260218309400614,31.47989845275879,9782800
2012-10-23,31.242094037611093,31.24888798255158,30.784615495873403,30.94541358947754,11923200
2012-10-24,31.1401716448804,31.337202897821683,30.9001097836603,30.911434173583984,11478000
2012-10-25,31.214932260427574,31.411963663526574,30.918251679207295,31.151519775390625,15875600
2012-10-26,31.214909483620982,31.454971352624803,30.99749293948015,31.32361602783203,12148800
2012-10-31,31.162831736018937,31.699574147182343,31.11753415988238,31.425539016723633,14271200
2012-11-01,31.892073061561156,32.693789569492104,31.77430560390533,32.5850830078125,21310000
2012-11-02,32.625856938394996,33.15807243358457,32.476383209228516,32.476383209228516,18498000
2012-11-05,32.32917413610451,32.58735444281553,31.982669078563948,32.04608154296875,13864000
2012-11-06,32.26802346470432,32.80250239055413,32.13666809373819,32.58055877685547,9089200
2012-11-07,32.28160236490915,32.519400755503604,32.052864869496396,32.2861328125,10431600
2012-11-08,32.193290621756084,32.44241350389966,32.13214510536479,32.172908782958984,10133200
2012-11-09,31.91472624981664,32.56923618865577,31.769782979975034,32.369937896728516,11799600
2012-11-12,32.16384119048794,32.56243422042055,32.16384119048794,32.44013977050781,8943600
2012-11-13,32.29519219642134,32.79116732926236,32.2612190246582,32.2612190246582,10149200
2012-11-14,32.37018465615097,32.513192226896045,31.700532231240256,31.768632888793945,13608000
2012-11-15,31.779987335205078,31.88894632193468,31.446297191085925,31.779987335205078,13717600
2012-11-16,31.784526582554676,32.58583594274168,31.784526582554676,32.39515686035156,16632400
2012-11-19,32.687978336604395,33.06479891817186,32.61079921905236,33.06252670288086,15120400
2012-11-20,33.03756897616853,33.45525148851235,32.95131135631814,33.21916961669922,9566400
2012-11-21,33.19192856308163,33.34628684600821,33.08296957138381,33.29180908203125,6565200
2012-11-23,33.43708803736912,33.623226165771484,33.232786036446946,33.623226165771484,4454400
2012-11-26,33.50745557666818,33.50745557666818,33.23732513986395,33.42573547363281,8623600
2012-11-27,33.3962175104022,33.55965768286281,33.21688914926113,33.31903839111328,9981600
2012-11-28,33.14879582003173,33.44843735695734,33.117015971910256,33.434814453125,10358400
2012-11-29,33.58008704160489,33.67088906226719,33.423460050480394,33.636837005615234,12572800
2012-11-30,33.66860893403909,34.03407525358153,33.598236092901175,33.98413848876953,14048000
2012-12-03,34.04998049022556,34.21342067367809,33.695861247326114,33.74126052856445,11736800
2012-12-04,33.81844415134022,33.87973509422321,33.41438460621045,33.50291442871094,9100800
2012-12-05,33.711745489201085,33.711745489201085,33.16467849916817,33.609596252441406,11971200
2012-12-06,33.69813771213378,33.80028698423644,33.38260795925352,33.70267868041992,9124000
2012-12-07,33.85022478433361,33.88654560049554,33.548314494506975,33.7208366394043,7557200
2012-12-10,33.7662329914185,33.88427390180807,33.657274016151476,33.74580383300781,9288800
2012-12-11,33.68677397826985,34.12488545901215,33.68677397826985,33.80027389526367,14492800
2012-12-12,33.97961390389513,34.00458403020936,33.55739397223674,33.56874465942383,18319600
2012-12-13,33.620969017772026,33.8457002572287,33.34402874990441,33.414398193359375,13042800
2012-12-14,33.34173299022327,33.52560228096106,33.19872200243068,33.3281135559082,9579200
2012-12-17,33.36216895352717,33.85248947143555,33.34627730108673,33.85248947143555,13903200
2012-12-18,33.82526087833246,34.401842683798094,33.754891448914094,34.21343231201172,11869600
2012-12-19,34.231582180879506,34.24066065192217,33.857030305183855,33.85930252075195,8640400
2012-12-20,34.022749662961644,34.61975710677844,33.895630259924516,34.6084098815918,10863200
2012-12-21,34.27018415020862,34.49945286227127,34.04091543814597,34.22478485107422,13930400
2012-12-24,34.10220275270884,34.41773255607715,34.10220275270884,34.31785202026367,3272000
2012-12-26,34.3405432765255,34.342812028490705,33.868383087003075,33.99550247192383,7614400
2012-12-27,33.97961976058265,34.1975377516638,33.57328794995657,33.913787841796875,11976800
2012-12-28,33.70038796713777,34.03407444822644,33.65271649055844,33.74351501464844,6973600
2012-12-31,33.6754406482096,34.415459165309215,33.6754406482096,34.40864944458008,12868000
2013-01-02,34.99429633642719,35.39835577649909,34.942083879077735,35.271236419677734,15826400
2013-01-03,35.66395863763639,35.884148843729065,35.14413032931848,35.29848861694336,14937200
2013-01-04,35.32117968284142,35.68210862977431,35.1350381346161,35.586769104003906,10376000
2013-01-07,35.625369436803204,36.040779722818016,35.59358958527036,35.84101867675781,10242400
2013-01-08,35.786519043288855,36.17469024658203,35.641239301886614,36.17469024658203,11800400
2013-01-09,36.6377885223111,36.898840528649174,36.254161537530315,36.726318359375,17552800
2013-01-10,36.780797538900075,36.948778730202896,36.154278993388736,36.43575668334961,16313600
2013-01-11,36.27005194704217,36.603742152602656,36.20649223776821,36.58331298828125,9578000
2013-01-14,36.61055947780235,36.73086919989729,36.21785045028006,36.46754837036133,8877600
2013-01-15,36.27913441273329,36.467541326987174,36.11342195195206,36.422142028808594,6696000
2013-01-16,36.34494636346141,36.49703584832249,36.163345789506614,36.36537551879883,5464400
2013-01-17,36.54699013523326,36.56741929842019,36.23146035895088,36.29275131225586,7833600
2013-01-18,35.98403040937059,35.98629916175652,35.52548957409305,35.92728042602539,13812400
2013-01-22,36.020351075892364,36.24735103013039,35.816052502575914,36.10434341430664,6918000
2013-01-23,35.931821232289316,36.3109142039619,35.884153181596204,36.10434341430664,7108800
2013-01-24,36.16108168080977,36.35857046858024,36.0702796503025,36.22010040283203,6794000
2013-01-25,36.301825111778484,36.35176536896824,36.09979533087219,36.28366470336914,6701600
2013-01-28,36.38354395542981,36.45164461866617,35.480085316808676,35.49143600463867,13532000
2013-01-29,35.35297381404973,35.65942167137256,35.212231488293874,35.56181335449219,11664000
2013-01-30,35.63672591542302,36.11342376585832,35.12824474454742,35.18726348876953,18708000
2013-01-31,36.09299492984204,36.20649491389815,35.49144639984252,35.84556579589844,16685600
2013-02-01,36.092987361264925,36.20194635326196,35.71843887791917,35.993106842041016,12738400
2013-02-04,35.8137705612963,35.95677812445646,35.539099193770504,35.55952835083008,10532000
2013-02-05,35.779720559063634,36.22918282266811,35.59358245558311,36.21329116821289,11105200
2013-02-06,36.14292894686564,36.51974966003716,36.00672760406455,36.50613021850586,15056800
2013-02-07,36.088427089225675,36.27229637228855,35.62988998896139,35.652587890625,20182800
2013-02-08,35.72980413940166,36.079386133154784,35.66170689986787,35.82060623168945,12914000
2013-02-11,35.77065024894266,35.90457937957859,35.39837049330153,35.486900329589844,11032400
2013-02-12,35.60266444021405,35.79788449800315,35.507324895304535,35.59358596801758,9805600
2013-02-13,35.589037348207,35.80286785410136,35.0635621740895,35.20687484741211,13917600
2013-02-14,35.1682023225533,35.63453080001544,35.09995803015309,35.482120513916016,12760000
2013-02-15,35.5662815374201,35.959818555023105,35.42751944852452,35.93934631347656,17884400
2013-02-19,35.943906805738415,36.121339907480746,35.636812654745626,35.8529167175293,13210000
2013-02-20,35.741457106031696,35.85292293380607,35.302424821280525,35.35474395751953,15688800
2013-02-21,35.286502397506034,36.00760961456128,35.21143399388795,35.81425476074219,14220800
2013-02-22,36.009862102229405,36.30103442468623,35.643621427273075,36.266910552978516,11738000
2013-02-25,36.214608610215805,36.47621119975563,35.46165466308594,35.46165466308594,11183200
2013-02-26,35.48894131142214,36.07583661806641,35.48894131142214,35.9029541015625,11354000
2013-02-27,35.81650657297143,36.419326974165116,35.7823861697738,36.36700439453125,8318000
2013-02-28,36.47394002817505,36.47394002817505,36.01215846758856,36.08722686767578,11228000
2013-03-01,35.92571878536406,36.13727583643112,35.63454625118284,35.959842681884766,13212000
2013-03-04,35.88702667123225,36.291938346508836,35.83925810371501,36.282840728759766,6570000
2013-03-05,36.417056081358105,36.801495553493666,36.36473696398749,36.46255111694336,10267600
2013-03-06,36.59221934576009,36.78330059733974,36.44208258906934,36.63771438598633,7516000
2013-03-07,36.59449240482536,36.8014988268568,36.31696815070715,36.51259994506836,8687200
2013-03-08,36.70140625771246,36.71505442197676,36.37156289414607,36.54899597167969,9571600
2013-03-11,36.708230045444765,36.76055263610346,36.48985247686966,36.665008544921875,6742000
2013-03-12,36.55126449634862,36.61723524264452,36.175926146355955,36.3510856628418,8340800
2013-03-13,36.28283489342496,36.487564234812,36.1349751992063,36.25326156616211,11021600
2013-03-14,36.260089508981004,36.63998184705834,36.23734373031919,36.546714782714844,14853600
2013-03-15,36.40340938552272,36.54217150583412,36.06219139830276,36.066741943359375,17599600
2013-03-18,35.77784757191481,36.2100556882906,35.577665216852694,35.957557678222656,15162800
2013-03-19,35.9416326376108,36.24873025426328,35.413880416321966,35.48667526245117,17652400
2013-03-20,35.71415678599513,36.38976881943964,35.650463026098976,36.24418258666992,16070400
2013-03-21,36.04400848581762,36.33518101817105,35.896148681640625,35.896148681640625,14883200
2013-03-22,35.98939575646703,36.43297839293778,35.87792997764169,36.41705322265625,18790400
2013-03-25,36.56719385123834,37.37019322702176,36.51032418739505,37.30649948120117,19336800
2013-03-26,37.511237559870025,38.16637734963001,37.42934508615003,38.09358596801758,17264800
2013-03-27,37.900218512726966,38.49621147281291,37.64999060602359,38.36655044555664,13371200
2013-03-28,38.387013152170844,38.88974237760259,38.24597753310265,38.63496398925781,12456400
2013-04-01,38.61450904152743,38.89658387703451,37.966193362866974,38.06856155395508,13235200
2013-04-02,38.31195522514234,38.421144009263394,38.059453775516324,38.205039978027344,9582000
2013-04-03,38.31195423991012,38.33697703052863,37.370192757343425,37.477108001708984,16624800
2013-04-04,37.629524389684796,37.88202587379877,37.53625729396492,37.87065124511719,8903600
2013-04-05,37.35427710388705,37.62952437420159,37.21323795618231,37.57038116455078,7962400
2013-04-08,37.679582360888894,37.84564088685037,37.41570616138129,37.82744216918945,6125600
2013-04-09,37.950264015464306,37.96163864229977,37.30877254927094,37.477108001708984,6004400
2013-04-10,37.527144633873796,38.05717018436283,37.527144633873796,37.98665237426758,8996400
2013-04-11,37.988938697571925,38.19366811650446,37.811505608883955,38.129974365234375,6590000
2013-04-12,37.74099108266263,37.95027106532688,37.556733895265275,37.704593658447266,7076800
2013-04-15,37.44753734252123,37.50668401787334,36.690032958984375,36.690032958984375,10774000
2013-04-16,36.999401014300055,37.48848219416782,36.96528060523779,37.46800994873047,10092000
2013-04-17,37.24736854781852,37.31333585234162,36.83790613908042,36.903873443603516,9543600
2013-04-18,36.98576561006301,37.167749286956386,36.685495493581385,36.717342376708984,21010800
2013-04-19,36.869744221319124,37.33152565589908,36.79467584171585,37.29740524291992,7620400
2013-04-22,37.2086822354867,37.38611529425888,36.96300489156016,37.199581146240234,5403600
2013-04-23,37.36793628972658,37.68867869828668,37.19960076039441,37.68413162231445,6324000
2013-04-24,37.684121395297964,38.11860653520658,37.670473228984505,38.00259017944336,7447200
2013-04-25,38.195946502095396,38.78056491255949,38.089031243383225,38.38930130004883,9322800
2013-04-26,38.3892980286341,38.580382744100476,38.02078370425064,38.041255950927734,6127200
2013-04-29,38.15498597452555,38.330145474701034,38.02532497282024,38.19365692138672,10694400
2013-04-30,38.35061477835756,38.64861117684806,38.22550085924571,38.321044921875,12161600
2013-05-01,37.986680222982095,38.275575755421784,37.215527348351216,37.76602554321289,12252400
2013-05-02,38.67136655944917,40.868810927584775,38.67136655944917,39.899749755859375,30677200
2013-05-03,40.2546264949554,41.1372413638162,40.13405960791448,40.84151840209961,15026400
2013-05-06,40.796017798809274,41.12131405364612,40.520770592688166,40.69365310668945,13084000
2013-05-07,40.83015089418009,40.914316897871316,40.31377330134224,40.89839172363281,11876400
2013-05-08,40.82331145501638,40.832409071838114,40.42294689389978,40.77781295776367,14449200
2013-05-09,40.77101347866952,40.9188767418657,40.54353473933703,40.62315368652344,11501200
2013-05-10,40.64589046898291,40.72323586121104,40.38884191082406,40.66181564331055,13837600
2013-05-13,40.62315094768844,41.04626151316254,40.52078621610032,40.70276641845703,12480000
2013-05-14,40.71413496282375,41.28510869617455,40.63679304127841,41.018959045410156,16074800
2013-05-15,41.02122236033897,41.429154097083234,40.94829407365167,41.42231750488281,13624400
2013-05-16,41.4177767483247,41.4177767483247,40.97109952786416,40.97565841674805,9913600
2013-05-17,41.221781620015044,42.06499514322329,41.13973901639726,42.06271743774414,13248800
2013-05-20,41.91229861781578,42.137913133098365,41.203542858547095,41.38813781738281,21192000
2013-05-21,41.37219238876247,41.63427458431384,41.11011367062424,41.374473571777344,13422800
2013-05-22,41.4952531720075,42.028528322962494,41.04402061946194,41.05313491821289,19563200
2013-05-23,40.65203301666259,40.90955277362451,40.362604525788285,40.58822250366211,16906000
2013-05-24,40.53808538255406,41.271909763224535,40.31474510849805,41.123775482177734,12306400
2013-05-28,41.5773019594692,41.600089448445004,40.946029746555716,41.028072357177734,9937200
2013-05-29,40.84346356420498,41.06680035428528,40.58138492627285,40.59733581542969,7490400
2013-05-30,40.64292607984133,41.47474763044548,40.64292607984133,41.25596618652344,9628000
2013-05-31,41.15112411952711,41.34027447156491,40.58822151839893,40.59733581542969,12514400
2013-06-03,40.736355248933606,41.17619226861733,40.45376333687676,41.06452560424805,15232400
2013-06-04,40.88447813401788,41.42003430136888,40.72495187483194,41.066795349121094,13528400
2013-06-05,40.991602324889634,41.064530624948134,40.3056374548515,40.38768005371094,12176800
2013-06-06,40.26689305049986,40.88904735730956,40.20080134807899,40.87309646606445,14664800
2013-06-07,41.16935710136425,41.24912198788591,40.918673916062126,41.00755310058594,13899200
2013-06-10,41.14429928884794,41.736829660256205,40.93691678852707,41.5522346496582,13779200
2013-06-11,41.146564037843376,41.465616585839015,40.92094607199591,40.9437370300293,7856400
2013-06-12,41.167072811971316,41.167072811971316,40.72723584740692,40.82750701904297,9994800
2013-06-13,40.8275184316461,41.650222151873656,40.72724723198102,41.53399658203125,9760400
2013-06-14,41.48841511807062,41.58640860519773,41.04629687983994,41.23316955566406,7427200
2013-06-17,41.54996806049511,41.86902082128384,41.36309181673722,41.55680465698242,14779200
2013-06-18,41.41320568873204,42.2131183208114,41.41320568873204,41.93508529663086,7579200
2013-06-19,41.98979935085606,42.190348759035544,41.59781831345822,41.620609283447266,12220800
2013-06-20,41.36990701799773,41.58640724209537,40.67026901245117,40.67026901245117,15534000
2013-06-21,41.021239299296006,41.36308296012347,40.74776506611674,40.907291412353516,17923200
2013-06-24,40.59051185888536,40.90272792120781,40.036723382396914,40.626976013183594,15527600
2013-06-25,40.97565955776398,41.33573528652414,40.67939436550173,41.12834930419922,12721600
2013-06-26,41.451960687208896,41.73683039435542,41.130626822968395,41.625160217285156,10392800
2013-06-27,41.805200337135254,42.160717179669554,41.590977758322666,41.99207305908203,11102400
2013-06-28,41.99207440308594,42.096907990031,41.52716855044896,41.647953033447266,12656400
2013-07-01,41.91002571229185,42.721337477732064,41.84849636546982,42.21084976196289,11616000
2013-07-02,42.178944172047125,42.62561787716678,41.99206799522244,42.21540832519531,8749200
2013-07-03,41.97382475174967,42.716766895483005,41.9168508316431,42.625606536865234,4533200
2013-07-05,43.042676555874245,43.49619042785549,42.73046043771508,43.4802360534668,8495600
2013-07-08,43.664826427579044,43.931464033738514,42.85807353748441,42.867191314697266,19588000
2013-07-09,43.06090022496798,43.19308017405888,42.52534731187596,42.66208267211914,23330400
2013-07-10,42.696268167154074,42.8010982599258,42.345306781130084,42.548133850097656,15523200
2013-07-11,43.14978273778786,43.31386796460301,42.73501425924811,43.291080474853516,14235200
2013-07-12,43.27739538779193,43.46654925071793,43.106473599566186,43.464271545410156,7782800
2013-07-15,43.642020617772026,43.717226605838825,43.25459867591649,43.35715103149414,14529200
2013-07-16,43.34350005941604,43.4665622536909,43.00393408669156,43.158905029296875,7515200
2013-07-17,42.944661718173265,43.28878293687539,42.87629231992851,43.218135833740234,11118000
2013-07-18,43.34805117620819,43.61924419166672,43.28879605697789,43.530364990234375,5938400
2013-07-19,43.54631943284057,43.75370539565999,43.163452772449865,43.281959533691406,9048400
2013-07-22,43.34805073395067,43.59873396438564,43.12926929097302,43.578224182128906,7930400
2013-07-23,43.46655219391481,43.635196288251954,42.96745998211521,42.97657775878906,11710800
2013-07-24,43.25233372935148,43.266010395652664,42.31112662762767,42.559532165527344,13993600
2013-07-25,43.52808439276237,44.66756304178757,43.52808439276237,44.35078811645508,21923200
2013-07-26,44.21175523069639,44.34849400897246,43.71722209720944,44.02943801879883,8709200
2013-07-29,43.95198024218259,44.09555569626443,43.585067897517405,43.74915313720703,5776400
2013-07-30,43.91551196682529,44.02945984607363,43.562272845672794,43.62836456298828,13911200
2013-07-31,44.154804885157375,44.41688362641358,38.96789847671043,40.33982849121094,90073600
2013-08-01,41.422326125253925,41.422326125253925,39.48977133221518,40.83207702636719,74287200
2013-08-02,41.39041882029826,41.953321516918116,41.212660440040686,41.93281173706055,21698400
2013-08-05,41.932815517893026,42.192616518418234,41.659341329563276,42.055877685546875,11479600
2013-08-06,41.980675576370714,42.00346306380398,41.21494575487043,41.67985153198242,19986800
2013-08-07,41.34256395405465,41.47702159607826,40.998439186696864,41.33800506591797,15556400
2013-08-08,41.57045332334501,41.60463628561357,41.00526951281505,41.19898223876953,9626800
2013-08-09,41.20355000816244,41.32889335918693,40.92095804198114,40.97793197631836,10028400
2013-08-12,40.88449106202029,41.01667099783117,40.656595340431736,40.96653366088867,13622400
2013-08-13,41.13517743929708,41.167082700984515,40.72040555994773,40.84574890136719,11407200
2013-08-14,40.98503223623191,41.437100737073294,40.72018814086914,40.72018814086914,15338800
2013-08-15,40.51468347247505,40.52381806566513,39.60141924775281,39.71100997924805,17288400
2013-08-16,39.66307557461018,39.893673595408494,39.352565520437665,39.52836990356445,12612400
2013-08-19,39.34572722647405,40.386848436869606,39.31833040004102,39.95076370239258,11982000
2013-08-20,39.866275108640835,40.0169645735878,39.475853037428664,39.54891586303711,14135200
2013-08-21,39.558050075109044,41.43937617606824,39.38909837434385,40.729312896728516,30930800
2013-08-22,41.014722110514896,41.42340657644601,40.41653478014607,40.85033416748047,10586400
2013-08-23,41.188226625762375,41.23160724594454,40.553508091310945,40.89141845703125,9807200
2013-08-26,40.97360590212912,40.97360590212912,39.94846543242756,39.95531463623047,13789200
2013-08-27,39.49411901150972,39.973584227289805,39.400512055826965,39.76581573486328,12762400
2013-08-28,39.583168658770056,40.13569330763175,39.583168658770056,40.003273010253906,15672000
2013-08-29,39.98043779675261,40.47588338244268,39.907374962672094,40.039798736572266,9404800
2013-08-30,40.04894075968838,40.06948837914863,39.68363348919615,39.822906494140625,9886400
2013-09-03,40.190488753102,40.73159687536959,40.01240244744868,40.41652297973633,12550400
2013-09-04,40.38911510795859,40.612867385513965,40.012394951305936,40.227012634277344,9753200
2013-09-05,40.213305496134275,40.34344382817343,40.007818968529804,40.231571197509766,7406800
2013-09-06,40.256704141393975,40.61515867551909,39.96674166333693,40.336612701416016,6697200
2013-09-09,40.475887575562794,40.78867959228311,40.475887575562794,40.76585006713867,10801600
2013-09-10,41.6471433004639,42.158569167520305,41.400561478635666,42.14487075805664,19507200
2013-09-11,42.23848500312694,42.58780841120334,41.76130511677784,42.53757858276367,11006000
2013-09-12,42.56496630087868,42.88004361482846,42.252174377441406,42.252174377441406,14212000
2013-09-13,42.3503602934846,43.22024419313055,42.284146664707265,43.15174865722656,16403600
2013-09-16,43.59925388446847,43.626650707861934,43.124355870623106,43.2385139465332,11380800
2013-09-17,43.22480849485885,43.813861004847965,43.051286018087,43.74536895751953,10400800
2013-09-18,43.475945677715714,44.2933176272468,43.418866660154826,44.21340560913086,10474800
2013-09-19,44.41432655665277,45.206583629265744,44.295601220134685,44.45542526245117,14966400
2013-09-20,44.590132144290564,45.396087646484375,44.26363833080622,45.396087646484375,57707200
2013-09-23,45.197460165463674,45.85957551286257,44.749959042158004,44.80475616455078,19551600
2013-09-24,44.80475801878424,44.93261449249789,43.97825127000224,44.14263916015625,15296400
2013-09-25,44.126654832155324,44.293324614252775,43.535313469235675,43.73623275756836,10594800
2013-09-26,43.939440041332254,44.40748882078474,43.75907182527859,44.19287109375,9326400
2013-09-27,43.834420518547205,44.22712458981928,43.79332179843226,44.07643508911133,7258400
2013-09-30,43.56272241430953,43.82756998623722,43.437147834186234,43.63121795654297,9561600
2013-10-01,43.674590071022905,44.20428515389879,43.39604760330846,44.11524200439453,9384800
2013-10-02,43.81387074797151,44.06501992344991,43.60838759263696,43.79560852050781,8712400
2013-10-03,43.834401404589684,43.86179821683455,42.864058154215954,43.07182312011719,19646000
2013-10-04,43.06955748472648,43.64262975491464,42.92571719844709,43.48965835571289,9365600
2013-10-07,42.912000398447745,42.912000398447745,42.53984761030579,42.54212951660156,11785200
2013-10-08,42.5215880344971,43.010184306816505,41.66996654691819,41.67453384399414,16039600
2013-10-09,41.87318419666136,42.16999591451345,41.12202553002708,41.975929260253906,13448000
2013-10-10,42.45310006162082,43.17914365357304,42.36405691385635,43.15859603881836,10865600
2013-10-11,43.106085119153256,43.88235855102539,42.80927345973359,43.88235855102539,11915200
2013-10-14,43.46453797355566,44.24537867375166,43.384629423095014,44.165470123291016,8922400
2013-10-15,44.07184604837242,44.389205212726765,43.692840576171875,43.692840576171875,10567600
2013-10-16,43.93256656328872,44.70655770377545,43.800142858413366,44.665462493896484,10382800
2013-10-17,44.67462158272435,45.377835757427114,44.62895904853909,45.27052688598633,12605200
2013-10-18,45.37098616853192,45.88926481092156,44.96686560255589,45.76597213745117,14387200
2013-10-21,45.90293799564214,46.046774723871394,45.494250355741606,45.67233657836914,11526000
2013-10-22,45.67463324267662,46.27510217382798,45.551340606530864,45.65864944458008,12202800
2013-10-23,45.3618383134011,45.460016042012604,45.01936418425646,45.409786224365234,7476400
2013-10-24,45.63352728080313,46.434918836857456,45.57416636265431,46.32761001586914,8885600
2013-10-25,46.517138064410425,46.55366600416355,46.01027588466011,46.361881256103516,11014400
2013-10-28,46.478315976540415,46.6906483039249,46.222599543476996,46.36643981933594,6854400
2013-10-29,46.4577603359534,46.86188081958911,46.4577603359534,46.631282806396484,8599600
2013-10-30,46.77283615648737,46.78196726755872,46.03765803937852,46.5353889465332,11946400
2013-10-31,44.989688632336694,45.41207133108276,44.352684756297045,44.90292739868164,24035200
2013-11-01,45.423495254093105,45.88469483132782,45.32532098635122,45.47144317626953,13233600
2013-11-04,45.59015731763451,45.66322014209893,44.7933363558043,44.845848083496094,11089200
2013-11-05,44.60840491804155,45.19974283640309,44.521643677076796,45.06275177001953,11058000
2013-11-06,45.37555158644502,45.70660929755802,45.06732339937176,45.43947982788086,8878800
2013-11-07,45.656359531554585,45.74540264923314,44.77277755737305,44.77277755737305,10832400
2013-11-08,44.69744635002074,45.311617250476175,44.69744635002074,45.27280044555664,11462400
2013-11-11,45.35270364649124,45.59471812136348,45.25681131590942,45.496543884277344,8385200
2013-11-12,45.39152341440102,45.47599925681977,44.94402580805462,45.26823425292969,9016400
2013-11-13,44.98912500933109,45.7052001953125,44.95480975700963,45.7052001953125,8181600
2013-11-14,45.73950934097707,45.80814332732673,45.47412994642502,45.78984069824219,10909600
2013-11-15,45.700625755633965,46.3366273941373,45.696052715695224,46.21308898925781,12391600
2013-11-18,46.2130852173244,46.37551888451656,45.588523211385315,45.73265075683594,16380800
2013-11-19,45.83560394825851,45.847040038155995,45.028019116431295,45.15842056274414,14462800
2013-11-20,45.24764444394034,45.80128595157132,45.22247876219029,45.3254280090332,10197200
2013-11-21,45.59081463512381,46.21309018821494,45.17215107243506,46.12386703491211,12776400
2013-11-22,46.14445715919656,46.29087473413149,45.71893053659343,46.240543365478516,8150800
2013-11-25,46.3320640250427,46.36180275433258,46.05524145267991,46.19708251953125,6742000
2013-11-26,46.36408024034084,46.57913179383898,46.12614952507355,46.560829162597656,11246000
2013-11-27,46.55626695145649,46.86054174404867,46.44874114163554,46.66836929321289,5939600
2013-11-29,46.787321464677305,46.915439896123225,46.5471076965332,46.5471076965332,4139200
2013-12-02,46.6935165729401,47.240294979469226,46.6935165729401,46.92915725708008,8762000
2013-12-03,45.73952575590314,46.35036531184965,45.73952575590314,46.15590286254883,17032800
2013-12-04,46.16274576869743,46.517351761619764,46.002602140210676,46.38237380981445,11739200
2013-12-05,46.25655989859193,46.42814315941116,46.10327927116453,46.14674758911133,13260000
2013-12-06,46.60200548833656,46.634034218933046,45.984306546335866,46.18334197998047,9106800
2013-12-09,46.16276916866627,46.373244257206,46.06668294286799,46.119300842285156,12667200
2013-12-10,45.96372316953677,46.14216947539854,45.62512969970703,45.62512969970703,15647200
2013-12-11,45.98431029102397,47.5651647811262,45.98431029102397,47.0504150390625,40328000
2013-12-12,46.89255193125248,47.04811904679154,46.32747089587031,46.54252243041992,11469200
2013-12-13,46.787305866888374,47.58574095012011,46.65232792027115,47.43932342529297,17674400
2013-12-16,47.594896986276176,48.17370760636169,47.423313762416846,47.5285530090332,14779600
2013-12-17,47.72758559792238,48.91494199507165,47.54913933497306,48.786827087402344,20647200
2013-12-18,48.752523188392374,49.29701167271918,48.04331101046128,49.26727294921875,16142000
2013-12-19,49.171191563724456,49.843798590061056,49.08196839640659,49.434288024902344,13394800
2013-12-20,49.580690438315095,49.91928036819617,49.39309109782858,49.40910720825195,23263600
2013-12-23,49.64248572900792,50.06343595543686,49.54182295945504,49.88041305541992,7994800
2013-12-24,49.98105785034772,50.23728772370092,49.64933092698076,50.0405387878418,5207600
2013-12-26,50.100023471521695,50.38828208051305,50.100023471521695,50.3768424987793,4898800
2013-12-27,50.55985940269485,50.65136906408935,50.13661936428816,50.255584716796875,5242000
2013-12-30,50.466061783560086,50.70170248756267,50.26244981143543,50.53927230834961,5940000
2013-12-31,50.67882681262728,50.953359298825895,50.56672450562861,50.94420623779297,6448400
2014-01-02,50.68339710374051,50.79549940465993,50.21669225159901,50.5621452331543,10654000
2014-01-03,50.73143639080383,50.90073308349965,50.383693436747,50.596458435058594,7809600
2014-01-06,50.60103828064195,50.85955813879352,50.237282659772475,50.29219055175781,8577600
2014-01-07,50.502670602441476,50.813808372967884,50.43632661419013,50.67654037475586,8178000
2014-01-08,50.65595496620109,51.01742413006294,50.47750864985885,50.8389778137207,8487200
2014-01-09,51.1432655830399,51.36518027491672,50.71087578470832,50.768070220947266,8386400
2014-01-10,50.752033602491146,50.95793558430246,50.33337007943174,50.589603424072266,6429600
2014-01-13,50.793206710050036,51.28965371227785,50.01307421046233,50.07941818237305,13554400
2014-01-14,50.04282561752652,50.93734359741211,49.94902594096882,50.93734359741211,10851600
2014-01-15,50.98310677582834,51.45209822153431,50.74975256756989,51.19129180908203,11288000
2014-01-16,51.06087913127646,51.19128056342095,50.626199545432534,50.73601531982422,13514000
2014-01-17,50.800069394929444,53.13588685636271,50.797779384655236,53.117584228515625,38344400
2014-01-21,53.623196505721005,53.877139852302975,52.80646206079206,53.060401916503906,19752400
2014-01-22,53.167935984658364,53.49280339001968,53.0032157616954,53.30291748046875,7254400
2014-01-23,52.998650207014414,53.15193086847493,52.083539279461874,52.2185173034668,13662400
2014-01-24,51.7952535581896,51.92337196213903,50.61705017089844,50.61705017089844,16043200
2014-01-27,50.80465937331755,50.80465937331755,49.214651757822175,49.46630859375,19470800
2014-01-28,49.78657753049302,50.87098455317169,49.73624618191707,50.550697326660156,17852400
2014-01-29,50.12518148232053,50.50037666601296,49.53035823191729,49.67219924926758,16800000
2014-01-30,51.64655183446038,51.703746244022355,49.486890370861175,50.532405853271484,20040400
2014-01-31,49.445715387513744,50.07942697453205,49.21236120340822,49.28556823730469,24457200
2014-02-03,49.532644492169865,49.83691916559371,48.51687472520225,48.837162017822266,21662400
2014-02-04,48.99501801586008,49.38851581822569,48.359016484544185,49.08195114135742,14913600
2014-02-05,48.78454599583497,49.58526774872808,48.75709030480145,49.32674789428711,13520800
2014-02-06,49.43427453743775,50.104591369628906,49.36564054494889,50.104591369628906,12721600
2014-02-07,50.37454474521427,50.78863167919472,49.978760439752286,50.73830032348633,12537200
2014-02-10,50.76347421722852,50.818382111670545,50.32879806489006,50.456912994384766,10316800
2014-02-11,50.58959946410116,50.99224684434716,50.3425191997901,50.864131927490234,9809600
2014-02-12,51.21022139983784,51.544836888736384,51.08416618258331,51.37752914428711,14650800
2014-02-13,51.074990261242796,51.51044983988998,50.98560630574525,51.35001754760742,13158800
2014-02-14,51.40043834471185,51.851942889923976,51.22625171986153,51.79693603515625,12682000
2014-02-18,51.90695503746626,52.36533508000134,51.709851479289696,51.81069564819336,13427200
2014-02-19,51.767151601018185,52.20719604443308,51.265224869527984,51.311065673828125,9322000
2014-02-20,51.375222617883274,51.560865927184,51.01539269962975,51.21479034423828,8810000
2014-02-21,51.27667081255005,51.492109943070936,51.10477833570825,51.191871643066406,9136000
2014-02-24,51.27666815616209,52.12467029855195,51.21708002625533,51.840476989746094,10817200
2014-02-25,51.840483826981284,52.353867160746425,51.680051535179686,52.05133819580078,11339600
2014-02-26,52.07884286570448,52.23239974647233,51.62733828467522,51.82215118408203,10413600
2014-02-27,51.840480614282725,52.20947661113955,51.705259369370104,51.861106872558594,8097600
2014-02-28,51.904654459758554,52.25302420459975,50.58222731100099,51.78318405151367,14004000
2014-03-03,51.16436988317613,51.34771906044862,50.32782439893447,50.751827239990234,16422800
2014-03-04,51.60213606059603,51.79007357186452,51.01311947685174,51.68235397338867,14884800
2014-03-05,51.7098536580644,51.751109682155196,50.9489445739199,51.06583023071289,11328400
2014-03-06,51.28354856680268,51.81298035719615,51.18270791341309,51.30646896362305,9120400
2014-03-07,51.55628847664309,51.735056392279525,51.2331297456227,51.69609451293945,8971200
2014-03-10,51.684644614808114,51.88174818891685,51.503586022122896,51.68235397338867,7350400
2014-03-11,51.78547629608528,52.34470041778676,51.482947335082514,52.067378997802734,11062800
2014-03-12,51.82444364794,52.18197950196461,51.634215521060334,51.819862365722656,9394800
2014-03-13,51.948209071269076,52.138437201298764,50.52035277547312,50.60057067871094,11996400
2014-03-14,50.56389363473114,50.86184131621392,50.09176282272014,50.59827423095703,13692000
2014-03-17,50.87789077063023,51.31105974276242,50.73808472686471,51.28813934326172,8800000
2014-03-18,51.47608152715169,51.9734234667014,51.16667359145157,51.89091491699219,8304800
2014-03-19,51.936729155370735,52.046739340401345,50.88016345897143,51.29729080200195,7888800
2014-03-20,51.366066286892035,51.366066286892035,50.6303682793328,50.838932037353516,11890000
2014-03-21,51.102493491637105,53.32563574486691,50.35304122839002,51.19416809082031,38092400
2014-03-24,51.65712256089226,51.84964127909014,50.2155193177633,50.59368133544922,18228400
2014-03-25,50.923727749611885,51.11853715548482,50.05509567260742,50.05509567260742,11675200
2014-03-26,50.41034402130087,50.465350884884735,49.43170166015625,49.43170166015625,10657200
2014-03-27,49.25065460390522,49.544017617314985,48.828945709274045,49.45234298706055,10489600
2014-03-28,49.1566620317024,49.58295550057192,48.24907174131007,48.6088981628418,14950000
2014-03-31,48.76933129321338,49.47294616699219,48.51263965055963,49.47294616699219,11639200
2014-04-01,49.752565604077205,50.000091223659105,49.17271518403176,49.20709228515625,9090400
2014-04-02,49.225431064989365,49.6196381699462,48.90227230502555,49.19792938232422,9344800
2014-04-03,49.45691277187264,49.569217140412185,48.90456748269051,49.27814483642578,14210400
2014-04-04,49.40648395853277,49.4385704147366,47.155836754133006,47.60275650024414,24449200
2014-04-07,47.391914267259054,47.54318052683646,46.07178094943652,46.619544982910156,40124000
2014-04-08,46.48432633542258,47.19481337249649,46.296388820976645,46.431610107421875,21745600
2014-04-09,46.8876816883666,47.62108884923284,46.43846783518285,47.56608200073242,19142800
2014-04-10,47.731107866837355,47.9167547033869,45.87237683762809,46.19324493408203,20403600
2014-04-11,45.66151605173083,45.83799330516087,44.655372238569,45.06562423706055,29939600
2014-04-14,45.79215157766849,46.28490855912545,45.38189961889775,46.0694694519043,20925600
2014-04-15,46.71808103258957,46.9701913897503,45.64776432930048,46.766212463378906,19214000
2014-04-16,47.44231174152008,48.02903735616904,47.09394209638706,47.98320007324219,15832800
2014-04-17,48.20782485511748,48.4828521619289,47.66006088256836,47.66006088256836,13364000
2014-04-21,47.89611943637261,48.01529920118457,47.76089819202215,47.93050003051758,10012400
2014-04-22,47.97864077600665,48.26283767653953,47.792997408408205,48.12303161621094,9840000
2014-04-23,48.198651470906455,48.198651470906455,47.67151383959405,47.85945129394531,8819600
2014-04-24,48.0840524990148,48.24448476554877,47.57754116771349,47.992374420166016,13547200
2014-04-25,45.83798545011167,46.70890787309594,45.50795139532514,45.592750549316406,38239200
2014-04-28,45.72340396337618,46.280333972111976,45.61109960694403,46.163448333740234,24263200
2014-04-29,46.271167996581475,46.76621922559158,46.24824759819402,46.44993591308594,12760000
2014-04-30,46.3559698423318,46.672253173031514,46.27346129941718,46.436187744140625,12145600
2014-05-01,46.77767502432598,47.51337288138705,46.608073184834176,47.233760833740234,14273200
2014-05-02,47.15355330087705,47.46525185029489,46.75476142970421,46.85102081298828,10908800
2014-05-05,46.69745893247266,47.64401467925081,46.52556644560466,47.47212219238281,13792800
2014-05-06,47.373577263312654,47.44691974963354,47.02979222729854,47.066463470458984,10873200
2014-05-07,47.44461949119853,47.900708839123446,46.855603023997546,47.83195114135742,14732000
2014-05-08,47.884658053069764,48.61119332484502,47.8113190822664,48.33616256713867,14613600
2014-05-09,48.17114570037723,48.32928733753043,47.70589034602986,48.31553649902344,11795600
2014-05-12,48.37743073935669,48.69829537444848,48.3659705387115,48.519527435302734,8732800
2014-05-13,48.58599022600158,48.746422529432145,48.45076546574546,48.60203170776367,7137600
2014-05-14,48.49640340630747,48.652548953613014,48.1887092590332,48.1887092590332,6838000
2014-05-15,47.9912237872646,48.14966427328989,47.398795819581835,47.63530731201172,12685200
2014-05-16,47.66745585670799,48.24151357501827,47.66745585670799,48.17721939086914,12279600
2014-05-19,48.07849052358018,48.44588541741952,47.95679054892312,48.30352020263672,7039600
2014-05-20,48.294326389753735,48.294326389753735,47.6238239333513,47.743228912353516,8740000
2014-05-21,47.95679128283258,48.37470355033313,47.897087027639046,48.24382019042969,9096400
2014-05-22,48.250699102960624,48.28514116358202,47.92233627536597,48.0761833190918,16870000
2014-05-23,48.21856190959161,48.74210236112466,48.15426771405392,48.6961784362793,11117600
2014-05-27,48.90743595445181,49.25875909346762,48.86840043942464,49.25416564941406,9676800
2014-05-28,49.25415741331984,49.25415741331984,48.91201771585124,49.093421936035156,7223200
2014-05-29,49.13934294731116,49.29778344545482,49.024531398368836,49.293190002441406,5260400
2014-05-30,49.57104196622098,49.58711376321117,48.985502289393125,49.32993698120117,6136400
2014-06-02,49.45392584567255,49.527406919363315,48.87297968391538,49.02912521362305,6364000
2014-06-03,48.91662138351711,48.96254531465865,48.40456271893484,48.52396774291992,9011600
2014-06-04,48.48721769123329,48.54921340942383,48.09456062383986,48.54921340942383,12589600
2014-06-05,48.70764999739026,48.794907895067965,48.363215353425076,48.730613708496094,6597600
2014-06-06,48.8018096536786,49.00158068060409,48.590556768060196,48.909732818603516,10002400
2014-06-09,49.022247549717164,49.137059124705125,48.595148350611105,48.813289642333984,5516400
2014-06-10,48.90971796487566,49.318446783059855,48.85231219261642,49.196746826171875,6835600
2014-06-11,48.90743642549223,49.118689304964576,48.707661900607505,48.83625030517578,6758000
2014-06-12,48.7696463789871,48.9487521031345,48.50328276223499,48.627281188964844,6218000
2014-06-13,48.65024878417068,48.69617621068787,48.41603572703245,48.517066955566406,7085200
2014-06-16,48.42293295548611,48.448191643160534,48.21397503961326,48.27597427368164,7899200
2014-06-17,48.252994233835665,48.66172303883764,48.19788343288691,48.40684127807617,5722400
2014-06-18,48.32418577916419,48.50788497924805,47.998121363306474,48.50788497924805,10326000
2014-06-19,48.55839958789567,48.71684009516866,47.76620055530133,48.294334411621094,15331200
2014-06-20,48.56988682311573,48.7076586027803,48.014199253128645,48.10375213623047,18358800
2014-06-23,47.991232278876495,48.177226446243935,47.80293963788625,48.09915542602539,14765200
2014-06-24,48.05323127576363,48.356331972028165,47.619243719364555,47.71338653564453,13089600
2014-06-25,47.60316067372962,48.33336389805941,47.60316067372962,48.005001068115234,8244800
2014-06-26,48.18181519452475,48.18870360718038,47.66056977970291,47.9820442199707,8580400
2014-06-27,47.78455795825944,48.1978766439614,47.72944716507333,48.055511474609375,12961200
2014-06-30,47.913163934333845,48.62040360681244,47.87642339202486,48.38389205932617,9961600
2014-07-01,48.668613020632776,49.44933362562066,48.64105937115483,49.196746826171875,10993600
2014-07-02,49.341431762679825,49.48150204752215,49.19676803302103,49.332244873046875,5768800
2014-07-03,49.44015121117748,49.8282148273486,49.39193232023029,49.7156982421875,5571600
2014-07-07,49.6973418575246,49.95452219492019,49.51594109175872,49.76852798461914,6612400
2014-07-08,49.77539442847378,49.80294807597932,48.94415652309956,49.42866134643555,12149200
2014-07-09,49.483770506997544,49.66287621739413,49.25644241129268,49.63532257080078,5177200
2014-07-10,49.093419928315576,49.80295447287916,48.83623967140708,49.49296188354492,8536800
2014-07-11,49.58711157833797,49.83739993578544,49.224306631833315,49.828216552734375,5696800
2014-07-14,50.230056833173386,51.058996425519666,49.97747000301828,50.753597259521484,13716400
2014-07-15,50.90056452438174,51.607804264679515,50.723753713364474,50.92582321166992,10900800
2014-07-16,51.19216812516079,51.24268548119668,50.76506907198372,51.13016891479492,8853200
2014-07-17,50.96256192946549,50.97633875771554,50.018810652854235,50.03029251098633,9806000
2014-07-18,50.32880219611196,50.95108249728029,50.26910143626214,50.563018798828125,11068000
2014-07-21,50.40916478649608,50.54694006419482,50.17494821591656,50.337982177734375,6168400
2014-07-22,50.728336912169624,51.11180708444519,50.657154308853336,50.8064079284668,7699200
2014-07-23,50.859229542743975,51.10033103199977,50.673231859823204,50.79263687133789,8189200
2014-07-24,51.29551294689447,51.4011411326293,50.93730141019809,51.14625930786133,11947600
2014-07-25,49.162311225256744,49.75932923295108,48.52854917381243,49.316158294677734,27530400
2014-07-28,49.2357852173531,49.35978365481395,48.937274483350485,49.18986129760742,10401600
2014-07-29,49.231214693247445,49.532024040726334,48.98551968115396,49.02455520629883,10577200
2014-07-30,49.0222424031549,49.320749663768076,49.013055516008464,49.15312576293945,10422800
2014-07-31,48.9717206940291,48.99238593262044,48.4527702331543,48.4527702331543,13874000
2014-08-01,48.19100895628663,48.92350735911237,48.17034371386883,48.636478424072266,14100000
2014-08-04,48.875283166953636,48.948760744405284,48.5698839926931,48.71684265136719,8079600
2014-08-05,48.565292194876214,48.769656641266465,48.03026987932176,48.344852447509766,11151200
2014-08-06,48.21625759164749,48.537732034141136,48.17722208507185,48.37929153442383,7528400
2014-08-07,48.491812995869495,48.553812224690205,47.89938837832424,48.00041961669922,9568000
2014-08-08,47.96366457610317,48.347134655314136,47.80981755058282,48.32646942138672,9256800
2014-08-11,48.459662914253556,48.500996898847376,48.22774481861489,48.35403823852539,9018400
2014-08-12,48.241503877021394,48.496385592863064,48.094545270827886,48.28972625732422,6442000
2014-08-13,48.53130691710767,48.7958788444813,48.41857941393224,48.6417350769043,6451200
2014-08-14,48.793581516790354,48.90861188682029,48.61413442037952,48.89250946044922,7136800
2014-08-15,48.977631505565384,49.07655945062732,48.29665016073273,48.356468200683594,8999600
2014-08-18,48.6555228584494,49.331898147361116,48.6049092400997,49.30659484863281,8352400
2014-08-19,49.40555090793343,49.62180859581459,49.26291435228791,49.46306610107422,8212400
2014-08-20,49.36642328888554,49.79433631276786,49.331912079111824,49.73912048339844,7296800
2014-08-21,49.808150414105505,49.91627924318446,49.62640397335799,49.63560485839844,5544000
2014-08-22,49.73911296484009,49.91165845628411,49.532059779286065,49.71380615234375,7145600
2014-08-25,49.96918571316662,49.996795385583454,49.658605859672,49.697715759277344,4962400
2014-08-26,49.8058487676049,50.15323920660491,49.734526992433736,49.861061096191406,6944000
2014-08-27,49.95078018454564,50.04510591806378,49.52976866439066,49.95308303833008,8035600
2014-08-28,49.463044134730694,49.63329029458333,49.180070493071185,49.37102127075195,11083600
2014-08-29,49.3618318255741,49.46305911287217,48.79588437087787,48.89250946044922,14646000
2014-09-02,49.09725780970852,49.45615196182175,48.93621601202283,49.400936126708984,8066400
2014-09-03,49.479161630074906,49.729926976901616,49.30431323302666,49.44004821777344,7788400
2014-09-04,49.564270500239715,49.72071006828033,49.23298257915702,49.29279708862305,9492400
2014-09-05,49.315818740839184,49.31811808440199,49.02594348175798,49.28131103515625,8202800
2014-09-08,49.23530381336227,49.74373965645251,49.117974085163944,49.64021301269531,10266400
2014-09-09,49.529780610872464,49.57119337405479,49.23300376826864,49.297420501708984,7328800
2014-09-10,49.24910256732743,50.302777630330866,49.242197515757475,49.895572662353516,12646800
2014-09-11,49.854155777557594,49.865659515290844,49.33651917359264,49.4515495300293,8861200
2014-09-12,49.43544497311506,49.635596661337786,48.94541455248952,49.242191314697266,8710800
2014-09-15,49.198494938210686,49.60340061211528,49.198494938210686,49.38024139404297,7036800
2014-09-16,49.44235392206893,50.10262711512929,49.15247514622915,49.9921989440918,9211600
2014-09-17,49.923169504595194,50.035900505947325,49.16396852893351,49.58498001098633,12321200
2014-09-18,49.67700121749678,49.84954672843497,49.49755416695686,49.794334411621094,9215200
2014-09-19,50.0819097348322,50.18773568124064,49.57577694350924,49.7506217956543,20475200
2014-09-22,49.91857709958097,49.91857709958097,49.17548191140086,49.20539093017578,9074000
2014-09-23,49.20998473176857,49.20998473176857,48.878700256347656,48.878700256347656,7959600
2014-09-24,48.9523162140992,49.46305125674889,48.83038432206954,49.32731628417969,8336000
2014-09-25,49.242200110095276,49.29511660874769,48.40938134000768,48.47610092163086,11729600
2014-09-26,48.646328911761096,48.82347661401793,48.4415750519126,48.75905990600586,7178800
2014-09-29,48.361066204341974,48.64864210855529,48.11029734792745,48.52670669555664,8788800
2014-09-30,48.581925550912096,49.2376000574292,48.547417844442045,49.08805847167969,11456000
2014-10-01,48.96841556649491,49.18927184633776,48.25522607726465,48.315040588378906,11686000
2014-10-02,48.08268518161466,48.312745876263534,47.806613050125534,48.248329162597656,11411600
2014-10-03,48.54969384231729,48.841871821576525,48.35414090515908,48.77055358886719,9960800
2014-10-06,48.90860140925015,49.03743483441228,48.694646651844664,48.724552154541016,8937200
2014-10-07,48.49909436479027,48.56351107830676,47.81811667605942,47.86412811279297,8949600
2014-10-08,47.85953423197111,48.89710687895705,47.783613768467525,48.85569763183594,14038800
2014-10-09,48.8211847537882,48.8211847537882,47.75600254445199,47.785911560058594,10996800
2014-10-10,47.827318200113936,48.21382199683967,47.157840728759766,47.157840728759766,11744400
2014-10-13,47.0474092849747,47.79510649855009,46.867962234552394,46.996795654296875,12188800
2014-10-14,47.02670057032248,47.36948870861968,46.573480787193304,46.63789749145508,14018000
2014-10-15,46.20998971681715,46.465357219725355,45.31045158842047,46.06965255737305,19668000
2014-10-16,45.34266428126761,46.75063820704737,44.9055503384724,46.70232391357422,15625600
2014-10-17,47.12563438310335,47.52364193376728,46.83345981271264,47.39250564575195,12731600
2014-10-20,47.28437652722235,47.89863818973991,47.19465299248265,47.818119049072266,7628000
2014-10-21,48.26213149419967,49.09035138627138,47.82961627162361,49.07424545288086,12986000
2014-10-22,49.06964921382447,49.221490130880994,48.48989872943262,48.52440643310547,11042000
2014-10-23,49.203094745439664,49.670117818106505,48.929321873093855,49.297420501708984,9729600
2014-10-24,49.14786875541832,49.26749779260447,48.7406603310813,49.11335754394531,10896000
2014-10-27,49.01673686461015,49.40093784907258,48.82118735719109,49.097259521484375,6658800
2014-10-28,49.37333165127739,49.8909682753836,49.24679755218404,49.85646057128906,10497600
2014-10-29,49.7644330679283,50.24525912332595,49.17547819484534,49.38483428955078,16095200
2014-10-30,52.57578958493574,55.04894296110975,52.45845985131607,54.44388198852539,50857600
2014-10-31,54.59111250125025,55.789730524328995,54.59111250125025,55.54356384277344,24956000
2014-11-03,55.44002567194484,55.95076069912396,54.98450647569911,55.5688591003418,12716000
2014-11-04,55.13404680742701,55.90705092026719,55.00751622744231,55.897850036621094,16644400
2014-11-05,56.171618680192736,58.05351343158137,56.13480812743783,57.40704345703125,21939600
2014-11-06,57.40244160607858,57.722225825362,56.94922176509054,57.5358772277832,13212000
2014-11-07,57.54277911357755,58.07421875,57.29431314516298,58.07421875,9507600
2014-11-10,57.97068906729683,58.06731413148284,57.17698042470313,57.56348419189453,13145200
2014-11-11,57.32651844491073,57.48756372895267,57.09185907929326,57.45305252075195,8467600
2014-11-12,57.36085708156906,58.123823897892386,57.24329792320581,58.075416564941406,10897200
2014-11-13,58.17913814627376,58.17913814627376,57.531423248867036,57.83799362182617,12473200
2014-11-14,57.88871419195303,57.89332525197502,57.33319928577931,57.35855484008789,8532800
2014-11-17,57.298619144940965,57.95555268253721,57.201807997838614,57.579833984375,9876800
2014-11-18,57.577523660928634,58.0247014481684,57.41156421550699,57.56369400024414,7647200
2014-11-19,57.67895897780718,57.81726265051632,56.97822904519516,57.59367370605469,6642800
2014-11-20,57.05659036099674,58.061586805974436,57.0519793013882,58.0108757019043,6704000
2014-11-21,58.81073018551555,59.13804510821503,58.27596328217261,58.59866714477539,11886800
2014-11-24,58.77846093517405,58.83608687726736,58.45575706633488,58.69086837768555,10724800
2014-11-25,58.861437282973355,59.46996703755302,58.73696680651282,59.29939651489258,12966400
2014-11-26,59.350107620874894,59.688948412116666,58.91675944873808,59.29939651489258,7977200
2014-11-28,59.60365241135385,59.81571894166567,59.44691156057573,59.51375961303711,5186800
2014-12-01,59.07119890384534,60.08080654705099,59.07119890384534,59.504547119140625,10925600
2014-12-02,59.739662445668515,59.988603410789054,59.52298834898189,59.933284759521484,8535200
2014-12-03,59.84800399573768,60.36433020484997,59.629022593971115,60.29978942871094,9382000
2014-12-04,60.410423169278154,60.449611904168684,59.94250081132036,60.193756103515625,7362400
2014-12-05,60.308999919521725,60.735426196914105,60.161474154271424,60.70315933227539,7838000
2014-12-08,60.73774606464182,61.22872024182858,60.51184982772281,60.645545959472656,12342000
2014-12-09,59.8157282960577,61.02126554516598,59.8157282960577,60.88526916503906,10454000
2014-12-10,60.8022908690504,61.04662432942025,60.16149059921705,60.32745361328125,8528000
2014-12-11,60.61097241002599,61.217191448969366,60.50955018299289,60.65015411376953,13383600
2014-12-12,60.05314800323664,60.956725893128045,59.188758850097656,59.188758850097656,15325600
2014-12-15,59.50914023280403,59.66588105240225,58.338177558360144,59.1702995300293,12825200
2014-12-16,58.299004874826004,59.573693779215745,58.16761957338021,58.41195297241211,12050400
2014-12-17,58.57563226151207,59.8295736617651,58.47882107479965,59.718929290771484,9714400
2014-12-18,60.35511066067093,60.95672920180782,60.193762230643955,60.8898811340332,10318000
2014-12-19,60.705462825617055,60.98667767551818,60.24906991315277,60.31591796875,15563600
2014-12-22,60.48878966446256,60.92443804000922,60.3988898365979,60.90138626098633,5680000
2014-12-23,61.08581048547288,61.41082166736601,60.86682907534078,61.143436431884766,5537600
2014-12-24,61.196431180575395,61.970927347907285,61.17107914755967,61.68971252441406,5236800
2014-12-26,61.68972404916786,62.07927597664483,61.456912994384766,61.456912994384766,4768800
2014-12-29,61.424650379327446,61.70586527483376,61.09502462480534,61.1826171875,5262400
2014-12-30,61.10655577950872,61.17109655895562,60.640933624397086,60.979774475097656,4781600
2014-12-31,61.19413563709342,61.60212472590048,60.43346907183967,60.43808364868164,5904800
2015-01-02,60.71007415547193,61.486870608031275,60.50492245714867,61.088096618652344,8389600
2015-01-05,60.73541366930781,60.73772095716883,59.670487770821225,59.73964309692383,12751200
2015-01-06,59.88258822075706,60.110784747173504,58.74620258096872,59.354732513427734,11070000
2015-01-07,59.571389092027125,60.193752024308665,59.34319263291809,60.14995574951172,9346800
2015-01-08,60.66860015231576,61.11116348846001,60.53721130416587,60.956729888916016,10443200
2015-01-09,60.76307171343917,60.96130853615131,59.877938426293724,60.053123474121094,10523600
2015-01-12,60.17069186973993,60.3919734670057,59.73273621712941,59.93557357788086,6425600
2015-01-13,60.39659742783332,61.270208716793995,59.72583058918282,60.110774993896484,10284000
2015-01-14,59.156498856083324,59.60828433633703,58.57562477562509,58.90755081176758,12225200
2015-01-15,59.1726085245681,59.34779360435899,58.16991944386084,58.347408294677734,10569200
2015-01-16,58.063892494287344,58.80150729885866,57.97169240231996,58.766929626464844,11137200
2015-01-20,59.059660694597255,59.859508847466614,58.607871876672704,59.202571868896484,14933200
2015-01-21,59.04584539213167,59.84569373948884,58.663208297417334,59.30400848388672,9784000
2015-01-22,58.88217671445153,59.70046565368686,58.40272853732996,59.37776184082031,11566000
2015-01-23,59.58983082195476,60.08080496713014,59.51146038594985,59.53681945800781,6166800
2015-01-26,59.22563760574953,59.30631532992502,58.50185592844531,59.13113021850586,8552400
2015-01-27,58.499545106240326,58.499545106240326,57.29862253958166,57.8541374206543,11027600
2015-01-28,58.20910717128697,58.319747977849126,56.7730699054811,56.78689956665039,11430800
2015-01-29,57.056587587898385,57.34932830767385,56.51259864839179,57.16492462158203,15668400
2015-01-30,60.02317668798232,60.765399064080434,58.757713317871094,58.757713317871094,22151600
2015-02-02,59.08041953067702,59.08041953067702,57.5567895011136,58.85683059692383,13665200
2015-02-03,59.17262044251001,60.03470932011086,58.71853125439279,59.88257598876953,15075600
2015-02-04,59.836484435508474,61.48228504958311,59.72353981727839,61.05815887451172,22170800
2015-02-05,61.60213904667595,62.65092849731445,61.29095751738641,62.65092849731445,16565600
2015-02-06,62.639374212796135,62.800729600430934,61.32320018701322,61.64129638671875,11242000
2015-02-09,61.6390145886517,61.85338140860901,61.14804042819556,61.18952941894531,7834400
2015-02-10,61.48688562390714,61.74504874169474,60.76771492880815,60.979774475097656,9396800
2015-02-11,61.1898952874754,61.49470787420445,61.02131919131685,61.42312240600586,8795600
2015-02-12,61.79955391211705,62.55929183959961,61.67023771772053,62.55929183959961,11641600
2015-02-13,62.98419182365361,62.98419182365361,62.067428053076505,62.26371383666992,8476000
2015-02-17,62.69091538067236,62.80868119985385,62.31912606090945,62.550048828125,6810400
2015-02-18,62.55005374770197,62.580074837353735,61.921943489586496,62.145938873291016,6429200
2015-02-19,62.365318473790836,62.365318473790836,61.88730661569139,62.14132308959961,5654800
2015-02-20,62.127463702161904,63.04191589355469,61.670234082863686,63.04191589355469,9034800
2015-02-23,63.03264290730708,63.11577872365707,62.40684451553835,63.044193267822266,6654800
2015-02-24,63.22895696796245,63.22895696796245,62.61932457873426,62.91952133178711,9045200
2015-02-25,62.64007864098714,63.32591917527532,62.64007864098714,63.044193267822266,6842800
2015-02-26,63.08808322698558,63.38827991224315,62.81558909043329,63.215087890625,13459600
2015-02-27,63.15043960563427,63.316704254045554,62.65164566040039,62.65164566040039,7965200
2015-03-02,63.898634494273445,64.26349639892578,63.37444236977554,64.26349639892578,11653600
2015-03-03,64.34663274915857,64.34663274915857,63.15738181366208,63.57304000854492,8807200
2015-03-04,63.53837825487194,63.53837825487194,62.8687038473887,63.215087890625,8021200
2015-03-05,63.50375811616384,63.53609068477145,63.215104670181276,63.3028564453125,6756000
2015-03-06,63.13428122464762,63.38368175207937,62.175953179328,62.19673538208008,11590800
2015-03-09,62.46921924793772,62.85947925580879,62.13668992706293,62.67705535888672,8902000
2015-03-10,62.26600870378565,62.31680493940082,61.2407112121582,61.2407112121582,11125600
2015-03-11,61.34000435408743,61.744119121419565,60.74421977924448,61.13679122924805,12105200
2015-03-12,61.517799991280285,62.34912304127073,61.49470631404704,62.252132415771484,9530800
2015-03-13,62.081265378205984,62.081265378205984,61.079061583892596,61.20145034790039,12578800
2015-03-16,61.630973733232885,62.36068339331464,61.570931565463034,62.122833251953125,9849600
2015-03-17,61.90114778845918,61.970421790087244,60.995934613573674,61.079063415527344,14290800
2015-03-18,60.98439631932597,61.882689319053114,59.81131169394877,61.81110382080078,50658000
2015-03-19,61.73028883738056,62.06281825605116,60.73270058136879,61.71181106567383,15407500
2015-03-20,62.11822015549885,62.53387828933098,61.68408425511238,62.266014099121094,15372000
2015-03-23,62.83866962222822,63.00493421008359,61.95192750273288,61.96116638183594,8128000
2015-03-24,61.97966384887695,62.524645196021716,61.73950221892149,61.97966384887695,6534800
2015-03-25,61.97964315690026,62.28446277232516,60.71419143676758,60.71419143676758,13054300
2015-03-26,60.27082931546449,61.24070754861716,60.0583773144265,60.58488082885742,9487200
2015-03-27,60.52024140770168,60.78811268846169,60.178480190376774,60.538719177246094,6521100
2015-03-30,60.982069815834734,61.25917990334607,60.50175365097765,60.6495475769043,11237100
2015-03-31,60.474055531162804,61.15758495031897,60.40015855417197,60.418636322021484,7400500
2015-04-01,60.45556255401558,60.520220630815096,59.53187171562144,60.20616912841797,7633000
2015-04-02,60.030663529312214,60.61259324750081,59.86439890228713,60.30777359008789,5083000
2015-04-06,59.79051490503431,60.631069957341914,59.49493409967746,60.22464370727539,8351200
2015-04-07,60.390906478655396,61.13910087464811,60.32624839971302,60.77886199951172,6660800
2015-04-08,60.862012435908824,61.73951625460023,60.77888361079692,61.42546463012695,6604200
2015-04-09,61.49011820338541,61.72104098573959,60.741930643663125,61.37004089355469,5408500
2015-04-10,61.60094636800407,61.60094636800407,60.89893933367183,61.27764892578125,4628500
2015-04-13,61.16681892351915,61.70256139288564,60.510999161585566,60.60336685180664,5059800
2015-04-14,60.520222025169105,60.90817754210632,59.929060438752956,60.52946090698242,5621800
2015-04-15,60.594140428297635,60.88048948822746,60.31703730065506,60.66803741455078,5347100
2015-04-16,60.52946674398135,60.97284150015014,60.36320209131839,60.64031219482422,4121300
2015-04-17,60.132284848957205,60.50176267165991,59.43951657409087,59.59654235839844,11212900
2015-04-20,60.03992435441319,60.23389864897064,59.65197576529829,59.78129196166992,5948900
2015-04-21,60.0676279163331,60.80658357598195,60.030679428630314,60.36320877075195,9619700
2015-04-22,60.797339285164796,64.6398970980704,60.76962968365296,62.82022476196289,20912400
2015-04-23,62.995728302873864,63.01420607075122,62.3676180919125,62.55236053466797,7193400
2015-04-24,62.93106289241085,62.97725025953019,62.17363658319209,62.33066940307617,6219900
2015-04-27,63.171226068359935,63.3744392131528,61.822638072338094,61.97966384887695,7122400
2015-04-28,62.173640648420765,62.34914419830622,61.342324363539284,61.67484664916992,6297500
2015-04-29,61.757990988625096,63.23589542243519,61.68409400513354,62.201358795166016,9812400
2015-04-30,62.05356448303801,62.34914533458792,60.4278662759118,61.009796142578125,11780600
2015-05-01,60.243126233041,61.57324348587518,60.17846814698393,60.75115203857422,10142800
2015-05-04,61.00979278426157,61.09292159080753,60.474050318066524,60.57565689086914,7426400
2015-05-05,60.75116268946881,61.323853728666144,60.59413688825802,60.926666259765625,8099800
2015-05-06,61.102165400649305,61.564010933462676,60.252371311601564,60.658790588378906,7084600
2015-05-07,60.57565294114899,61.68407923937356,60.53870445824783,61.49934387207031,6660300
2015-05-08,62.016621240982346,64.80617237017456,61.89654393236037,64.1688232421875,18359000
2015-05-11,64.01177502385201,64.38124570473421,63.54069074436523,63.753135681152344,10998500
2015-05-12,63.31899853613437,63.73465652064968,62.78325625376309,63.44831466674805,7438200
2015-05-13,63.61490255490803,63.73519001103297,63.09673251678544,63.52237319946289,5129800
2015-05-14,63.80920191164478,64.79928061638493,63.70741752577596,64.77152252197266,6491100
2015-05-15,64.8640384342156,65.40997339631765,64.13304484130207,64.37362670898438,7121000
2015-05-18,64.53094060450675,64.99359433680657,63.966502486338136,64.77152252197266,5553800
2015-05-19,64.90106844863118,65.28969591011135,64.77152596147113,64.9195785522461,4351000
2015-05-20,65.00283530194604,65.06760652805059,64.2903518147959,64.56793975830078,4870100
2015-05-21,64.35513135606574,64.65122943644955,64.10529440914294,64.1885757446289,6483800
2015-05-22,64.12382370597756,64.63273868360574,64.12382370597756,64.419921875,4511700
2015-05-26,64.13304625394618,64.3088568987636,63.20773896043879,63.420562744140625,6228100
2015-05-27,63.70741017895413,64.53093316271517,63.383554015598925,64.29960632324219,7064800
2015-05-28,64.29035303613102,64.5679409849093,63.6611438022189,64.36437225341797,3893900
2015-05-29,64.15155720929741,64.40138707568339,63.40205349107044,63.550106048583984,6678100
2015-06-01,63.966516352771364,64.26261452324891,63.31880381095711,63.94801330566406,6309400
2015-06-02,63.596381449014594,64.27185190554327,62.93015898372829,63.88322448730469,4457400
2015-06-03,64.08678827748543,64.3088600621815,63.74442202061396,63.7999382019043,4906400
2015-06-04,63.50385038171242,63.98501422897698,62.948667300629836,63.1152229309082,6460000
2015-06-05,63.18926028426545,63.56863274991794,62.920920218541916,63.26328659057617,4413100
2015-06-08,63.09671420364168,63.18924353223117,62.569289265192815,62.62480545043945,4864300
2015-06-09,62.61556404751628,63.00419154801921,62.486021547348635,62.87464904785156,4439700
2015-06-10,63.124466169574106,64.46615895273874,63.02268180014401,64.42914581298828,6807800
2015-06-11,64.49393935580375,64.79003751671463,64.23485434744886,64.43842315673828,5238700
2015-06-12,64.24409488246931,64.53093792553561,63.864715449156094,64.15156555175781,4900700
2015-06-15,63.58711980527537,63.836949674086746,63.07819795829999,63.44832229614258,5995100
2015-06-16,63.33728799662388,64.00351044668588,63.18924248524073,63.855464935302734,5937400
2015-06-17,63.94800231924619,64.22559739492495,63.3928192274247,63.614891052246094,7818300
2015-06-18,63.75369290817318,64.62347722244147,63.735182803455004,64.30887603759766,7596800
2015-06-19,64.09601798365496,64.1515412086412,63.36503160674132,63.55934524536133,8728800
2015-06-22,64.14228616633798,64.25332555678659,63.75365888906695,63.92946243286133,5511700
2015-06-23,63.93873470225396,64.39213331452694,63.92947965234053,64.23483276367188,3888700
2015-06-24,63.94800550747154,64.21634554479657,63.62414927605733,63.716678619384766,4670600
2015-06-25,64.19783852345321,64.19783852345321,63.39282543235447,63.49460983276367,4705100
2015-06-26,63.56862285312096,64.04053165796044,63.30028988871046,63.614891052246094,7025600
2015-06-29,62.91166019129902,63.374313979855934,61.708764576772985,61.73652267456055,9706700
2015-06-30,62.31019921132515,62.43974874684602,61.773526264900845,62.134395599365234,6811000
2015-07-01,62.86540874611778,63.19852009002921,62.48602919239845,62.782127380371094,6260800
2015-07-02,63.059696766618465,63.21699732046366,62.56928500490416,63.14297103881836,5053000
2015-07-06,62.504519325515155,63.031944274902344,62.32870865587429,63.031944274902344,5270600
2015-07-07,63.0226884832214,63.10596276183959,61.560701075951506,62.70808029174805,6500700
2015-07-08,62.004839135466185,62.29168211621876,61.67172796964144,61.74575424194336,5973500
2015-07-09,62.5970532000756,62.8653932197043,62.014104962437564,62.0418701171875,4837800
2015-07-10,62.902428231192054,63.42059834739717,62.837656966666415,63.3095588684082,5110200
2015-07-13,63.89249628170751,64.40141125528052,63.68892746846344,64.32738494873047,6832300
2015-07-14,64.74377200519861,65.0491251985437,64.28111821874961,64.86405944824219,5635400
2015-07-15,64.89180054543246,65.03059805691204,64.48467012050294,64.7900161743164,4506200
2015-07-16,65.16937725263705,65.31742271294854,64.74373684738401,65.29891967773438,6512500
2015-07-17,65.14164132061693,65.65981119720315,65.03060189297626,65.58578491210938,6287600
2015-07-20,65.96517927633701,67.54745441620227,65.9096630797042,67.26985931396484,10198500
2015-07-21,67.39940752721962,67.43642068129205,66.40008060541331,66.64065551757812,10919600
2015-07-22,66.56661751750089,66.76093122699098,66.27051942786807,66.59437561035156,6303200
2015-07-23,66.80719362517318,66.85346182048944,65.88188619513181,66.39080810546875,10755700
2015-07-24,71.04510216410831,71.17464463739066,68.84287305877301,69.21299743652344,21196100
2015-07-27,68.73184341758503,69.12972594492147,68.08413095891467,68.34321594238281,10293800
2015-07-28,68.75034784619567,69.56461587837916,68.33395524896585,69.15747833251953,10054300
2015-07-29,69.35177300528964,70.72123079096515,69.09268811437278,70.33260345458984,13746900
2015-07-30,70.22158149183551,71.02660151105512,69.62013024020263,70.67498016357422,6507000
2015-07-31,70.73976908826495,70.79529234937459,69.69417395460813,69.71267700195312,8526300
2015-08-03,69.94399428544892,70.36038691848933,69.40732127193039,70.11054992675781,5810800
2015-08-04,69.88846243988587,70.39738430200477,69.42580876869951,69.64788055419922,6957900
2015-08-05,70.36964890051232,70.4806812992949,69.32404674839587,69.37957000732422,6976400
2015-08-06,69.67564378936875,69.78667614929937,68.05635598472438,68.08411407470703,7767800
2015-08-07,68.17664906282458,68.75959017953089,67.84353783626807,68.66706085205078,6484600
2015-08-10,69.29627247176809,69.56461247207824,68.33395190292546,68.8243637084961,6183500
2015-08-11,68.29693972239889,68.72258029662663,67.75101172269446,67.88055419921875,6476000
2015-08-12,67.53760713671936,68.42735653393297,67.09272890256274,68.15857696533203,7625100
2015-08-13,68.05668384398098,68.98350780640965,68.01033981741728,68.52009582519531,5992000
2015-08-14,68.44591400723012,68.95566976027216,68.07518319329974,68.7888412475586,3861500
2015-08-17,68.58494947436027,68.99275413939328,68.12153765358757,68.96495056152344,3473500
2015-08-18,68.82591387643647,69.2615220451326,68.5942080055217,69.02054595947266,6325500
2015-08-19,68.77028904819274,69.47467676699912,68.27907380902151,68.95565795898438,5886900
2015-08-20,68.17713649649203,69.07615645055012,67.48201885008862,68.5385971069336,12082300
2015-08-21,67.19470446733774,68.23274934401617,65.76739541356824,65.9805679321289,15752200
2015-08-24,59.46501304917539,64.28449354689093,55.609422994119925,63.357669830322266,20950600
2015-08-25,66.44396194065655,66.54591306520312,61.72642785832054,62.06935501098633,14485000
2015-08-26,64.29374422762494,65.7951936667283,62.93131264688177,65.51715087890625,12220000
2015-08-27,66.67570506117096,67.185453898007,65.61912651662584,67.10204315185547,9122200
2015-08-28,66.82395111548871,67.35224005514033,66.36053951680834,67.15760803222656,6411400
2015-08-31,66.64787474713381,66.8054330296274,65.63763355417197,66.08251190185547,8313300
2015-09-01,64.33081684624726,65.23909983619379,63.487404141623955,63.91374206542969,11491500
2015-09-02,64.82204254818994,64.83130569266739,63.672776233748365,64.52545928955078,9218000
2015-09-03,65.29471187068198,65.87861519335475,64.86837391493323,65.24837493896484,9035200
2015-09-04,64.2196208989686,64.79425419115687,63.617184024612314,64.09913635253906,9469400
2015-09-08,65.57279124535346,65.81376744044019,64.46060538836198,65.36888885498047,7984900
2015-09-09,65.57274512746406,66.15664123105951,64.34933871676385,64.50689697265625,9022200
2015-09-10,64.41422091696779,65.4800691521162,64.37714713553385,65.09080505371094,7244200
2015-09-11,64.74788870600173,65.62836818121536,64.37715790076895,65.58203125,6452100
2015-09-14,65.54496867675483,65.61911626470804,64.51619387498953,64.88692474365234,7059300
2015-09-15,65.32252296464388,65.57276219672454,64.4235030441393,65.35032653808594,6962600
2015-09-16,65.29469586527723,65.90640261125569,64.9239722180058,65.79518127441406,8207600
2015-09-17,66.08251102202976,67.0278677755062,65.3410494761296,65.76738739013672,7663300
2015-09-18,64.71083275541815,65.62838627118192,64.60888157909952,64.68302917480469,14508100
2015-09-21,65.45229780985399,66.10107162662581,65.08156688408255,65.6005859375,12756500
2015-09-22,64.87763863017126,65.23909919399411,64.23812821520711,65.10934448242188,11394000
2015-09-23,65.02593340929714,65.9434865992151,64.78495734438386,65.75811767578125,10655800
2015-09-24,65.20204119221263,65.46155067817516,64.54399726106388,65.10009002685547,8406700
2015-09-25,65.98056259637798,66.23080181252799,65.07227251884866,65.51715087890625,7756600
2015-09-28,65.05376677932347,65.13717752975074,62.12500008739638,62.28255844116211,15261200
2015-09-29,62.57909299303814,63.672744540738435,62.28250988202276,63.51518630981445,11326700
2015-09-30,64.24738406382095,64.56250762939453,63.26495373269719,64.56250762939453,9309200
2015-10-01,64.96105098517542,65.59129120207466,63.932283480587095,64.86837005615234,8679900
2015-10-02,63.76546355341382,65.55423330136254,63.35765892555943,65.49861907958984,7460400
2015-10-05,65.86006173839026,67.04639443647464,65.73030704148105,66.94445037841797,7286800
2015-10-06,66.93518225222392,67.23176543599124,66.57372171797941,66.80542755126953,5782500
2015-10-07,67.36152925432835,67.87128498500238,67.14835674756416,67.86201477050781,6208900
2015-10-08,67.65810608698686,68.5200521049117,67.50054781097185,68.49224853515625,5713100
2015-10-09,68.62202103332292,68.66835797122893,68.0288544877434,68.56641387939453,5947800
2015-10-12,68.34397289711177,69.91030710375094,68.2790955254754,69.50250244140625,5586300
2015-10-13,69.01127139878227,69.7434627532959,68.72395839969396,69.51175689697266,7439400
2015-10-14,69.36347599653074,69.7527472891163,68.3254380725773,68.77030944824219,7568300
2015-10-15,69.47471378536382,69.8917887535503,69.12252327385265,69.826904296875,6856200
2015-10-16,69.81761334923794,70.93906889389741,69.31712782936397,70.43858337402344,9117400
2015-10-19,70.37369442904004,71.67124848127776,70.37369442904004,71.35612487792969,9952600
2015-10-20,71.03175426309451,71.26346014392954,70.37371041005535,70.6980972290039,8148800
2015-10-21,71.30978909973123,71.30978909973123,69.79906254999645,69.9380874633789,7277900
2015-10-22,70.33665016996626,71.22640007523837,70.10494424449632,70.82786560058594,9093400
2015-10-23,71.79175850648433,71.94931682865983,69.46542918367467,71.4302978515625,11971300
2015-10-26,72.36637973424516,72.5795451769453,71.44881938873803,72.45906066894531,8019400
2015-10-27,72.32000229752147,72.45902717085099,71.42098279723588,71.84732055664062,9527400
2015-10-28,72.1254118045657,73.11711276733362,71.77322138443135,73.09857940673828,10850200
2015-10-29,72.83907124711816,72.95029263680442,72.2273712816029,72.76493072509766,7648600
2015-10-30,72.95956307550912,73.04297381469962,71.88444418525138,71.90298461914062,11186500
2015-11-02,69.68786414981989,70.6332210481745,69.07615722004151,69.71566772460938,29966000
2015-11-03,69.63224194583866,72.8297870309787,69.33565873024988,72.19954681396484,18899900
2015-11-04,72.63514809273202,73.0614859828969,72.19953998920896,72.61660766601562,8640800
2015-11-05,72.68150176528081,73.87710500435668,72.68150176528081,73.46003723144531,9392600
2015-11-06,73.74736857585654,73.74736857585654,72.5888388401097,72.98737335205078,8221600
2015-11-09,72.66295692079244,72.66295692079244,71.63418236770259,72.32929992675781,10157300
2015-11-10,72.09718127185914,73.84273825971187,72.06004085716316,73.79631805419922,8440300
2015-11-11,74.13985487061356,74.51125193565292,73.5084819851896,73.51776885986328,8024400
2015-11-12,73.22064033105956,73.48990298090943,72.5521271429921,72.70996856689453,8939800
2015-11-13,72.44073952179733,73.32280869783096,72.20861717291668,72.52430725097656,9913200
2015-11-16,72.22718121348531,73.26709174677899,72.03219931670729,73.25780487060547,7805000
2015-11-17,73.29494444388841,73.61062739202761,72.85855335832231,73.19281005859375,6942600
2015-11-18,73.31350403750592,74.74337820983831,73.1092352866284,74.70623779296875,7212400
2015-11-19,74.83619787501367,75.21688169347489,74.13983125629368,74.41838073730469,6082200
2015-11-20,74.82691815772499,75.20760201258454,74.26054643744985,74.45552825927734,6764300
2015-11-23,74.82693454215666,75.00334974121371,73.87059188501334,74.38126373291016,5910600
2015-11-24,73.56420812565699,74.46483676895156,73.54563437328582,74.08415985107422,6040800
2015-11-25,74.07486659497928,74.36269597764355,73.87059783935547,73.87059783935547,4268700
2015-11-27,73.94489729457995,74.41842888514498,73.91704374521943,74.1305923461914,3139500
2015-11-30,74.3348413325283,74.39983529164347,73.31350465337127,73.35993194580078,8874600
2015-12-01,73.84274148629005,74.21413856566845,73.13708774385212,74.19557189941406,6702100
2015-12-02,74.12128647411522,74.41840270244617,73.32278528226149,73.38777923583984,7310000
2015-12-03,73.68492015304346,74.06559712760635,72.49645484151245,72.69143676757812,8689600
2015-12-04,72.96068546655678,74.6505355834961,72.83997733289712,74.6505355834961,9944600
2015-12-07,74.3998004359485,74.73405695017588,73.41560463506067,73.86128234863281,15262400
2015-12-08,73.33209639715318,73.97274927025207,72.75643041530485,73.41565704345703,11344000
2015-12-09,73.19281433802891,74.04702280697269,71.86507433537902,72.31074523925781,15361500
2015-12-10,72.33860269735229,73.45278699200846,72.0786197503756,72.53358459472656,8717100
2015-12-11,71.62366308435782,71.62366308435782,70.11950788815625,70.66732025146484,15625800
2015-12-14,70.75086984233691,71.80006710725776,70.17521110748405,71.37296295166016,10361000
2015-12-15,72.76571092079762,73.76847400769273,72.61714922862865,72.99783325195312,11355300
2015-12-16,73.76846306682754,74.26056828629285,72.56143137412496,74.1491470336914,10497500
2015-12-17,74.2605568931984,74.5390993562524,73.00709101612306,73.06280517578125,7555300
2015-12-18,72.45930745285251,72.59858226774931,70.82516426460677,70.8623046875,16271200
2015-12-21,71.40083077358958,71.82793501461336,70.93658610937094,71.65151977539062,8442100
2015-12-22,71.89290861003127,71.94861568713064,71.17797514662143,71.84648132324219,5699100
2015-12-23,72.49642214658132,73.03494746169225,72.013603904134,72.94209289550781,6335900
2015-12-24,72.74714249324859,73.08139924128864,72.58930099662189,72.66358184814453,2188800
2015-12-28,72.45928036239756,73.02565920309672,72.25501165476066,72.91423797607422,3680900
2015-12-29,73.3506571286873,73.71276740097211,73.25780961237531,73.54563903808594,4627100
2015-12-30,73.41562934230288,73.52705057914527,72.66355547409239,72.74711608886719,4230400
2015-12-31,72.64500925845242,73.16496814363829,72.00435638427734,72.00435638427734,6538300
2016-01-04,70.62086240061743,70.91797856077785,69.64595332062603,70.28660583496094,13476800
2016-01-05,70.79729789680981,71.03870705999033,70.13807144841803,70.81586456298828,8972700
2016-01-06,69.63670112952953,70.42591565890189,69.49742631050816,69.88739013671875,16092000
2016-01-07,68.48537582327765,69.72026126397012,68.10469179297326,68.51322937011719,12470800
2016-01-08,68.7639067051208,69.18173108823676,67.54758814081342,67.66828918457031,9977600
2016-01-11,67.88182215281368,68.78245749410868,67.46400499298781,68.63389587402344,13069500
2016-01-12,69.19100638690382,69.63668428319258,68.72676182501587,69.41384887695312,10236900
2016-01-13,69.88737844251118,69.99879969584654,67.77042421581184,67.87255859375,12659600
2016-01-14,67.91895706020783,69.19098218113737,67.46399953218669,68.52247619628906,10426200
2016-01-15,66.79549372068611,67.73326240917392,65.60702906231127,66.693359375,18470500
2016-01-19,67.72401233390141,67.79828609478078,65.60705784689792,66.28485107421875,16009600
2016-01-20,64.95706685455872,66.30337968362605,64.10285897365101,65.62557983398438,16586000
2016-01-21,65.662767963923,67.15763638409408,65.08710201676386,66.44269561767578,11931200
2016-01-22,67.47328324760431,67.94681454610196,66.97189841692584,67.50113677978516,8652600
2016-01-25,67.55687277880517,67.69614756856473,66.46125529453882,66.60980987548828,9126200
2016-01-26,67.01833376369058,67.10189437029577,66.4333882660283,66.73978424072266,7500200
2016-01-27,66.83265552077592,67.29690011930258,65.53276922813916,65.83917236328125,9020500
2016-01-28,66.31269315206374,66.71194376846623,64.37215423583984,64.37215423583984,15295600
2016-01-29,65.39349093066082,69.17244147699101,63.84291575471381,69.16315460205078,40427800
2016-02-01,68.782469806259,69.43240930095213,68.01182220268772,69.0610122680664,12623500
2016-02-02,68.24397056966318,68.90319719041474,67.9004269431538,68.151123046875,9572700
2016-02-03,68.48535359671226,69.29313452814384,67.25046147298612,69.0610122680664,9941900
2016-02-04,68.80104314136634,69.29314124703647,67.55687110694068,68.41107940673828,14735700
2016-02-05,68.29965525932685,68.34608254739538,65.5049081960795,66.42411041259766,12939400
2016-02-08,64.94780085596499,65.03136854715171,61.55882177009368,62.9236946105957,30542600
2016-02-09,61.64241188674881,64.51144787159893,61.3917228607969,63.44368362426758,14882800
2016-02-10,64.19575343116841,65.95059774522687,64.13075945967779,65.13352966308594,11369500
2016-02-11,62.94228126010792,64.13074625628768,62.60802459445609,63.57365417480469,13962100
2016-02-12,64.47428569417463,65.43062833856139,64.1771694640369,65.38420104980469,8710200
2016-02-16,66.30342334883231,66.61910630601126,65.36564718600533,66.01558685302734,8780700
2016-02-17,66.73193241718995,67.09475706092043,66.33189407951451,67.01102447509766,8494100
2016-02-18,66.88077974341228,67.21569588936906,66.07139787438565,66.27606964111328,6938100
2016-02-19,66.08069978845707,66.72262355260557,65.40156943019463,66.54586029052734,7750900
2016-02-22,67.24361180571236,68.09020746191187,67.0761537142546,67.9692611694336,7481500
2016-02-23,67.86690256115438,68.02506249855571,66.97379540487952,67.12265014648438,6177000
2016-02-24,66.28538324249381,67.15988741200248,65.47600127085575,66.84357452392578,7728600
2016-02-25,66.9458786762993,68.22971872460859,66.92727538478056,68.16459655761719,6840900
2016-02-26,68.60188897155122,68.7600489829439,67.62505588947441,67.66226959228516,6714100
2016-02-29,67.78318398251601,68.75071860794338,67.34593200683594,67.34593200683594,7786100
2016-03-01,67.90410966038775,69.43914031982422,67.82038419969429,69.43914031982422,8705300
2016-03-02,69.30891750910034,69.40194819358214,68.52745124210963,69.12285614013672,5739100
2016-03-03,69.290299995335,69.3089032893001,68.24833808866917,68.76001739501953,6588300
2016-03-04,69.04842723494704,69.07633572989921,68.48093084496607,68.75072479248047,9475300
2016-03-07,68.2762622008603,68.33207919331194,66.37840638185364,66.92729949951172,16671900
2016-03-08,66.51794436332857,66.5365476583068,65.59692865952387,65.69926452636719,12394400
2016-03-09,66.05276825152909,66.12719560936505,65.02941692352688,65.75506591796875,9291600
2016-03-10,66.1830344122225,66.42491985609412,64.73173594456442,65.32714080810547,10135100
2016-03-11,66.19235058403588,66.99242733290525,65.7550985122367,66.63890075683594,9466400
2016-03-14,66.61098761957757,66.72262870389659,66.00627750064264,66.50865173339844,7916500
2016-03-15,66.22024612206684,66.89938354492188,65.73648234658394,66.89938354492188,6442800
2016-03-16,66.68540779866973,67.75527833990618,66.52725493632485,67.32733154296875,7561800
2016-03-17,67.24363180389459,68.5367780233703,67.14129587880319,68.04370880126953,7411700
2016-03-18,68.37857991092903,68.93677098044094,68.03435865413417,68.63906860351562,15026200
2016-03-21,68.45302744990998,68.78794360986011,68.05298909762438,68.6297836303711,7397400
2016-03-22,68.13668647681067,68.51812137296473,67.84828932942452,67.8761978149414,6796800
2016-03-23,67.86690313342893,69.00189570548989,67.6994450966038,68.76001739501953,7287100
2016-03-24,68.51814371651332,68.99260941837335,68.2948686617852,68.9739990234375,6303900
2016-03-28,68.97398409140965,69.09492324116677,68.58325105577786,68.91816711425781,7283300
2016-03-29,68.86236436583316,70.32296820185562,68.76933367584056,70.12760162353516,10541500
2016-03-30,70.611343521295,71.6346948858214,70.55551945203386,71.43002319335938,9691900
2016-03-31,71.28120721938873,71.56029929847769,70.65788667073755,71.15096282958984,7490800
2016-04-01,70.93695967876108,72.79760124410564,70.51831816567227,72.18358612060547,10183400
2016-04-04,72.53714289475316,72.8534486862005,72.12779930790387,72.40689849853516,6905800
2016-04-05,71.76494910414398,72.07195668513046,71.24397170449524,71.60679626464844,6012000
2016-04-06,71.70915381053673,72.82553631818485,71.63472641728369,72.76041412353516,6220400
2016-04-07,72.2952479581765,72.54643861648691,71.81148413510606,72.17430877685547,7542100
2016-04-08,72.63944490138812,73.14181895146847,72.38825432745597,72.59292602539062,5327500
2016-04-11,72.89994953852614,73.29068263045954,72.3510564922321,72.39757537841797,5957200
2016-04-12,72.3045451087784,73.07671319796104,72.23942292642478,73.04879760742188,5962900
2016-04-13,73.52326524450947,74.36055553844521,73.41163127050854,74.1558837890625,9187300
2016-04-14,74.20239863344761,75.04898698056213,73.78374996039913,74.73268127441406,11470300
2016-04-15,74.65823674006877,75.06758012245777,74.33262591216105,74.50008392333984,7186700
2016-04-18,74.61171163998877,75.86765016792583,74.26749754968633,75.77461242675781,7761200
2016-04-19,75.82115376475426,76.03513069595023,74.76989369720636,75.1234130859375,8324700
2016-04-20,75.24435380924935,75.95139969916366,74.93735329851839,75.49554443359375,8521300
2016-04-21,75.8211639817412,75.97931685344915,75.05830102068298,75.16063690185547,9536900
2016-04-22,72.56503752589664,73.8302746454531,71.89520527462723,73.59769439697266,18216000
2016-04-25,73.20695368569743,73.3464961420755,72.39757194977888,72.69527435302734,11184600
2016-04-26,72.98366284359128,73.21624304015822,72.66735718319671,73.05809020996094,6071800
2016-04-27,72.9464837482185,73.49536981202881,72.7232015649652,73.2720947265625,6319400
2016-04-28,72.89065503248156,73.74654872066405,72.19291422407021,72.26734161376953,8322600
2016-04-29,72.11849048834341,72.57435295000865,71.50448223668094,71.85800170898438,8092700
2016-05-02,72.38827848556843,73.00229378428749,71.78357548249741,72.99298858642578,7636800
2016-05-03,72.03475270566838,72.8999514882526,71.56959222251096,71.81147766113281,7666300
2016-05-04,71.22536347091567,71.98822629970816,71.02999694012813,71.6998291015625,8854000
2016-05-05,71.76495564107032,72.28593308817385,71.64401647593138,71.9696273803711,6002300
2016-05-06,71.8487100250958,72.37899282980503,71.43006122277532,72.3045654296875,6172600
2016-05-09,72.27664532994727,72.89995873587871,72.17430944565568,72.76971435546875,9242300
2016-05-10,72.95577013793785,73.80236564351928,72.94647203846846,73.6814193725586,6802600
2016-05-11,73.75599465850674,73.93307096835689,72.03185416535722,72.04117584228516,8432500
2016-05-12,72.50716017422853,72.87062736065369,71.82681996532526,72.59103393554688,7512800
2016-05-13,72.42326379071606,72.95448549635536,71.60313415527344,71.60313415527344,7562700
2016-05-16,71.78021492698348,72.74946307674347,71.72429908903672,72.50715637207031,8597900
2016-05-17,72.2927988816877,72.61898644644313,71.31422907706579,71.56586456298828,7169900
2016-05-18,71.49128184868457,72.58168296792333,71.20237397359223,72.16230010986328,6288500
2016-05-19,71.6404123032825,71.99455772979854,71.03463143105796,71.64972686767578,5552200
2016-05-20,72.07844263639376,72.7308248730565,71.92933136910453,72.38599395751953,6302100
2016-05-23,72.46988387806877,72.68423268477285,71.89206075802606,71.9572982788086,5934300
2016-05-24,72.37667265640795,74.09149117761122,72.37667265640795,73.97965240478516,7582300
2016-05-25,74.09151075912574,74.2499437297351,73.5789251361463,73.68144226074219,5846700
2016-05-26,73.99829998983091,73.99829998983091,73.5043578247055,73.6255111694336,4284000
2016-05-27,73.47638728020316,74.24060821533203,73.47638728020316,74.24060821533203,4374600
2016-05-31,74.42699692829095,74.43631860318214,73.40183311125081,73.56958770751953,8639600
2016-06-01,73.33657863031534,73.92371602615636,73.22473988857531,73.83052062988281,4507000
2016-06-02,73.87714821000843,74.5108871459961,73.5602822971927,74.5108871459961,5627500
2016-06-03,74.13810447256097,74.7438783701777,73.7746372898485,74.50157165527344,7628000
2016-06-06,74.82773789849946,75.39623914733285,74.71589913942674,75.06072998046875,7620100
2016-06-07,75.20986414029572,75.48945756802348,75.06075285976881,75.11666870117188,5515700
2016-06-08,75.11666785624973,76.1511535727077,74.9955144977871,76.0952377319336,8860900
2016-06-09,75.70380020187696,75.99270814560472,75.47080808974684,75.73175811767578,6670900
2016-06-10,75.25644906494243,75.25644906494243,74.40835439935178,74.72522735595703,7859900
2016-06-13,73.62551730748551,74.72524050864448,73.04769423217964,73.06633758544922,10424600
2016-06-14,72.80537899805613,73.39251657089545,72.6562606307829,73.22476196289062,7891700
2016-06-15,73.22474796508043,73.47637627380827,72.74012758479381,72.85195922851562,7424000
2016-06-16,72.59100979380797,73.17814725883939,71.89203357385705,73.01971435546875,9650800
2016-06-17,72.99175492329931,73.00107659693681,71.603124186166,71.75223541259766,14602200
2016-06-20,72.97312606626782,73.0476781318464,72.0597939369752,72.07843017578125,9957500
2016-06-21,72.51646319094766,72.70286114811624,71.90136770817892,72.06912231445312,9201000
2016-06-22,72.30211712139155,72.46987173391459,71.32354736328125,71.32354736328125,9626700
2016-06-23,72.4698867892905,72.917227775382,71.64043523015391,72.90791320800781,13566200
2016-06-24,69.71123703309904,70.86687582287236,69.38504241478698,69.94422912597656,18375000
2016-06-27,69.13342024858704,69.50620905250854,68.26668930137046,68.3505630493164,16318400
2016-06-28,69.93492938908531,70.36363412121682,69.42234377982122,70.04676818847656,14815200
2016-06-29,70.81098079960309,71.53791520529187,70.55934528356835,71.51927185058594,12178100
2016-06-30,71.75225053311664,71.89204722572414,68.77927594808266,69.12409973144531,24877300
2016-07-01,69.43164588302095,70.77368265593913,69.05885710050427,69.41300964355469,13821400
2016-07-05,69.19866281753639,69.86968129160576,68.80723774444778,69.590087890625,11081000
2016-07-06,69.0775141367115,69.66465178601598,68.80724239359661,69.02159118652344,11263800
2016-07-07,69.26393314295102,70.16794417598713,69.21733185059205,69.44100952148438,8806700
2016-07-08,70.177253570493,71.34221457192642,69.701947491008,71.22105407714844,10975000
2016-07-11,71.58451126950392,71.93866391474268,71.19308613457794,71.31423950195312,8185900
2016-07-12,71.46336078835604,72.29281236935154,71.34220741608777,72.20893859863281,10245500
2016-07-13,72.39533425461396,72.4885297094351,71.94798611697203,72.19029998779297,6559200
2016-07-14,72.74945357525263,73.1968015514679,72.40462980580917,72.82401275634766,6607400
2016-07-15,73.29931679355617,73.39251221238986,72.74013717019938,72.97312927246094,8153400
2016-07-18,73.01973961984434,73.34592721327621,72.90790793658556,72.98246002197266,4864200
2016-07-19,72.46055238676378,73.52299593010139,72.34871360470252,73.36456298828125,9395500
2016-07-20,73.39251249342186,74.32448090603674,73.39251249342186,73.96101379394531,7922100
2016-07-21,74.03559060484851,74.305862362114,73.06634237166219,73.4298095703125,9018000
2016-07-22,74.5388474381226,74.63204287065207,73.00109791514143,74.4736099243164,12532400
2016-07-25,74.71590485672695,74.71590485672695,73.37387519693179,73.56958770751953,7979900
2016-07-26,73.60686186208405,73.68141392464547,72.63761394524484,73.15019226074219,9673200
2016-07-27,73.12225485359888,73.42980619535399,72.25552377887922,73.18749237060547,10194400
2016-07-28,73.3365899937901,74.55746622795964,73.20611499671949,73.80257415771484,8709700
2016-07-29,73.84918048016407,73.95169758195333,72.69354155405043,72.74014282226562,7777700
2016-08-01,72.98245384080195,73.18748805655291,72.44191749333338,72.93585968017578,8908800
2016-08-02,72.75878574517783,73.13157459406901,72.46055608813607,72.95449829101562,7910000
2016-08-03,72.95448554056338,73.35523223876953,72.88924803668586,73.35523223876953,7272700
2016-08-04,73.46707219381318,74.23128601316162,73.39251301379021,74.0728530883789,5954400
2016-08-05,74.30585436202605,74.78115319502288,74.24061684904478,74.68795776367188,6662500
2016-08-08,74.7718443281667,74.87435433321706,74.37109754349278,74.5108871459961,5119700
2016-08-09,74.52021550289878,75.0048432028726,74.51089382511091,74.61341094970703,4455700
2016-08-10,74.5295108743746,74.76250296433558,74.10080628208891,74.25923919677734,5945500
2016-08-11,74.5574956084799,74.81844570545249,74.40837720429165,74.6693344116211,6577700
2016-08-12,74.37107614897297,74.63202614571922,74.23127947632915,74.57610321044922,4420400
2016-08-15,74.67866739669537,75.62927968194751,74.57615024612194,75.40560913085938,6290300
2016-08-16,74.94891834848457,75.40558811388682,74.76252745958826,75.31238555908203,6182600
2016-08-17,75.34970575144176,75.48974503982551,75.06029644542433,75.4710693359375,4655400
2016-08-18,74.69622994341283,75.23770449779776,74.60287275284281,74.93895721435547,7453900
2016-08-19,74.69620748228503,75.12565612792969,74.44413530857723,75.12565612792969,8480900
2016-08-22,75.00427737182306,75.69513597022922,74.6495173432562,75.67646026611328,7954500
2016-08-23,75.96588235229954,76.32998026002323,75.4337387084961,75.4337387084961,10007800
2016-08-24,75.43374955451306,75.60179531475478,74.86426154051034,74.9576187133789,5028000
2016-08-25,74.95760452762329,75.17232527231545,74.68686379165521,74.98561096191406,5773700
2016-08-26,75.2656686372071,75.75112998297908,74.84555087149458,75.21898651123047,7932200
2016-08-29,75.1910222510848,75.61113312969884,75.1910222510848,75.49910736083984,4766700
2016-08-30,75.62045166543004,75.79783525106801,75.35904877461277,75.77915954589844,4128700
2016-08-31,75.57379753239084,75.80719407464368,75.34973884618333,75.5271224975586,7386100
2016-09-01,75.75115080806431,76.133924402764,75.5924429324205,75.90052795410156,6240600
2016-09-02,76.15260439410682,76.69408594557686,76.08725366359805,76.55404663085938,6408900
2016-09-06,76.55405157555828,77.0488510131836,76.37666795727907,77.0488510131836,8140400
2016-09-07,77.00218017315612,77.73037614907457,76.89014728351626,77.71170043945312,9304700
2016-09-08,77.50627736474216,78.07576517985059,77.10483525118528,77.45960235595703,7961100
2016-09-09,76.92747199091143,77.31023846832649,75.92853546142578,75.92853546142578,11563000
2016-09-12,75.93785319115867,77.60897235583995,75.78848319127574,77.45960235595703,9882700
2016-09-13,76.93681599870226,76.96482243554713,76.19928229677525,76.45134735107422,8834300
2016-09-14,76.04992019335248,76.75944759890976,76.04058233832376,76.07792663574219,10999500
2016-09-15,76.01257317532357,76.67541840470942,75.79785237622335,76.56339263916016,10580300
2016-09-16,76.31134534073418,76.79681422563138,76.01259799721994,76.61943054199219,11702000
2016-09-19,76.95549329625871,77.52498131890617,76.76877894768728,77.03018188476562,8361700
2016-09-20,77.45961416154923,77.70234846138392,76.85278197330967,77.00215911865234,6473300
2016-09-21,77.41294504834464,77.72103012043111,76.80611275800037,77.69302368164062,7536200
2016-09-22,77.87972044550595,78.22514973225226,77.6743304438024,77.8237075805664,6599400
2016-09-23,77.79572318774525,77.90774894936142,77.03951368335653,77.05818939208984,8283700
2016-09-26,76.6940631470044,76.79675813908975,76.26461459950806,76.37664031982422,8486800
2016-09-27,76.35799319208529,76.90880546556278,76.0872524207726,76.70342254638672,7969500
2016-09-28,76.908783119824,77.49694663660107,76.49801027812603,77.45960235595703,7974300
2016-09-29,77.22620331225748,77.54361900287515,76.35796840427743,76.47933197021484,5885400
2016-09-30,76.70339719880478,77.52494997210273,76.25527297165584,77.20752716064453,9776800
2016-10-03,76.94615349007837,77.59033008489149,76.83412773285568,77.35693359375,8155400
2016-10-04,77.7490178003194,77.98241423085479,77.09551064389781,77.23554992675781,5772000
2016-10-05,77.45027133663203,77.90772635015821,77.39425847207197,77.81436920166016,6163400
2016-10-06,77.59964899811432,77.9357404331394,77.37558329296832,77.8237075805664,7687100
2016-10-07,77.94509073436619,78.14114293357768,77.15154408345421,77.37560272216797,8238100
2016-10-10,77.60897825082247,77.99175181447848,77.43160180765676,77.59964752197266,7371500
2016-10-11,77.18889464671655,77.29158968169672,76.15261356478658,76.59140014648438,6227400
2016-10-12,76.40463344975569,77.0581475695104,76.38596487385051,76.78740692138672,3923600
2016-10-13,76.22727297254532,76.67539011479889,75.7231358454899,76.43266296386719,6810900
2016-10-14,76.59139270247684,77.66501797666145,76.59139270247684,76.97415924072266,6698100
2016-10-17,77.09551872559659,77.19821373561288,76.59138152806965,76.69407653808594,8473700
2016-10-18,76.0872605667299,76.89948296762508,75.94722123930713,76.16194915771484,11680400
2016-10-19,76.22728582066236,77.36626169346279,76.22728582066236,77.31024169921875,8440900
2016-10-20,77.53432632523419,77.58100135533464,76.71276602126574,77.0208511352539,6945200
2016-10-21,76.57270568097161,77.05817429518382,76.16193276436267,76.88079071044922,8043200
2016-10-24,77.73967366845375,78.03842079049666,77.21686798555194,77.64631652832031,16267000
2016-10-25,77.64634928400184,77.64634928400184,76.27397666474594,76.58206176757812,15085900
2016-10-26,76.1992922064112,76.79678667912228,76.00324000030562,76.3206558227539,8748400
2016-10-27,76.51667624958627,76.80608551134863,76.18992270845249,76.47933197021484,7039200
2016-10-28,77.03949375653994,77.82370949848969,76.65672729886346,76.7594223022461,10919600
2016-10-31,76.96483115049604,77.394279850367,76.89014256198914,77.03018188476562,10024000
2016-11-01,77.15154966944648,77.19823182046063,75.92855423799493,76.19929504394531,10881500
2016-11-02,75.51775710592513,75.97521216758638,75.17232778517176,75.22834777832031,9170900
2016-11-03,75.38702013923621,75.74178002278141,75.19096806232771,75.29366302490234,7563100
2016-11-04,75.29371290373979,75.8445252290829,74.9949656663495,75.0229721069336,7588100
2016-11-07,76.21795951081864,77.04885047054444,76.0405758937887,77.03018188476562,7277900
2016-11-08,76.91814759067448,77.63701277714567,76.69408895196074,77.37560272216797,7152000
2016-11-09,76.37667210937053,77.7677204456212,75.82585976137446,77.71170043945312,12158500
2016-11-10,77.76769078476573,78.38385363603777,76.01254512997423,76.43266296386719,17171600
2016-11-11,76.17127581574397,77.14220607853245,76.10592508280126,76.4420166015625,7368000
2016-11-14,76.57270553770057,76.75942697462303,72.16618646674837,73.17445373535156,21773500
2016-11-15,73.03440620741618,74.25740109070324,72.63296410579396,73.35182189941406,18523400
2016-11-16,73.71204581907368,75.02181832095496,73.68398043808176,74.91890716552734,9997700
2016-11-17,75.14345244513724,75.96673471624419,75.01247588240857,75.8451156616211,8081800
2016-11-18,75.91992417260086,76.24736541864108,75.33988029555545,75.61119079589844,7920800
2016-11-21,75.99476514812099,76.50931360592887,75.68603179082622,76.42511749267578,8942100
2016-11-22,76.42513561137915,76.42513561137915,74.15174722469183,74.778564453125,18133900
2016-11-23,74.82534402359873,74.83469439095252,73.86172085978244,74.44176483154297,12802600
2016-11-25,74.83468359430806,75.1901973576413,74.60079596587683,74.96566009521484,6495700
2016-11-28,74.52595073580032,74.85339195900931,73.9552644020575,73.98332977294922,11793100
2016-11-29,74.02072461776294,74.4510767964052,73.86167568013029,74.04878997802734,8575200
2016-11-30,74.32947355059002,74.32947355059002,72.29933097414002,72.33675384521484,15353900
2016-12-01,72.57067399194298,72.61745438619327,70.40019645968988,70.56859588623047,21053000
2016-12-02,70.54049843845026,71.3357148154134,70.3253187154758,70.83987426757812,13629600
2016-12-05,71.69124832748663,72.5987336580866,71.61640969533829,72.32742309570312,12119200
2016-12-06,72.91684409270631,72.94490947947105,71.76611327154093,72.14033508300781,13896600
2016-12-07,72.28999273833347,74.36691624157942,72.27128486665154,74.19851684570312,13919800
2016-12-08,74.54466996004942,74.72242685302112,73.88042990958203,74.17044830322266,13320100
2016-12-09,74.04881673121142,74.77854491245269,73.74944088409492,74.03945922851562,10728300
2016-12-12,73.8991373843635,73.93656026361403,72.89809856188607,73.44071960449219,11942300
2016-12-13,73.73072459979024,74.37625665862177,73.20681866084469,74.09558868408203,12995100
2016-12-14,74.17043194399393,74.82532148341767,74.02074759688867,74.03009796142578,20146200
2016-12-15,74.25466271506845,75.20892130244968,74.03012540464951,74.37628173828125,14070900
2016-12-16,74.11432378762129,74.33885394553177,73.13199274802479,73.3003921508789,19141700
2016-12-19,73.01037467634717,73.53428076413701,72.99165966596318,73.0665054321289,8699100
2016-12-20,73.35654144230269,73.51558336479884,72.68294372621763,73.30976104736328,6917400
2016-12-21,73.42200322142462,73.48749146809948,72.95422799155176,73.10391235351562,9343600
2016-12-22,72.99166367837911,73.02908656351914,72.21516200920136,72.87940216064453,12074000
2016-12-23,73.0477701254376,73.42199167803757,72.87937078365172,73.1132583618164,6192900
2016-12-27,73.2255463856804,73.768167476842,73.18813064076618,73.3003921508789,3776000
2016-12-28,73.34716232824574,73.58104995866893,72.94487531841051,73.25360870361328,7587100
2016-12-29,73.43137691439807,73.75881825179316,73.25362712420407,73.28169250488281,6241100
2016-12-30,73.37526328596407,73.47817446427284,72.9168453065716,72.99168395996094,7127300
2017-01-03,73.68397620870327,74.7598609569828,73.43137351890334,74.37628173828125,13785200
2017-01-04,74.32014255449661,75.08729376724904,74.24529679284157,74.98438262939453,8033100
2017-01-05,75.16213704961505,76.27544462575904,75.04987553785945,75.86380004882812,7805100
2017-01-06,76.06026613554276,77.17356648860553,75.72346735073994,76.91161346435547,8898300
2017-01-09,76.9770952084042,77.13613708286093,76.38770095370239,76.48125457763672,7305300
2017-01-10,76.43449772592679,76.6216121690795,75.90123405389237,76.06963348388672,6017500
2017-01-11,76.01348236611952,76.52803802490234,75.69539860446052,76.52803802490234,7499200
2017-01-12,75.82637940192019,76.21930894303597,75.32118121862078,76.1257553100586,6884000
2017-01-13,75.79830276910275,76.57481144221903,75.5831301387161,75.93863677978516,7291200
2017-01-17,75.55506711551676,76.23801504430973,75.55506711551676,76.02284240722656,6326500
2017-01-18,76.03218996679975,76.55610312779716,75.76088658878703,76.3315658569336,8512300
2017-01-19,76.51872385947755,76.57485464034183,76.16321701785665,76.46259307861328,6479400
2017-01-20,76.79931725199654,76.97707408507216,76.35025712526512,76.5654296875,9048500
2017-01-23,76.434474364242,76.99581038444538,76.24736711596354,76.85547637939453,7414200
2017-01-24,77.08937412963229,78.10912090069503,76.57481842278462,77.86588287353516,8397500
2017-01-25,78.38976467175019,78.83882484258328,78.0716738412009,78.49267578125,9360900
2017-01-26,78.51140356665451,78.51140356665451,77.72554449947631,77.87522888183594,8428200
2017-01-27,77.95007594559888,78.39914337555761,77.57585427691406,78.3710708618164,5445900
2017-01-30,78.09041511280968,78.34301065165928,77.33262135857574,78.30558776855469,8792800
2017-01-31,76.83676585741405,77.9126504420315,76.80870048230233,77.37938690185547,7479400
2017-02-01,77.55714532250373,77.73489508094148,76.76192874870503,77.12679290771484,7534400
2017-02-02,76.84613518066033,77.37004129714806,76.31287155846803,76.9958267211914,11142300
2017-02-03,80.21408993600538,81.22448608909275,79.62469574887933,80.53218078613281,28079600
2017-02-06,80.52284712127185,80.55091249977437,79.99894102206407,80.2983169555664,9665300
2017-02-07,80.41992526518032,80.78478941249345,80.14861474631185,80.25152587890625,8600300
2017-02-08,80.27025006217218,80.30766580767923,79.59665244008299,79.60600280761719,7587700
2017-02-09,79.86794261525678,80.24215707634447,79.40951776636271,80.06440734863281,6554700
2017-02-10,80.27023117291627,80.58831489867048,79.73696770386451,80.36378479003906,10432000
2017-02-13,80.64446599291912,81.1122413342648,80.45735871145496,80.86900329589844,6046300
2017-02-14,80.94383008339909,81.36483211162671,80.70059208061963,81.2525634765625,5952000
2017-02-15,81.56657688281655,82.05399322509766,81.26663111497862,82.05399322509766,8049700
2017-02-16,82.06334706899365,82.18519754704501,81.35097337505115,81.93212127685547,8680600
2017-02-17,81.8008934250726,82.18520266259064,81.52907366105957,81.97898864746094,5887200
2017-02-21,82.02586177578205,82.52264620671214,81.7071654240172,82.41016387939453,9301300
2017-02-22,82.11958849617815,82.6257482115272,82.025856804729,82.29768371582031,8389900
2017-02-23,82.70076958663755,82.94447065187094,82.36332964109782,82.65390014648438,6040500
2017-02-24,81.88526982208724,82.88821411132812,81.82903222776729,82.88821411132812,5151300
2017-02-27,82.7850912666836,82.8413288502561,82.40078919348889,82.48514556884766,6131600
2017-02-28,82.63514625861994,82.84135317602684,82.26021223841094,82.4289321899414,8521900
2017-03-01,83.17876839710195,83.55370230605523,82.87882270019323,83.41310119628906,11131400
2017-03-02,83.4224957608729,83.54434627011094,82.57889605887951,82.98194885253906,10544200
2017-03-03,82.7757323903145,83.33813694280258,82.65388188461992,83.22565460205078,5700600
2017-03-06,82.98194740859643,83.67557063982319,82.73823924308988,83.36625671386719,7347600
2017-03-07,83.41309346822058,83.7036709751544,83.2818676849352,83.47870635986328,5688400
2017-03-08,83.58184087597384,83.70369853719916,83.30064574117097,83.38500213623047,5866800
2017-03-09,83.44124832242628,83.8911705962058,83.15067784117045,83.5256118774414,5953900
2017-03-10,83.89116111762081,84.22860099701126,83.51622712371241,84.10675048828125,12246700
2017-03-13,84.17237354731009,84.65040747467788,83.99427826969935,84.46294403076172,8944100
2017-03-14,84.2942174335213,84.38794914809907,83.64745644577323,83.93803405761719,6009400
2017-03-15,84.12549881240393,84.45356339423142,83.80680954756339,84.28484344482422,6350700
2017-03-16,84.65040760258938,84.66915823777252,83.86305255542543,84.39733123779297,9174400
2017-03-17,84.59416840823552,84.95035180602285,84.5191801714576,84.58479309082031,8613400
2017-03-20,84.63165549827107,86.28136081402396,83.39437829927422,83.59121704101562,9438000
2017-03-21,83.88178897596703,84.08800303798509,82.48516712585122,82.5414047241211,11092100
2017-03-22,82.34456957702832,83.45999633326299,82.34456957702832,82.97257995605469,7828600
2017-03-23,82.92568593945347,83.78802885988036,82.87881652260178,83.29124450683594,7710700
2017-03-24,83.47872828439587,83.99426339075012,83.3943718949583,83.6005859375,7597600
2017-03-27,82.77574165778192,83.41312735752783,82.5507841023633,83.3756332397461,5230000
2017-03-28,83.53498077392578,83.81617591606063,82.94445738802699,83.53498077392578,7045500
2017-03-29,83.41312178127619,83.78805578275703,83.01006898115678,83.59121704101562,4738000
2017-03-30,83.49748241846304,83.51622589981177,83.0475602021122,83.43186950683594,6227100
2017-03-31,83.40375858562574,83.75056665786168,83.30065155029297,83.30065155029297,6429800
2017-04-03,83.55371181133795,83.85365754236926,82.86008864919123,83.75992584228516,9125800
2017-04-04,83.43185214000769,83.73179783804913,83.10378765016073,83.21626281738281,4859900
2017-04-05,83.54433136473735,84.54727551170505,83.37561145444046,83.45059967041016,7251600
2017-04-06,83.42248718100669,83.66619532568895,83.2162731471425,83.50684356689453,8473900
2017-04-07,83.39433835622738,83.64741457403107,82.9725351248641,83.17874908447266,5439500
2017-04-10,83.06628703873956,83.65680307421839,82.97254820503619,83.29124450683594,5999400
2017-04-11,83.04757324228483,83.28190612792969,82.60702627306894,83.28190612792969,7058500
2017-04-12,83.14127155293096,83.61931244988449,83.0100457618095,83.12252807617188,5912500
2017-04-13,82.92571752647123,84.1536194819975,82.88822340896189,83.30065155029297,7242700
2017-04-17,83.50686755050991,84.26611099791137,83.18817824393267,84.18174743652344,6122800
2017-04-18,84.02238694279808,84.28483859315261,83.64745294888968,84.10675048828125,6823500
2017-04-19,84.44416984789913,84.94096142316073,83.98487953248973,84.12548065185547,7301300
2017-04-20,84.49106021839391,85.76583162114879,84.26610266239945,85.4377670288086,12178300
2017-04-21,86.9562394708609,86.984365422723,85.3159093578881,85.4377670288086,19442600
2017-04-24,86.37507429990228,86.70313880024385,85.30651726949274,86.0938720703125,11705400
2017-04-25,86.22507264246117,86.56251235873188,85.84077066914976,86.33755493164062,7769200
2017-04-26,86.25323643878107,86.6844151966821,86.00016009514225,86.0657730102539,11295200
2017-04-27,86.18761501926129,86.23448444740403,85.5596047292645,85.85955047607422,5856800
2017-04-28,85.66271681545716,85.81269327336557,85.27841465679131,85.50337219238281,6888500
2017-05-01,85.56897420217214,85.92515751741503,85.42837307861541,85.54085540771484,9042100
2017-05-02,85.87831076654271,86.93749273974984,85.79394721665157,86.74065399169922,11627700
2017-05-03,86.60942513532055,86.75002627938173,86.21574765296626,86.64691925048828,4909000
2017-05-04,86.89062439316724,87.03122554389677,86.46882809225028,86.81564331054688,5257000
2017-05-05,87.07809097477715,87.15307920522177,86.00953372039062,86.31884765625,8844500
2017-05-08,86.28134249987791,86.38444950718134,85.7845509413842,86.15948486328125,5223600
2017-05-09,86.14077297267922,86.36573054780044,86.0751600486325,86.23450469970703,3969500
2017-05-10,85.95329113574925,86.61880275861014,85.93454765330188,86.46882629394531,6747600
2017-05-11,86.3469671845867,86.5250552795594,85.87830150606885,86.32821655273438,7052200
2017-05-12,86.412571946224,86.96559396212412,86.21573323795769,86.91873168945312,5898800
2017-05-15,86.91873971788823,87.56549349013918,86.90936440198003,87.38740539550781,7040100
2017-05-16,87.49990242217605,87.84671768464057,87.14371899273567,87.31243896484375,5497400
2017-05-17,86.83824016672851,87.10115755816857,86.11521017630673,86.16216278076172,8240200
2017-05-18,85.78653434140293,86.83821071443525,85.78653434140293,86.11518096923828,8239800
2017-05-19,86.36872141638254,87.14808144425967,86.11518887737058,86.83821868896484,9361300
2017-05-22,86.88516201782878,87.88988587031228,86.7912639983738,87.6175765991211,9186200
2017-05-23,87.85234716923978,88.33123650120147,87.76784107981437,88.13404846191406,7616100
2017-05-24,88.28426309820291,89.19508894410501,88.28426309820291,89.02606964111328,6825300
2017-05-25,89.28898797044377,89.56129724855046,89.1011919267646,89.2420425415039,7262400
2017-05-26,89.20448510410453,89.31716703273536,88.63169783716137,88.89461517333984,4133900
2017-05-30,88.88525195945941,89.09182479948095,88.58476674351132,88.94158935546875,6292700
2017-05-31,89.27961293189227,89.70215765828996,88.6974336705802,89.42046356201172,9866000
2017-06-01,89.58008575439453,89.6270311857467,88.83827916501211,89.58008575439453,8911900
2017-06-02,89.58947827689468,90.32189291908773,89.58947827689468,90.28433227539062,8570200
2017-06-05,90.44397069029324,90.69749611127897,90.24678265975741,90.65994262695312,14510500
2017-06-06,90.39700243597692,90.70687235771723,89.73031716323739,89.9462890625,7030300
2017-06-07,90.17168231081791,90.35009364063725,89.9181568309361,90.22801971435547,6720300
2017-06-08,90.02144684673016,90.25619558008705,89.47682806599107,90.22801971435547,7720300
2017-06-09,90.22798904373107,90.37823162071064,87.99318444086288,88.79132843017578,16887100
2017-06-12,87.97440889121636,88.30305557785603,87.13870424634956,87.7959976196289,15610000
2017-06-13,88.26550131973758,89.52375077219001,88.23733262512461,89.27961730957031,8700100
2017-06-14,89.50496673583984,90.14348336288538,89.15753614801964,89.50496673583984,6347000
2017-06-15,88.67864238871552,88.76314845455397,87.82415395967628,88.42510986328125,12793900
2017-06-16,88.55656851944737,88.67864238871552,88.02134194392546,88.42510986328125,14705100
2017-06-19,88.96975593825495,89.06365398402541,88.50025854544093,89.00731658935547,5984300
2017-06-20,89.00732103193906,89.16694843411244,88.57538426866651,88.62232971191406,5626700
2017-06-21,88.8382741922218,88.98850959368352,88.33121627986387,88.77254486083984,5611400
2017-06-22,88.72558662768179,88.74437052914526,88.14341463358281,88.2185287475586,5846500
2017-06-23,88.41574423788953,89.81484433256233,88.16221165750954,89.74911499023438,11637300
2017-06-26,89.95569039404826,90.39701186210814,89.29838984024468,89.41107177734375,6970800
2017-06-27,89.34532907186899,89.52373315730158,88.85704791478288,89.11058044433594,6283600
2017-06-28,89.34533543146752,90.51907865267975,88.88523009466115,90.35945129394531,5571300
2017-06-29,89.94630696404761,89.94630696404761,88.27489747382896,88.65988159179688,8872500
2017-06-30,88.6223018447217,88.84766569170789,88.05890655517578,88.05890655517578,9036600
2017-07-03,88.6222993078256,88.65047516086216,87.65513610839844,87.65513610839844,6197700
2017-07-05,88.03073886719928,88.64108675613717,88.00257017699535,88.2748794555664,9339600
2017-07-06,87.7490448387085,88.23732605551547,87.50491139426548,87.56124877929688,8215700
2017-07-07,87.79596986486581,88.65045814396177,87.79596986486581,88.19034576416016,6175800
2017-07-10,88.40634377542789,89.55191834341421,88.40634377542789,89.28899383544922,8851800
2017-07-11,89.27960760408351,89.79605033175496,89.1387569823694,89.5894775390625,5554100
2017-07-12,90.12470394748584,90.56602538729013,89.79605010964578,90.3125,5974800
2017-07-13,90.53785633415362,90.75382824124637,89.92750841998036,90.08714294433594,6721700
2017-07-14,90.27494749733425,91.4299140999311,90.2561707559737,91.01675415039062,6195800
2017-07-17,91.18575360923435,91.3547729004936,90.69747247272576,90.92283630371094,5914900
2017-07-18,90.94164399333178,91.78674073726002,90.71628724960482,91.62711334228516,7435000
2017-07-19,91.68342310467227,92.33133160707045,91.59891703772968,92.25621032714844,6390400
2017-07-20,93.06376582354625,93.09193451847395,91.95575178463682,92.12477111816406,8572900
2017-07-21,93.52386474609375,94.35956940288864,93.04497547360616,93.52386474609375,17400200
2017-07-24,93.47691194915441,94.29383263697446,93.09192073823598,94.24688720703125,9186000
2017-07-25,94.50980024918661,94.69759628835465,93.71165633678297,93.89006042480469,6774900
2017-07-26,93.90885688105433,94.82906762553716,93.76800625086922,94.6976089477539,7205400
2017-07-27,94.81029096438256,95.00747898122319,92.5379256305498,93.49569702148438,10543900
2017-07-28,93.07314203981551,93.51446345899976,92.50035479326165,93.10131072998047,6558800
2017-07-31,93.42996785017817,93.89946517605847,93.09192920242752,93.4863052368164,7576600
2017-08-01,94.23752601420104,94.9042115142622,93.86192663226116,94.71641540527344,6018100
2017-08-02,94.866645947259,95.10139465332031,94.12483917642986,95.10139465332031,5955600
2017-08-03,94.78210686925443,94.93234226359414,94.20931965266789,94.45345306396484,5697500
2017-08-04,94.80092069919837,95.15773616882856,94.47227392928077,94.73519134521484,4618000
2017-08-07,94.7633572139381,95.34553659180153,94.45348719843197,95.298583984375,7047100
2017-08-08,95.30797466088816,95.51455466845603,94.77274789762689,95.10139465332031,6283700
2017-08-09,94.6130690118942,95.1201268007398,94.46282648306969,94.81025695800781,6902100
2017-08-10,94.40652527508031,94.72578002517201,93.36424061502193,93.42057800292969,8560800
2017-08-11,93.47689707303661,94.18114288574972,93.45811317288063,93.98394775390625,5268200
2017-08-14,94.81967564764042,95.88073694185614,94.60370374253735,95.65538024902344,5657600
2017-08-15,96.11550076011623,96.50987682582357,95.74929338996498,96.36902618408203,5386000
2017-08-16,96.64646008043943,97.7468510786729,96.53359670542987,97.17314147949219,13408300
2017-08-17,97.18255970357387,97.37065817467288,96.08216857910156,96.08216857910156,7381600
2017-08-18,96.00692825658128,96.95683488293324,95.87525788905731,96.41134643554688,5670900
2017-08-21,96.51479139929346,97.20135720985766,96.24204361992685,97.07909393310547,5395000
2017-08-22,97.28601576925773,98.00079569802341,97.00386088782616,97.87853240966797,5481000
2017-08-23,97.59636885051998,97.78447447991464,96.86277483462096,97.04147338867188,5057200
2017-08-24,97.17314315949146,97.34243463718467,96.53359837437225,97.07909393310547,4082300
2017-08-25,97.4835251317334,97.6998376638673,97.02267883782045,97.20137023925781,4467400
2017-08-28,97.4835182706399,97.65280975911077,97.11672124153576,97.60578155517578,3919900
2017-08-29,96.79696797373617,97.87855233878366,96.53362719104597,97.59639739990234,7135300
2017-08-30,97.53053274152376,97.81268759516976,97.36124126443536,97.55875396728516,8712700
2017-08-31,97.86913398663197,97.9914044612947,96.90041314382864,97.36125946044922,13766000
2017-09-01,97.8503364655637,97.88795760175014,97.28603377376305,97.71866607666016,4466800
2017-09-05,97.24840413202855,97.30483224362388,96.17622695873276,96.88160705566406,6337500
2017-09-06,97.19195071669154,97.57756187532854,96.96623113691402,97.04147338867188,6372200
2017-09-07,97.53995666358409,99.16703653970784,97.44590742129019,98.33938598632812,6508600
2017-09-08,98.12309856078303,98.53691676789063,97.86915764854747,98.21714782714844,5787200
2017-09-11,99.20464770829635,99.83478546142578,98.89427878195026,99.83478546142578,6956000
2017-09-12,100.29563061810904,100.29563061810904,99.46798733248532,99.8912124633789,5212400
2017-09-13,99.93823159457932,99.93823159457932,98.97891086091349,99.5338134765625,6215700
2017-09-14,99.22346340127436,100.48373901824623,99.22346340127436,99.76895904541016,8154000
2017-09-15,99.44916500591027,99.82536907772231,98.70616393734284,99.03534698486328,12622900
2017-09-18,99.08239076613545,99.24227520134124,98.39582481472347,98.59333038330078,7330300
2017-09-19,98.8754689243883,99.62787717084551,98.59332121358946,99.1388168334961,9754400
2017-09-20,99.22345825470389,99.47739191008029,98.24533041179696,98.72499084472656,8198600
2017-09-21,98.7532068669334,99.32691654753343,98.42403094580966,99.04476165771484,4777600
2017-09-22,98.95070843052551,99.39274772485577,98.8096309913036,99.2798843383789,4959400
2017-09-25,99.22343521683307,99.36451262617403,96.63704235573078,96.89097595214844,9395300
2017-09-26,96.97566508732095,97.83152261788997,96.75934534744198,96.81578063964844,6263600
2017-09-27,96.93801340314994,97.92554818733562,96.77812900586144,97.709228515625,8337400
2017-09-28,97.57756259160125,98.73438890050792,97.56815551618844,98.35818481445312,5947800
2017-09-29,98.51808131742915,99.15762618961229,98.46165320901495,98.97892761230469,7676300
2017-10-02,99.26109484414194,99.68432006085189,98.8472695296715,99.16704559326172,4885600
2017-10-03,99.36453312002865,99.59965979225991,99.02595013797591,99.30809783935547,4411100
2017-10-04,99.42096578564065,99.44917983952313,98.65915762882618,99.04476165771484,4146800
2017-10-05,99.31751744036335,99.92884830035915,98.89429224717259,99.91944122314453,4396100
2017-10-06,99.96644671419813,100.59658440991338,99.5714356669285,100.3802719116211,4587000
2017-10-09,100.25800456304067,101.24553938725455,100.2015764618271,100.64361572265625,4787000
2017-10-10,101.1797068041733,101.19851377989454,100.46491974332994,100.92576599121094,4015600
2017-10-11,101.29255300364746,102.12960326273429,101.19850378333909,101.98853302001953,6473100
2017-10-12,102.04496625099134,102.24247177622406,101.48066372525555,101.67816925048828,6496100
2017-10-13,102.04498056631928,102.75976769278931,101.95093132808564,102.19546508789062,5154600
2017-10-16,102.31771880566268,102.5622525425854,100.78469555696613,101.85687255859375,5552200
2017-10-17,101.809848729554,101.9697331440078,100.91637024831543,101.14208984375,5979400
2017-10-18,101.21732046748372,101.57471038380382,101.06683597082532,101.38661193847656,4817300
2017-10-19,100.88814943851874,101.36780985936494,100.54016655567648,100.65302276611328,10840200
2017-10-20,101.29256714962291,101.29256714962291,100.60600128754379,101.15149688720703,7848900
2017-10-23,101.62175029530455,101.79104178580909,100.72826463828194,101.13268280029297,6316700
2017-10-24,101.16090591211484,102.17665494610601,100.80351592259818,101.96034240722656,10511200
2017-10-25,102.90083913784812,104.02944428183773,101.57472127693866,102.97607421875,13261300
2017-10-26,103.81314293549663,104.1517259736307,103.14538393681492,103.26765441894531,7380100
2017-10-27,103.5215740198829,103.57800212672579,102.22367733401909,103.18299102783203,7862700
2017-10-30,103.14535714264593,103.68144561784837,102.43997719235348,103.49334716796875,5148600
2017-10-31,104.00123803917383,104.10469435561616,102.19546680299375,103.43693542480469,8002500
2017-11-01,103.92600095190555,104.7724585033554,103.8507586861106,104.46208953857422,6167300
2017-11-02,104.41504772935663,104.7442308054618,103.64383254414633,104.37743377685547,5506600
2017-11-03,104.33981404824907,104.79125323928236,103.9353958862211,104.73482513427734,3757600
2017-11-06,104.73481609497696,105.47781717390231,104.58433159395595,105.2614974975586,4094700
2017-11-07,105.57186358636687,105.77877618200968,104.92291175012276,105.42137908935547,3697900
2017-11-08,105.34617629552277,106.19263391183604,105.16747769444054,105.77880859375,4417800
2017-11-09,105.14865309871996,105.54366419499053,104.33040967744799,105.46842193603516,4334700
2017-11-10,105.0639849337277,105.31792571831606,104.65956683369419,105.22386932373047,4198900
2017-11-13,104.9135307556012,105.20508555172789,104.71601802380894,104.77245330810547,7185600
2017-11-14,104.47145961842946,105.37434496173142,104.21751885517571,105.31791687011719,5679600
2017-11-15,104.71602113535226,105.21449575471522,103.58741587284497,103.69087219238281,6895100
2017-11-16,104.34567592266231,104.99577769364943,104.17608446884874,104.60005950927734,5655100
2017-11-17,104.28915279750329,104.4964320496082,103.35639616303119,103.4694595336914,8812400
2017-11-20,103.59194946289062,104.27973912144608,103.34698958512496,103.59194946289062,6873200
2017-11-21,104.06302245937196,105.04288340659322,103.92170223619499,105.00519561767578,6456500
2017-11-22,105.05233746074721,105.20308865991196,104.2985958413491,104.41165924072266,4067600
2017-11-24,104.87330227961667,105.67415529362009,104.71313455210056,105.4951400756836,3045600
2017-11-27,105.52339311050314,106.0321674755855,105.43860097709477,105.88141632080078,6620500
2017-11-28,106.0887025088734,107.04972321300562,106.05101471771025,106.80475616455078,6671300
2017-11-29,107.049714111086,107.049714111086,100.71830949823003,103.50714111328125,14505400
2017-11-30,104.11013101498393,106.07926940917969,103.66730849313231,106.07926940917969,18533300
2017-12-01,105.88143105900951,105.93796634402858,103.41294165559843,104.32685089111328,13101800
2017-12-04,104.89213561774186,105.00519179216462,100.784260222137,101.21765899658203,18909100
2017-12-05,102.59323409704852,102.92299326309117,100.43565671321132,102.30116271972656,12081500
2017-12-06,102.2163646594576,103.79921586420627,101.99966885690287,103.39408111572266,7532100
2017-12-07,103.42233736281167,104.96750785008393,103.12084226026812,104.95808410644531,7384900
2017-12-08,105.64589198823872,106.09813834552696,105.35382055870147,106.08871459960938,7594900
2017-12-11,105.99448157223235,106.7953273286915,105.67414614493302,105.87200164794922,7538600
2017-12-12,105.87199865282798,107.15335470219736,105.52339200220773,106.89896392822266,8754400
2017-12-13,107.17218019093752,107.75633004654689,106.64456560407076,106.75762176513672,8088900
2017-12-14,106.98377148004168,107.49253869071325,106.39019775390625,106.39019775390625,9815600
2017-12-15,107.37945604723365,107.59615180797604,105.89082100858221,107.23812866210938,16388000
2017-12-18,108.0578337643198,108.11436184937325,106.7011022173553,106.98375701904297,8961800
2017-12-19,106.72938084715476,106.72938084715476,105.59877586229867,105.65530395507812,7899400
2017-12-20,106.2017618199871,106.55978504002528,105.51397223693824,105.63645935058594,6201900
2017-12-21,106.08869887356055,106.55978546464048,105.82489153266953,105.9096908569336,8866400
2017-12-22,105.89083000797544,106.569195763657,105.7589263541718,106.1734848022461,6190100
2017-12-26,105.58933350000791,106.88011316716855,105.58933350000791,106.45613098144531,3948900
2017-12-27,106.17350501611686,107.4737015032381,106.13581722382492,107.42658996582031,7073100
2017-12-28,107.69037582691476,108.27451848131643,107.39829731150445,107.73748016357422,6937100
2017-12-29,108.11437959577859,108.24628327469473,107.42658996582031,107.42658996582031,5249000
2018-01-02,107.94478034856091,108.42529068040463,107.36063039243304,107.88825225830078,6080900
2018-01-03,108.30280811621554,109.09423735415372,108.02958420967491,108.96233367919922,6946100
2018-01-04,109.52762222969446,110.57343493958965,109.32034299880203,109.3674545288086,7805300
2018-01-05,110.22482806542187,112.11859799381457,109.68778969029083,111.9866943359375,8590500
2018-01-08,111.75118231933583,113.51304908264069,111.2424078445599,112.43896484375,6660700
2018-01-09,113.03251374524415,113.03251374524415,111.79826922126867,112.22224426269531,6562400
2018-01-10,111.8265461147081,112.16572906210652,110.6676698463949,112.09977722167969,7490300
2018-01-11,111.93016523929636,113.04192976579391,111.81710188147603,112.91001892089844,5982100
2018-01-12,113.17384007993202,113.39053587657205,112.78754564247977,113.14556884765625,5585800
2018-01-16,114.17254029226106,114.88859388445826,112.9759835788069,113.42822265625,8803800
2018-01-17,114.19136852867288,115.09586096442783,113.74855324201778,114.92626953125,7991500
2018-01-18,115.43504279389352,116.07572077690479,114.97337999661207,115.99092864990234,8661000
2018-01-19,115.93442643689508,116.49972897436014,114.86976601665394,115.60466003417969,8250700
2018-01-22,115.76481656381475,117.14038848876953,115.32199403689022,117.14038848876953,9355000
2018-01-23,117.39479062080989,118.25217176596044,117.0273436123773,117.44190216064453,5683300
2018-01-24,117.81876575505592,118.19562929798474,116.55624988396818,117.3476791381836,6425200
2018-01-25,117.77163312909482,118.21445561977382,117.42302650727709,117.97891235351562,7166400
2018-01-26,118.49710649010501,119.07183265066139,117.54551684372366,119.01530456542969,5604900
2018-01-29,119.41103359635802,119.54293727398588,117.47958278068637,117.62090301513672,6257900
2018-01-30,116.65988592179941,117.102708478135,115.73655301835383,116.40550231933594,8154400
2018-01-31,116.6221908670575,117.28171638221382,115.92498475168485,117.04617309570312,7338200
2018-02-01,117.52667933664785,118.95878658195139,116.92368908227084,118.45001220703125,11169700
2018-02-02,116.56567155371764,116.56567155371764,113.72030441306813,113.91816711425781,13937700
2018-02-05,111.83592835215643,114.12540895040662,108.35931499052414,109.54644775390625,16623900
2018-02-06,108.53835375429486,113.34344300148592,106.70111882204745,113.03252410888672,19053300
2018-02-07,113.14557701904656,115.37853010819693,112.31646718434389,112.73102569580078,9294000
2018-02-08,112.61794504114606,112.89117609193059,106.97433040793467,107.27582550048828,12673400
2018-02-09,107.92593130248561,110.43210800648755,104.60005422686805,109.59357452392578,17695500
2018-02-12,110.97856944599208,111.9678468803499,110.12118848133841,111.61924743652344,11526300
2018-02-13,111.03507808695183,111.9301466811531,110.35671242892403,111.50616455078125,7803900
2018-02-14,110.81842103443593,113.95585251602573,110.7053576558823,113.8427963256836,9206400
2018-02-15,114.8620942211639,115.4378210029071,113.22930098170875,115.40950775146484,6921300
2018-02-16,114.79599916102893,116.07958571410295,114.73937267215678,115.0036392211914,6371400
2018-02-20,114.53175802601626,116.13624517374812,114.2202978666611,115.15467834472656,6182800
2018-02-21,115.1924247718057,115.9285980488203,113.64457141994818,113.66344451904297,7676100
2018-02-22,113.88995582151401,114.56006243948788,112.89895611918269,113.61624908447266,4994000
2018-02-23,114.73938541134656,116.05128535451321,114.4090521883773,116.0229721069336,5036900
2018-02-26,116.63646765217034,117.59915420097764,116.3910741394449,117.58971405029297,6270500
2018-02-27,117.69351387843548,118.25980761058828,116.41936738253953,116.43824768066406,7287200
2018-02-28,116.70251624839344,117.95778966839876,115.97577597334866,116.03240966796875,6780900
2018-03-01,116.3344464762076,117.03286640467765,112.89896613522507,113.63513946533203,8819600
2018-03-02,112.39874515929597,114.18255928151626,111.23785859805675,113.9843521118164,7581900
2018-03-05,113.68232888007003,115.43782249950098,112.72908246577144,115.031982421875,5810200
2018-03-06,115.92861825977297,116.31557806483751,113.88997756734013,114.25806427001953,7464400
2018-03-07,113.28589945174286,115.37172580030729,112.97443936149915,115.0036392211914,7254100
2018-03-08,115.10748886912761,115.91916902185474,114.3618753706585,115.3528823852539,6948900
2018-03-09,116.32499905789142,117.77847252683965,115.96635256583588,117.51420593261719,6397700
2018-03-12,117.74070806174136,117.9577882870074,116.54206835039328,117.25936126708984,8636000
2018-03-13,117.26881610310086,117.97667616006123,115.99466944071717,116.2778091430664,9479500
2018-03-14,117.0706397203726,117.0706397203726,115.050879193944,115.69267272949219,7855000
2018-03-15,116.21173177536322,117.42925182514195,115.8058917587703,116.47600555419922,5861900
2018-03-16,116.8912952450965,118.02387571427843,116.40051541562534,117.53308868408203,9447100
2018-03-19,116.97625666964736,117.32546308357415,115.40952268040719,116.28726959228516,17387800
2018-03-20,116.44771336827763,118.13714048920835,116.3722137567246,117.89175415039062,7779700
2018-03-21,117.88229874356705,118.39195885940624,116.15511844001064,116.29669189453125,7359500
2018-03-22,115.33400348531714,115.78703712053886,112.97446980353304,113.24817657470703,10501500
2018-03-23,113.15378274418151,113.56906292530805,110.1996495303505,110.42616271972656,10024300
2018-03-26,112.3987349020902,113.95602845988924,111.18122194674396,113.86164855957031,8735400
2018-03-27,114.69219441896003,114.76770121466994,110.18076778579619,110.8036880493164,9008600
2018-03-28,110.36009866020089,111.43604533586853,109.51066517921996,110.4167251586914,9420400
2018-03-29,111.06794107163189,113.81443382351915,110.46390118115761,112.89894104003906,12918100
2018-04-02,112.56863619724292,113.09717666885773,110.19966942898974,111.73808288574219,9877100
2018-04-03,112.20996077452928,113.24815394693094,110.88862073659813,112.5025405883789,7084800
2018-04-04,110.33179186886846,113.3708722783026,110.152465012186,113.07828521728516,8425700
2018-04-05,114.20141047161606,115.15466393059842,113.60681067877658,114.3807373046875,6816000
2018-04-06,113.42749045181401,113.78613693812065,110.53942386021308,111.08683013916016,8383800
2018-04-09,111.96458697759432,113.88996727961867,111.96458697759432,112.1156005859375,7024800
2018-04-10,113.78615831297512,114.35245219872441,112.9178515825575,113.93717193603516,8947200
2018-04-11,113.24816484944715,114.8243386582395,112.89895850916275,113.04996490478516,5874900
2018-04-12,113.63515609213816,115.12638327172563,113.6257159401664,114.26750946044922,5666000
2018-04-13,114.89040967130524,115.5888295791326,113.87108945941135,113.96546936035156,9174300
2018-04-16,115.2490626869553,115.96636293593441,114.68277604859296,115.031982421875,6903200
2018-04-17,116.00410760830373,117.27825424891006,115.63601376030881,116.84410095214844,5979600
2018-04-18,117.0894709482384,117.85396458674651,116.44767764222074,117.48587799072266,5171000
2018-04-19,117.32544281179534,117.71240976663552,116.2306229994625,116.99510955810547,7294100
2018-04-20,117.0894853554986,117.80678553888991,116.38162532208896,117.22161865234375,7479400
2018-04-23,117.31601934325602,117.94837265152749,116.93849250821803,117.46702575683594,8004300
2018-04-24,117.85399506264565,118.01444163045906,113.77672100557929,114.45626068115234,9434400
2018-04-25,114.3335381569515,114.53173807818685,112.66299184898278,114.39960479736328,8001200
2018-04-26,118.10884141058622,120.4211820085381,116.82525425068728,119.9398422241211,14345800
2018-04-27,119.33575639034123,119.9209160300065,118.34474954144662,118.92991638183594,6842700
2018-04-30,119.61889668115387,120.71372357516069,119.54339708903802,119.75102996826172,8449200
2018-05-01,119.73218474464883,120.40229148547817,118.4580379219247,120.34566497802734,6407300
2018-05-02,120.6948567785802,120.90250408248133,118.92049015268992,119.27913665771484,8515300
2018-05-03,118.74118302100703,120.29847685274787,118.27871638758498,120.03421020507812,6778600
2018-05-04,119.2319565961634,121.14789677533857,118.98656307940087,120.95913696289062,5798400
2018-05-07,121.18563435603672,122.24271515315488,121.04406810713449,121.997314453125,5737300
2018-05-08,121.8840938364996,122.66746089193452,121.1007267810647,122.60138702392578,5044700
2018-05-09,122.70518138753322,123.63956188707984,122.30878146690898,123.4885482788086,6119400
2018-05-10,123.91326408369827,124.34742461634046,123.37529789479557,123.63956451416016,6585800
2018-05-11,123.63958671626524,124.66834012648692,122.91284618178564,124.41352081298828,5437100
2018-05-14,124.98923081017644,125.05530467628773,123.32812402315031,123.8377914428711,5017000
2018-05-15,123.22431082333017,124.017110852177,122.60139034289892,123.73397827148438,5532300
2018-05-16,123.7244806027119,124.01706041807982,123.20538041345534,123.53572082519531,5124200
2018-05-17,123.44120201980289,123.64917578874612,122.52423069980561,122.82672882080078,4911700
2018-05-18,122.53367880763318,123.21431761061244,122.01375880986721,122.82672882080078,6082700
2018-05-21,123.7909774642234,124.32036002834289,122.88346861847371,123.51683807373047,5591800
2018-05-22,123.83822625896094,124.5755824827188,123.3655612732397,123.5640869140625,6645500
2018-05-23,122.94964287779455,124.69850950872396,122.70386221990036,124.67015075683594,6569100
2018-05-24,124.61342271059476,124.98210087854238,123.36558003471492,124.6795883178711,6035200
2018-05-25,124.67013196306473,124.87810572862128,123.772056873347,124.1029281616211,7509600
2018-05-29,123.26162000250893,123.88554147639498,122.00432894437952,122.59989166259766,10401900
2018-05-30,123.08196204159165,123.93276768892578,122.77000141336157,123.49790954589844,10631300
2018-05-31,123.50734445894102,124.3865087581413,122.87397516307752,123.57352447509766,11086000
2018-06-01,124.63229378512614,125.26566310359516,123.23320953574067,123.69642639160156,8323400
2018-06-04,124.72684690932562,126.26773947957014,124.2447193605739,125.79507446289062,7178000
2018-06-05,126.08811017136594,126.31498012191447,125.44527832076857,126.25826263427734,6198200
2018-06-06,126.67420827956144,128.85791806958073,126.30553019065675,128.82955932617188,8065800
2018-06-07,128.90519235730264,129.1131660999445,125.77615253563269,126.52295684814453,8309200
2018-06-08,126.14486998375351,127.5439547050604,125.94634428582329,127.3738021850586,5261000
2018-06-11,127.52502467139503,127.79917847806203,126.4946183246913,126.58915710449219,7988700
2018-06-12,126.7120355577108,127.74245629118515,126.2393705252409,127.48721313476562,5743300
2018-06-13,127.78967849535677,128.34743405337832,126.96724616556246,127.05232238769531,4881600
2018-06-14,127.58173050408217,128.28126540302333,127.38320487693504,127.61953735351562,6464100
2018-06-15,127.71410369873047,128.30965185962398,126.67423480734057,127.71410369873047,10044500
2018-06-18,127.02395111437336,128.8578930972099,126.78761868204056,128.75390625,8713300
2018-06-19,127.20361445534301,127.84644641658758,126.26774689906459,127.72354888916016,6557600
2018-06-20,128.1111042392423,129.21713842353972,128.09219360351562,128.09219360351562,7192000
2018-06-21,127.8747889328315,128.67831075164744,126.91999643249822,127.17523956298828,8689800
2018-06-22,128.18675406476572,128.42308656530946,126.920000899162,127.93151092529297,6031900
2018-06-25,127.53448056602542,127.53448056602542,122.44860027881823,123.77205657958984,10086200
2018-06-26,124.8875650049311,126.47571271165361,124.4148999363218,125.30351257324219,7733900
2018-06-27,125.73834478496686,126.35281797235545,123.84768468455606,123.85714721679688,7282100
2018-06-28,123.83822913909006,125.84232410928867,123.50735787155381,125.48310852050781,6576500
2018-06-29,125.9935948317671,126.85384868642906,125.20896911621094,125.20896911621094,7259000
2018-07-02,124.74579172187731,125.77619827860738,123.98006206843475,125.25626373291016,7554400
2018-07-03,125.73831543662516,126.11645602320134,124.23524446952956,124.26360321044922,3621600
2018-07-05,124.90649485151575,126.04088830567768,124.62289288182642,126.00306701660156,4729300
2018-07-06,126.27718710959633,126.93891524552734,125.25622894647783,126.7593002319336,4839800
2018-07-09,127.5628214186663,128.53651008005448,127.42101327623931,128.11111450195312,8960700
2018-07-10,128.15842834411308,129.82220438383064,127.94099200187557,129.21719360351562,6561900
2018-07-11,129.1604445781922,131.22125708729376,129.1320858317067,130.5973358154297,10648700
2018-07-12,131.41033523412653,132.29894785787582,131.0794783457599,132.25167846679688,11816100
2018-07-13,132.1476494984236,132.37453384860325,130.02065739847512,131.79788208007812,7865700
2018-07-16,131.79792019091124,131.9208177192026,130.60680946336902,130.89041137695312,4969900
2018-07-17,130.6257016488401,132.261133049387,129.90725599124303,132.00588989257812,5412600
2018-07-18,132.26116895511933,133.45227996926536,131.75068250291673,133.19703674316406,7008600
2018-07-19,133.244264071469,133.28208535022108,132.28002340757087,132.46910095214844,7937000
2018-07-20,132.34622244064641,133.73585893024068,132.27059429687196,133.2821044921875,7153600
2018-07-23,132.97016598767667,133.26321607831227,132.0059250244596,132.37460327148438,7723600
2018-07-24,133.28212672355855,133.7358812372977,131.8830274672527,132.37460327148438,8336700
2018-07-25,132.6676112429752,134.96477068713486,132.25166372718718,134.8418731689453,8376000
2018-07-26,133.86819051410674,134.98367306227354,131.9019022562917,134.70953369140625,10520800
2018-07-27,135.25780706151755,135.31452454894125,131.5993848767902,133.0173797607422,7014900
2018-07-30,132.46909404581436,132.74323339181316,127.91259664136903,129.0186309814453,12812400
2018-07-31,129.63308234831453,130.47442530798875,128.21508762361046,129.264404296875,7683300
2018-08-01,130.20978134283104,131.1551115021891,129.89782065929168,130.69189453125,7087700
2018-08-02,129.9356199404816,131.58049951468232,129.51022427849992,131.32525634765625,12300000
2018-08-03,131.6750481076922,132.21389329008846,130.39886088684028,132.17608642578125,4617500
2018-08-06,132.01535059347927,132.59200256596336,131.44816115430058,132.07208251953125,5143000
2018-08-07,132.32728374723055,132.99847436557587,132.22329687465847,132.6108856201172,10034500
2018-08-08,132.32731594145125,133.28210866497693,132.1855221828058,132.98904418945312,5389500
2018-08-09,133.03630596596915,133.518433566944,132.25168022234098,132.3556671142578,5679300
2018-08-10,132.23281162270519,133.04579628623375,131.63724889692372,132.09100341796875,6523500
2018-08-13,132.84723689869298,133.5184276119649,132.1855087180962,132.54473876953125,4817500
2018-08-14,132.6297925388819,133.2820725008522,132.23275569781086,133.06463623046875,5888700
2018-08-15,132.67711415620715,132.99852299819705,131.24965616305929,132.27061462402344,5288400
2018-08-16,133.55820120263624,133.95583498047972,132.94280424342261,133.16055297851562,5931700
2018-08-17,133.28362054639194,134.1641065936374,133.08481090255543,133.80433654785156,7699600
2018-08-20,134.00316169471805,134.05997890294873,133.2078941348152,133.43511962890625,4662200
2018-08-21,133.49189515716478,133.92740698708783,132.3557968110395,132.5830078125,6854300
2018-08-22,132.40314811174704,133.99368303752652,132.40314811174704,133.62445068359375,4191700
2018-08-23,133.50135560837282,134.86467938325447,133.27414461007524,134.5333251953125,4426800
2018-08-24,134.74161746874458,136.69192233624128,134.74161746874458,136.52149963378906,5714000
2018-08-27,137.2694510494814,137.84696981457142,137.0043618897295,137.65760803222656,7194900
2018-08-28,137.87538752226672,138.38662683483074,137.1558473351976,137.46827697753906,4925700
2018-08-29,137.7144140282845,139.456432492406,137.67653589638752,139.2008056640625,5192900
2018-08-30,139.0020113571191,139.84461930628336,138.5664994699407,138.92626953125,7804600
2018-08-31,138.9261999636376,139.77826979700603,138.69897459981388,139.06820678710938,5786600
2018-09-04,139.10611115559914,139.98659705753067,138.85996110747678,139.92979431152344,7638100
2018-09-05,139.17240121706678,139.9487439948022,134.95936202866213,135.07296752929688,11363400
2018-09-06,135.65998186849887,136.9949046139715,134.94991842255956,136.80555725097656,9589200
2018-09-07,136.3226635705354,136.7486985746517,135.14868728592273,135.57472229003906,13626200
2018-09-10,136.45522312860058,136.74871362047716,135.5842139620956,136.4078826904297,5362700
2018-09-11,135.82090966740978,137.77121448566405,135.62208559394801,137.74281311035156,9895900
2018-09-12,138.0836730398994,138.98308382152715,137.3452082342448,138.7653350830078,6964100
2018-09-13,139.31439375617174,140.18541732564955,139.25759101169987,139.7688446044922,5803400
2018-09-14,140.03393086524028,140.4694281948608,139.5037526659079,139.9676513671875,4928300
2018-09-17,139.95820497921378,140.02447003853186,138.06470293976764,138.39605712890625,7708600
2018-09-18,138.41498326073076,140.20434194295834,138.17829552791616,139.7688446044922,5692100
2018-09-19,140.38424432138982,140.89549797751366,139.4090918970985,139.57003784179688,7432300
2018-09-20,140.10966748289374,141.52979379834312,139.36172620017814,141.29310607910156,7172700
2018-09-21,141.9653319239586,142.25882246878714,141.39728990224157,142.0600128173828,15628100
2018-09-24,141.2173843851566,141.68128313531656,139.42802555073138,141.1700439453125,6706700
2018-09-25,141.7381030086183,141.9747907660364,141.16058430266716,141.61502075195312,4230700
2018-09-26,142.01267275771096,142.4103065078794,141.1037852957001,141.32154846191406,5852400
2018-09-27,141.91798099917295,142.61858199846762,141.59608909933823,142.03160095214844,5868500
2018-09-28,141.83276548904306,142.36294373947257,141.58661542885048,142.0978546142578,6035900
2018-10-01,142.85525521761025,143.48957664253683,142.5901660981267,142.7605743408203,9802100
2018-10-02,142.8079228086883,142.8079228086883,141.22685031205972,141.70022583007812,8047500
2018-10-03,142.6848715034759,142.6848715034759,141.24580571726977,141.4162139892578,7521100
2018-10-04,141.2363419376959,141.3310228394619,138.3203608541639,138.94520568847656,9208900
2018-10-05,138.83156053503714,139.56056282097103,136.7108331788082,137.61972045898438,7085700
2018-10-08,137.28831498399276,137.28831498399276,132.71550733021525,134.33445739746094,11637300
2018-10-09,133.9274477819545,135.65998998092752,133.60554135470764,134.732177734375,10798000
2018-10-10,134.97829291579595,135.0918984095473,128.0102051890044,128.30369567871094,15450100
2018-10-11,126.9498244313658,129.93209842749206,125.21726855466896,126.60899353027344,15657200
2018-10-12,131.10604546908567,133.47292244615892,130.11195424946078,132.60191345214844,12993300
2018-10-15,132.45046141976292,132.60194504949717,129.91317562994752,129.92263793945312,7953000
2018-10-16,131.3238502318479,134.57119954082606,131.29543440853547,134.1925048828125,11059500
2018-10-17,134.7605723585791,135.2528870641338,133.2363022354185,134.86471557617188,9170600
2018-10-18,134.8741534377732,134.8741534377732,130.6042971941433,131.87294006347656,10222600
2018-10-19,132.45047267623906,134.61854077802866,131.95817250717505,132.6208953857422,8696900
2018-10-22,133.46349157984613,134.00313214568507,132.08122874324687,133.15106201171875,6099500
2018-10-23,129.60073973777523,132.58299951550975,128.36996058721357,131.7119903564453,10736100
2018-10-24,132.26113810134765,132.71557462672297,126.86465921790122,127.11080932617188,13849600
2018-10-25,128.23744032328227,133.39723119931557,125.44452732123453,133.0374755859375,14985900
2018-10-26,130.6326521972729,132.4220103692251,128.81489266118405,130.4054412841797,12034900
2018-10-29,132.17589123141389,133.97471212894385,125.22674322371685,127.17704772949219,12768200
2018-10-30,125.99363347376645,127.67884921389839,122.878814379755,125.69066619873047,15107600
2018-10-31,127.80193485902824,131.71200703785064,127.80193485902824,130.5096435546875,13205300
2018-11-01,131.59837671536775,133.36879629729248,130.1687880394776,133.3309326171875,16024000
2018-11-02,133.59600277726477,133.9178945744771,130.50960044358658,132.33682250976562,17063100
2018-11-05,132.3557891845703,132.74396055139752,130.7179140428967,132.3557891845703,6280000
2018-11-06,132.35577095348188,133.40666496875258,132.28002915236752,133.2930450439453,4732700
2018-11-07,134.76058777672134,137.18426899478268,134.7416631504687,137.07066345214844,20502100
2018-11-08,136.90018456995767,137.71439091378812,136.00075966679975,137.4966278076172,5927400
2018-11-09,136.52151125170877,136.8718189963425,134.77949262436718,136.26588439941406,8339800
2018-11-12,135.78303586191,135.99132225168677,131.75934384001127,132.28005981445312,11335100
2018-11-13,132.87651760756606,134.3439701997093,131.60786020266914,132.28005981445312,6287000
2018-11-14,134.4575804999755,135.006697811221,131.03980882648577,132.0623016357422,6613900
2018-11-15,131.69241555773758,134.59467304695627,130.8198279789256,134.5282745361328,8565000
2018-11-16,133.1815061622451,134.52830503244758,132.7072805964464,132.95387268066406,8628000
2018-11-19,133.2289568104763,133.3238077304612,127.3295884984325,127.81329345703125,16253000
2018-11-20,123.59262349538051,127.59508709596409,122.86231231497159,126.49488067626953,12720200
2018-11-21,127.43388657205335,128.78068535719683,126.74152134193494,127.49079132080078,7416300
2018-11-23,125.75511815887101,127.32955033655007,125.66028173952796,126.02068328857422,3676000
2018-11-26,127.66149807912205,129.48252208686412,127.32953447224615,128.9324188232422,9144600
2018-11-27,128.30644769064526,129.28335104435453,127.20624107816434,128.9039764404297,7877900
2018-11-28,130.00418889730105,134.24375166311032,129.81448711459706,134.09201049804688,11265100
2018-11-29,133.43756847189056,133.447047771536,131.5596396149515,131.92953491210938,8751500
2018-11-30,131.8441844466953,134.92665057419873,131.48378286366298,134.40501403808594,11362800
2018-12-03,137.52536010742188,138.20824581193898,136.43464752304016,137.52536010742188,11285600
2018-12-04,135.7517588657678,136.9088699247972,131.36042731433315,131.4932098388672,13988900
2018-12-06,128.07876376412057,133.83586590257963,126.59918313087529,133.77896118164062,16391900
2018-12-07,133.56084241293416,134.80331058779967,128.97982352457106,130.04208374023438,14007700
2018-12-10,129.22645063624765,131.1423257364325,127.90810430589303,130.77243041992188,15744300
2018-12-11,132.7262555929431,132.83058579781795,128.91347793649865,129.75759887695312,12466300
2018-12-12,132.11919408783987,133.6177480289959,130.64909251177713,130.69651794433594,10387200
2018-12-13,131.17072186034957,131.9579376009314,129.13154437169808,130.44989013671875,8780900
2018-12-14,128.69529699690162,129.67220020585614,127.61406361649509,128.126220703125,9351200
2018-12-17,127.29158554509851,127.50023140225434,123.95303474744941,124.62642669677734,11796200
2018-12-18,125.47057361169702,127.25366608286431,125.00584189432377,125.8215103149414,12761900
2018-12-19,126.07755578718029,128.8660034080638,122.84334961219129,124.49364471435547,13819000
2018-12-20,123.45036796950691,125.20499338511911,120.59552884188,122.12252807617188,18091700
2018-12-21,120.62396664004503,123.61158794891402,116.61201678480295,117.8544921875,25448600
2018-12-24,115.78688953981923,118.75553830133369,115.33162991633948,115.4549331665039,8617700
2018-12-26,116.67844578938711,123.52627081135678,116.6594799521439,123.51677703857422,13499500
2018-12-27,121.39223228329216,125.20500183105469,119.99800826095682,125.20500183105469,10883000
2018-12-28,126.21985475166892,126.73201189928518,122.97615422419778,124.19017028808594,7381300
2018-12-31,124.89200434997686,125.61283627763476,123.51675347482531,125.13861083984375,7976000
2019-01-02,123.29861744486453,126.84582903365936,122.91924287238062,126.0680923461914,8788000
2019-01-03,124.44622381497547,124.5126078390136,121.28787398328346,121.52499389648438,9428300
2019-01-04,123.71595543790342,127.65202144798847,123.42193793232975,126.7604751586914,11065800
2019-01-07,127.51922752022953,130.09901526579316,127.13035915682764,129.04623413085938,12928000
2019-01-08,130.8577785244648,131.06643889091526,128.95139732794524,129.7480926513672,9243000
2019-01-09,131.17078577029193,132.28995108533164,130.52583151765722,131.27511596679688,9987600
2019-01-10,129.7576237273591,131.66402015679097,129.33082352466585,131.52174377441406,12514900
2019-01-11,130.64912825075433,131.4553174081564,130.32665837667912,130.94314575195312,5860100
2019-01-14,129.92829311383952,131.00952655356832,129.60580881116016,130.03262329101562,8666700
2019-01-15,129.89988280868886,130.6207005111842,128.27802488780335,130.26028442382812,7594900
2019-01-16,131.26564038096157,131.71141360304404,130.00421301964894,130.26028442382812,7258000
2019-01-17,129.9093211590841,130.8008673222049,129.5489051853428,130.20333862304688,5864900
2019-01-18,131.1802656133575,131.45532452901455,129.59635405784425,131.3604736328125,10263500
2019-01-22,130.79137846123743,132.32787882072645,129.91880533561064,130.93365478515625,8102300
2019-01-23,131.61654863854582,131.81571524307157,129.1315971903484,129.947265625,5465800
2019-01-24,130.04213240574248,131.18976461780647,129.4825497235943,130.60171508789062,4924800
2019-01-25,131.83473444898078,132.68833485436724,130.60174482947463,131.52174377441406,9756300
2019-01-28,130.42147808808767,130.42147808808767,127.8606635517627,128.97984313964844,9857200
2019-01-29,129.54889639510463,129.64374726772033,127.1967423707902,128.04086303710938,7457700
2019-01-30,129.084159736752,130.79135959988102,128.52456276557766,130.5068359375,8078100
2019-01-31,127.46228868486175,128.73320914644802,126.42848089770018,128.05032348632812,20095700
2019-02-01,128.41077830094318,133.1151015550748,128.287475041765,132.92539978027344,13248300
2019-02-04,132.58393796665476,134.224768357307,132.00538236920988,134.20579528808594,11882700
2019-02-05,134.680046111455,135.58107169451839,134.51881117319854,135.18272399902344,8455700
2019-02-06,134.64207733984975,135.07835658851963,133.77898366798033,134.19630432128906,6146900
2019-02-07,132.7072537201995,133.7884872123575,132.0338616575834,132.94436645507812,10675300
2019-02-08,131.54068527297244,133.16252854827943,131.37945032276278,133.14356994628906,5950700
2019-02-11,133.97819528896932,134.95509875043277,133.20995222434416,133.5419158935547,7600100
2019-02-12,134.48087620360243,135.43882108467275,133.96871897317885,134.6705780029297,6090000
2019-02-13,135.52413965074945,137.24083335182135,135.50516658177202,136.0932159423828,6885600
2019-02-14,135.84621573249456,136.32126895599362,135.29515225353882,136.01724243164062,6314000
2019-02-15,137.33786229077265,137.67990112304688,136.6442887827478,137.67990112304688,6536000
2019-02-19,137.21436173301936,137.65141704694028,136.83432497980598,137.23336791992188,8406700
2019-02-20,137.14781964238787,137.61336234726593,136.35922984941823,137.50885009765625,5283100
2019-02-21,137.1478659180672,137.79393131730546,136.03622866192342,136.81532287597656,8573400
2019-02-22,137.21440449285976,138.98160349120892,137.21440449285976,138.59205627441406,9680800
2019-02-25,139.5800874204934,139.85561180427104,138.53496493554047,138.77249145507812,9731200
2019-02-26,137.95543637028368,140.04566739911922,137.78442418947964,139.70362854003906,7332500
2019-02-27,139.1905713598688,140.13118180521295,138.63950797246764,139.87464904785156,9731200
2019-02-28,139.9126291843512,141.39480698540487,139.88412715908763,140.72972106933594,6250200
2019-03-01,142.0028942927874,142.4494309171069,140.97677774680812,142.01239013671875,7016800
2019-03-04,142.58245305517735,142.6964611669133,139.6181116728034,140.57772827148438,6979700
2019-03-05,140.61571499572352,141.84134559213734,140.4541986844113,140.56820678710938,9678600
2019-03-06,140.61570314309793,141.10976237559464,140.06463986405714,140.4351806640625,8186400
2019-03-07,139.9126280459021,140.43518933393153,138.75349736971657,139.50408935546875,8761700
2019-03-08,138.1834774959753,140.1216881781419,137.29037515805038,139.99818420410156,5168100
2019-03-11,140.72028683587908,143.4375922479441,140.6347807226527,143.15255737304688,9361500
2019-03-12,143.46604866541156,145.49927553017483,143.3425302094889,144.1596221923828,9465100
2019-03-13,144.70118509285678,146.35436069311265,144.4541481889319,144.86270141601562,8308900
2019-03-14,144.94821962869855,146.9719507541892,144.70119720157354,146.5063934326172,9364900
2019-03-15,146.05036183589982,148.99569757306202,145.70832294060017,147.70355224609375,20162000
2019-03-18,148.1405790769853,148.60613640356743,146.71541956425423,147.22848510742188,9689400
2019-03-19,148.16905230220462,148.16905230220462,146.44936247742606,146.8769073486328,9236100
2019-03-20,146.63940139508284,147.14295656924568,145.0907379998621,146.07884216308594,6391400
2019-03-21,145.67030596934507,148.8626492437594,145.66079562789176,148.0265655517578,7027100
2019-03-22,147.25697202477025,147.91253315546902,145.22374524184465,145.43276977539062,8119800
2019-03-25,144.75820586789746,146.37338378350924,143.9791116924123,145.394775390625,7568000
2019-03-26,146.09783706074063,147.83653317770606,146.09783706074063,147.55149841308594,15594400
2019-03-27,147.7130080841335,148.08354891222655,145.70828347638144,146.52537536621094,12253800
2019-03-28,147.19997960160035,147.34250426202883,145.94584667517506,146.9529571533203,16902200
2019-03-29,147.9600242670152,148.49208138274238,147.19993645991818,148.39707946777344,12164400
2019-04-01,149.67025959318065,149.86027797312863,148.73915938320428,149.41372680664062,6420100
2019-04-02,149.79375251109136,150.25929528792727,148.92915235772375,149.9077606201172,6215100
2019-04-03,150.63935435283946,151.17141155272606,149.97428285298122,150.55384826660156,8209300
2019-04-04,150.6203590895272,150.7723795855098,148.72014638216172,149.77476501464844,5100200
2019-04-05,150.11678370072835,150.7153552622699,149.38519784745205,149.78424072265625,4178300
2019-04-08,149.68926933526598,149.97430416069358,148.52064249823357,149.87928771972656,5604700
2019-04-09,148.7486566868342,150.10731638685905,148.66315058964003,149.63226318359375,6364100
2019-04-10,150.10723563046284,150.85781290892967,149.66068469983614,150.64878845214844,3918600
2019-04-11,151.17138201356954,151.35190449200053,149.58470656770717,149.98374938964844,5771400
2019-04-12,150.79138061426355,151.6749725341797,149.98378444226697,151.6749725341797,6745100
2019-04-15,151.8555083659143,152.4730717298296,151.2474408469533,152.43507385253906,8142800
2019-04-16,153.0051491549624,153.06216772462014,151.5894997041771,152.23556518554688,6021400
2019-04-17,152.84361264767344,153.0336455265457,152.31155538076672,152.43507385253906,4609100
2019-04-18,152.90057765403716,153.06210845931037,151.0668797206163,152.16900634765625,7859400
2019-04-22,151.2568788241485,152.47301339680246,151.1333748970994,152.39700317382812,4602600
2019-04-23,152.96714924182717,153.80324761600554,151.8935242383913,153.59422302246094,6522900
2019-04-24,153.67967008550838,153.94569864826997,152.63454751932397,153.43264770507812,7376500
2019-04-25,152.5110309477178,153.53714724659352,150.639320823491,152.986083984375,8862500
2019-04-26,153.2141208913944,154.8958129279622,152.39702897790377,154.80079650878906,7525400
2019-04-29,155.06681240699538,156.29244281370035,154.96230016320908,155.95989990234375,10003600
2019-04-30,156.74852875652502,157.43260643243005,155.74141842740684,156.22596740722656,6432700
2019-05-01,157.28057775746447,157.4706106000178,154.62978777450286,154.66778564453125,5248100
2019-05-02,154.01219959091767,154.9432994792891,152.42550969784332,153.08108520507812,6054900
2019-05-03,154.2022829321858,154.62033209845072,153.1381538278367,153.9552459716797,4317500
2019-05-06,150.31633273230617,154.53479276863308,150.3068223903783,154.18325805664062,10442400
2019-05-07,152.91960686277773,153.70819683548262,150.76286149152318,152.21653747558594,6413600
2019-05-08,151.79849396780878,153.63219224482006,151.56096738286087,152.7390899658203,5445900
2019-05-09,150.93387355489392,151.87448392471495,149.32819173556467,151.8364715576172,6813700
2019-05-10,150.93388690719462,153.34715052246128,149.42322137449915,152.69158935546875,5192500
2019-05-13,149.34722555365005,150.80088716850776,148.61563957508653,149.48023986816406,9730000
2019-05-14,150.2118125924973,153.4611744153168,150.0597921043314,152.21653747558594,9756700
2019-05-15,151.37093038879377,155.01933480527853,151.16190585996148,154.66778564453125,7547000
2019-05-16,155.5337244535832,157.5796035467157,154.97230304300246,156.88494873046875,9745500
2019-05-17,155.3814585118087,157.19895601308792,155.29582091723998,156.14271545410156,4582500
2019-05-20,155.43858142091517,156.76125987350105,154.46797835247006,155.55276489257812,4747400
2019-05-21,156.60904974051124,156.87548759606065,155.28637091482867,155.92391967773438,9095700
2019-05-22,155.67645876760983,157.60813975461144,155.53371492161685,156.28546142578125,5416400
2019-05-23,155.5813079213534,156.2949836457633,153.03111363561828,153.68768310546875,6138000
2019-05-24,154.86759719104683,155.49563517131207,153.88748391264792,154.76292419433594,4105600
2019-05-28,155.48614502639487,157.7413701842771,155.41954284253558,155.78114318847656,10202300
2019-05-29,155.3910028342848,155.58131346361955,153.65914271186668,154.84860229492188,6456000
2019-05-30,154.91519180272476,155.58128614833595,154.0968431724688,154.8771209716797,4750600
2019-05-31,153.11676176625332,154.27767551936714,152.783707264053,153.51641845703125,5079000
2019-06-03,153.71623692451695,154.94376736507246,149.15823411753502,150.91864013671875,8034600
2019-06-04,152.52676574719067,154.50602811744153,150.96619544830799,154.4679718017578,6684800
2019-06-05,155.58129860515717,157.38927119082635,154.81053119211117,157.3797607421875,7769300
2019-06-06,157.8460237578404,159.29239592387216,156.95154797214545,158.8356475830078,13738500
2019-06-07,159.8633853406335,163.29854557070823,159.67307469061095,161.81410217285156,10528800
2019-06-10,163.5174026391366,163.6886923885701,162.25181575858448,162.54681396484375,7565900
2019-06-11,163.62206336959702,163.84091987540702,160.26303054487084,162.06149291992188,6082900
2019-06-12,162.12812162510272,163.30805636962253,161.48104798991952,163.27951049804688,6772000
2019-06-13,163.8028779862832,163.85996973023958,160.54851790281992,161.14801025390625,6901400
2019-06-14,161.54765093205188,162.3755101767182,160.66268542933042,161.44297790527344,4999900
2019-06-17,161.50955832235908,162.16614226366647,160.84346393254316,161.34779357910156,6410200
2019-06-18,162.38500281031563,162.40403822757887,159.4351520043541,161.08135986328125,6969300
2019-06-19,161.18605476885884,162.90839001097598,161.0147795495365,162.423095703125,6323900
2019-06-20,164.15492453494193,165.5156737788036,163.4317383724632,165.3253631591797,11474100
2019-06-21,164.87810648153337,166.34351405786487,164.77343347466913,165.0398712158203,11728200
2019-06-24,166.1437141753764,166.26740809395915,164.35476238282533,165.43003845214844,5554900
2019-06-25,166.34352953062836,166.46723796472978,162.3279131043423,162.9844970703125,9899900
2019-06-26,163.08918081361955,164.04074847447728,162.54679479721113,162.77516174316406,7129900
2019-06-27,163.78381477044988,164.05025254354584,162.07100466333858,162.93692016601562,5873400
2019-06-28,163.6316029890539,165.14459228515625,162.2613430530472,165.14459228515625,8442700
2019-07-01,166.83837992190104,167.03820102380485,164.37382286660767,165.5157012939453,6103200
2019-07-02,165.66795897296726,166.82887284483834,164.9067018327575,166.79080200195312,5238100
2019-07-03,167.4758975484482,168.41795469927513,167.20945978211174,168.3037567138672,4066600
2019-07-05,167.34271623404862,168.45604883327897,166.0580938781361,168.10397338867188,5840400
2019-07-08,167.7614265916505,168.056410322617,166.90500675489136,167.65675354003906,6720300
2019-07-09,166.9334925063308,169.2743551266344,166.8097985951766,169.12210083007812,4894300
2019-07-10,169.9309395686139,171.5295661277847,169.9309395686139,170.62557983398438,5110600
2019-07-11,171.3963311506962,172.17662345970027,170.76830764415817,171.98631286621094,6986600
2019-07-12,172.56680979352132,172.56680979352132,170.254492710927,171.59620666503906,7196700
2019-07-15,171.81507524931595,172.30038410755466,171.22510787473615,171.82460021972656,4490400
2019-07-16,171.63423914199961,172.11954789870921,170.0736688971938,170.62557983398438,6800200
2019-07-17,170.8634738326679,171.48200147692683,170.34010875514699,170.47332763671875,3994200
2019-07-18,169.97852637706322,171.87213662336936,169.9309450927335,171.7864990234375,4736300
2019-07-19,173.0330576518,173.0330576518,170.4638279057943,170.55899047851562,5327100
2019-07-22,170.9396346380849,172.2147319727189,170.4638507502568,171.82460021972656,4862100
2019-07-23,172.1290698729798,172.49067022261997,170.3876993488594,172.13858032226562,7193000
2019-07-24,172.03389223228447,174.54603000184161,170.56848458327974,174.4508819580078,8169300
2019-07-25,174.96470819450153,175.07890616573476,172.5191873170821,172.79513549804688,6085800
2019-07-26,173.5754516490548,174.91716546717856,173.3851410305436,174.79345703125,5056300
2019-07-29,174.983744100475,175.1550337979216,173.87992233398484,174.33668518066406,4621800
2019-07-30,173.6991456889697,174.4984735189175,172.49066527468923,172.73806762695312,5236600
2019-07-31,172.98547862391274,173.23289550831043,167.53299999445824,169.37904357910156,7981200
2019-08-01,170.5114365445987,173.565961054024,169.54083332226872,170.49240112304688,8417300
2019-08-02,169.37904416611903,169.63597150089547,166.22935752192356,168.82713317871094,8264600
2019-08-05,163.67916480717244,165.09700599354318,158.89278014657827,160.68173217773438,16858300
2019-08-06,163.46981972851265,164.57364181909037,161.89022827588235,164.12640380859375,10281300
2019-08-07,163.19384688399387,167.21897385239012,162.09002495968397,166.82884216308594,8292800
2019-08-08,168.86518383425633,171.234577741421,168.01828929543396,171.18699645996094,7602800
2019-08-09,170.9681410665965,171.37732266600992,169.23629566472877,170.378173828125,5373700
2019-08-12,168.84609194557595,169.9974801650669,167.09521172368463,167.7993621826172,7394400
2019-08-13,165.94384172512238,170.25444097437762,165.7725665590804,169.95945739746094,6667700
2019-08-14,167.70428112319823,168.66535918395596,164.77345113661386,165.1064910888672,7293500
2019-08-15,166.0594334908773,168.68955900767224,165.35426671145177,167.974853515625,6698000
2019-08-16,169.6234180767042,170.33812348994874,168.86106272776627,169.84259033203125,8312200
2019-08-19,171.92956314533188,171.92956314533188,169.73779657879328,171.2815704345703,5285000
2019-08-20,170.98613073451176,172.12967112625225,170.09037875403786,170.80508422851562,3793600
2019-08-21,172.18676800046285,173.1397082056427,171.75794781627462,172.4250030517578,3695900
2019-08-22,173.38756743149395,173.74968957135687,170.20474880016585,171.61509704589844,6659900
2019-08-23,171.1004747089029,172.0057653023505,166.04036283178638,166.9837646484375,7051900
2019-08-26,168.10827921736032,169.30897931355906,167.09816436077256,169.2327423095703,7754400
2019-08-27,169.92837581692123,170.75742949099117,168.61331312780086,169.9855499267578,4022100
2019-08-28,168.66096856497134,170.56684983883216,167.74613915560127,170.26190185546875,4401900
2019-08-29,171.91048821659626,172.85390469899704,170.8717863931993,172.64425659179688,4679200
2019-08-30,173.4256841191023,173.60673063882717,171.21485470419205,172.3107452392578,4061200
2019-09-03,172.02485645666482,172.72049908502612,170.67168242940934,170.7669677734375,4644000
2019-09-04,172.38692008721316,173.62574556956636,171.5769294361986,173.2159881591797,4154800
2019-09-05,175.08380240059438,176.9420339812128,174.7502818578138,176.0367431640625,6386800
2019-09-06,176.04625068953382,177.92354482424372,175.865189650036,176.9991912841797,7990900
2019-09-09,178.12364910881163,178.2475360356005,171.0623560147918,173.00636291503906,7290500
2019-09-10,170.96706691234084,171.24341327286916,165.63059403643356,168.0510711669922,15255200
2019-09-11,169.0516435029315,169.55670081847438,166.2404718592618,166.7455291748047,9113600
2019-09-12,168.527541925598,170.9670674047931,168.3655292364175,169.60435485839844,7748800
2019-09-13,170.24284363747435,170.35720640473025,167.7366195813446,168.92779541015625,6103200
2019-09-16,167.8795160189835,168.86104351155169,167.250571837129,167.8223419189453,4253600
2019-09-17,168.5084537945405,169.87115159603482,166.80268232442546,168.14633178710938,5924700
2019-09-18,168.75623519551164,168.84199635355483,164.69671376689564,167.0409393310547,9542500
2019-09-19,167.90815508917004,169.06121977980467,167.34592354365142,167.67945861816406,6964500
2019-09-20,169.05165350472333,169.27084030799745,165.76401140352397,165.86883544921875,12820400
2019-09-23,164.76342830362333,167.00284458944165,164.658604253208,166.67884826660156,8803500
2019-09-24,167.82237133295715,168.86107310761543,165.2398958831064,166.26907348632812,10039900
2019-09-25,165.62103964919734,167.40303349274916,164.277390234196,167.03138732910156,7797300
2019-09-26,167.3839874267578,168.14634270947826,166.39293573772358,167.3839874267578,10419000
2019-09-27,168.3846129176405,168.50849985735672,164.2488539134468,165.81167602539062,9212600
2019-09-30,165.97365353580727,167.1934162742509,163.91529846191406,163.91529846191406,16464000
2019-10-01,164.87778858864587,166.59308459661088,164.68720337458748,166.0880126953125,8146200
2019-10-02,164.5156821883027,164.80156730700637,160.6562694376062,161.83792114257812,10596200
2019-10-03,161.9141068057319,164.99210022541803,160.69434425735113,164.73480224609375,7242800
2019-10-04,166.45967575937095,168.21309771162208,166.23097929569738,167.69850158691406,6027600
2019-10-07,166.4405846010134,167.42211211372404,165.6210552219745,166.66928100585938,5248300
2019-10-08,165.4018900585634,166.42152883543542,163.79141828223837,164.30599975585938,5336500
2019-10-09,165.91645459463422,167.70798721012665,165.46857144076114,166.6502227783203,6277300
2019-10-10,165.7068065421525,167.6222115226811,165.42092151233953,166.6502227783203,4762400
2019-10-11,168.54661533382878,170.76696888834599,168.52756698933132,168.72767639160156,8754400
2019-10-14,169.0325821675659,170.01410967067434,168.77528417391378,169.01351928710938,7240900
2019-10-15,169.7473314437937,170.98614272048528,169.19462409323356,170.33815002441406,4400200
2019-10-16,169.54717691205894,169.8711732016444,167.9748308579329,169.49952697753906,6509000
2019-10-17,170.47155966940628,170.75744478491427,169.1469726902495,169.56626892089844,4887900
2019-10-18,169.52810479555725,169.8139898463852,166.33576292667885,167.44117736816406,6311900
2019-10-21,167.71751615305874,168.41315859752007,166.39292953325133,168.1272735595703,4898200
2019-10-22,168.67048204859645,169.42329870615112,162.7431904992244,162.81942749023438,10094700
2019-10-23,162.94330985608016,164.06777272537585,162.17141579648566,163.25778198242188,7122300
2019-10-24,165.25894804056733,168.54659002205463,165.23988515821168,167.87001037597656,7872600
2019-10-25,166.69789979264525,170.7193104715871,165.33520165194724,169.48049926757812,10130100
2019-10-28,170.5096516338903,171.70082736331963,169.9569588912681,171.3768310546875,10086500
2019-10-29,171.3387383090836,171.5293235382041,169.02308488014296,169.27085876464844,7572800
2019-10-30,169.42329087870706,170.97658859974362,168.08917994946734,170.81459045410156,5374800
2019-10-31,170.81459362063868,171.2434139600781,169.63294210375065,170.4429473876953,6830800
2019-11-01,171.65321691626366,172.78721870202102,171.1100337251477,172.41555786132812,7000200
2019-11-04,173.51142576468501,173.8163591947583,170.39530593897365,170.52871704101562,7154800
2019-11-05,170.64308065362175,171.11001224274352,166.93612775114477,168.07012939453125,7447500
2019-11-06,168.07015469889217,169.80451383595127,167.85098239874048,168.4513397216797,6992500
2019-11-07,169.0039944594647,172.14868630883328,168.52752423492797,170.0331573486328,7227200
2019-11-08,169.9855894465232,171.00522857067648,169.4328820217383,170.54782104492188,3894100
2019-11-11,170.09992093543502,171.87239128143312,169.81403580723114,171.09097290039062,3617300
2019-11-12,171.4721556706342,172.53944462516927,170.46204083284618,171.2815704345703,6118700
2019-11-13,170.95759385317263,172.3679568727216,169.52818248469885,170.96713256835938,6138300
2019-11-14,170.86210027490438,171.5970977453699,169.9648332838306,171.5780029296875,9811000
2019-11-15,171.8452660095889,172.46570912908754,170.93845892529228,171.5970916748047,7808800
2019-11-18,171.40613012080965,172.12203251178354,170.84294250378923,171.49203491210938,7173700
2019-11-19,172.18889113609995,174.6611379290313,172.00752681540817,174.460693359375,8549900
2019-11-20,174.0216119538501,174.89024398876242,172.1507278718137,173.4011688232422,6040500
2019-11-21,172.93341471534643,173.54431762966027,171.1675305336159,171.71160888671875,5112200
2019-11-22,171.94069716855165,172.26523614477443,170.2416230400044,171.31069946289062,6865600
2019-11-25,172.19839981307018,173.10522125092197,171.92159060288108,172.74249267578125,5457800
2019-11-26,173.21024508350644,174.60386058222437,172.97161089597904,174.2506866455078,7079000
2019-11-27,174.68021965307585,176.1501997923433,173.97385723728144,175.98793029785156,11452700
2019-11-29,175.56791851054294,176.44610504314286,175.023840195532,176.12155151367188,3139100
2019-12-02,175.86391123672763,175.98799114890394,171.69257442631468,173.52528381347656,6883200
2019-12-03,171.7211300302138,173.85929727651927,171.4920505658376,173.6302032470703,4543300
2019-12-04,174.35570207354314,174.35570207354314,172.26526407092217,172.3893585205078,10650400
2019-12-05,173.00976364522396,173.75430104908446,171.88341741658942,173.62066650390625,4638600
2019-12-06,174.43203233382903,174.9474757152198,173.09567228731777,173.887939453125,14526700
2019-12-09,173.6302501540892,174.9284208748614,173.0575367733547,174.6038818359375,10233100
2019-12-10,174.25071607263726,174.82342948037677,173.6302583412394,173.97389221191406,8625700
2019-12-11,174.74706603456139,174.75660615951998,172.95253211716053,173.73524475097656,7138800
2019-12-12,173.40113650248225,174.99521100768158,172.60886931156156,174.33657836914062,11192100
2019-12-13,174.20298458750213,177.08569010930873,173.76389120401745,176.72296142578125,8558100
2019-12-16,177.85885404013,178.326582342771,177.3243157314412,177.77294921875,8249900
2019-12-17,178.02112012274148,178.28838927192876,175.73023753968576,177.08567810058594,10208700
2019-12-18,177.08567343568345,177.96384555489064,176.4938507080078,176.4938507080078,8968500
2019-12-19,176.11203181818368,178.0974700222627,176.11203181818368,178.0592803955078,5854200
2019-12-20,179.07110249792584,179.6151808787935,177.83020179347443,179.45291137695312,11259500
2019-12-23,179.5960689549231,179.84425781121314,178.49835760849396,178.57472229003906,5831700
2019-12-24,178.59381655164722,179.47198853910064,178.4124522541704,179.04244995117188,2420900
2019-12-26,179.3479148761569,180.5792609127938,179.16655055768177,180.5601806640625,5237000
2019-12-27,181.11381782740438,181.25699252149425,179.90155201216595,180.77972412109375,5448600
2019-12-30,180.70335980395637,180.86562931261997,178.61292187545504,179.2906494140625,4833600
2019-12-31,178.5556298146849,179.4528966282379,178.05926666068396,179.35743713378906,5273000
2020-01-02,180.40746261149488,182.45017086481033,180.14019346172097,182.4310760498047,8733000
2020-01-03,179.8442625743958,182.27833406472013,179.3765343494469,180.98016357421875,4899700
2020-01-06,179.45292027684067,180.6079162255537,178.651112852073,180.5888214111328,10109500
2020-01-07,180.97058833416605,181.45741131599064,180.02560643311352,180.11151123046875,4392300
2020-01-08,180.87512443761008,183.74827402438402,180.21649193017626,183.19464111328125,5712000
2020-01-09,184.2255687244805,185.10374067214596,183.76739522245353,184.46420288085938,6748000
2020-01-10,184.7028880271702,185.72424948966852,184.33061922305185,184.9606170654297,6586400
2020-01-13,185.600124147621,186.70739025025372,185.44739477517345,186.4496612548828,11290500
2020-01-14,187.79556505963035,187.9960096202841,186.268300436681,187.13693237304688,6236500
2020-01-15,188.04377019469771,191.0505556179729,187.39469209084652,190.7164764404297,10831100
2020-01-16,191.86189296006768,192.3391613505156,190.6973569221687,191.8141632080078,9983700
2020-01-17,192.5873212430063,195.44139124750777,190.8882470654989,195.39366149902344,12518900
2020-01-21,194.84961091721524,198.91593263529379,194.53461201041617,197.86593627929688,14861700
2020-01-22,198.0759276388898,200.57682397826096,197.86592837607827,198.4481964111328,8065000
2020-01-23,198.44818649292978,198.92545487272525,195.96639965703835,197.1309356689453,8520800
2020-01-24,197.9900156948477,198.5341086466581,194.9259608101611,195.68003845214844,7812900
2020-01-27,190.90735360293226,194.0859627882301,190.04827633774914,192.52052307128906,7198900
2020-01-28,193.18866858098377,194.57274378589594,192.60640065221855,193.6277618408203,7215700
2020-01-29,195.011894154481,196.55823929204672,193.30326492450746,195.5464324951172,7041700
2020-01-30,194.72548888987092,199.020904085971,194.07641091814034,198.7440948486328,8571900
2020-01-31,192.32958487096047,194.70637168446987,189.24642116460876,189.9241485595703,16699600
2020-02-03,190.8501147884718,193.06463287684363,190.7642099609874,191.68055725097656,10885900
2020-02-04,194.2482415961971,195.60368212389952,193.03597576452538,194.30551147460938,10205900
2020-02-05,196.15730584599496,196.25276534883574,190.85962386998588,193.589599609375,8672400
2020-02-06,193.8186977559365,195.3268676290931,193.27460479542933,193.80914306640625,7001200
2020-02-07,192.7973393391288,194.5632382502274,191.94780216729356,193.52279663085938,5691100
2020-02-10,192.78777374058706,196.75864981091183,192.68277412355675,196.62501525878906,6239500
2020-02-11,198.06636114172912,198.22863062955443,194.3818489735499,194.668212890625,10231900
2020-02-12,195.68003745258846,198.6868224459518,195.68003745258846,198.0091094970703,7355800
2020-02-13,197.51201361119035,199.28046990454726,196.96714727082687,198.25762939453125,9495300
2020-02-14,199.10840995352055,201.4886540867006,198.840753736075,201.02024841308594,6548800
2020-02-18,200.7430365698704,202.17691540251232,200.13124885138996,201.89013671875,7651500
2020-02-19,203.15193480775037,204.72919551616837,202.3871965969966,203.9071044921875,5927500
2020-02-20,202.77916784728274,204.2703996367233,199.0988726702325,202.12913513183594,8531900
2020-02-21,200.6474631035442,200.9533642929016,198.27678723071048,199.6055145263672,9231500
2020-02-24,189.16690000629504,194.78771105856745,185.4579278603821,190.0272216796875,13316800
2020-02-25,190.02713664020396,191.07865340260432,179.44512061389665,180.0951385498047,18539000
2020-02-26,181.6246342915618,184.97990517929583,178.78555331495286,178.95762634277344,14214700
2020-02-27,174.09198689139365,178.1259667776965,172.06544300798458,172.0749969482422,17536600
2020-02-28,166.1291721981553,174.2927293932878,165.3548800692054,173.7478485107422,22659000
2020-03-02,178.1069043151001,183.95712620162593,175.0288427717023,183.8519744873047,17434500
2020-03-03,184.68361099308336,185.48657972679493,176.3671157683934,177.5428924560547,15226400
2020-03-04,181.96876965094535,185.91672040093562,177.96346608584497,185.72552490234375,10789100
2020-03-05,182.809975811581,183.45999380489292,177.45682296216327,178.71864318847656,10106900
2020-03-06,175.449445949973,177.79146022489005,172.046375109359,176.23330688476562,15183200
2020-03-09,163.6629468505931,171.65443263944377,160.8907721783559,163.5864715576172,20486400
2020-03-10,171.5588106838985,174.56039622561696,164.3033878501829,174.55084228515625,16119400
2020-03-11,169.81903483631567,170.8514292909872,162.6974399320052,165.3262176513672,14598200
2020-03-12,151.51320536272843,164.4181155986706,150.06977250587778,153.0235595703125,27467700
2020-03-13,161.28274209421488,168.5477362587441,155.05971128883138,168.07933044433594,19948900
2020-03-16,144.47763531298372,158.0230093774668,141.45692697286447,145.3092803955078,23692000
2020-03-17,148.88440264048856,156.48395671196687,142.67092837298824,150.93006896972656,22298000
2020-03-18,141.91578286349477,144.0379102478631,133.63751839003515,141.9348907470703,22787500
2020-03-19,140.44370416804463,150.3183552659008,135.23394532884626,145.53875732421875,19362800
2020-03-20,147.99540393719468,151.28375343044885,139.24873530974855,140.35760498046875,18692100
2020-03-23,135.1000860097886,137.03104721699103,128.02627393593218,129.75650024414062,30344100
2020-03-24,138.45535510999383,148.40647904106117,137.25090198039257,147.7182159423828,24488300
2020-03-25,152.29703728144582,160.76646646402196,146.81005642279493,154.64859008789062,20619600
2020-03-26,154.9353849801293,162.05698007043446,154.65816024513802,161.43563842773438,17062900
2020-03-27,153.97945635534762,159.7340936448519,151.17860569881992,154.43829345703125,14950700
2020-03-30,153.94123295291087,158.55832478125112,153.60666995983055,158.2715606689453,15714500
2020-03-31,159.09361316255377,160.7760401597125,153.46325009302055,154.01768493652344,20613100
2020-04-01,149.42928563864763,151.10214411878613,144.74527314255874,146.36077880859375,12595200
2020-04-02,145.80639452271876,151.3698527986742,144.62104913759077,150.45216369628906,14051100
2020-04-03,148.70280937507425,150.7675986387481,143.96145764312487,145.15635681152344,11994700
2020-04-06,152.96621921287863,163.20410733276714,151.27423787104593,161.97097778320312,16479100
2020-04-07,169.92419418793628,170.9183583385074,160.69002566845035,161.15841674804688,15379000
2020-04-08,163.47176031051808,168.24180304561727,160.5275270068792,167.22853088378906,11146500
2020-04-09,168.4999039870354,169.37934801822698,165.2306616364629,166.03363037109375,12231800
2020-04-13,164.66663194547945,164.72399934840013,158.82596519884555,161.54078674316406,14043700
2020-04-14,165.46002195044252,167.69686898737658,163.29965018650196,166.92257690429688,9980500
2020-04-15,161.26355727365743,161.8944674117178,157.6788604703626,158.64434814453125,12118700
2020-04-16,159.7437173142932,160.5944851342359,152.75594770563316,155.2604522705078,20308200
2020-04-17,162.1716800115875,163.4526227742566,157.67886286706792,162.0665283203125,15375800
2020-04-20,159.95397335888367,160.04955653427666,156.00602210227376,156.98106384277344,10505200
2020-04-21,154.85892259431924,155.40380358258705,152.1345468253213,153.45372009277344,10562100
2020-04-22,157.40166490705408,160.3076529667014,155.738360185323,159.24658203125,14502500
2020-04-23,160.4796853757248,162.89815926358267,158.8833024061302,159.04580688476562,11411300
2020-04-24,161.01508318202033,161.31141589372615,156.78035220515528,159.9444580078125,8391400
2020-04-27,161.2157506780359,164.75266302349715,161.12016751956028,164.18865966796875,9903300
2020-04-28,167.28585347641993,167.29540741702635,162.86951161221648,163.70115661621094,8614400
2020-04-29,169.05436608459647,174.21632544860412,168.33742647369687,173.77659606933594,12862800
2020-04-30,173.76699898012762,173.81479785955412,169.82861636304077,170.84188842773438,11331600
2020-05-01,166.76011003447636,171.72133326949245,166.58805157105553,167.83074951171875,10109600
2020-05-04,165.32623879221455,169.1403620219623,164.15046214605837,168.3851776123047,9386200
2020-05-05,171.1955603750176,173.11696723872765,170.40214571487317,170.57421875,13513000
2020-05-06,171.7978126649435,172.55298247161926,170.038924705818,170.8992462158203,8540500
2020-05-07,173.7383302457223,176.825945455645,173.70009989219406,174.6655731201172,9262200
2020-05-08,176.87375374095583,177.5620168304224,175.52590397523622,176.9311065673828,6470100
2020-05-11,175.7648537281017,176.4817931080808,173.43240861144932,175.46852111816406,8683100
2020-05-12,175.46851311281426,175.87956592339017,171.46320962561015,171.55880737304688,8219700
2020-05-13,170.91727554483674,173.39724819325897,167.60425077788423,169.56716918945312,13377100
2020-05-14,168.46605667956726,173.35898404406927,166.43611912917157,173.21534729003906,9695100
2020-05-15,172.33440866770647,176.31769452271004,171.2715611104962,175.6953125,10785900
2020-05-18,180.01370085821716,184.6385226920476,179.50621659379394,183.2501220703125,11802200
2020-05-19,183.02031714585243,186.23758396221982,181.1914509896044,181.31593322753906,7446800
2020-05-20,184.80133396731898,186.70680375871282,184.23640075344323,185.6248016357422,9545600
2020-05-21,185.28004581479152,185.39494349339643,181.94788163994025,182.5223846435547,11338100
2020-05-22,182.88627996943765,183.24055761650195,181.19146584943562,182.75222778320312,5807600
2020-05-26,187.4823810030364,187.93241648086254,184.57151260983792,185.01197814941406,9662200
2020-05-27,186.05566237792772,186.05566237792772,180.5116293917179,184.62896728515625,7650300
2020-05-28,185.3183665913239,189.86658541867186,184.52363805355031,186.00778198242188,8352200
2020-05-29,186.2375970956095,188.38244666130532,185.0694217958796,186.9461669921875,10211900
2020-06-01,186.43871716819527,187.55901376408548,185.2992660822075,186.09400939941406,6011300
2020-06-02,187.61641342327167,189.12929631115122,186.63973923274867,188.01856994628906,8462100
2020-06-03,189.58891424571183,189.72296642893664,187.262148220326,188.5069122314453,8879400
2020-06-04,187.65471624034637,188.1143362393022,184.91620917491673,185.41412353515625,7829800
2020-06-05,187.86539272663822,191.28374562385184,187.175977261832,191.1305389404297,8561200
2020-06-08,191.10180193408317,191.4656641306107,188.75588136465447,191.12095642089844,7628100
2020-06-09,189.93357062366732,193.10295786466799,189.81867295783397,190.62298583984375,6892300
2020-06-10,191.40819878428786,193.59134272075832,190.49855791252392,191.96356201171875,8405300
2020-06-11,186.85040699035957,188.0185822764624,180.73185625571557,180.85633850097656,11974600
2020-06-12,185.95993354504424,186.71636778587472,179.87010681129658,184.09275817871094,11706300
2020-06-15,179.05616461541143,184.3033679153151,178.29973056254047,183.61395263671875,6752700
2020-06-16,188.4973256194062,189.95275963038168,183.6522783549621,184.6864013671875,11057200
2020-06-17,185.43332803535418,187.0706790651538,184.8588101869989,185.3375701904297,5968900
2020-06-18,184.41833500883402,185.99823696896604,183.9491450071165,185.6726837158203,5803200
2020-06-19,188.5260948200052,188.72718043011284,183.2405808167403,184.0353240966797,11483300
2020-06-22,183.8342200148956,188.01857660040378,183.16394450888717,186.6780548095703,6674500
2020-06-23,187.9132455722381,191.64756664637977,187.50151910457777,189.5601806640625,9866800
2020-06-24,188.65054062062234,189.09099151291522,182.58943899813642,183.2788543701172,9453100
2020-06-25,182.98206805884854,185.98868011363916,181.8330324318193,185.73971557617188,9936600
2020-06-26,184.89708480240228,185.88332905730888,181.04785099930868,181.2297821044922,11836000
2020-06-29,181.84256696390364,183.31714085078434,179.3434400005441,183.2501220703125,8020400
2020-06-30,183.35546983532203,185.51945930077193,182.08196676143146,184.96409606933594,9040100
2020-07-01,185.61522065551492,187.05150036775075,184.47576974611297,185.54818725585938,6394100
2020-07-02,187.673862895798,189.51229898313895,186.71634318714598,187.35787963867188,6299300
2020-07-06,190.28791100099986,190.71879200074198,187.3674726084918,189.35911560058594,7292200
2020-07-07,188.44947523891707,190.45068817531524,185.57691575144267,185.95034790039062,7660100
2020-07-08,186.7929866873786,187.214297787484,184.91624122616196,186.78341674804688,8368000
2020-07-09,186.71634975102558,187.18553968457195,181.8808721302268,184.0448760986328,8548200
2020-07-10,183.50864586128878,184.62895677493813,181.39253549237608,184.37042236328125,7674200
2020-07-13,185.38538347289733,186.89826630133885,180.6839583973126,180.99037170410156,8564100
2020-07-14,181.4500218428068,185.25137703126353,179.2285686520154,185.11732482910156,8003900
2020-07-15,186.93659778025585,189.36870640142862,186.23761237490493,188.20053100585938,7681100
2020-07-16,187.03233800162454,187.39620018878577,184.34170979174402,185.2800750732422,5064000
2020-07-17,186.55358612024295,187.2621560386385,184.91622081837204,186.8025360107422,6395000
2020-07-20,186.4674259009643,191.00606076215433,185.4428726206202,190.03897094726562,6985300
2020-07-21,191.5039731641633,191.66674978808163,187.36748033073243,188.1334991455078,7218700
2020-07-22,188.13349735760593,190.54645148750942,187.91327188152624,190.4123992919922,6823400
2020-07-23,190.01024099403728,192.4136105529468,188.08561674858282,189.0431365966797,6106700
2020-07-24,187.3578997444594,189.09100826540865,185.78756783817795,186.8599853515625,7160300
2020-07-27,186.86953715685527,189.40695836823164,185.9503118703133,188.54519653320312,5604700
2020-07-28,189.2921024880569,190.90072883150302,188.3537371210467,188.38246154785156,6897300
2020-07-29,184.887483214631,190.44110063249124,184.84918885366557,190.14427185058594,9471300
2020-07-30,186.9078714812034,188.21009905942074,183.95870859492894,185.81629943847656,10499400
2020-07-31,186.16098575808294,186.4195201783772,181.3925415525434,182.31175231933594,14180800
2020-08-03,183.65229454910911,185.12686856416892,182.12984162349838,182.58944702148438,11405200
2020-08-04,183.01074819322068,184.74385654336825,182.00534956821053,184.1214599609375,8204000
2020-08-05,185.33751453373236,189.76125096159788,184.89706364477672,187.76962280273438,8876800
2020-08-06,187.6547592757499,190.46987031993635,186.51530817590347,190.3262481689453,7480300
2020-08-07,189.19631509302516,189.56974719372644,187.00360139620827,188.01856994628906,5654000
2020-08-10,188.01861706449031,189.88577803591448,187.03237268956897,188.4303436279297,5525400
2020-08-11,189.41654650774652,194.27116359549845,187.99940688867687,189.36866760253906,11549600
2020-08-12,190.5464505120109,191.7241958387823,189.818740684442,190.29750061035156,5432500
2020-08-13,189.04120025004045,191.73589561867308,188.945297681316,189.4727325439453,7014800
2020-08-14,188.92616335535635,189.94268109699146,187.73705313703974,188.57135009765625,5014400
2020-08-17,189.20423593803915,192.23457587317824,188.63844878857034,191.246826171875,6256200
2020-08-18,191.77430051999585,191.88938656059867,188.74397459417827,190.84410095214844,6519900
2020-08-19,190.75774408241662,194.51689356159628,190.73856064223068,192.74281311035156,9467600
2020-08-20,191.69759675677412,196.05131738653773,191.40991821388104,195.77320861816406,8849200
2020-08-21,196.10879573151587,196.722534164635,194.99639024877544,195.7539825439453,9998300
2020-08-24,196.59788193961745,197.97879720011176,196.27183656774514,197.94044494628906,6159600
2020-08-25,198.68843245751665,199.65698413949605,197.10612767090157,199.56109619140625,5828300
2020-08-26,199.56111837891586,202.1503273880826,198.79394154550474,201.63247680664062,7035200
2020-08-27,202.5434865883595,203.47367139221683,200.47211374209118,202.37086486816406,8619600
2020-08-28,203.30106585160075,207.29037329713566,202.55307253464792,206.8588409423828,7349800
2020-08-31,206.69582646194104,207.09860564573464,202.87914031624462,203.29150390625,9326900
2020-09-01,203.50248086104548,205.11353908890206,202.4571952615275,204.595703125,5642900
2020-09-02,205.3436798085376,208.43155579307802,204.9984509831641,207.5972442626953,9863800
2020-09-03,206.11085563896432,206.11085563896432,198.5925547573998,200.38583374023438,11310200
2020-09-04,199.93513044261985,201.8626497640502,191.93733072780432,196.2622833251953,13243600
2020-09-08,192.54143015446354,193.95111308644775,191.03585928362557,191.90850830078125,14186900
2020-09-09,195.96496783396557,197.82535204969838,193.66343760217228,195.68685913085938,7532600
2020-09-10,196.45405764942495,198.50624725311124,192.22500800045003,193.27027893066406,7243000
2020-09-11,193.30863601669455,194.1045806560195,190.74819500311392,192.445556640625,7439000
2020-09-14,195.00600035460738,197.94043786179128,194.80461078937665,196.56910705566406,11730500
2020-09-15,198.26647630140445,199.66657490616788,196.36772526879983,196.9622802734375,6328600
2020-09-16,198.2569202357048,199.22547201600787,196.54036044136183,196.71298217773438,6135000
2020-09-17,194.526544887421,197.14452181843768,193.71141673620107,196.8472442626953,7474900
2020-09-18,197.03903408527063,197.2787759367753,193.44290631270061,194.29638671875,9084100
2020-09-21,191.70716485462603,192.9921775810866,186.7109385643338,189.3480987548828,9656000
2020-09-22,189.96183957810715,192.47434399496464,188.72477813024278,192.3304901123047,7543100
2020-09-23,192.5606394516589,192.83873353415763,186.58627718650095,187.3534393310547,6310600
2020-09-24,187.14247132683647,189.55907313084515,185.20536782750386,187.49729919433594,9865300
2020-09-25,187.01783301398342,190.0098067246158,185.56978282420596,189.1563262939453,5496100
2020-09-28,192.3976498915553,193.44292093126367,191.63047298222818,192.10037231445312,5565300
2020-09-29,192.34964599141355,194.07578990719986,191.18928922137212,191.2564239501953,5513500
2020-09-30,192.60860545533822,194.2292480472709,190.72902293918688,191.76470947265625,9157600
2020-10-01,193.9128049677432,196.78010813733485,193.3661865244343,195.0060272216797,7234600
2020-10-02,191.79350449443504,194.50738433895327,191.21811812787848,193.193603515625,6019700
2020-10-05,194.39224151219864,195.29365836074925,192.80035249780286,195.18817138671875,6090500
2020-10-06,195.73483018432879,196.68421314697912,191.5153796156888,192.22500610351562,5841100
2020-10-07,193.7113783524005,194.46895601747934,191.7838595088364,194.16209411621094,6713400
2020-10-08,195.62936552438237,195.91705869433707,193.93198899106386,194.65121459960938,3955600
2020-10-09,195.6293224836234,198.58294342214083,195.32244593447288,198.16099548339844,5562900
2020-10-12,198.44868241157872,199.4364174953012,197.2883256161636,197.9308319091797,6622700
2020-10-13,195.03480178956156,196.78971395312425,194.69915733393458,195.9362335205078,5621700
2020-10-14,196.31023114103175,196.55955740774277,192.87712594885622,193.90321350097656,5320000
2020-10-15,192.76199187867792,196.30058319294443,189.49192484285766,191.36190795898438,8885500
2020-10-16,191.78392072450214,194.33476322191842,191.2277178036974,192.04283142089844,6385900
2020-10-19,192.60861572371272,192.8195897306307,188.43710151645882,188.8878173828125,7449600
2020-10-20,189.4440360915962,191.46745813971432,188.63850688838747,189.58787536621094,7427000
2020-10-21,189.71250072011094,192.1962224891517,189.71250072011094,190.28787231445312,6067200
2020-10-22,191.1605333225367,191.5728968602888,187.72742871787895,189.86593627929688,4908200
2020-10-23,191.55374039929617,191.6784108452181,187.9767960524451,189.8851318359375,5877200
2020-10-26,187.95760985742868,188.36037440834428,182.8942631706594,185.14784240722656,12608700
2020-10-27,185.08075019356488,185.7520245993362,181.455853769715,182.26138305664062,8690400
2020-10-28,176.43078338698132,177.12124094953262,171.98117611313873,173.44839477539062,17809500
2020-10-29,175.4909769521049,179.32684530078478,171.98115390122044,177.28424072265625,16820900
2020-10-30,175.1649833603505,176.66097011669999,171.8757176714245,174.25396728515625,10252900
2020-11-02,176.93900346106665,179.2501175416394,176.34444857812332,177.15957641601562,8057100
2020-11-03,179.16387252206133,181.75308145158996,177.56239879663923,180.61190795898438,6467900
2020-11-04,184.97523864736212,188.80152420201858,183.67104227504444,186.01092529296875,8102700
2020-11-05,190.22070035102854,192.7427883183398,189.1945986068899,189.53024291992188,7132100
2020-11-06,189.25222460876668,191.4866058019374,187.41099430099138,190.32626342773438,6180500
2020-11-09,205.88070453181368,208.71923971859283,203.56958968605022,203.9531707763672,17916900
2020-11-10,203.2435466565985,205.2765527977161,201.91058259814636,204.5573272705078,7943600
2020-11-11,203.4640691111473,205.48749048888274,202.9845855110458,203.97232055664062,5337200
2020-11-12,203.0599778285652,204.1260361321916,198.93981526060514,200.01547241210938,7302500
2020-11-13,201.60010994806,202.9158698519943,199.09343374953846,202.1475372314453,6377500
2020-11-16,206.07567457258372,206.5750784179723,203.4441395907017,204.27969360351562,12083200
2020-11-17,202.2243833617323,203.6938128035778,201.20634881035977,202.3684539794922,7268800
2020-11-18,201.4176565786612,202.7910390505476,199.44880855147835,199.60247802734375,6977900
2020-11-19,199.0358149243545,200.46681961778924,197.39350373539875,199.35275268554688,5657200
2020-11-20,198.9301619408047,199.87136169064752,195.74158675091297,195.80882263183594,9653500
2020-11-23,196.59641549794117,200.72619175201478,196.59641549794117,199.91944885253906,6101900
2020-11-24,202.5029065310126,205.35533177257398,201.11029719769763,201.37921142578125,10110800
2020-11-25,201.3696774696902,203.55941669241082,200.60134457555134,202.5413818359375,6772900
2020-11-27,203.60735418672243,203.63616537578596,200.54363740868513,202.64694213867188,3512900
2020-11-30,201.24477411334746,202.205186352354,198.4211744406396,202.02272033691406,7725500
2020-12-01,203.7322412443843,205.2112695593955,202.68538082642223,202.83905029296875,8047900
2020-12-02,202.64699641856217,203.03115547879113,200.22675330587896,201.8594512939453,9728900
2020-12-03,201.47527552656015,202.75262554525514,199.3911827554454,199.8137664794922,9203300
2020-12-04,201.43689795822783,204.29892274874308,200.25558017882807,204.260498046875,5720100
2020-12-07,203.57860085034002,206.00844285003907,203.41533251434103,204.23167419433594,10624500
2020-12-08,201.63855417871258,204.69267283326855,201.58093178697672,204.346923828125,8646200
2020-12-09,204.78871753517183,205.04803296824508,200.67815392486122,201.28321838378906,6251100
2020-12-10,200.25550877115325,201.01424248783223,199.04539487895315,199.39114379882812,10492000
2020-12-11,197.23028712721106,198.69971689760519,196.4043318934504,198.07545471191406,9227600
2020-12-14,199.62167858814345,202.93509769667642,198.77651117551753,199.04542541503906,11967700
2020-12-15,200.2843325975844,201.14871227917538,197.9985617680885,200.11146545410156,9796100
2020-12-16,200.2267485631177,200.85102533961356,198.93979962163283,200.0250701904297,7504400
2020-12-17,200.72614793525844,203.39609265407654,200.5820919684876,202.81983947753906,6517200
2020-12-18,202.66621953076825,203.58820718617233,201.56173652817995,202.94473266601562,13298200
2020-12-21,200.02508305283092,201.49451276724736,196.68283754322593,200.73577880859375,7576700
2020-12-22,200.14029237826662,200.14989122430617,197.46074886055712,197.6912384033203,7396200
2020-12-23,199.12225822573322,199.12225822573322,196.99014202245212,197.17262268066406,6523100
2020-12-24,198.45955694694072,200.5532629579431,198.42114691078984,200.43800354003906,3367900
2020-12-28,201.54251847050327,205.0096073126709,200.67813864431997,204.21246337890625,5816200
2020-12-29,206.11412548959842,206.71919004905874,205.08647708891073,205.8836212158203,6093400
2020-12-30,207.44904842555167,211.66525766615962,207.11289827223013,209.7156219482422,8875100
2020-12-31,209.75401558915013,211.11781378961606,207.641111710607,210.07095336914062,5922200
2021-01-04,211.5307902099338,211.5307902099338,205.75871807740998,209.1393585205078,10318300
2021-01-05,207.74675017497844,209.81164509382526,205.1824514886855,206.01800537109375,6869700
2021-01-06,205.33615977424952,207.6123323144772,203.67465054109607,204.20286560058594,7206200
2021-01-07,203.7994996757728,206.6999491036602,203.7994996757728,205.34576416015625,10967900
2021-01-08,205.69149560140355,207.56429661056129,204.3277119266649,206.9208221435547,6513000
2021-01-11,205.48982165467635,206.35418686067575,204.06840090274,204.46217346191406,7353100
2021-01-12,203.93390485955814,204.36608738010355,199.25670255182783,200.5916748046875,9331600
2021-01-13,201.11993928663622,202.64699129633158,200.37081887981478,201.06231689453125,6688500
2021-01-14,202.2339856232832,202.84864878927618,193.7439314086773,193.86878967285156,12887500
2021-01-15,193.5614887830841,195.2133991139302,192.49543054230233,193.60951232910156,8755000
2021-01-19,195.01171502742878,196.0873720840278,192.14969055627586,193.67674255371094,9772000
2021-01-20,194.99249829821932,198.98781678258885,194.2241655658824,197.85452270507812,12675700
2021-01-21,197.8929453318804,198.96860235306417,196.64440648673335,197.0189666748047,6513500
2021-01-22,195.9145048048792,197.20145373330104,193.8111995826831,194.02249145507812,7316200
2021-01-25,192.4089726551476,193.65751142029467,188.00068426536993,193.0236358642578,19282400
2021-01-26,193.77277534919284,195.4342991365264,193.01405609994148,194.01287841796875,9605300
2021-01-27,189.8158859911636,191.79433298029363,186.2815757687816,187.2515869140625,13772400
2021-01-28,192.08247289990737,194.00329762890644,190.32491651430564,190.37294006347656,11041300
2021-01-29,189.98873026091678,195.01168148301753,185.17705622025287,185.59963989257812,21503000
2021-02-01,187.41487147298807,191.32375689857162,187.2996266767627,190.5074005126953,12970700
2021-02-02,192.89882142861282,196.26026456768935,192.0824650900883,194.58914184570312,11305100
2021-02-03,195.03092223197325,195.45349131111388,193.02364949609768,193.38861083984375,13458600
2021-02-04,195.19422012586992,201.37926362988537,195.05976297697242,200.96629333496094,14534800
2021-02-05,201.66733952040394,201.8114101360018,200.39960310055633,200.5052490234375,10284000
2021-02-08,201.6865899737166,202.3108521284102,197.75850704803017,198.69970703125,8637100
2021-02-09,197.6144071896322,199.41038795242716,195.63596042047627,198.34432983398438,7619400
2021-02-10,199.73693136112774,199.73693136112774,197.78729571914252,198.2675018310547,8467600
2021-02-11,199.43141226269935,203.52911502267867,199.29674638826282,202.63455200195312,8411100
2021-02-12,201.38406433912596,203.08663719567275,199.76805925219713,201.96121215820312,6911000
2021-02-16,202.6345530580277,203.00969475859023,199.45065547780825,199.9796905517578,9652700
2021-02-17,197.44027074643952,200.34522289087812,197.2478930173829,199.60455322265625,8373200
2021-02-18,198.03664524142442,201.71110801364534,197.1516960152483,201.37445068359375,7328600
2021-02-19,201.36480945568655,201.5475734094421,195.99738791594834,196.93043518066406,15011500
2021-02-22,195.7954147733624,202.62491922675628,195.3721749835083,200.38369750976562,8337700
2021-02-23,199.4987261553658,205.76072564293278,198.6811172076466,204.029296875,10571700
2021-02-24,204.26980062275845,212.1285494090749,203.24055696974068,211.07044982910156,12039000
2021-02-25,210.93576451301772,212.05157584411512,204.4814017021898,205.60682678222656,11404300
2021-02-26,205.89537729310007,207.01118849733368,202.71148013613012,204.29861450195312,11730000
2021-03-01,206.78035793739957,209.5025460951239,206.60720770745746,208.3771209716797,6982000
2021-03-02,208.69451758105197,209.62755014981022,206.6360453906661,207.5498504638672,6155200
2021-03-03,206.95349150230902,208.91578247624813,204.75073937808608,206.66493225097656,6484600
2021-03-04,207.74222847907618,208.7522297415158,200.72033241339773,203.44252014160156,10658900
2021-03-05,205.58759280993013,207.86731366274253,201.64379799797206,207.20359802246094,7582000
2021-03-08,208.71379337382095,217.5152181954914,207.58836816924293,211.8784637451172,14750400
2021-03-09,213.60027502281744,216.42827347799363,211.80152029115,211.9650421142578,9228600
2021-03-10,212.31129338790836,215.64909894767018,211.04157401161058,214.66795349121094,7822900
2021-03-11,215.97614519035037,219.5351844387445,215.28357364523285,217.534423828125,10053400
2021-03-12,216.69755601174535,217.909548783847,214.90841543722675,215.81260681152344,8172400
2021-03-15,215.6875944561555,218.43863875684494,213.2924643928064,214.76417541503906,9306100
2021-03-16,215.18737365280714,216.9861279594298,213.83108660357277,216.1396484375,8949300
2021-03-17,216.47634419787576,217.62101149229446,213.31167406889708,214.523681640625,8675600
2021-03-18,212.9942407890451,214.04272654149685,211.2147284895701,212.2535858154297,9321800
2021-03-19,210.7722515346409,211.78225295974534,198.99856424936368,199.01779174804688,32209700
2021-03-22,198.68112513946946,204.20244056530086,198.37330904511327,200.0758819580078,11371600
2021-03-23,201.08587553226388,201.9612110044548,199.59492257273087,200.22015380859375,8820700
2021-03-24,200.79733678515726,203.09628534735873,200.00856894397188,200.14324951171875,10101600
2021-03-25,199.75842319300415,200.86462060977328,197.9404268466818,200.0469970703125,8390800
2021-03-26,200.3163694622129,205.55873970111813,199.78731969260298,205.3952178955078,7399900
2021-03-29,204.35635688043115,207.08815877971048,203.07702370677686,206.33787536621094,7792300
2021-03-30,204.8949989243365,205.99156800437686,203.35596258396103,203.82728576660156,5498000
2021-03-31,204.45255561716354,205.95312246276063,203.4906522876803,203.66378784179688,13180000
2021-04-01,205.6357091584559,209.44485310797486,204.21209622590007,208.59837341308594,6138400
2021-04-05,210.2720873366554,212.10931166026674,209.03122374173677,210.6953125,10440500
2021-04-06,209.32941583069885,211.0416027299262,207.13627722545297,210.32017517089844,7828100
2021-04-07,210.77227062333472,212.6191234102966,210.31056109596457,210.91656494140625,5614300
2021-04-08,211.58985272214954,214.33128277330937,209.80071214378256,212.2920379638672,11042000
2021-04-09,212.58064265064607,214.1196938982945,211.14740135974196,214.04273986816406,5724900
2021-04-12,211.84956277694468,213.45593933481462,210.8684174184182,213.03269958496094,6315200
2021-04-13,212.5806265989643,213.17700194059333,211.8303432086957,212.59986877441406,4764000
2021-04-14,212.58062381213884,214.60062656098341,211.68606081142255,213.52328491210938,4972600
2021-04-15,215.3605062908871,218.95802953325727,215.3316503691617,217.65945434570312,8698100
2021-04-16,218.51557186699185,219.12157564546786,217.15928468539295,217.78453063964844,6829400
2021-04-19,217.1496711950155,218.90995600520287,216.50519774169217,217.18814086914062,6541600
2021-04-20,216.21659745800523,216.79374524188594,213.36937224047082,214.77374267578125,5799100
2021-04-21,214.80261788123588,219.1888944645804,214.37937809205715,218.78489685058594,9490600
2021-04-22,218.64065732477334,222.132356870848,218.24627338730923,218.90037536621094,7303000
2021-04-23,219.90074776355988,222.98846428873748,219.0350405316314,221.23779296875,5345200
2021-04-26,221.97843013119652,224.07537229399205,220.77605099817714,221.56480407714844,5650000
2021-04-27,222.22854171268128,222.3535938516918,220.26626523137446,221.15121459960938,6642100
2021-04-28,222.15156196462195,227.2688945143309,221.88223021752984,224.5563201904297,10111400
2021-04-29,226.26848833212915,228.4520127319346,224.26772789090577,227.83639526367188,7411400
2021-04-30,226.35509915062894,226.94184609281785,223.4405185511401,224.66213989257812,10260200
2021-05-03,225.13344924526763,226.7590680186311,222.5747831839675,223.74830627441406,8174400
2021-05-04,222.77680306805144,223.53670019280034,221.45898560826387,223.19041442871094,5884500
2021-05-05,224.94104347127924,224.94104347127924,219.94876408569894,220.47781372070312,6523200
2021-05-06,220.88187304020332,222.75758165489512,219.94882560770628,222.5074920654297,6124100
2021-05-07,223.4885974281147,224.33507698432354,221.9207051123827,223.2769775390625,4528700
2021-05-10,222.77678679794388,223.1615422066193,216.5821278469154,217.36126708984375,9627400
2021-05-11,215.2162663932601,217.79416039291206,213.58101891387534,216.8899688720703,7633300
2021-05-12,215.11044136801365,216.42824420258702,211.9169153417008,212.2247314453125,7721300
2021-05-13,213.3806837197381,216.6462717541884,212.78344212663117,215.5288543701172,6650100
2021-05-14,217.53248226173923,219.1604474326792,216.66550316664146,218.6113739013672,4777200
2021-05-17,217.87929321279816,218.8233382563756,217.05086891958322,218.1297607421875,5534200
2021-05-18,220.00820205501066,220.7692029875475,217.156826088773,217.2917022705078,6900000
2021-05-19,214.58479943275333,216.598108511336,213.65039683566707,216.34764099121094,9311900
2021-05-20,217.16646027234833,219.2471928149126,216.97380311814024,218.1297607421875,7478600
2021-05-21,218.55359546595506,220.89440833980103,218.2357045759024,218.4476318359375,5603900
2021-05-24,219.58432120343411,221.6650535758452,219.2760727216681,220.904052734375,4040100
2021-05-25,221.46276090359942,221.74212625701023,220.0370803962136,220.6150665283203,4689100
2021-05-26,219.6806789208259,220.93297249323373,218.07196887197236,218.7366485595703,4295600
2021-05-27,219.40132740619552,220.03710929525505,218.0623402331276,218.53436279296875,5969600
2021-05-28,219.23752629724632,221.00999543915108,218.8136717853132,218.9581756591797,5779700
2021-06-01,221.01966188213092,221.63617359412407,217.97562887344023,218.3127899169922,5091500
2021-06-02,220.80775855518212,224.55499719681475,220.38390395118458,221.2316131591797,9081100
2021-06-03,220.59581647899714,221.9348035980574,219.41096096903138,219.7384796142578,6382400
2021-06-04,220.93295361581266,222.23340034239845,220.33569736993698,221.69395446777344,5085700
2021-06-07,224.30453713022078,226.0673641874985,221.6361905126696,222.8306884765625,5421300
2021-06-08,223.63022626909415,224.30454844167767,221.71326750068255,223.53390502929688,4170600
2021-06-09,223.96737698976423,226.23113915283662,223.6013180785951,223.7843475341797,4659000
2021-06-10,224.5453239814129,225.6627412487577,223.61092143889036,225.36412048339844,4452500
2021-06-11,225.78800881488036,226.79947730296985,225.13297151519544,226.33709716796875,5378300
2021-06-14,226.08660618225576,226.58752651753338,223.07148585552994,225.48936462402344,5805800
2021-06-15,225.83620445499045,226.18299327343706,224.08299023428776,224.42977905273438,7093800
2021-06-16,225.04623945454813,225.585685338031,219.63249579685504,221.1737823486328,8905400
2021-06-17,220.79811214873658,224.7765331838906,220.79811214873658,223.6302032470703,6876700
2021-06-18,221.99259659733087,223.65910234150297,220.80774110166627,221.95407104492188,8840000
2021-06-21,222.955883542329,226.3852307514469,221.944415142184,225.72056579589844,7298400
2021-06-22,225.701284217594,227.42558544746555,224.68018815645024,227.27145385742188,8858400
2021-06-23,226.80908248020302,227.26183485656293,225.35450412775185,226.0673370361328,6814700
2021-06-24,228.30221722007013,229.50634283831943,226.77057296136877,227.5701141357422,4611500
2021-06-25,227.72422426920295,229.72789100221846,227.64717316687037,228.6104736328125,7825200
2021-06-28,229.2655166223615,229.6219331000495,223.35085220165254,225.49900817871094,9301700
2021-06-29,225.96139632501848,227.83982928531296,225.55679719621793,227.29074096679688,11897700
2021-06-30,226.48157325338076,227.72422438762092,225.23892211914062,225.23892211914062,7797100
2021-07-01,225.60500892530308,227.579778194369,225.46051970755738,226.5201416015625,5329600
2021-07-02,227.17516163104824,230.0168952032174,227.16553391749082,229.87240600585938,4383700
2021-07-06,230.7104572885744,231.7797213737719,228.50450573019666,230.80679321289062,8048700
2021-07-07,231.4425762552157,232.19394948040429,229.5545154786698,231.19212341308594,4366100
2021-07-08,228.2732871300985,228.36962304546748,225.94210202637953,227.92649841308594,6388000
2021-07-09,229.99761238449216,230.6622920532562,228.70679329666552,229.71826171875,5615900
2021-07-12,228.8609538643307,229.7568163494968,228.56233303594198,229.1403045654297,7010700
2021-07-13,229.50633382968206,233.5810906462307,229.50633382968206,233.45587158203125,8079200
2021-07-14,234.2939641157619,237.75220960932316,233.90864977007044,236.96231079101562,8693400
2021-07-15,236.3072156624896,239.66913930581524,236.3072156624896,239.42831420898438,10135100
2021-07-16,240.81548092891637,241.2682333090666,238.43612767963256,239.01409912109375,8674500
2021-07-19,235.03566856809704,235.4787785182828,230.13245838853706,231.58705139160156,11474600
2021-07-20,231.80860283674411,235.24759224849228,230.72006870381585,233.79299926757812,7072300
2021-07-21,234.36134230275198,237.8388572524142,233.4076843365492,234.7177734375,11241400
2021-07-22,234.83338702465338,236.34577581555493,234.2265030259096,235.18017578125,10293600
2021-07-23,237.7040197774055,240.83474631928493,237.7040197774055,239.88108825683594,6766000
2021-07-26,240.0640920498571,241.17188159756725,238.60949908165665,241.06591796875,4879000
2021-07-27,240.0448898461317,243.39717197181025,239.11048704548546,241.7210235595703,7038300
2021-07-28,240.8732912693259,242.27007404473457,236.88522781534866,237.87742614746094,9036500
2021-07-29,239.0045168959676,241.1912134142726,238.03158856345348,238.8214874267578,7495300
2021-07-30,238.13747801322558,239.34160341038665,236.97187816130324,237.34756469726562,5804700
2021-08-02,237.20309048662153,238.73473456068137,229.62190651286127,230.98016357421875,9989500
2021-08-03,231.79899259003278,232.5310956423696,225.4412037239766,228.38890075683594,9839000
2021-08-04,228.3022354348581,228.83205368891842,226.4238022602807,227.98434448242188,8171800
2021-08-05,227.92649159570968,231.43290420782645,227.75308989299143,231.39437866210938,5337500
2021-08-06,231.1921261106711,233.69671335638984,231.0572646250585,232.54074096679688,4509700
2021-08-09,232.87789931297303,233.29211147866445,229.31369035011448,231.19212341308594,5226900
2021-08-10,231.6833721294765,232.48291321917924,226.91503812593152,229.3329315185547,7185700
2021-08-11,229.34256678281207,229.61228972571413,225.97101529773838,226.4333953857422,7375700
2021-08-12,225.61349369379212,225.8257098815268,222.84505713403107,223.58779907226562,9867000
2021-08-13,223.79035020118778,225.01541356709743,223.2115761665817,224.41734313964844,5445400
2021-08-16,223.99296669756703,227.14724308128615,222.0540836284657,227.031494140625,7575900
2021-08-17,226.68421983690732,227.33050925060743,224.96720862586238,226.23085021972656,6850500
2021-08-18,225.64244594292512,226.05723750795084,223.279145206428,223.43348693847656,4996500
2021-08-19,220.9351089612544,224.20514872062034,220.80006363592622,223.37559509277344,5761300
2021-08-20,223.66499766723243,223.9447439124965,222.15056165116044,223.1730499267578,5522200
2021-08-23,224.46561389639888,226.34660774179477,223.79038722354363,225.8546600341797,6342000
2021-08-24,226.72280530990113,227.8321199340649,225.6713798735362,225.9511260986328,5081800
2021-08-25,226.68421962107502,226.68421962107502,223.86754938183105,224.3594970703125,5277100
2021-08-26,223.91577578887743,224.39808262357963,222.00583012589436,222.3627471923828,5889100
2021-08-27,222.84504488045076,224.80320937146234,222.08299187035115,224.45594787597656,6369000
2021-08-30,224.45594980982222,225.40126705390853,221.7839659109478,223.047607421875,6448000
2021-08-31,222.73894459190294,223.6360282339994,220.56856384882724,220.9929962158203,9405100
2021-09-01,220.99298763348145,222.61353146033545,220.6746633705989,221.9768829345703,8177600
2021-09-02,222.27592101145797,222.39168466071806,214.10565676427066,216.24708557128906,19708800
2021-09-03,216.0734889199745,219.2567173701525,215.446495844126,217.1442108154297,11532000
2021-09-07,218.716507416851,219.9319153343915,217.86764268272566,218.2631378173828,9662600
2021-09-08,219.33384115957094,222.07334020210857,219.00586135511546,220.9833221435547,10652600
2021-09-09,221.19554579126378,221.8611315409002,219.06375794378835,219.43995666503906,5853000
2021-09-10,221.71642611095484,221.89969031812566,216.8644212248383,216.95123291015625,6715400
2021-09-13,217.54931399476806,219.160217014291,215.50433777913065,216.68116760253906,6808100
2021-09-14,217.03806158987237,217.81939625658222,214.41431140114574,215.1377716064453,6575700
2021-09-15,214.6458221699106,216.88371806578738,213.5268668625545,215.89016723632812,6535800
2021-09-16,215.93846074956093,217.2310397981861,214.86773876896203,216.39183044433594,5928500
2021-09-17,214.57831808780514,215.78408523228464,211.53979077125166,213.90309143066406,13787400
2021-09-20,209.28263700411608,212.69736371398295,208.6556291414557,212.26329040527344,8822600
2021-09-21,212.93847551826138,214.30822521399836,211.2311051380184,212.37899780273438,7033600
2021-09-22,213.56544155564774,216.16991000685226,213.27606925558965,214.86767578125,6005900
2021-09-23,217.0380729213868,220.60714051010456,216.4207207693861,220.23094177246094,7952700
2021-09-24,220.8290062396685,223.7421437212723,220.52997834908567,223.39488220214844,6461200
2021-09-27,223.520272212405,225.07330075026158,220.67466493887133,221.4752960205078,6881100
2021-09-28,220.77113129925357,220.77113129925357,216.07346732240586,217.57826232910156,6951400
2021-09-29,218.77437875911085,220.91582223957218,218.0894965913375,218.6586151123047,6432700
2021-09-30,219.52676115704307,220.69393535083793,214.75192686122676,214.86767578125,7128500
2021-10-01,216.23747212492978,223.36596746362372,215.56224541386482,222.30490112304688,7925400
2021-10-04,221.86113639380483,222.17946066010842,212.99633471940382,216.77761840820312,10283400
2021-10-05,217.50108509011963,219.33385988515064,215.9962901275453,216.3435516357422,5814000
2021-10-06,214.18280478540072,218.60073699472773,213.42076649094122,218.49462890625,5420900
2021-10-07,220.8097120741001,222.98009276615616,220.40457611117665,222.3916778564453,6561900
2021-10-08,222.82577646573532,224.49455413357643,222.03478612492736,222.12161254882812,3735200
2021-10-11,221.8708124980188,222.16985513668763,216.91269820709078,217.1442108154297,5620200
2021-10-12,217.57825013942872,218.21489867392816,215.03167072026707,216.12168884277344,5448200
2021-10-13,215.23422571237845,217.86761657759882,210.89346474563,214.5879364013672,9076000
2021-10-14,216.18919711121535,217.66505475392313,215.1667090417666,217.21168518066406,5590500
2021-10-15,219.1795336953604,222.91258413384085,218.70686766718117,222.81613159179688,6355100
2021-10-18,222.03477430458827,224.52347941576852,220.0669688337306,222.48814392089844,5580200
2021-10-19,223.74212609048914,225.37232546239397,222.51706267249816,225.25657653808594,4409700
2021-10-20,225.19871614528475,225.52668126387104,223.12478790257035,223.23089599609375,5401800
2021-10-21,222.53639598077407,222.66180048213386,218.29210123862583,222.09268188476562,5982200
2021-10-22,222.14086824702574,224.5813542928057,220.61679165136732,223.047607421875,3788000
2021-10-25,225.1890750144985,226.54918392256528,224.07011954181218,225.60386657714844,4938700
2021-10-26,227.19548442544217,228.5748897967782,223.14410945755364,223.6167755126953,7814500
2021-10-27,216.79691853144516,216.79691853144516,208.0285839573993,208.1443328857422,22958100
2021-10-28,211.49153804000764,212.20535742384948,201.6138891857892,202.41452026367188,23199400
2021-10-29,201.80683642743801,206.1090052394381,201.16053230298996,204.2762451171875,14329800
2021-11-01,205.93539976389064,207.63311470614408,203.96757942377786,204.9418487548828,13210300
2021-11-02,205.61705468725742,205.80033364069217,200.4660211904749,201.7393035888672,14688700
2021-11-03,202.26984673443434,202.71356078867876,199.4145837396518,200.73611450195312,11486700
2021-11-04,201.75858669131355,204.84534730706133,200.51422688883616,201.39202880859375,11368200
2021-11-05,204.44990530067557,209.92891969581882,203.88078665407826,209.0028839111328,14273600
2021-11-08,210.64269202291382,213.76804575515553,210.43047582832003,212.68768310546875,13500100
2021-11-09,211.9159821027773,212.61050513115768,205.38554335592897,205.8389129638672,11535000
2021-11-10,206.3558754450455,209.64132946981925,206.143285682234,208.29815673828125,10063600
2021-11-11,209.17751874673044,209.4770730487516,203.08009358314465,203.33132934570312,13546900
2021-11-12,204.37494792989403,206.38487826519375,204.30729902567694,204.945068359375,7660500
2021-11-15,206.4235035309503,209.10984891504893,204.6744816885782,205.14797973632812,9596900
2021-11-16,205.01273321834068,208.38515226295027,204.5295772754683,207.9309844970703,8719600
2021-11-17,199.01193350793335,200.32611828602808,192.74057869303056,198.15191650390625,38379600
2021-11-18,199.54340094713606,200.86724348933734,194.48959400083032,196.48019409179688,18292200
2021-11-19,195.2336399549411,196.64446174557173,193.1174293861182,194.09339904785156,18032600
2021-11-22,193.26233734094342,194.9050642593922,188.04426013063642,188.99124145507812,21185800
2021-11-23,190.3344549662218,192.21876021082403,187.83171069916688,191.80325317382812,14742700
2021-11-24,191.49401198283437,197.0792931340197,190.98186789679045,196.4028778076172,12026800
2021-11-26,186.80738418535668,192.47962912368615,186.06332005075973,190.9915008544922,10987600
2021-11-29,194.2286727340612,194.47025068522296,188.77867474564164,189.67733764648438,14633500
2021-11-30,188.69170091182033,191.0011854211858,186.0729895627462,187.2422332763672,16023000
2021-12-01,189.42612190691287,190.17984401462294,183.69589937717487,183.75387573242188,13204900
2021-12-02,185.53188982367476,192.72125291350213,185.38694893264994,191.6099853515625,13976300
2021-12-03,191.59061889401826,191.78387827902327,187.50310991467,189.70631408691406,10660500
2021-12-06,192.0738280852513,197.34022519951068,191.07852796848164,195.8520965576172,10722100
2021-12-07,199.0602061779812,200.9348531972633,198.95391130333903,200.38404846191406,11897200
2021-12-08,200.66428187849456,202.42296142387417,198.77997709960724,201.94947814941406,11749200
2021-12-09,201.49535120625026,205.05137173881317,200.1908243101016,204.26866149902344,10176800
2021-12-10,204.76142430829873,207.03226249022015,203.75646672135488,206.2108917236328,8882700
2021-12-13,205.29293633253954,206.13363761420402,202.90614503751948,203.91111755371094,8844300
2021-12-14,203.63087702259293,206.18193952889263,201.42768734645898,202.90614318847656,9832300
2021-12-15,202.34569801015013,205.33161286981675,200.85758423032104,205.1576690673828,10892500
2021-12-16,208.03727479919937,208.98427104253153,204.4812542156832,207.1482696533203,8548400
2021-12-17,205.6311621041365,206.0273534965116,200.78993035843973,204.74215698242188,11578400
2021-12-20,202.04611651914092,202.70321616421484,199.89124548516074,201.70791625976562,9434400
2021-12-21,203.5149107947442,208.87794375954033,203.27333286610246,208.1242218017578,6993700
2021-12-22,206.64575282911127,211.5642756026467,206.64575282911127,210.61729431152344,6003400
2021-12-23,211.0811585981182,211.15846531392236,209.3224639892578,209.3224639892578,4798200
2021-12-27,210.34678097518903,210.77196059796162,207.6411192752733,210.29847717285156,4818400
2021-12-28,208.7330155136118,212.32769674252646,208.31750849936694,210.7042999267578,4279800
2021-12-29,210.42404484327938,211.5643003943588,210.00853786140334,210.8202362060547,3223100
2021-12-30,210.62697154473736,211.7672123226099,209.83458883896392,210.53033447265625,3812800
2021-12-31,209.50604615535295,210.63662912267432,208.23052232481615,209.409423828125,4723300
2022-01-03,210.19216029341695,214.5792096580104,209.69933180729214,213.97042846679688,7694500
2022-01-04,214.52120361840298,219.14983030788622,214.33760203092143,214.96571350097656,10629300
2022-01-05,215.13963960796403,217.6810441363804,212.51127056394893,212.5885772705078,9594600
2022-01-06,210.46271034349414,214.4342523813629,210.2211323965307,212.34701538085938,7877500
2022-01-07,209.98920123771168,212.7818415682428,208.37546240606537,209.6510009765625,10702100
2022-01-10,206.77138285989972,206.98397262316698,199.5433751430534,204.8291015625,11978600
2022-01-11,204.29765409832407,207.70873382505843,201.7079453602449,207.15794372558594,8803100
2022-01-12,207.25455633085684,210.25012888962942,206.60712917674758,208.44313049316406,6923300
2022-01-13,209.54473239652555,213.0524344161651,207.42850706742342,207.75704956054688,8867700
2022-01-14,206.9549849958502,210.89753869126972,206.5104898494814,207.43814086914062,8838100
2022-01-18,208.60740173422926,209.60270173552018,207.10961545484295,208.44313049316406,9099300
2022-01-19,205.82440301798218,210.878209348533,204.96438614915232,207.4477996826172,9399800
2022-01-20,207.4864826944135,212.20208926534295,206.73276062705986,207.1289520263672,8532700
2022-01-21,208.20156532053787,208.33684839470686,198.8863193348676,198.9925994873047,16200200
2022-01-24,195.36888818925095,195.89070475298612,189.0588741047504,195.05001831054688,16054000
2022-01-25,192.89518024237586,198.46114632350827,190.35378992592103,195.19500732421875,12125500
2022-01-26,197.39816864325311,203.75650190583917,196.8087178694416,198.93460083007812,10817600
2022-01-27,202.44230456647495,203.85312615997282,198.9152726998503,199.2051544189453,12009800
2022-01-28,213.20706584644216,220.43507502893019,208.82001612664266,220.31912231445312,26425300
2022-01-31,217.95165731689895,218.7536979828568,214.56956558429943,218.55076599121094,12380600
2022-02-01,219.25612746743712,226.70639745555215,218.79230196169848,224.53219604492188,12247200
2022-02-02,223.50792061552536,227.9046422215563,222.26137014579956,227.48912048339844,10590500
2022-02-03,225.18930541102296,225.6241575361834,222.783198358528,223.73983764648438,9968000
2022-02-04,220.80223299173485,222.4642903671386,217.37182335954404,220.69593811035156,10848100
2022-02-07,220.31903765648218,222.1743540989569,218.39607232672333,219.50733947753906,5984500
2022-02-08,218.63768180250563,220.80222533711387,217.17855643114373,220.26109313964844,7542000
2022-02-09,222.37736111967507,225.2956124264212,222.36768856408526,223.09242248535156,7772800
2022-02-10,220.7065485761963,222.5648837575716,217.6480321288611,218.34490966796875,6794600
2022-02-11,219.95161154447004,221.74220262845407,216.3607558544551,217.4738311767578,7535200
2022-02-14,216.118801252251,219.96130172511752,215.6542210903043,218.10296630859375,8280800
2022-02-15,219.97098729498768,221.92610222132762,217.68678060463424,220.50332641601562,9461700
2022-02-16,220.19357762510248,222.49714593240662,218.35460420298048,221.47119140625,9561300
2022-02-17,221.06463509452556,221.461470963062,216.9704911061346,217.3963623046875,8131200
2022-02-18,217.38676327404593,218.49015049895922,214.71539384729067,215.53810119628906,8121200
2022-02-22,213.9216985336739,217.1350653241275,212.8570203619579,214.21206665039062,9928800
2022-02-23,215.68326162867137,217.07701691685946,208.50156430028753,209.01454162597656,8669900
2022-02-24,196.83853706184448,210.86317959403803,194.98020181175588,210.3211669921875,13463400
2022-02-25,210.31149965353111,213.5926256947229,207.36913890661282,212.22792053222656,8463600
2022-02-28,209.0629052983555,211.62779151604963,206.39155126962112,209.17904663085938,8409400
2022-03-01,207.59174808369272,208.2402285661379,200.62298650938922,202.2587127685547,9317800
2022-03-02,200.25518069392976,203.77827763449585,199.56799136902842,201.78443908691406,8865700
2022-03-03,203.78796673409533,204.70745352431058,199.92610449270703,200.5745849609375,8610000
2022-03-04,198.41617626724556,199.7421723289877,190.53760283450526,193.85743713378906,10912300
2022-03-07,193.4219288583463,193.7510058633738,183.94635129822484,184.57546997070312,13412400
2022-03-08,183.90760988846156,190.11174907563685,180.6748812884111,185.5530242919922,11070900
2022-03-09,190.1892012364386,194.06073713947043,188.96967274372903,193.34449768066406,8457600
2022-03-10,190.5763565273195,193.51873220158035,189.99563497992395,191.61199951171875,7061600
2022-03-11,194.3026850961018,194.38979109909542,190.15046983064798,190.39244079589844,5432100
2022-03-14,192.0475174463384,197.86449424079044,191.79587295461224,193.89617919921875,7994700
2022-03-15,195.59967438283618,199.7809403596827,194.93183205858395,199.5196075439453,8277700
2022-03-16,203.25561363855041,206.8077456856044,200.35196201514256,205.0655517578125,9232300
2022-03-17,203.1878776160374,206.6819393880624,202.01674626621372,206.59483337402344,6668500
2022-03-18,204.9010352581294,212.21823577128535,203.53631530419102,212.07305908203125,14620800
2022-03-21,209.39200325418543,211.05676477447392,207.65949753938688,210.06951904296875,6101500
2022-03-22,210.84387208034317,212.5183222328908,210.20506501990556,211.45364379882812,6259900
2022-03-23,208.3853762937102,210.31145552238235,207.32069825117725,207.7852783203125,6008000
2022-03-24,208.0853581696631,210.66960632586398,207.1271478232685,210.33084106445312,5487000
2022-03-25,211.40518243556474,211.89879786758846,208.76286373916815,211.41485595703125,5051400
2022-03-28,211.48263268258796,213.88298062538672,210.52442230242977,213.6797332763672,4316800
2022-03-29,217.61898256339677,221.46148229874862,216.5930281336778,220.79364013671875,8032500
2022-03-30,218.58691426523887,218.89664422750207,215.57679449990437,216.7576141357422,7084000
2022-03-31,216.71889985663404,218.66434128897268,213.3603413520896,214.6476287841797,10759500
2022-04-01,215.9155518089225,219.35154276083284,215.09284454975491,219.0902099609375,6559600
2022-04-04,218.50945215070502,221.87769857435546,217.7351568874955,220.42587280273438,8521200
2022-04-05,219.54511210067176,221.63574491955637,218.0739244019674,218.82887268066406,4658000
2022-04-06,215.625183929473,215.71228993996306,211.59878317669154,211.97625732421875,7430000
2022-04-07,211.29871672533505,211.6568290167127,206.81740986302452,209.2080841064453,6995100
2022-04-08,207.91112269880793,212.36339421444083,206.23668781186242,210.0114288330078,5438600
2022-04-11,208.33701508314425,210.32118008530247,206.5561122037015,207.8530731201172,6942700
2022-04-12,209.54687068500704,210.02113912709015,203.9331409415459,204.61065673828125,7446600
2022-04-13,203.6718069532561,206.98198296844174,200.5165106790792,206.4206085205078,8052900
2022-04-14,207.38845698907087,209.0144946137315,205.704333933186,205.9559783935547,8191600
2022-04-18,204.87199608119914,208.89839690008708,204.7268193946655,206.32382202148438,4744400
2022-04-19,206.25607830786797,209.55655139561864,205.61727134814697,208.77256774902344,5028800
2022-04-20,211.63752507961027,213.7281581243171,210.40830822896254,210.7954559326172,7178300
2022-04-21,212.4602430134401,216.72861563058188,208.4338562009025,209.49851989746094,8850300
2022-04-22,209.29518874216762,209.60490386438732,201.27142413336375,201.48435974121094,6201100
2022-04-25,199.72284130523994,203.76858876900945,198.73559562841072,203.20721435546875,6839400
2022-04-26,200.33261169914235,201.8618700808136,194.64146423339844,194.64146423339844,8155300
2022-04-27,210.38892359119097,214.67665704930792,206.20767272407727,207.23362731933594,15955800
2022-04-28,213.321628670721,217.70614202932776,212.22792978844737,213.5732879638672,10799100
2022-04-29,211.59878389385304,214.09592625085682,205.53016217601967,206.2851104736328,7965000
2022-05-02,204.96877816623407,205.32689048416094,200.31325895823952,204.73648071289062,8803700
2022-05-03,206.74967879169313,206.74967879169313,199.64541456785065,201.8618621826172,6616900
2022-05-04,202.6264896614578,207.90145368387076,198.73559245388833,207.6304473876953,7191100
2022-05-05,205.452721224859,207.68853068867142,196.5481922276738,198.64849853515625,7749600
2022-05-06,197.2063382879883,199.11307069121642,193.78970941227686,196.30621337890625,8825300
2022-05-09,193.62517431469206,194.30269008102812,185.91113856310204,186.8015899658203,10314100
2022-05-10,190.3924885627836,191.3990815325222,184.83682849004916,187.36300659179688,11016500
2022-05-11,187.2758541233372,191.95073495773775,185.25296562375684,190.40211486816406,9427300
2022-05-12,188.64206211492768,190.12575165675173,184.20068548755967,188.09901428222656,9308600
2022-05-13,191.03732946447494,194.4701764883581,190.55246314603718,193.1998291015625,6684500
2022-05-16,191.34760974548647,193.88830397116087,189.9511926820206,191.82276916503906,5161300
2022-05-17,196.71023777084122,198.60121313095726,194.09194826012632,197.82542419433594,7265600
2022-05-18,196.68114270615658,199.24123578351052,193.10282759642416,193.93679809570312,8748200
2022-05-19,190.40698638780543,194.35379005325674,187.45899123813078,191.39610290527344,9012400
2022-05-20,193.62648758660717,195.55626059934283,188.14750484961937,193.005859375,6966600
2022-05-23,194.79985854588153,201.66556604125228,194.69318738491185,201.2776641845703,12187400
2022-05-24,197.7381435348199,198.47513485539986,193.00584453703655,196.49688720703125,7458500
2022-05-25,194.51862712958985,198.7466611716322,194.40226397148774,197.67025756835938,5457200
2022-05-26,198.90183449343115,203.39170072211115,198.47514982414705,202.2377166748047,9212300
2022-05-27,203.64381135985568,206.77604298191332,203.2947070913611,206.4366455078125,4897200
2022-05-31,204.01233892990624,207.86217834331143,202.78077444629452,205.74815368652344,9586400
2022-06-01,205.63181684518582,207.62946378965148,202.49958444576478,203.5759735107422,5246100
2022-06-02,205.47662673826275,208.73492865549457,204.69114575055454,208.54098510742188,5337200
2022-06-03,206.5045304940632,207.72640289977903,204.87538701570008,206.21360778808594,4352500
2022-06-06,208.92883491909686,210.9943695899788,205.67053358332635,206.49481201171875,3965100
2022-06-07,204.72991366282383,208.4633895789093,204.34202659486778,208.0076141357422,4493300
2022-06-08,207.29001269490945,209.04524093936578,206.38816857756828,207.0378875732422,3646300
2022-06-09,206.15541350983816,207.2415238921337,199.78427914633656,199.87155151367188,5138600
2022-06-10,195.54654030305684,197.26297086233095,193.15129999622712,193.4713134765625,5162500
2022-06-13,187.14869607736418,189.96091464263384,185.29650329694883,186.44078063964844,7119200
2022-06-14,186.88685444888165,188.45781641316165,185.94621271060572,187.6626434326172,6441200
2022-06-15,190.04818824267625,192.81193203419426,186.4116910417025,190.22274780273438,6490000
2022-06-16,185.61651130887364,186.06257999645496,181.85394427251128,183.32794189453125,9887200
2022-06-17,181.27208750742278,185.51952055460222,180.28297102003475,184.2588653564453,15089300
2022-06-21,189.7863712570207,190.77548784271391,187.86629007949745,188.50631713867188,6241600
2022-06-22,185.4613327247243,190.4457569705202,185.24799040005675,187.95355224609375,5138500
2022-06-23,190.20335086488882,191.4834049946629,187.59476781307708,190.68821716308594,4752800
2022-06-24,191.74520104194855,199.41578858661043,191.53185871046273,199.2897186279297,7754800
2022-06-27,199.52245918971002,200.82189717095494,196.47749977256862,197.39874267578125,6121200
2022-06-28,197.82542965214395,200.5309768117313,191.5221684132276,192.12339782714844,4354200
2022-06-29,191.34761450299177,194.5671185487473,191.34761450299177,193.4616241455078,4324600
2022-06-30,189.45662084371224,192.83130036690744,187.0129057644997,190.9306182861328,7045200
2022-07-01,190.83363106666218,193.7525350390056,188.81660071096613,193.1512908935547,4131800
2022-07-05,190.29059406775644,194.49924413642293,188.26385680334326,194.4701385498047,4110200
2022-07-06,193.9464819507458,196.38050497232842,192.65673607014025,195.03257751464844,4111200
2022-07-07,196.4096337363108,197.27269515598528,193.9853022431864,196.66177368164062,4650700
2022-07-08,196.19626650538495,197.9223889956958,194.39256364734817,197.40843200683594,3621800
2022-07-11,195.88596864068043,200.48250610301008,195.88596864068043,198.8533477783203,5353600
2022-07-12,197.0981032935501,201.82069517864977,196.62292910754246,198.62059020996094,6779500
2022-07-13,194.36349508601708,199.3479347825234,193.46165088367937,197.9709014892578,7597300
2022-07-14,193.94651961633608,199.8424955883061,191.98765562506642,199.67764282226562,5605500
2022-07-15,203.03289815815444,205.3020835585345,200.90918151765268,203.6826171875,7245700
2022-07-18,205.09842412009382,206.4657504988276,200.38552356971178,200.9382781982422,4648900
2022-07-19,201.91770691209308,207.62943087472453,201.60738540252382,207.19305419921875,4927100
2022-07-20,205.58330582455676,207.64884094357112,204.8172236012436,206.91183471679688,4460300
2022-07-21,206.69848910826437,210.33498620585482,206.29120320896757,209.646484375,4801300
2022-07-22,211.33382212669454,211.4695988981463,205.6996779892647,207.2318572998047,5071500
2022-07-25,208.08520638917545,208.29854872781485,205.21479161280993,207.7845916748047,4357200
2022-07-26,207.37730851910533,208.6379489769927,205.34086427692017,206.0584716796875,6141000
2022-07-27,204.39054737763678,210.286523451632,195.11019915087235,204.09962463378906,17432200
2022-07-28,204.2644406101293,206.28148586136143,201.6267671890521,204.9529571533203,7477100
2022-07-29,205.58328550049598,207.67791120591838,203.47896779718542,205.68995666503906,6059700
2022-08-01,202.14075166627438,207.51307840123783,201.2776902691052,204.96267700195312,8028400
2022-08-02,201.51039446429817,202.51890964356238,197.75752003700703,200.01699829101562,9939400
2022-08-03,201.694670860575,203.9638413914701,200.61826717844107,202.16983032226562,9520100
2022-08-04,204.1577582188738,208.37610002042945,202.23769223606303,207.00877380371094,6789700
2022-08-05,204.33234264283524,209.4137314990815,204.12869230612637,209.33615112304688,5553700
2022-08-08,208.71553549451292,210.07316996155078,205.63179304518206,206.8633575439453,4063400
2022-08-09,205.58327481082722,206.9893838725505,203.40137684703308,203.89593505859375,4596800
2022-08-10,208.32764834741306,208.3373403461459,204.91418558148467,205.68028259277344,5746400
2022-08-11,207.20057675130934,207.40458778607248,204.57766455424223,205.05368041992188,6639600
2022-08-12,206.91888985794156,207.13261008496167,204.10169024453614,205.29656982421875,6443700
2022-08-15,204.36393536898163,210.55208205810735,204.36393536898163,210.2412109375,5290600
2022-08-16,208.42462163017575,211.39725656034307,206.0737141702189,210.940673828125,6564400
2022-08-17,208.86176918727602,210.00807317746998,206.67600648647897,208.39547729492188,4902500
2022-08-18,207.76402366409698,209.83321707589286,206.3651331785534,209.10462951660156,4516400
2022-08-19,207.99716731723797,209.08518661161966,206.32627207335113,206.74400329589844,4178800
2022-08-22,203.9462357300167,205.21883298534576,202.25590722495056,202.65420532226562,5139500
2022-08-23,202.06161112297823,203.32449915712715,200.63357835851662,200.8958740234375,3525500
2022-08-24,200.73074080297613,202.40163617661545,199.80785134073466,200.76959228515625,4230800
2022-08-25,201.46904977983863,203.91710835406118,200.60445972311066,203.82968139648438,4495000
2022-08-26,203.78108487195118,204.2570859183539,196.91292577752395,197.09750366210938,5060200
2022-08-29,195.50432944474161,198.1369656951036,194.8923111482886,196.55349731445312,4476200
2022-08-30,198.0980763806505,198.57409220295023,194.4940052878745,195.63059997558594,3918200
2022-08-31,195.2614641142028,197.3695089878018,192.96884135555771,193.03684997558594,6559000
2022-09-01,193.04654224650292,194.70771342024537,191.04535764867728,194.41629028320312,5608300
2022-09-02,196.66034648610992,196.6991979651316,191.22994437482836,192.11395263671875,4508100
2022-09-06,192.24996316370246,194.32886572317125,190.79278805688367,192.96884155273438,4547800
2022-09-07,193.0368571833162,195.39747382697993,191.5893911883075,194.69802856445312,4098300
2022-09-08,191.76426939307845,195.36835626706912,191.33684374350548,194.9797821044922,4377600
2022-09-09,196.30092407465486,200.5072898615517,195.6014788337185,199.341552734375,4885600
2022-09-12,200.6044196505846,201.2747225044141,199.09866922610755,200.730712890625,3812300
2022-09-13,196.28150803131743,197.66096548141653,193.1922888107212,193.96945190429688,5217900
2022-09-14,194.2900098817511,195.14489066863925,192.4053944141939,193.71685791015625,4632800
2022-09-15,192.43453586005887,194.59115614585093,188.976176071499,189.7921905517578,6099300
2022-09-16,184.78919784180113,188.28642334818935,182.84629807672962,187.78126525878906,9398200
2022-09-19,186.12012368539766,188.45161285165764,185.26525766527283,187.6161651611328,8133600
2022-09-20,185.6441180087047,187.5190095660843,184.85723098486378,186.58642578125,5292500
2022-09-21,187.0333034849672,187.57731321847047,181.6611851318924,181.6806182861328,6705900
2022-09-22,181.0297423116805,181.86519003789817,179.38798917804263,180.4857177734375,6604700
2022-09-23,178.23194616380212,179.31025633827028,177.02734273637543,178.7079620361328,10755800
2022-09-26,177.81420794715757,179.23253152094617,174.76385542910384,175.4341583251953,9914600
2022-09-27,177.29933654976773,179.5725408459551,171.96608546480903,172.79180908203125,9799600
2022-09-28,172.19922509029522,174.95815441079023,169.83860865843312,174.0644073486328,9751000
2022-09-29,173.7244319901981,177.03708055709853,173.62728104600015,174.9193115234375,9105200
2022-09-30,174.91929264730808,177.69764036760486,172.52953383871616,172.57809448242188,9472300
2022-10-03,174.21985043518964,178.12508383208024,173.06382249054366,176.46389770507812,8842300
2022-10-04,179.76683977522526,180.89372542248876,177.84337277258712,180.34970092773438,7081400
2022-10-05,178.10564653134014,183.4292034158949,177.15362964393051,182.31202697753906,6119900
2022-10-06,181.32116238721403,182.68120147474653,179.96113812283429,180.2914276123047,5163000
2022-10-07,178.2124940482315,179.33937957109097,176.73588594321387,178.58164978027344,5610300
2022-10-10,178.87309918709155,179.504535778813,175.73530491015893,176.978759765625,4743800
2022-10-11,175.2204378628378,176.4541835563147,173.10268390414862,174.0255584716797,6294500
2022-10-12,173.97701467876715,175.4341899948344,173.13185773885738,173.1512908935547,4884300
2022-10-13,170.00374446015732,180.07767588847403,169.61517040207988,179.38795471191406,8426400
2022-10-14,181.45716477965775,181.78746909221903,176.87193376497098,177.40621948242188,6449400
2022-10-17,180.68969281771888,183.18632633359186,177.6296313686143,179.9611053466797,13952100
2022-10-18,184.0800804987319,184.76009258826625,180.43714270856358,181.82630920410156,5209200
2022-10-19,180.19428040184818,182.28289214141515,179.48511117185595,181.0880126953125,4927000
2022-10-20,181.13659643143473,185.5275403141108,181.10743929044847,181.87489318847656,5706700
2022-10-21,180.49543250953266,185.49839462201692,179.76684493063775,184.93495178222656,7582500
2022-10-24,185.94524027840546,187.61613539435444,183.70119324399084,185.26522827148438,7299200
2022-10-25,185.42069050487322,189.65621386870367,185.2749789076126,188.8304901123047,11907200
2022-10-26,190.96766002783352,200.47814986467733,190.88994224203563,197.5249481201172,15450000
2022-10-27,197.5152266421804,200.42957672373265,195.83460742248317,198.45751953125,7946700
2022-10-28,199.14726772622464,205.4811264404876,197.50551470838707,203.3633575439453,8455600
2022-10-31,202.9553369131527,203.63534896424312,200.3129916662148,201.24559020996094,8674100
2022-11-01,202.945637571952,203.97537227389313,199.4678445444469,201.02215576171875,5919500
2022-11-02,199.8855475143941,201.0901508558552,194.85344360808938,195.21287536621094,6985600
2022-11-03,192.6190975560246,193.17283115027155,188.6361467768468,189.18988037109375,8236200
2022-11-04,191.37568010178103,195.69863031711452,189.7630692905748,191.3562469482422,9680100
2022-11-07,192.6579813488828,194.71745071487123,191.5408048956493,194.3871612548828,7821300
2022-11-08,195.9025957912572,198.29235431016306,194.0374137106247,196.0191650390625,6943700
2022-11-09,195.405813166662,196.0191994063075,188.2302281601523,188.81439208984375,7320200
2022-11-10,197.73276240815815,200.33232970881392,194.743752498194,200.14735412597656,8048900
2022-11-11,200.56602872522865,200.98467883863827,196.81758001284993,199.5924072265625,9601000
2022-11-14,198.13199689719764,203.65242962258628,197.8496531681152,201.4033660888672,5796100
2022-11-15,204.45077514648438,208.09210988840448,202.0361832360942,204.45077514648438,7316100
2022-11-16,203.07793959523724,205.32700249940393,202.7274353208033,204.59678649902344,6125300
2022-11-17,202.47432092942813,205.70673638065412,201.85120380290962,205.4243927001953,5385600
2022-11-18,207.54685768705818,208.5204790196557,204.20734364726434,205.2393798828125,8028500
2022-11-21,204.7525722784904,204.99597761527977,200.45889857201772,200.8775634765625,10450900
2022-11-22,202.06540223489435,204.9278518596049,199.93318360108768,204.7818145751953,5273100
2022-11-23,204.4605211165199,207.21587182670157,204.38262961143553,206.14488220214844,3807300
2022-11-25,206.12537814528082,208.35496445242327,205.8138121889158,208.15049743652344,1993500
2022-11-28,206.66086194844567,208.8125716639801,205.09333098414018,205.68724060058594,10229400
2022-11-29,203.8276466122594,204.60653184944792,201.88040380672086,203.5452880859375,8986900
2022-11-30,202.727468140919,211.27586364746094,202.5230010909464,211.27586364746094,13918100
2022-12-01,211.27586364746094,212.8823331658608,209.6207100832309,211.27586364746094,11261500
2022-12-02,210.0393598307044,212.71681892760228,208.58867331895303,211.91845703125,5132800
2022-12-05,209.96146197903738,211.18823452708335,207.43005509593337,208.04342651367188,9006300
2022-12-06,206.40776186889366,206.5343374202774,202.16277145507442,203.56478881835938,5986000
2022-12-07,203.292168202335,203.50636611665598,199.71897914984945,202.32827758789062,7923800
2022-12-08,203.98341726370091,204.75258650090134,202.2698489219385,203.58424377441406,4896500
2022-12-09,202.42562409118972,204.966776479833,202.045912348348,203.1947784423828,4928400
2022-12-12,204.4605091098364,209.1533717356598,203.94449091820485,208.92942810058594,5941700
2022-12-13,213.74884265297712,214.1772384600795,207.01138412602447,207.42030334472656,14585000
2022-12-14,207.23534409005768,210.57485873421612,206.04752466082195,207.6929473876953,7001700
2022-12-15,204.0710358208522,206.23247635253185,201.36436972375466,202.4256134033203,10831800
2022-12-16,202.01671970519058,202.9027039325831,199.8844863558892,201.4325408935547,12472900
2022-12-19,201.17938176081452,201.99722011896597,198.57006885053943,199.41712951660156,4893600
2022-12-20,198.50194602476287,201.0820369253308,198.1806491634363,199.94290161132812,5024900
2022-12-21,201.1209699000422,202.4743029856522,200.1570794128864,201.35462951660156,4086900
2022-12-22,200.32260375768334,201.19885707826546,196.798099031243,199.6508026123047,5690300
2022-12-23,198.7453591366596,200.7997010709756,198.151449434617,200.4005126953125,3246000
2022-12-27,200.48810774797226,201.42279078604548,199.20293528393984,200.8483428955078,2904900
2022-12-28,201.22809532223184,203.029301136715,199.39769690596498,199.5826873779297,3139200
2022-12-29,200.5173287390976,203.02927378872573,200.0792020707833,202.57167053222656,3675500
2022-12-30,200.86782351062973,202.5521843297159,200.27391387759477,202.27957153320312,4159400
2023-01-03,203.7594704993767,206.72901852342386,200.72177670758154,201.91932678222656,4202800
2023-01-04,204.09049954964843,207.57606571274343,204.09049954964843,207.0016326904297,6606200
2023-01-05,208.1602579276888,208.51076222532797,204.90836602287655,205.5412139892578,5246000
2023-01-06,208.3550075176252,212.38580005946244,207.46900835940156,212.00608825683594,6829700
2023-01-09,213.2912672298429,216.3484381182697,212.590258567605,212.8336639404297,6294500
2023-01-10,213.21333870736103,216.52364526049143,212.42469295706292,215.2579345703125,10857000
2023-01-11,215.45262633046127,216.3191485942327,213.90457220579327,216.24127197265625,5408200
2023-01-12,216.2413280297512,217.9062123746588,214.79062673412292,217.72122192382812,4264400
2023-01-13,216.05632098540033,217.85751159948774,214.33300700709657,217.1759796142578,4283200
2023-01-17,216.51395889744998,218.48066367610093,216.50421317420364,217.1175994873047,6101100
2023-01-18,218.16908559700065,219.05508463854835,213.65148288485202,213.67095947265625,6558000
2023-01-19,212.34682327942147,215.67660652781026,211.76264452442715,214.59588623046875,4853100
2023-01-20,215.30664247892088,218.50985044749524,214.59590299463855,218.3930206298828,5211000
2023-01-23,218.6753983434763,220.23318385464518,217.26363526084612,218.26646423339844,5501500
2023-01-24,216.1634178989395,223.9329121701264,210.91559937755179,217.9840850830078,5274900
2023-01-25,215.77397591068072,219.0356136338401,215.33584923976122,218.9674530029297,4729600
2023-01-26,220.03843576875715,221.0899486604946,217.76989613051106,218.782470703125,7043400
2023-01-27,221.985670557315,226.69799438433955,221.2554545357449,225.33493041992188,11382600
2023-01-30,224.1276611126716,224.3418590261894,221.9175361993475,223.0566864013672,5677400
2023-01-31,222.77434158821,224.71185379583554,222.42383724050603,224.13742065429688,11294200
2023-02-01,223.31953404197364,226.5227567427924,221.79095618102795,224.80917358398438,5792700
2023-02-02,227.7884750424804,228.1195027613454,222.3459199880401,223.50453186035156,7190000
2023-02-03,222.65749201086882,224.77024877682905,221.63518651604048,224.05950927734375,5243600
2023-02-06,222.66719492214744,224.18604181804872,222.02460127964076,223.38768005371094,3402400
2023-02-07,222.00518562535828,226.00677071142448,221.93702498718133,225.2181396484375,4042600
2023-02-08,224.26396143817354,225.74387020332344,223.92320284412403,224.12765502929688,4978600
2023-02-09,226.72252558113988,226.7908048186719,223.52279409184305,223.73741149902344,5238400
2023-02-10,223.35701539704743,224.28376450944089,220.62553257732154,221.64007568359375,4509700
2023-02-13,221.32790423985176,224.2057102519137,220.73283127719083,223.27896118164062,4946700
2023-02-14,223.07406189157678,225.75676480456934,221.61076939358082,223.7764434814453,4829400
2023-02-15,222.0204929000633,223.4642855709601,221.24983205557456,223.3179473876953,4407300
2023-02-16,220.53770577596245,222.77165919394858,220.1474854966891,220.30357360839844,3865900
2023-02-17,218.69394943121623,219.2695224997492,216.31367264041523,218.08912658691406,4520200
2023-02-21,214.77233461089716,216.99653815647451,214.60649657030558,215.2210693359375,7276100
2023-02-22,215.0162282033338,216.32343274755775,214.0797143462675,214.63577270507812,4621800
2023-02-23,216.1380674743751,216.6550963296887,213.57242304811112,215.71859741210938,5533800
2023-02-24,213.13343882854528,214.85037832440318,212.13841058658974,214.17726135253906,4414400
2023-02-27,215.3283627601526,216.02099441966865,213.97237898538705,214.95767211914062,4255300
2023-02-28,214.6162380598624,216.34292741579628,214.12847388245362,214.55770874023438,5385400
2023-03-01,214.0894598277722,214.87963541546935,211.13359521080736,213.01637268066406,4792700
2023-03-02,212.55788282398004,214.22604294024313,211.77745712564283,213.69924926757812,5539300
2023-03-03,214.81134760609137,218.53787318535126,214.51868611323414,218.2939910888672,6055400
2023-03-06,218.45008289499378,221.85468261018025,218.21596558910383,221.20108032226562,5737600
2023-03-07,221.20107278511497,221.81566046290104,217.6208852125015,217.70867919921875,4386800
2023-03-08,216.52828766784174,217.47453651016517,215.76736183023644,216.75265502929688,4194900
2023-03-09,215.981991018502,218.879311680917,214.28458105674392,214.62600708007812,5066700
2023-03-10,213.66996902862175,213.75776300587123,210.206840478432,210.85069274902344,6638900
2023-03-13,209.377660989288,212.51886356411708,207.29978077630219,209.22157287597656,6810800
2023-03-14,212.66518396030958,214.48941724288554,210.75314181183248,213.3090362548828,7985600
2023-03-15,209.16304593123522,211.6018669092533,208.44114956300436,211.0750732421875,8372200
2023-03-16,209.90441309970856,212.25543976963502,203.65127340499325,212.1286163330078,13674600
2023-03-17,209.61177844788259,213.30903934743478,209.61177844788259,212.0701141357422,18801200
2023-03-20,211.68968686292018,215.15281605365303,211.53359872868583,212.81153869628906,9817400
2023-03-21,215.92342082019078,217.06478709457338,213.3285120842202,216.51849365234375,8971400
2023-03-22,217.05504911362203,219.396311104965,214.53818428596895,214.65524291992188,6700600
2023-03-23,215.04545766447595,219.7377463366635,214.86985483266596,217.14283752441406,6427700
2023-03-24,215.26985758285727,215.91370992130553,212.9090805605962,215.63079833984375,4791500
2023-03-27,217.14282305268935,218.59636546013215,215.97219216503538,216.3819122314453,7210900
2023-03-28,217.3672578613671,217.86477201553362,213.29929109789424,214.9381866455078,6418400
2023-03-29,216.8502017831246,218.07937709545087,215.5137326366183,217.8354949951172,4483000
2023-03-30,218.44029404870744,218.75247024811657,215.79662070484596,216.91847229003906,5383900
2023-03-31,218.12814363815588,220.31331760172733,217.82571734784335,219.942626953125,9509000
2023-04-03,219.71824998141767,223.55208420499704,218.63541289838642,223.39599609375,6421500
2023-04-04,223.39599532866316,224.42030308781412,221.279100565288,222.0887908935547,5254700
2023-04-05,221.23030472258068,222.87894991663092,221.0059373834756,222.58628845214844,4813600
2023-04-06,220.62550906417698,221.18155251819925,219.1817162980296,220.4596710205078,4285200
2023-04-10,220.0401805647766,220.93766489446764,218.83053489168,220.88888549804688,4952200
2023-04-11,221.44495330823844,223.53258355017834,220.6645275882254,222.85946655273438,4513300
2023-04-12,224.30322272695875,225.9226033341452,221.76685798938797,222.235107421875,4373000
2023-04-13,223.84474457893683,227.14202032168726,223.20089228728122,226.99569702148438,7615500
2023-04-14,227.2883588316245,229.2394155591483,226.55671255880307,228.29315185546875,9781300
2023-04-17,228.29315107231292,228.32241573229487,225.2885219359878,227.766357421875,4865000
2023-04-18,228.02976141486073,228.59556966793275,226.02017531089783,227.88343811035156,4796200
2023-04-19,228.2736453158662,228.3321746381322,226.17626521262963,226.87864685058594,3833900
2023-04-20,226.77131776342432,228.92722699528994,225.83480403513659,228.85894775390625,4925700
2023-04-21,229.24915186755385,229.8052101468536,227.66880077544826,228.32240295410156,6771500
2023-04-24,228.49800801028005,229.39549233257685,225.84456962897576,227.06398010253906,9124100
2023-04-25,227.3176431940935,229.26870009072198,223.8154847517544,223.97157287597656,6076500
2023-04-26,225.5616978357964,227.07376996692417,221.17181964661577,222.5668182373047,8400400
2023-04-27,223.07407038694205,224.0105841708925,221.0644843281572,223.40574645996094,7128200
2023-04-28,223.05454121162254,227.85415357625328,222.4789830835768,227.03469848632812,11627900
2023-05-01,227.1712744076857,228.84918430369132,225.84455530120178,226.82008361816406,4571100
2023-05-02,226.27379200510944,226.6835121153609,220.67426894629196,221.4254150390625,5244000
2023-05-03,221.42543380316962,223.07407919377923,220.39137607270925,220.4499053955078,4093300
2023-05-04,219.33778207155868,220.52792780288792,218.0110629719809,220.07919311523438,5648700
2023-05-05,222.75215111626468,226.65426471333495,221.72784331995734,226.10797119140625,6237500
2023-05-08,225.59093765040402,227.73709710719095,225.59093765040402,226.5469512939453,2938400
2023-05-09,225.42509784904507,228.3614328882176,225.17146583121882,227.55174255371094,4352100
2023-05-10,228.56627733269787,229.06379139317298,223.29841572746056,225.6104278564453,5245000
2023-05-11,225.54204658141623,226.2946721046547,223.11802356125446,225.79617309570312,3818000
2023-05-12,226.76382365277124,227.4773435770253,224.6330328135678,226.15782165527344,3432700
2023-05-15,225.97209455237987,227.57507951379665,225.3465398092514,227.55552673339844,2843200
2023-05-16,227.31115122104526,227.83897184928753,224.44728806662096,225.26832580566406,4289700
2023-05-17,227.4773356132368,228.61115827126306,225.34654484863057,227.39913940429688,4990100
2023-05-18,227.15475441704223,228.86525713076813,225.91342890030631,228.3276824951172,6621900
2023-05-19,228.71867975077376,229.05100245813463,226.70517581106702,228.04425048828125,5399400
2023-05-22,228.0442561267976,228.59161469702028,225.9623248588268,226.06007385253906,3987800
2023-05-23,224.09544184977736,224.31047770201369,218.61205744655535,219.51129150390625,8537200
2023-05-24,217.52711879506424,218.06470844923982,215.06399023418888,217.23388671875,6730800
2023-05-25,217.42933060738494,219.61877947956833,215.5135758943247,218.33834838867188,6827600
2023-05-26,218.76845009713708,221.10450784486602,218.29927282936723,219.93157958984375,5067300
2023-05-30,219.9315848508152,220.38120934791615,214.79030687900553,216.6376495361328,6916000
2023-05-31,214.99552416064932,216.5300816107871,211.26173414473845,216.04136657714844,20460600
2023-06-01,217.70302343718856,221.59320635667635,217.40979139543,221.387939453125,7003600
2023-06-02,223.64578874081556,225.07284331261633,222.2871614379698,223.62623596191406,5897100
2023-06-05,222.766109989002,223.17662886397494,220.22478562271164,221.65184020996094,4858900
2023-06-06,221.5736401392304,224.07585890360565,221.05560335978083,223.06910705566406,6020100
2023-06-07,221.87666486377194,222.41425447958215,216.03163619449452,220.1857147216797,8517200
2023-06-08,220.0097899387903,220.05866443829058,217.39028380689174,218.01583862304688,6248200
2023-06-09,218.59247842839034,220.09771429897512,217.73233512268447,218.5142822265625,6385000
2023-06-12,219.34511214880763,221.3390631707209,218.5827177950407,221.0653839111328,8621100
2023-06-13,220.52782189765134,222.02328907966753,217.6053148142721,218.35792541503906,6868700
2023-06-14,218.6902352125455,220.38118525850757,217.55641261718554,218.39700317382812,9160700
2023-06-15,217.0090545952088,221.9841706744932,216.37371602413563,221.0653839111328,12534000
2023-06-16,221.33907582782064,224.61347311182317,220.97743141005628,223.74356079101562,13628900
2023-06-20,221.8766641526194,224.38866702462582,221.07516419808914,221.35862731933594,12312300
2023-06-21,221.0165013521254,223.46986058057666,219.90223157464254,222.12100219726562,7032100
2023-06-22,221.25112346881218,223.7631115861874,220.4105328136121,223.2353057861328,6275500
2023-06-23,222.0916959038397,224.78939794334053,221.28042703106482,224.36911010742188,5424400
2023-06-26,224.2616203047482,224.90672791064404,221.09474062395313,221.19248962402344,5165400
2023-06-27,222.34582401029525,223.45032494015078,221.40749934381404,222.208984375,4628500
2023-06-28,222.36537797196135,222.9127365160496,220.91878540338504,222.81500244140625,5324500
2023-06-29,223.6262457139138,229.4028616931805,223.44054650665296,229.0314483642578,7118900
2023-06-30,230.9374501915115,232.90207963204068,230.62466535145,232.12013244628906,6879400
2023-07-03,231.65098198838365,233.01937844787034,230.09687138488027,232.59909057617188,3087400
2023-07-05,229.11945755058153,234.58328976182716,228.7089385832268,234.0457000732422,7601200
2023-07-06,232.8923228258906,234.19230692058522,231.34798115507454,233.48855590820312,6441800
2023-07-07,231.38706734835614,233.05847969917258,230.80061812560143,231.11338806152344,5729500
2023-07-10,231.6607363120012,233.70357685294505,231.1622522577126,232.7847900390625,4858900
2023-07-11,233.42013075368533,235.26747344941097,232.7457014511437,235.12086486816406,3856500
2023-07-12,236.09828538481202,238.44411207384152,235.78550053859348,236.74339294433594,6116000
2023-07-13,238.28770480616686,238.75688204626638,237.66215006710223,237.81854248046875,5819600
2023-07-14,239.206509083413,239.21629293146475,236.49903793673127,237.6719512939453,4941200
2023-07-17,237.62305672389058,239.83204360861478,237.51553880522164,238.4832000732422,4328100
2023-07-18,237.61329064994067,237.69147194227577,232.31560577295042,235.33587646484375,7674000
2023-07-19,235.80503006598343,237.1147829229559,234.7005291939987,235.97119140625,4835500
2023-07-20,235.71710410126894,236.15694477087962,233.67427827248812,234.21185302734375,4695000
2023-07-21,234.32913540455326,234.92536845846467,233.34192129882985,233.85018920898438,5427400
2023-07-24,234.27049092701938,235.83438539802714,232.81412930172647,235.30657958984375,6010000
2023-07-25,234.60280993418763,235.365204326784,233.1757552241677,233.30282592773438,4997500
2023-07-26,226.1968917924807,233.4592058279615,222.54129752865688,231.7487030029297,7551400
2023-07-27,232.0614805491544,233.2734993885614,227.7021501292901,229.14874267578125,8160100
2023-07-28,229.28557716160893,230.55623939925704,228.43521766371882,230.42916870117188,6794800
2023-07-31,230.67353655578577,233.038915945994,230.67353655578577,232.36448669433594,4799600
2023-08-01,231.78779473303047,235.29676553677942,231.65095510296342,234.3682098388672,4627300
2023-08-02,233.2441759658694,233.40055346464567,231.445693043129,232.1983184814453,4868200
2023-08-03,230.6735441567675,233.65470946879265,229.94047145287948,233.37124633789062,5033800
2023-08-04,232.62839278838194,236.450148535076,232.47200037343757,233.59605407714844,5169700
2023-08-07,233.82083465247834,236.71401945750657,233.81106572045596,236.05914306640625,5649800
2023-08-08,234.99376787097245,235.91255464909537,232.03215554581524,233.88926696777344,5080600
2023-08-09,235.07198236533,236.50880607023703,234.08478315160852,234.3486785888672,4055000
2023-08-10,235.6315310953134,238.89249629323666,235.1125200971478,235.1810760498047,4778000
2023-08-11,235.02438869967256,235.72946306116745,233.47714301430594,235.0635528564453,3607100
2023-08-14,235.72942990355477,238.28532036885105,235.27895998056613,237.86422729492188,4351100
2023-08-15,236.99269240743442,237.63901300754355,234.38785034394837,234.85789489746094,3770100
2023-08-16,231.6263264726493,236.07221285848536,231.12690502611278,234.3291015625,3218600
2023-08-17,235.02436315108753,235.396489840993,231.58713721928365,232.44888305664062,4177600
2023-08-18,230.69601390658752,234.0940758967614,230.42181999462372,233.23231506347656,4344800
2023-08-21,234.41723170033947,235.543384178355,232.83080702026578,234.49557495117188,3573600
2023-08-22,235.02436002140303,236.42470632748962,233.72193156652418,235.58255004882812,3848400
2023-08-23,236.3170393650193,237.51173297448483,235.7294723930307,237.27671813964844,4947700
2023-08-24,237.22775109332247,238.51059020483098,234.39766623938078,234.50538635253906,4570700
2023-08-25,236.3757603825529,238.3636736120058,235.23001839383718,237.5410919189453,3541500
2023-08-28,237.9719258797599,240.14590216834122,237.57043733142055,238.77493286132812,3741500
2023-08-29,238.45179702190526,240.73349362839116,238.3538642289013,240.25364685058594,3975600
2023-08-30,241.31127697872216,243.083750095507,240.94895251290023,241.12521362304688,4573300
2023-08-31,240.49849358639005,242.87812327970653,240.36139662472414,240.5866241455078,5532600
2023-09-01,242.33948603368455,243.71045544270694,241.65400132917335,242.96621704101562,4112900
2023-09-05,243.20125357611678,243.53420116441612,240.1165499058482,240.25364685058594,4459600
2023-09-06,240.3320224858361,241.54632054748188,239.1471162200096,241.0566864013672,4520300
2023-09-07,240.41034291402616,242.2709465156081,240.02842891401949,242.01634216308594,4007900
2023-09-08,242.65285735985498,242.99560720211107,241.33085427353876,242.16322326660156,3309100
2023-09-11,242.2024161492675,243.2110612433912,241.16439420327205,242.09469604492188,2995800
2023-09-12,241.82051274637578,242.6235049701943,240.9097854710355,242.1730499267578,3499600
2023-09-13,242.02615216990438,244.87582648321086,241.49735386738433,242.6920623779297,5657000
2023-09-14,239.9207095823426,240.4495078369495,233.80028331748693,236.49327087402344,12000000
2023-09-15,236.88496877800847,239.0393707462733,235.0537420474301,236.0721893310547,13077900
2023-09-18,235.94488954647875,240.14594367528784,235.7784157405998,239.5877685546875,4771600
2023-09-19,239.92072302202712,240.03823043131177,236.45411996610017,238.5105743408203,4709000
2023-09-20,238.57914959352286,239.46048511935797,236.6597770793822,236.84584045410156,5756600
2023-09-21,235.77842573016486,235.788213033591,231.37171851183095,231.7046661376953,6881500
2023-09-22,231.84175125759413,232.86018363247553,230.01052446641395,230.2063751220703,5935500
2023-09-25,230.50015969072382,230.58829024482802,227.39588120910437,228.52203369140625,5921600
2023-09-26,227.12167693686334,227.84634081759248,224.8399950749012,224.88894653320312,6193200
2023-09-27,225.4862733085727,225.89756412839026,223.19478947996956,224.74203491210938,6006700
2023-09-28,225.88780360696046,227.71903043806245,224.9085353648828,226.85728454589844,4203900
2023-09-29,228.0128319925779,228.19889536412887,224.8889636616716,225.2415008544922,6045200
2023-10-02,224.4874438379076,226.57327490857796,224.02718659611702,226.47535705566406,5175200
2023-10-03,225.69196468500314,226.9454269046578,223.05773058601926,224.06637573242188,5585700
2023-10-04,224.72245957533622,226.89643614786928,224.13490762806444,226.4263916015625,5430900
2023-10-05,225.63321099507877,229.3348439475307,225.44714762860156,228.63955688476562,6126200
2023-10-06,228.33597894151595,231.6850746056953,227.92468806441826,230.16720581054688,6401300
2023-10-09,227.97365154689717,230.2945125173905,226.89645049511464,229.57965087890625,5372200
2023-10-10,230.03008689525817,233.2812643883469,229.42294541212928,231.69485473632812,4644000
2023-10-11,232.62515643100116,233.56524550505316,230.0202995164323,230.79391479492188,4760900
2023-10-12,231.8025985176137,232.8014413933792,230.02032309575134,231.8711395263672,4472800
2023-10-13,231.48922883312747,233.70236977354523,231.3325423216515,232.74269104003906,4966800
2023-10-16,234.0451170605295,235.71967238070243,233.389009111236,235.0929412841797,6227300
2023-10-17,234.66203490212916,236.4736720399164,233.3498042062149,236.19947814941406,4527600
2023-10-18,234.9851970920334,235.83715561996084,232.0767694262403,232.54681396484375,9528300
2023-10-19,232.54681740898667,232.98748510435684,228.57099096317907,228.9626922607422,5927400
2023-10-20,229.27606184662827,230.882061050693,227.81694689135594,228.54161071777344,5748300
2023-10-23,226.563491409011,229.59922880678448,226.48514815989685,226.72996520996094,5071700
2023-10-24,228.06172622581698,231.62626118412246,228.06172622581698,229.7852325439453,6844100
2023-10-25,227.4350721791921,233.53590975925198,226.49496799722917,231.93971252441406,10365300
2023-10-26,229.70695401652748,230.72538639277332,225.58422822705816,226.4851531982422,6414500
2023-10-27,226.37741871222414,226.59285890278,223.30251728809088,224.51681518554688,5540900
2023-10-30,227.37626995340668,228.54160142124488,225.2610472021598,228.24781799316406,5170300
2023-10-31,228.7276730476089,230.8330936306841,228.15969571738455,230.2259521484375,4828400
2023-11-01,231.2444177752961,234.08428989301342,230.79394777870135,233.6338348388672,4996200
2023-11-02,234.93626342771455,238.20701599121094,234.24097635415225,238.20701599121094,6286700
2023-11-03,240.038205229711,240.23407081455184,237.23749771037353,238.5497283935547,5029800
2023-11-06,238.9414685799237,239.70529666933248,237.58028622136715,238.44204711914062,5254100
2023-11-07,238.36367500337818,239.98926379375808,238.33429815291504,239.6954803466797,4219700
2023-11-08,238.9496651712286,240.18616465266004,238.27252915487583,239.36183166503906,5117500
2023-11-09,239.7739819993836,239.92117896073154,236.47663529686352,237.13414001464844,4866600
2023-11-10,239.43051154743387,240.6964653601232,237.45799731919078,240.6768341064453,4094400
2023-11-13,240.43149906268863,241.0988119540753,239.55809544057414,240.10765075683594,4088500
2023-11-14,241.57966588787335,243.30684177481518,241.0006712124748,242.33531188964844,14092000
2023-11-15,242.20774329223912,243.6110859369796,240.76515311426704,243.48350524902344,13258900
2023-11-16,243.95453754309128,244.79850171814167,242.65915937572225,243.93492126464844,7051600
2023-11-17,244.7985141890786,245.57379148055787,244.0232518718584,244.90646362304688,7238200
2023-11-20,244.95553493554908,246.25091317242808,241.02031460339595,245.30882263183594,8604200
2023-11-21,245.36769867644028,248.61597483346932,245.36769867644028,247.52667236328125,7213700
2023-11-22,248.28230100757804,249.79357799025502,247.94864459214074,248.98887634277344,5701400
2023-11-24,249.45014077263562,249.95062545063874,248.7730047543458,249.55809020996094,1640900
2023-11-27,249.55806682419046,250.22537966566156,247.81125971062414,249.4010467529297,5478900
2023-11-28,249.1164846009767,249.4108785446865,246.91824831763242,248.22344970703125,5234900
2023-11-29,249.18514759523725,251.29506549280853,248.7926123918212,249.48936462402344,4955100
2023-11-30,249.5089659655518,251.98196440427674,248.4491030742741,251.89364624023438,6874700
2023-12-01,251.02030291215112,252.1194285668748,249.1655461517386,251.6680145263672,3939400
2023-12-04,251.13805522686752,252.59046847958118,249.60714690981254,249.69546508789062,5247500
2023-12-05,249.45012296314803,250.06838014862166,247.43834630622112,249.86228942871094,4199100
2023-12-06,251.03011625696553,252.04089373863553,248.8024406134106,249.5482635498047,3874000
2023-12-07,250.137107938722,251.36381437075735,248.77302763664733,251.04977416992188,3589300
2023-12-08,250.2450305268256,251.26564609573592,249.13609677625746,250.9712371826172,3732300
2023-12-11,250.2450483585618,252.8260118843762,250.2450483585618,251.7366943359375,6479300
2023-12-12,252.5021185663658,254.87700603800323,251.61890684331684,254.71998596191406,5946600
2023-12-13,254.31767565955195,257.58559858504475,253.86626157337045,257.4874572753906,4859900
2023-12-14,258.28231330644894,258.3411920939507,251.61891766799414,253.90548706054688,8168700
2023-12-15,249.7641693106045,253.55219283341742,249.70529052114136,253.21853637695312,13374000
2023-12-18,253.87609417406728,254.7494829810174,253.1400792469471,253.55223083496094,6041100
2023-12-19,253.78771096168444,255.4854626071281,252.4040294445861,255.14198303222656,8731200
2023-12-20,255.64242873573585,255.9564688492733,252.28618866289577,252.3156280517578,7240900
2023-12-21,252.70821778938358,255.14195403513457,252.24698068659748,254.7003631591797,6246700
2023-12-22,255.15178489399324,256.33921366118426,253.4049777184289,253.61105346679688,5111500
2023-12-26,253.70919641562145,254.8966251905688,253.70919641562145,254.32745361328125,2085100
2023-12-27,254.41578577845223,254.92607859816098,253.49331148813775,254.10174560546875,4034700
2023-12-28,253.71899419526153,256.10367462082104,253.71899419526153,255.54429626464844,3020500
2023-12-29,255.71113809861453,256.5845266260539,254.8279264584296,255.4952392578125,4074900
2024-01-02,254.76905361960223,255.24011387003222,252.86525623517966,254.04286193847656,5471000
2024-01-03,253.72879728207138,254.03301430553284,252.07030837428954,253.16944885253906,4148300
2024-01-04,253.25776571366382,256.1723852044021,253.18906381878242,254.76902770996094,3843000
2024-01-05,255.9172512035455,256.58456410038985,253.92510567867384,254.8475799560547,3748400
2024-01-08,256.0742384864324,257.7229042375185,255.10270865963435,257.6444091796875,4659000
2024-01-09,257.1144610308946,258.7042479447432,256.2705119081409,258.4196472167969,7055800
2024-01-10,260.0291589434606,260.42169423427157,257.95848811550906,259.6268005371094,4355800
2024-01-11,260.509956004217,261.22635446746,257.5070182545668,259.10662841796875,5599000
2024-01-12,260.18613961713856,260.5982911280437,258.7926051051545,259.2440490722656,4656100
2024-01-16,258.6061389778815,260.70624883163464,257.4579727070871,260.2940673828125,6196400
2024-01-17,259.48936045394225,262.1193791747067,259.4599210633559,261.65814208984375,5118700
2024-01-18,262.88485327826675,263.7680650115655,261.45208624653685,263.1400146484375,6694300
2024-01-19,263.1792294943733,266.0938489820656,262.07029585836193,265.8485107421875,7226500
2024-01-22,267.163529888237,267.2714942909613,265.3185814650942,266.1429443359375,5984300
2024-01-23,266.4864446391904,266.80048484513054,264.87704099366124,266.2018737792969,5883000
2024-01-24,267.48742224030997,267.7719930769987,266.02518575311484,266.5845642089844,5021700
2024-01-25,266.8789751843477,267.69348504233733,265.75039521271555,267.5266418457031,6894900
2024-01-26,260.98098929339125,265.8190518410444,260.64733290546826,262.9436950683594,8586500
2024-01-29,261.9918138490524,269.9407792067522,261.7366524833443,268.55706787109375,6574500
2024-01-30,269.46973319082184,273.4442310535119,269.0771979564684,271.98199462890625,6549000
2024-01-31,271.9525283257164,274.769006537877,268.0859952554599,268.1645202636719,6139300
2024-02-01,268.29209418054745,272.02122336672903,268.2626248418237,271.8838195800781,7065000
2024-02-02,272.43338817071367,273.3068067038703,270.5393840946647,272.01141357421875,4848700
2024-02-05,272.2273233566402,272.8161411618009,269.99966276962715,270.4412536621094,4899100
2024-02-06,269.6758304847922,271.7170617840773,268.92019934960246,271.59930419921875,4400000
2024-02-07,274.1703831861177,274.32740324691304,271.8936372273564,274.1802062988281,4785900
2024-02-08,274.83895873507424,274.95693588343585,270.65058994207027,271.1421813964844,5833400
2024-02-09,270.3752752521567,272.51860659674594,269.4805752862538,271.7812194824219,4618300
2024-02-12,271.78123663070176,272.0172209251389,269.62806372067047,270.4441223144531,3676200
2024-02-13,269.14636767126126,273.3248957538288,268.1730260251898,271.1717224121094,5493800
2024-02-14,271.8206678678677,272.9710054449535,270.09025578759196,272.892333984375,4218400
2024-02-15,272.98074466113985,276.39239075523545,272.8922617946741,276.2547607421875,4834800
2024-02-16,276.23512177504847,276.39243467521743,273.19708952618237,273.87548828125,6630700
2024-02-20,269.9525941456468,272.18440900734527,268.7432681168398,270.5228271484375,6157200
2024-02-21,270.0115587657339,272.31220344208515,268.93005143812485,272.1057434082031,4770100
2024-02-22,274.48505638736725,279.28299481623236,274.2884377658827,278.97821044921875,5100200
2024-02-23,279.9318792094945,281.1412051626237,278.73239468826284,278.8307189941406,5107700
2024-02-26,278.2801107701653,280.55126098595633,277.9064964481976,279.3714294433594,3856900
2024-02-27,279.39108078902274,279.39108078902274,276.80530511964076,278.40789794921875,4145200
2024-02-28,277.3559337702765,281.31816010966486,277.33625090723734,280.8265686035156,4358800
2024-02-29,280.69872962921534,280.85604250028405,277.4345550643541,277.8868408203125,6633700
2024-03-01,278.4374070059621,280.11864134999956,277.3657112498838,278.3980712890625,3955700
2024-03-04,278.05397286206045,278.2407800263848,273.4526837715052,275.81231689453125,5920300
2024-03-05,275.55671902447165,276.26461206278367,273.01027837391837,274.68170166015625,6227900
2024-03-06,275.2912582583988,277.25762438881594,274.6128595430556,275.7140197753906,4535200
2024-03-07,276.15640917076723,276.4415406041275,271.51578482680645,273.5804748535156,5668500
2024-03-08,274.3080781238643,276.9331901379386,274.1409237990719,275.3305969238281,3928800
2024-03-11,274.7504782388998,276.04825688641006,273.31500957651366,275.841796875,4614000
2024-03-12,276.5792015285847,279.69590477513407,275.57636569118955,279.14532470703125,7988700
2024-03-13,279.8728490022521,281.28863478410346,279.04697896356566,280.34478759765625,5783800
2024-03-14,284.1005494563911,284.1792208983303,279.76470885368,281.59344482421875,5484500
2024-03-15,278.78149319710155,280.8265303868246,277.8868231815031,278.28009033203125,9845000
2024-03-18,279.0961683376649,281.4164959440444,278.48659964575836,280.2563171386719,4095600
2024-03-19,281.8392404943472,283.2156906842627,280.45294887310115,282.51763916015625,6595200
2024-03-20,282.8027870498298,284.9952660496657,281.89824544144284,284.4151916503906,6105000
2024-03-21,285.0935797191708,286.06692130146143,283.0583836795044,285.4868469238281,5057600
2024-03-22,285.1230420958549,285.6047921173109,278.13262605208087,278.49639892578125,8744100
2024-03-25,278.250674194636,278.7324243390092,275.33061902519546,276.4809265136719,8519200
2024-03-26,279.35176854918734,279.35176854918734,273.7279610327444,275.8811340332031,8752400
2024-03-27,275.53699294000705,276.5201757872506,272.32199583109,274.3276672363281,5190700
2024-03-28,273.8066138845211,275.0945811662667,272.45965802531856,274.3866882324219,5844400
2024-04-01,275.64516608950964,276.16628187351216,272.13522565143967,273.60015869140625,5084000
2024-04-02,273.3248738864712,274.6324940740079,272.3220380284588,273.7574768066406,6912300
2024-04-03,275.76316078517993,275.76316078517993,271.90907047282224,272.3023376464844,4536600
2024-04-04,273.67878349491116,274.3866763982249,268.9595174757274,269.3921203613281,4018600
2024-04-05,271.45685132430845,273.2855574303677,270.404838239537,272.4793701171875,4392100
2024-04-08,271.6042818931533,273.3051991478462,270.52277467931276,273.0888977050781,5542400
2024-04-09,272.96107577998316,273.3248486555536,268.72355984326214,272.0663757324219,7313900
2024-04-10,270.7882384849659,272.16468849816795,269.5100827549955,269.8640441894531,5276000
2024-04-11,269.39211369436504,271.83041807973797,267.602713621334,271.0438537597656,8102300
2024-04-12,270.9160747026374,272.3417021125539,269.4511415742591,271.3191833496094,9038400
2024-04-15,273.2166885215366,273.2363413763869,265.7936402205955,266.71783447265625,10267500
2024-04-16,265.99030639155944,269.5199293519341,265.6265335244209,266.78668212890625,8237100
2024-04-17,268.7039448530741,269.3921850648413,266.93422717191396,268.1042175292969,5940900
2024-04-18,267.98619756879674,268.55643050699945,265.32175003508047,266.8063659667969,8231800
2024-04-19,266.904653954409,267.4257396734513,263.77813964015553,265.2430725097656,7905400
2024-04-22,266.3934159215718,269.1561574408196,264.8301287233719,267.75018310546875,6463700
2024-04-23,269.40194985636646,270.2671555892358,268.12379411304204,269.500244140625,6438000
2024-04-24,277.81803897253087,278.2408004789247,269.87390320234886,270.3949890136719,8807200
2024-04-25,268.37945023678463,271.5747948144634,265.9411457267085,270.5326232910156,8064600
2024-04-26,270.3851614116795,272.11554305658734,269.22498268990165,269.90338134765625,6840600
2024-04-29,267.74043234782926,269.85427003844217,266.53110631810426,267.26849365234375,4128600
2024-04-30,265.98049801521427,267.5044196762189,264.0632791474278,264.0927734375,6376400
2024-05-01,263.6405221169213,266.35411686694795,262.22473616076525,262.8244934082031,6119900
2024-05-02,264.82037816458944,264.9383553377523,262.16577175095443,263.109619140625,5061700
2024-05-03,264.4762254088485,264.91866975793226,262.0182679236362,263.97479248046875,3862000
2024-05-06,265.1153016970393,268.19266942410326,265.03666025547466,268.08453369140625,3958700
2024-05-07,269.11684871195865,273.2068935431158,268.24180145042567,271.8107604980469,6377100
2024-05-08,273.12823065742197,273.8656179216206,270.2966887665655,272.52850341796875,9029700
2024-05-09,272.1450152733265,274.1015696512826,271.75174811339656,273.85577392578125,8948800
2024-05-10,274.84880860263104,276.30393031278595,274.54402425861485,276.018798828125,8986400
2024-05-13,276.726663698511,277.4050623318907,274.4063663470507,274.6914978027344,10528400
2024-05-14,274.74060612407783,275.28134466645156,269.6575378074606,273.0691833496094,18526100
2024-05-15,272.489109473958,276.9921035409655,272.410468051167,276.7659606933594,21288400
2024-05-16,277.51456494339175,278.1449809044727,275.071778243922,275.64306640625,10341500
2024-05-17,275.84996279168695,276.6970806486535,273.929225780701,275.89923095703125,6177800
2024-05-20,275.03240436134945,276.066644981605,274.00799332555073,274.36260986328125,5460900
2024-05-21,273.83073632570364,274.25428025024985,270.7575328714876,271.8114929199219,6578200
2024-05-22,271.3977833750307,273.90952814950606,270.9939286747617,271.447021484375,4202500
2024-05-23,271.11211125728016,273.27912904322085,268.93526388587685,270.1172790527344,6115900
2024-05-24,270.88551148652965,271.11204279338045,269.25040394457784,270.373291015625,4339700
2024-05-28,270.1172740780636,270.34380543794833,266.177263674293,266.916015625,6212100
2024-05-29,264.9656430348953,267.0735625792349,264.2367508851157,264.8277282714844,5469700
2024-05-30,264.6701881597718,267.56609796255077,264.2860227496583,267.2311706542969,4901900
2024-05-31,267.36911794719543,268.6693286412194,264.9755687558524,268.3738098144531,8910000
2024-06-03,268.9943300570037,269.03373857391074,264.03976866710053,266.3249816894531,4838800
2024-06-04,265.58624605168694,268.8958402368667,265.2710380169386,268.33441162109375,4188500
2024-06-05,269.42778592965885,270.80678369051935,267.94042224121466,270.38323974609375,5368700
2024-06-06,270.67867527519513,272.9934371647316,269.9694722720157,272.8851013183594,4862400
2024-06-07,273.5450375720479,276.125739328634,272.70777942982414,274.49066162109375,4515600
2024-06-10,273.9686139056305,274.38229812832316,269.27999231583914,270.91510009765625,5213800
2024-06-11,270.42260404071345,270.73778200600526,268.13739094796995,270.5506591796875,6244600
2024-06-12,272.61911689865536,273.43668576459487,265.8521548858296,266.265869140625,7536600
2024-06-13,266.2658858773216,267.78276810051005,265.2808833667306,267.1228332519531,7361200
2024-06-14,266.04923097983635,267.477466835803,265.2316619185146,266.600830078125,8537300
2024-06-17,264.965620149861,267.7531634477649,264.965620149861,267.10308837890625,9258200
2024-06-18,267.23117485132076,269.7921874459593,267.23117485132076,269.5163879394531,6707500
2024-06-20,269.0928321543689,273.87010023408544,269.00418553761835,272.66839599609375,10164400
2024-06-21,273.0131742528709,273.3776203924522,270.46199115601667,271.0924072265625,14594700
2024-06-24,271.1909361261973,276.18490676343623,271.14166795788475,272.1562194824219,24149600
2024-06-25,272.69791902265433,273.761708382728,269.4277038574219,269.4277038574219,18325800
2024-06-26,268.8170194956235,270.3437612536,267.6744130580877,269.4966735839844,12172000
2024-06-27,264.48304552353915,266.53183761051224,262.5031807698617,262.5918273925781,10529100
2024-06-28,263.1927344995672,264.57173227301394,257.3319563875475,258.5336608886719,13957300
2024-07-01,259.83376148081413,261.7840467690693,257.3810853475743,259.2919921875,7955800
2024-07-02,259.29203175676724,264.20721435546875,258.4646333173205,264.20721435546875,8697800
2024-07-03,265.0345970530707,265.70439145571316,264.1283816389938,264.9557800292969,5017800
2024-07-05,264.96567833324076,266.4924202178958,264.217066797595,266.3052673339844,7986400
2024-07-08,266.19695972630404,267.36911525625493,261.9811496886311,262.4046936035156,8561100
2024-07-09,262.9956774812605,263.5374168528644,259.9618828924733,261.4590759277344,6431300
2024-07-10,255.23384945610178,259.52847609603816,254.6330123446287,259.0556640625,9635500
2024-07-11,258.1987120207512,259.6762157815445,256.8492633954758,258.6123962402344,8803600
2024-07-12,260.37558002802217,263.3896855369923,259.7057854837829,261.75457763671875,6627800
2024-07-15,261.6856140696345,265.20204996997074,261.2718998143595,264.4239196777344,6845200
2024-07-16,264.49285144051026,266.1575080134189,263.36010461619526,265.2119140625,7869900
2024-07-17,264.4141086650466,268.81707162792276,264.21709611489274,268.6102294921875,5324700
2024-07-18,268.20638718828275,269.51642752161155,264.53231638354873,265.11346435546875,5550800
2024-07-19,266.2658876297468,266.8864440250859,260.34601288296847,261.478759765625,6839900
2024-07-22,263.2222558317478,264.37469204113626,261.04537844086946,263.6950378417969,5313600
2024-07-23,263.51771433584446,263.6851779851077,259.90274197958075,260.8188171386719,8109200
2024-07-24,252.22960710175067,253.3426647791927,249.33369723544922,250.35809326171875,13065900
2024-07-25,251.5597725501534,254.347331258944,248.91011358176493,249.9345245361328,8573300
2024-07-26,251.75674087660195,257.2826195561952,251.75674087660195,255.56869506835938,7062200
2024-07-29,256.41586423159106,258.7700046325278,254.70193939930846,257.6766662597656,6068100
2024-07-30,259.28219941206885,260.33612916235137,257.09549282399945,259.1541442871094,5941800
2024-07-31,260.5725807462521,262.3652625262715,260.28692159244616,261.6856384277344,7642500
2024-08-01,262.33573698302223,262.9957019708758,260.2179873424267,261.9417419433594,7269700
2024-08-02,259.8732131645651,263.94127856238464,258.9374787649499,262.58197021484375,7017900
2024-08-05,257.52891199106324,258.9768668478924,250.69297730342294,252.5940399169922,9631300
2024-08-06,252.65315044411548,256.5833009429697,251.93410280133386,254.3867645263672,21586800
2024-08-07,255.76574320819546,258.10019423645645,252.4659789444137,252.67282104492188,12908600
2024-08-08,254.25869557863413,256.5439085520602,254.05185347410983,255.9331817626953,8223700
2024-08-09,255.79503659571986,258.1144102109531,255.63711654137634,256.3773498535156,7228100
2024-08-12,257.10768768385816,258.1933691645224,255.86408615871832,256.5056457519531,26769400
2024-08-13,256.7425231933594,258.2723266355458,255.89370667821356,256.7425231933594,12005700
2024-08-14,257.4728461317335,258.0946468496802,255.37057898826276,257.7393493652344,8552300
2024-08-15,259.4172295986803,263.9079964575717,259.4172295986803,263.3256530761719,7397800
2024-08-16,263.37500483131674,264.9442957572884,261.9340258253589,263.8981018066406,5111100
2024-08-19,263.9376104187846,264.8160049779604,261.7761266772086,262.9999694824219,6555900
2024-08-20,263.5230647143645,264.5495300292969,262.31895062958944,264.5495300292969,6803600
2024-08-21,265.0626949299869,265.7634405740555,263.90794803541115,264.7073974609375,6639700
2024-08-22,265.4378139892544,265.99051915190427,263.09868140443734,264.4508361816406,4425200
2024-08-23,265.20093805070167,265.7042762301738,261.8550689627667,263.95733642578125,3697400
2024-08-26,264.2336452513414,266.8491298769545,264.18430841922583,264.7172546386719,4612200
2024-08-27,265.023277824821,267.42165685894815,264.40150708874546,267.19464111328125,6594100
2024-08-28,267.6288871442699,268.43821611855435,264.18434447589755,265.6845397949219,5455100
2024-08-29,267.45126979789984,272.3960083661585,266.9281727399348,270.7477722167969,5565100
2024-08-30,271.41887195933964,273.38294797615475,270.6885180877942,272.7710266113281,6296100
2024-09-03,272.7710561502987,278.41657050322476,272.7710561502987,274.9128112792969,7278300
2024-09-04,275.08055268441717,277.9822695990256,275.07070338890475,276.8373718261719,6107500
2024-09-05,277.34071076976323,277.8341995789621,273.79746473413536,274.99169921875,6447400
2024-09-06,274.1527633736299,276.63008684469435,273.81719459638146,275.73193359375,7187700
2024-09-09,278.4165655208636,283.23302203061616,277.98229287685825,281.8907165527344,10933900
2024-09-10,282.2065503382488,282.67043110118715,279.8772972274412,281.6242370605469,5314400
2024-09-11,281.30837045581274,281.45644120549787,274.67587917195965,280.2621765136719,6281800
2024-09-12,280.3016540255998,282.2756093356393,277.8046017632066,281.65380859375,4160800
2024-09-13,282.7592462158809,284.979946155398,281.83148472042456,283.6080627441406,4987600
2024-09-16,284.29891741512523,287.11180991362573,283.99295673453366,286.6972961425781,4458900
2024-09-17,287.11183566723145,289.2535907436549,286.3025066433168,287.76324462890625,5135700
2024-09-18,288.03961987941636,288.2172686683544,284.3779403910458,284.723388671875,5890000
2024-09-19,287.2993694731486,287.684305279913,279.18641060308414,281.5255432128906,10382100
2024-09-20,281.7821501149406,283.2626167530226,279.5614501578176,281.0616455078125,27810900
2024-09-23,281.1899308726831,285.11811282457444,280.91357833115393,284.8713684082031,6505600
2024-09-24,276.53144370535233,277.3407727621832,269.15871804313076,269.2278137207031,13690200
2024-09-25,270.61938984872637,270.67860609495887,264.7370118016948,266.1187744140625,11671300
2024-09-26,266.9774412658218,269.6817502560872,266.4839524649608,268.1519470214844,9552500
2024-09-27,269.60283508479927,274.3600748794886,269.2277787354845,271.586669921875,6509600
2024-09-30,271.41893523791725,272.09995243049195,269.64238698261244,271.3695983886719,5969900
2024-10-01,273.36324554649514,275.4260255572834,270.78721779702204,273.98504638671875,5781600
2024-10-02,272.96842908445035,274.02450244984044,271.7840437991309,273.392822265625,4741600
2024-10-03,273.0671406145536,274.0738470514779,272.24793223495067,273.254638671875,3036700
2024-10-04,273.7382961150721,274.81409829188726,271.5175960872919,274.31072998046875,4259300
2024-10-07,273.98499167478644,274.0047203838068,269.6817536151915,270.224609375,4339300
2024-10-08,271.13261960316913,272.5045329832446,270.4417533258619,271.3793640136719,4370900
2024-10-09,271.41890101892767,273.87646615697105,270.8464671351092,273.3237609863281,4115800
2024-10-10,273.17570290743873,274.0541275705543,271.76433194103254,273.8567199707031,4063900
2024-10-11,272.4453454159684,275.16938351297733,271.78405707333053,274.2218933105469,4746300
2024-10-14,275.4457319499136,277.70591938784094,274.36992983740606,277.02490234375,3996600
2024-10-15,277.3408000087415,278.95945828142374,275.1990446348,275.653076171875,5807000
2024-10-16,274.9917223524253,283.8547929545026,274.7252492163008,283.77581787109375,9442700
2024-10-17,284.812152888028,287.1414057268635,283.8646326402122,286.60845947265625,8815800
2024-10-18,286.144613357296,287.25002365988473,284.32854772284685,286.8354797363281,5350900
2024-10-21,285.82875169893725,286.6578093634082,282.6013153006306,283.11456298828125,6313100
2024-10-22,281.33795355823077,282.79869125326155,279.8377584456177,281.08135986328125,5736500
2024-10-23,282.31512742810787,282.334856140083,279.8378036074546,280.0648193359375,5249300
2024-10-24,278.7126515828613,279.9266148962144,278.0612426761055,279.5318298339844,4679900
2024-10-25,280.301677399759,281.37747951902077,277.12360788077183,278.0612487792969,4464600
2024-10-28,278.3672007327242,280.93334879326915,277.8638324640313,280.48919677734375,4306200
2024-10-29,280.5681506816389,281.9795517380247,277.68619255455314,278.20928955078125,7534800
2024-10-30,288.533074009041,291.92827990440657,284.57528356306744,286.3814697265625,9606800
2024-10-31,288.2863517139946,292.48100750551697,285.8485152609382,286.0755310058594,7950200
2024-11-01,284.7331578246894,288.858747078787,283.4500989943819,286.953857421875,5470700
2024-11-04,287.75332710401364,289.3324973971034,286.9736364326881,288.0494384765625,4281600
2024-11-05,287.9112918176282,290.9413209578591,287.7829798816316,289.4707336425781,3753700
2024-11-06,302.3310194643645,304.97611249927155,298.87659747812677,303.3969421386719,10320500
2024-11-07,303.4956537398405,303.62396566471386,300.4557755666383,301.8177795410156,6237300
2024-11-08,302.8935904900366,307.0980948670595,301.70920524232514,303.8608093261719,6240600
2024-11-11,306.05188546107865,308.37128888369756,305.2721647104607,306.87109375,4674100
2024-11-12,305.5954844377105,307.08863363211555,304.67582717504365,306.3964538574219,4616400
2024-11-13,306.04047715221793,307.4842260140989,304.40887375530053,306.0306091308594,4046400
2024-11-14,305.85258535360987,307.82042568957394,304.3989685040484,304.8143005371094,4415800
2024-11-15,304.1319787327947,307.25676145547993,303.242016036872,306.1888122558594,5106300
2024-11-18,306.030572876706,308.9279081011561,305.25926789804004,308.6806945800781,4585600
2024-11-19,306.5447897927535,308.74994543481637,305.07140675020594,308.3741760253906,4885500
2024-11-20,308.3840159118841,308.80924609700685,302.8068946470543,303.9638671875,6349900
2024-11-21,303.87489579282146,307.45457348962907,303.2321465724953,306.4459228515625,5757100
2024-11-22,304.5374205359529,308.117067809945,304.46819350133364,306.4656982421875,5919200
2024-11-25,308.3840866703836,310.1640425119841,306.40637807578634,309.69927978515625,14189300
2024-11-26,310.69802143079477,310.9946656386485,308.06766547055537,308.34454345703125,7071500
2024-11-27,307.30616344608535,312.8437521830413,306.0404314642752,311.1923828125,5204300
2024-11-29,310.78697271763275,312.72511836119395,310.20355240269356,311.5681457519531,3853300
2024-12-02,313.36784950442524,313.88207293562334,310.21340259931145,313.1206359863281,5597500
2024-12-03,313.5656499962413,313.7831991114791,309.2838947230217,309.521240234375,5009900
2024-12-04,308.9378548491986,309.36305492969035,305.3581771523909,306.4459228515625,5981800
2024-12-05,306.5250331976539,307.6226468652385,305.3878267352857,305.6350402832031,5200100
2024-12-06,305.4273558432351,309.07622982436163,305.35812881482894,307.54351806640625,4302700
2024-12-09,308.3543622795957,309.52123305832737,304.21109134294375,304.86370849609375,5785300
2024-12-10,303.9341874056364,309.4915729011737,303.2222414105848,308.89825439453125,4539500
2024-12-11,309.5509009169192,312.0329042273816,307.74128098530844,310.29254150390625,4321800
2024-12-12,311.31108148013783,312.03292572097064,309.9365596790737,310.7276611328125,3218500
2024-12-13,312.30978095467543,313.4173229092999,310.83639798438617,311.23193359375,4682200
2024-12-16,311.23190384522866,314.0204794174669,310.59905296622287,312.3691101074219,6562500
2024-12-17,312.29994964556744,315.2862785513599,311.6275360128623,314.7522888183594,8843900
2024-12-18,314.9500808354278,318.0353012886911,306.1097213641882,306.3272705078125,10479200
2024-12-19,308.35436865666327,313.33820189854237,307.76108032334804,311.3703918457031,8317100
2024-12-20,310.0750131379493,316.43333828656057,308.79938279329986,314.1688537597656,24387000
2024-12-23,312.1317874903271,314.425936221838,309.85743515417374,313.6842956542969,7984600
2024-12-24,314.6237413193811,317.9561750097056,313.74364663194115,317.0760803222656,2684100
2024-12-26,316.2058522854578,317.86715004311833,315.8993099406809,317.3331604003906,2856000
2024-12-27,315.7114629313347,317.91661861484135,314.0205307345736,315.1082763671875,3489200
2024-12-30,311.1726103315381,313.575518624435,309.7387899497481,311.79559326171875,3478500
2024-12-31,312.5965511040709,314.11939485723155,311.6769240400078,312.5174560546875,3963800
2025-01-02,314.23808395073064,316.11690088018753,308.92794176767353,310.895751953125,5369500
2025-01-03,310.67818055928126,312.3988072508416,308.53238401561725,311.4000549316406,4271300
2025-01-06,311.49897786064986,311.87474729307587,308.59174403627947,309.5509338378906,6567300
2025-01-07,309.4026008241004,311.6769533815247,307.8500925090876,308.1961975097656,4958600
2025-01-08,307.53367189035305,310.53979726140733,306.75246858281423,309.1158447265625,5161600
2025-01-10,307.7314254808764,308.37417464692055,302.5794735993142,304.2803039550781,6660100
2025-01-13,301.6005321584484,303.4991455078125,300.45345766075025,303.4991455078125,9568400
2025-01-14,305.30872118619374,306.70300916982603,304.09241970836115,305.6449279785156,5107600
2025-01-15,310.1837644186198,313.6546521630384,309.63990670378087,312.7547912597656,5222000
2025-01-16,312.2307079847259,315.62247058659955,312.2307079847259,313.7139892578125,4606700
2025-01-17,313.9612205140916,317.0167764877238,313.1800172165161,316.0575866699219,5805800
2025-01-21,316.739854806768,320.9622509558908,316.43331244952714,320.0228576660156,5653000
2025-01-22,321.1501794927718,322.10936930918035,318.7868335600353,319.95367431640625,5026500
2025-01-23,320.1514358954253,324.8484932052647,319.963551188837,324.55181884765625,5297100
2025-01-24,324.36392833239324,327.39971782402483,324.15627740999,326.5196533203125,4327500
2025-01-27,326.3218428551842,331.7506420386333,324.3935653491583,330.8112487792969,6636500
2025-01-28,330.9398378311991,334.0645904473397,329.17967861846626,330.751953125,5999600
2025-01-29,330.7716985265283,333.3525932585633,330.7716985265283,332.1363220214844,5087300
2025-01-30,335.72588788874674,340.60093168938243,335.2215626068071,339.2264099121094,8081300
2025-01-31,342.6083188777758,347.3350407880214,337.90136318782635,337.9903564453125,8624100
2025-02-03,336.21043732565704,342.14356269022744,335.4588984560319,341.965576171875,8004500
2025-02-04,340.7591513133966,342.1534393074161,338.72211414757834,341.3030090332031,5532600
2025-02-05,342.14353584356945,345.58475914887805,341.4018952311918,345.5451965332031,4939100
2025-02-06,345.88140816958366,346.7417064636075,342.7368591716228,343.6070556640625,4294500
2025-02-07,344.1212555087422,346.84060451060725,343.34005225488835,344.1410217285156,4261200
2025-02-10,344.8134468428343,347.9777619490786,343.82459271386426,347.31524658203125,6067000
2025-02-11,344.99740338171625,348.78118935341706,342.96685359611354,347.39447021484375,5154800
2025-02-12,345.84930218062885,348.4939685703261,344.195123659159,348.1571960449219,6760100
2025-02-13,349.77169432056536,352.70361899414127,347.40437213431386,352.2579040527344,4279200
2025-02-14,351.0692859986202,352.0598039944258,349.87076768759425,350.4551696777344,5720300
2025-02-18,350.33635067913673,353.35741880554383,349.0585738608686,353.3475341796875,5822000
2025-02-19,352.6442429053929,353.7635331943534,350.82169322968014,351.86175537109375,4152300
2025-02-20,351.861763466604,352.75322373103063,345.7502533516019,347.16668701171875,5697000
2025-02-21,347.1666878220573,349.96987104250786,344.1852488221624,345.22528076171875,6924100
2025-02-24,345.4531177976866,347.4737530484376,344.06636821261867,346.54266357421875,5055900
2025-02-25,348.0383211587267,349.2467543845732,342.71924408558857,348.7514953613281,6191900
2025-02-26,346.68132766041595,348.49396244462673,345.68089472756776,347.30535888671875,5960600
2025-02-27,348.5632966299945,356.89355707892616,348.3453814493155,352.36688232421875,7298100
2025-02-28,351.34666815737654,360.54858980616444,350.35615005351343,359.27081298828125,15857300
2025-03-03,359.5580863820687,363.0645290768023,356.1309020666797,358.3892822265625,9099600
2025-03-04,356.6954549121018,356.85394143390147,347.0775327212455,348.89019775390625,8955800
2025-03-05,347.50341214291365,350.75230993174466,345.63134886580747,349.33587646484375,8244200
2025-03-06,342.6796184087006,345.5620295808868,337.1624558066985,340.8966979980469,8611100
2025-03-07,337.6378675999771,343.1055463348001,335.9242907970158,342.0456848144531,6358700
2025-03-10,336.71668977046915,341.738623261857,334.43851047236075,338.2420959472656,8204300
2025-03-11,335.2012607597003,336.3898644381981,326.45496830671294,328.99072265625,9776100
2025-03-12,332.7843472995932,332.97254814555856,325.98937782260964,329.68402099609375,6295400
2025-03-13,327.8515588367316,333.01217962801127,324.5927762250899,325.4346923828125,7915300
2025-03-14,324.1074256027689,329.61470393207657,323.28530886352866,328.6539001464844,7810600
2025-03-17,326.9007069364516,332.9230440451667,326.6332779155721,331.3778381347656,6149400
2025-03-18,332.11085296590943,332.6159966884999,329.14918301747764,331.59576416015625,7778300
2025-03-19,333.6065019171508,337.7964045874784,331.32832225600396,336.64739990234375,5614900
2025-03-20,335.7855942828666,338.9948628560828,334.45830382075604,336.2808532714844,5432700
2025-03-21,334.17107233688154,336.2115371177744,332.33860788423556,332.477294921875,17279700
2025-03-24,335.4389606742485,341.94667208183176,334.44844253835635,340.6094665527344,5675100
2025-03-25,341.29292728699517,342.2537310901977,337.4398274479891,341.35235595703125,3931200
2025-03-26,342.70933920430844,344.08617383853476,339.7476998321524,340.91650390625,6187100
2025-03-27,340.7382417561713,347.5133822381233,340.0646966725877,346.54266357421875,7254800
2025-03-28,345.8790019330555,348.2859535511646,338.3708581507587,339.59912109375,5687600
2025-03-31,336.13229182152975,348.5236515376191,331.3183585874018,347.1369323730469,9950800
2025-04-01,347.11713299234066,347.12704784544377,339.3217611092503,343.06591796875,7473300
2025-04-02,340.1835305387441,344.8984062549049,339.79721397944945,343.0461120605469,5682500
2025-04-03,330.73397137679984,341.4711834285377,327.8614750728613,336.17193603515625,8792900
2025-04-04,326.87101803746435,331.4769217914396,309.1605471327378,310.1609802246094,13201700
2025-04-07,299.2058018042098,319.1251057585642,296.16490406290654,309.3586120605469,12163400
2025-04-08,319.184523071027,323.18622441068965,301.0481402033367,305.34698486328125,9569300
2025-04-09,302.7419374832934,330.86272791965865,302.7419374832934,329.27789306640625,11361800
2025-04-10,324.9097135693247,327.02943666470287,310.2995726155434,321.53204345703125,8709800
2025-04-11,321.35376046801093,333.78478000715387,319.4816970910485,330.23870849609375,6804500
2025-04-14,333.2202097617123,336.38984966000794,329.9812263391246,332.0018615722656,5011800
2025-04-15,333.52726011971436,336.17195678105526,331.82356775673037,332.6258850097656,4386200
2025-04-16,331.82356928295525,334.0225207124067,325.7417735334204,328.1883544921875,5850600
2025-04-17,327.9307971657573,331.14998062306455,325.325730023792,326.484619140625,5655900
2025-04-21,325.88045489781376,326.0290265671701,313.64755031725315,317.0648498535156,6362300
2025-04-22,320.78917553421263,329.4066950465462,319.3331429545686,328.2576904296875,5435500
2025-04-23,334.0423059647279,338.01429311880037,330.04063470574454,331.19952392578125,8906000
2025-04-24,330.1198732080026,333.5767717254321,328.10912266164996,332.5268249511719,8055200
2025-04-25,331.5858273373118,333.1805468654076,329.0203892519761,331.991943359375,4452800
2025-04-28,333.586664366473,336.1223881311056,331.84334294270866,334.30975341796875,5422900
2025-04-29,335.2903844337471,339.024626873053,333.269719000143,338.28173828125,5519500
2025-04-30,331.2688418599344,343.2342859822448,330.0802081703665,342.2239685058594,9526700
2025-05-01,342.3032382148599,342.4419252610429,336.89501774979004,339.20294189453125,5849900
2025-05-02,343.92770594050324,346.77048813405355,342.8381299530237,344.3041076660156,6113700
2025-05-05,343.7097643991248,347.7213504225848,342.83810367595026,345.334228515625,3865300
2025-05-06,343.11544560835415,346.3346292627291,342.4815297766243,344.40313720703125,3438500
2025-05-07,345.39362523377423,347.8203761022949,343.91773291609604,346.53271484375,5454000
2025-05-08,348.6623896705722,351.9608018178934,347.6223577017614,347.9393005371094,4156400
2025-05-09,348.4939455411102,350.4452672712795,347.34497122599333,349.1972351074219,3086600
2025-05-12,355.7346735038058,358.45859819120966,347.80061410492146,352.4758605957031,7985400
2025-05-13,352.73383243613455,356.0575850466581,351.80119665220457,353.3489990234375,5406200
2025-05-14,353.87481891826496,355.6011729876512,352.4262390216119,353.66644287109375,6207600
2025-05-15,354.0930873573594,360.87947902254115,353.88471131527825,359.4606628417969,5826100
2025-05-16,360.1055681962749,363.32016658464596,358.06171486559305,362.258544921875,5838100
2025-05-19,360.175054190804,366.2570191174619,359.4805581559814,365.0168151855469,5081500
2025-05-20,364.89778476699934,365.36410268760835,361.83200407643204,363.96514892578125,5281400
2025-05-21,360.8695723620675,363.121771751381,355.2737578138804,355.4920349121094,6125500
2025-05-22,354.956296551428,357.1787323078056,353.76568866570216,355.1646423339844,4936600
2025-05-23,350.97769391596694,353.2100608737363,349.4596855958203,350.76934814453125,5345900
2025-05-27,352.6246931567495,357.17871818013646,351.7019887349371,356.48419189453125,6316000
2025-05-28,356.5238999950793,358.08160339563534,355.23410002118663,356.9108581542969,3299000
2025-05-29,357.52601408103203,360.19493550313393,355.9087832254367,359.5599365234375,4590400
2025-05-30,358.5181308972202,364.16354117987345,358.5181308972202,362.3280334472656,8726900
2025-06-02,359.92699717591853,362.5959183393358,357.139021284952,362.45703125,3845700
2025-06-03,361.7228302225607,364.0048236492345,358.66698102348084,362.9927978515625,5221300
2025-06-04,363.8361289304246,366.7630222431617,363.43926973846413,365.11602783203125,4202300
2025-06-05,367.10035821149364,368.09252134179496,363.0622470043474,363.8956604003906,6881900
2025-06-06,366.11809470983474,368.0924894791346,364.6695148645267,367.318603515625,5008500
2025-06-09,366.89200491981944,366.89200491981944,359.2126418592025,363.7865295410156,4999900
2025-06-10,364.1238755956361,368.52908239841247,363.80637612121234,367.7948913574219,4109300
2025-06-11,367.1003420198875,372.56717031581684,366.48520575077885,370.3843994140625,5562700
2025-06-12,369.31289223541074,371.23769112704497,366.6538720393366,368.4893798828125,4874000
2025-06-13,358.6769144499479,360.16515919322273,342.2962909532096,350.08477783203125,14181700
2025-06-16,353.6962169826412,357.3969962788581,351.5531410341287,352.69415283203125,7234700
2025-06-17,350.71972893634194,356.7818612982822,350.55107816313534,355.03564453125,5559600
2025-06-18,355.04555305174813,355.6706206170083,335.3908054782351,337.71246337890625,15008600
2025-06-20,336.2936833037351,337.33544241158177,332.2952673592285,335.9166564941406,19332100
2025-06-23,334.85507146661934,341.6017689433206,332.99973117444733,341.05609130859375,7553300
2025-06-24,348.7651749234645,351.78135933708336,345.1934118539656,348.87432861328125,10172000
2025-06-25,347.70355846933853,348.5369718110771,342.5542297363281,342.5542297363281,6836300
2025-06-26,341.0858397438008,344.19131518637215,339.34955426567194,343.3182067871094,8829500
2025-06-27,343.87380166389084,349.25133893316433,342.9510972571869,345.8779602050781,6601900
2025-06-30,346.61220525704334,352.82312603597677,346.3244694633048,352.26751708984375,7080100
2025-07-01,351.0471714843909,354.2022430209509,348.6659859903535,352.6842346191406,6653400
2025-07-02,351.8210270514008,353.567213447281,347.2570709207595,351.4440002441406,5131400
2025-07-03,351.8111123740411,356.1865553080315,350.8387816292382,356.0476379394531,3702800
2025-07-07,356.1071621983723,356.8413531394156,351.7118570361044,353.84503173828125,5138000
2025-07-08,353.8847356375311,355.4722026908787,350.48162339060764,351.77142333984375,6966800
2025-07-09,352.28734723976163,354.9562683105469,350.9776847253452,354.9562683105469,7297100
2025-07-10,354.0335401813594,354.81735749620714,350.6800543890329,353.09100341796875,6121300
2025-07-11,349.7474012452492,351.0372010797097,341.6910422435611,345.2032775878906,7580200
2025-07-14,344.6675610561854,349.2116548267861,342.30620798421825,347.753173828125,5598900
2025-07-15,345.3918004634653,347.4654176306237,344.04247323214094,344.3004150390625,4891700
2025-07-16,344.5683362384954,347.9218524073836,343.0899926097443,347.1578674316406,5544200
2025-07-17,347.25708641008555,348.61634501805867,345.74900939219117,347.0685729980469,4747100
2025-07-18,346.7609996616444,346.7609996616444,344.4393416664182,346.31451416015625,4927600
2025-07-21,346.32445627290593,350.878481360664,345.6696249802432,348.1897277832031,5216300
2025-07-22,348.348454694803,351.7019706655247,347.4555140009124,349.10247802734375,4614200
2025-07-23,350.2335837139262,352.99179599492754,348.45760323923344,352.5056457519531,4385600
2025-07-24,352.03929801095853,354.38078825764876,351.0867996896894,351.1959533691406,5887200
2025-07-25,351.2257286152803,354.84711778402055,350.24349685994025,354.2419128417969,3915400
2025-07-28,353.587106715153,355.51190564011716,351.9500435804033,352.6842346191406,3921000
2025-07-29,353.49780285347526,355.5118927551465,348.0607381117744,348.5369873046875,7402300
2025-07-30,348.9437599214286,353.825185215234,344.5087898370734,348.1599426269531,12129700
2025-07-31,346.1954489487554,350.0549777823355,342.38554643517915,342.7625732421875,8641700
2025-08-01,341.40335739560163,343.45714245165067,335.4503782963877,336.6905822753906,8658700
2025-08-04,339.02214218573283,341.6811320175358,337.33545281031536,339.4685974121094,7335300
2025-08-05,339.4685944822976,339.7761626172852,332.920312046224,334.78558349609375,7295600
2025-08-06,335.6487668351514,338.7542422032053,332.80126356389377,337.0774841308594,5944100
2025-08-07,338.75422609906036,339.4685847129542,326.1240097312719,329.4874267578125,8797100
2025-08-08,331.0649441472719,334.735959376091,330.12240745983763,334.1406555175781,6073900
2025-08-11,334.09109045117117,335.2122093165709,331.8884871653662,333.267578125,5715800
2025-08-12,333.1582754237832,336.587242929882,332.7706363935579,334.6888732910156,5682800
2025-08-13,334.9274211186147,341.38782875792515,334.7286272124208,340.4634704589844,5693400
2025-08-14,340.85110364571915,343.97196166407275,339.5888503248866,343.38555908203125,6224000
2025-08-15,344.14095226059266,346.2380854537843,340.77158657311065,342.3717956542969,4946600
2025-08-18,341.74561904560153,343.624121351659,338.87323821047045,340.6523132324219,3999600
2025-08-19,340.4734206412774,344.23039496279586,339.80751868302826,340.3641052246094,4457200
2025-08-20,341.30831250051983,345.32371297653333,340.7616747345022,341.8350830078125,5834400
2025-08-21,340.80141217086833,342.42145807988595,337.6507078440592,341.5965270996094,6073600
2025-08-22,343.11721942501816,349.060805354294,343.11721942501816,347.9078674316406,4973200
2025-08-25,347.4804786983468,348.5837333584902,345.3833454620917,346.6953125,8019800
2025-08-26,346.56607028891256,351.247372357374,345.3336330532158,349.0408935546875,5876200
2025-08-27,348.57376552844954,351.27719882331735,347.70906967894945,348.2159729003906,5531100
2025-08-28,348.46445606080806,348.9017783903599,346.47663831982425,347.72894287109375,4987100
2025-08-29,348.3253010521672,350.4820966891371,346.87420256582584,349.63726806640625,3671900
2025-09-02,347.18230266311,348.0370800581514,343.97196611477676,347.93768310546875,4940300
2025-09-03,347.21210878164396,348.7526856749196,345.14479175077264,348.7327880859375,4176400
2025-09-04,348.5936856057911,350.4821064829821,347.0232925301605,348.8520812988281,4324000
2025-09-05,349.239725578376,350.47216294861687,338.1278309918862,341.1294250488281,5448300
2025-09-08,340.2547611858296,342.28234378702916,338.9229269309479,340.2149963378906,4711600
2025-09-09,339.6087360077781,344.2105390887196,339.2111785123135,341.89471435546875,4646200
2025-09-10,340.52312727297533,340.52312727297533,334.3907261007465,336.06048583984375,6557900
2025-09-11,336.66675017264345,341.4375004419261,335.8119728031468,341.3977355957031,5157600
2025-09-12,339.14159320178965,341.0995949314907,337.10409210670593,337.36248779296875,3518300
2025-09-15,338.53529771199567,340.62251247969215,336.32884906041363,336.98480224609375,4367500
2025-09-16,334.1919388550944,338.4657655802034,331.4388219565332,337.9588623046875,5527700
2025-09-17,337.8693985698965,344.0912780761719,337.45194348017264,344.0912780761719,5763500
2025-09-18,342.6302078181629,343.1668967568389,336.1200866699219,336.1200866699219,7526600
2025-09-19,338.37629768827907,340.60264392176015,336.189685972044,339.5292053222656,13674300
2025-09-22,336.9450328265126,342.7593750555245,336.5971586793153,342.2624206542969,5621800
2025-09-23,342.49103960090974,343.1569718620027,335.5734426468596,336.6369323730469,10142700
2025-09-24,337.0643365759445,337.82963552421586,335.8617152767486,336.6170654296875,5207400
2025-09-25,336.289105109381,338.12784276499025,332.47249831523936,332.8899230957031,5398700
2025-09-26,335.175901488693,337.4320637199297,334.1819926117565,335.3150329589844,9619200
2025-09-29,335.32497778101134,338.5651303875767,333.5061075720199,338.0880432128906,7217800
2025-09-30,337.75013318852734,343.5048439405291,336.4481149425282,339.3006286621094,8164400
2025-10-01,338.23712004026567,347.2319830459177,338.23712004026567,345.7113037109375,8381000
2025-10-02,344.11114844480875,345.06529251776647,341.46734707051337,343.8428039550781,5198000
2025-10-03,344.001815110234,351.00889146755173,343.8924996839986,347.7091064453125,5199700
2025-10-06,347.8780607479444,348.98128505806847,342.25253278341745,347.1524963378906,4735600
2025-10-07,347.9277357648328,352.28106145798284,347.9277357648328,350.27337646484375,5044600
2025-10-08,351.62509100999563,352.83766108671625,348.96142242562325,349.2198181152344,3927500
2025-10-09,349.32915653572434,350.72062290644016,343.47501865204845,344.9261474609375,4434800
2025-10-10,345.5125616214063,348.26567840170134,341.15923571248493,341.5567932128906,6296200
2025-10-13,341.62637843614846,345.542382044629,338.6546004433016,341.20892333984375,4030700
2025-10-14,338.922942897318,347.87807200376733,338.1476951502928,346.25799560546875,5731000
2025-10-15,346.25796780187596,347.94759463705685,341.90464221364334,343.5843505859375,3778200
2025-10-16,342.89855625648124,343.5843557955295,332.134536662548,333.3570251464844,6241500
2025-10-17,335.7125955212286,341.3580210797031,334.947296593821,339.8075256347656,6267100
2025-10-20,339.8174432876053,342.8588020632433,336.8754814672657,342.3121643066406,4665000
2025-10-21,341.029978947238,347.5202021283981,340.9107147455868,345.0950622558594,4121800
2025-10-22,345.7014160136996,346.0492902102693,342.4016310416165,343.2563781738281,5074400
2025-10-23,344.0912809348041,345.0354762117039,342.36185878494393,343.85272216796875,7217200
2025-10-24,346.07908115767793,346.95369548589787,343.2166187549461,345.2640686035156,3576700
2025-10-27,346.87419066826493,347.39101235386323,342.90850403983194,345.7013854980469,5400300
2025-10-28,346.4567162921502,347.7587647258084,344.3893993332934,344.7869567871094,7445400
2025-10-29,343.89248419686095,348.8421615073119,336.9351217998146,339.20123291015625,8361700
2025-10-30,340.13549375378375,347.5898102579444,339.7081202204845,342.9283752441406,6411800
2025-10-31,339.99635459463684,340.9107641593183,336.1101973568976,338.6645202636719,7301600
2025-11-03,338.9229020342244,339.13161439011145,332.78055290746187,334.8478698730469,5538000
2025-11-04,334.4304640592759,338.2470704410406,332.2140363825504,338.2271728515625,5920200
2025-11-05,338.0582286760407,340.02614882560056,334.31117282530045,337.9687805175781,4984600
2025-11-06,336.52760808522896,336.5872401922106,331.67732783944683,334.90753173828125,8507900
2025-11-07,334.6789331962151,336.229428553518,332.8103797318525,333.9732360839844,5318400
2025-11-10,334.5994181371036,336.6170519487371,332.28362379436834,332.8103942871094,5295800
2025-11-11,333.456409307951,337.02453833406634,331.17043115327,336.8555908203125,4453300
2025-11-12,336.8555939661864,342.84082799232743,336.00909193847133,337.4830017089844,6389600
2025-11-13,337.64233852070424,340.05234521127755,334.2165172619738,334.69451904296875,4961700
2025-11-14,334.5053424356423,334.69453121965483,327.673606279917,328.6595153808594,6422300
2025-11-17,329.79483658587384,331.9857491168007,323.5905080665981,324.4071350097656,6494800
2025-11-18,323.16227792375565,323.66021671870755,316.6890735893815,319.85595703125,9170400
2025-11-19,320.1945561466027,323.2320010724391,318.5513641791292,322.7838439941406,7066700
2025-11-20,322.783835447158,327.04619026174174,321.8078948722729,322.4352722167969,6510300
2025-11-21,324.03867225561385,329.71515658413585,322.9531692720462,326.6279602050781,8930000
2025-11-24,327.8827241418804,329.36660239989675,324.65609051367585,327.9424743652344,9337100
2025-11-25,327.54414406232837,334.67463148862754,327.54414406232837,333.15093994140625,5854300
2025-11-26,333.150941183099,334.3260694883636,331.6869998564479,332.41400146484375,4309900
2025-11-28,332.0554637045118,333.63890545499686,330.6313660183978,333.0613098144531,4586200
2025-12-01,331.56749086220685,331.92599221046623,328.77904573650335,329.02801513671875,7082300
2025-12-02,330.0836424597886,331.42805290548716,325.8611007721583,328.26116943359375,8201900
2025-12-03,328.2511901855469,330.97991538482256,327.9922826845987,328.2511901855469,6296700
2025-12-04,329.91434821646976,331.00981971493854,322.94320463392637,325.7515869140625,6277500
2025-12-05,325.4826574086876,332.73264500458896,325.05443734158973,329.8744812011719,5266600
2025-12-08,328.5200910073348,329.9740637204206,323.37139070222906,325.49261474609375,6059400
2025-12-09,325.2635541599683,326.87690133068304,323.72992460494135,325.1540222167969,4325400
2025-12-10,325.29345925359206,327.40471480815995,323.9589565847219,324.38720703125,5467500
2025-12-11,331.2288861451481,345.8882052038232,328.69934860547716,344.2051696777344,12953600
2025-12-12,346.56540020862116,348.39781132133226,344.54376992307505,346.3960876464844,6942300
2025-12-15,346.3960884283587,347.013558062661,342.41257807214174,345.4599914550781,7004600
2025-12-16,344.57366257997035,346.18697949005985,342.30306278210855,343.68731689453125,7269300
2025-12-17,344.1254885044418,346.356274968795,342.26320227687404,342.9902038574219,7263500
2025-12-18,343.74708462692297,346.09734117529985,342.8507704733419,344.5836181640625,6805000
2025-12-19,344.62342131505847,348.46752454314327,344.62342131505847,347.81024169921875,18623900
2025-12-22,348.55713887626075,351.9829600439862,348.14882543799325,350.6385192871094,5043500
2025-12-23,350.54890187499416,354.9108504598721,350.54890187499416,351.9232177734375,3703200
2025-12-24,351.92324052499094,354.5224665421767,351.55477066585945,353.6759948730469,2023600
2025-12-26,353.6361233741701,355.25940864009806,352.25183899439605,353.5365295410156,2017000
2025-12-29,354.0245400463162,355.0801679358215,352.34150436758574,353.1481628417969,3989900
2025-12-30,352.540669795347,353.40707844317745,351.2061974606485,352.1622314453125,3366500
2025-12-31,352.1921037382886,353.7357322383478,349.2443145806378,349.26422119140625,3503200
2026-01-02,348.4277061842687,348.6069568660295,342.06406384756735,345.05169677734375,5403800
2026-01-05,343.07984193998647,356.0660946845086,342.63168485186065,352.34149169921875,7592200
2026-01-06,352.2219885159953,357.1416263785221,350.5489214123709,356.08599853515625,6775400
2026-01-07,355.67768698982985,356.803033566547,353.0485858687304,354.4129333496094,6333900
2026-01-08,353.53655468224264,354.8809955460086,348.05922777871496,350.7779846191406,6357600
2026-01-09,350.7082565158282,353.23779410971,347.72062373923114,348.3280944824219,4902900
2026-01-12,341.36690482487097,345.0815390214404,335.92942192030296,341.7851867675781,13281300
2026-01-13,335.6107496370988,336.1285950456492,322.49502833379734,326.5283508300781,20383500
2026-01-14,327.30511153490255,328.53998994250327,322.6045683937439,327.8130187988281,9388400
2026-01-15,327.97233789178887,330.3226246971901,325.0245488739532,326.39886474609375,8587700
2026-01-16,325.4328712721598,327.8926900869644,324.058555362187,326.94659423828125,8341600
2026-01-20,320.90164032884104,326.9665310832551,320.23438898454765,324.4768371582031,8279900
2026-01-21,325.0843095294372,327.3150959639532,321.668456741042,323.9390563964844,8974600
2026-01-22,325.11421176408993,327.0362787420332,322.6643612347819,325.0146179199219,6938700
2026-01-23,324.5166695307759,326.44867456197824,323.28179099643876,324.8353576660156,5667900
2026-01-26,326.6478329536713,330.63134311164293,323.69007544570655,327.13580322265625,7540200
2026-01-27,327.1258860334559,327.5740127198232,323.5705956960795,323.9191589355469,6365800
2026-01-28,325.38311066934074,327.03627119068096,323.5407309659827,325.632080078125,8106000
2026-01-29,328.6395919878754,331.9857259727928,322.1763564041472,330.4321594238281,10214200
2026-01-30,330.8504479341279,331.6272312240268,320.2742329902072,320.5032653808594,11199100
2026-02-02,323.49090869837266,333.31027767642445,322.7738756079028,332.4637756347656,8502400
2026-02-03,330.28282413042047,334.4057722841721,327.51428541550075,327.57403564453125,9081200
2026-02-04,325.7614942159401,329.9441921266053,323.0826115387165,328.5898132324219,8472300
2026-02-05,331.62723473824406,336.19830919167754,327.46447374035984,327.773193359375,8339000
2026-02-06,330.41226140265053,333.74845736517926,325.7515616346053,330.21307373046875,7798800
2026-02-09,329.39649267698104,331.44799815131194,322.28591185276315,324.2378234863281,8513400
2026-02-10,324.03822505585356,329.1975426584034,323.8785524124587,327.4910888671875,5801800
2026-02-11,326.24366079752514,330.3551322103828,325.74469522888825,328.558837890625,8264300
2026-02-12,328.20961639281825,331.55266164507725,323.3297180668246,323.50933837890625,9392600
2026-02-13,323.1600351388152,325.8045770845193,312.1728337423736,313.4302062988281,11653900
2026-02-17,313.7595536000123,320.71513531219466,313.7595536000123,318.8390197753906,8591700
2026-02-18,318.83902681983574,321.61327441091976,316.0647792287517,319.6373596191406,7091900
2026-02-19,316.83314883690497,319.5375641615583,315.07681073429376,318.2701721191406,5967600
2026-02-20,317.4518595119579,321.68310824371105,317.162481409299,320.2860107421875,6831100
2026-02-23,318.3799825277642,319.85690123125556,304.0796111997443,305.8858642578125,13048000
2026-02-24,304.86796881092005,308.6301583134982,302.45296200827346,306.58441162109375,9120200
2026-02-25,307.9116514148336,313.2905150583614,307.6122842445478,312.34246826171875,7624200
2026-02-26,313.82942179031494,318.7592044654264,313.29053040296367,316.0448303222656,8725500
2026-02-27,313.80941959658975,319.56750179898404,311.3046331295279,319.4776916503906,12412900
2026-03-02,314.84727900250533,321.9325962848922,313.94914705503476,319.846923828125,6674900
2026-03-03,315.1566560071252,321.37377846847016,313.6996849538386,320.166259765625,5474300
2026-03-04,320.7750012998144,325.09602991416637,319.13837954462343,319.8070068359375,5257900
2026-03-05,318.669337844787,322.1321601221174,314.11877427833633,319.13836669921875,8267200
2026-03-06,315.39614274359616,317.032764525398,311.65390075349916,316.70343017578125,6439700
2026-03-09,312.8114977016857,315.74541779360504,309.5083479475934,315.3163146972656,8381500
2026-03-10,314.7774111170955,316.47390623113745,310.8056646841637,313.77947998046875,5271300
2026-03-11,312.6019339587185,314.42813457039836,307.75200316890374,308.32080078125,6376700
2026-03-12,307.5025275101912,310.3067116813087,305.3868878331418,305.86590576171875,7514900
2026-03-13,306.95365892861656,309.7079588288859,305.78609646094156,306.5046081542969,4814100
2026-03-16,307.2131106166737,310.48632357047774,306.74408175799863,309.4684143066406,6401200
2026-03-17,310.67593734480056,312.04309816703056,306.7440861215353,307.82183837890625,6872200
2026-03-18,306.7740243134503,307.3029266148368,297.88245394322496,298.4013671875,7191700
2026-03-19,297.4234073430545,301.8442350116896,296.41548713996315,299.0899353027344,6826400
2026-03-20,299.22967494551517,302.2933310235784,298.3914163961535,300.9960021972656,14398100
2026-03-23,304.5686181307204,307.2131297520358,302.2234736912733,303.8101806640625,7824500
2026-03-24,301.37522313516865,305.4068737202475,299.99807320309833,303.131591796875,5375900
2026-03-25,304.84803341435196,307.851785612155,301.5448835843987,304.2792053222656,6280900
2026-03-26,303.53075782816387,307.2330740575747,302.37315398017523,304.8979187011719,7652700
2026-03-27,303.690412167838,303.95984261233536,293.71110075686363,294.9085998535156,9974400
2026-03-30,298.1119967721213,300.05794432922346,295.2778758335563,298.9203186035156,9330300
2026-03-31,300.97605544568177,302.71244598499914,295.9764103976488,301.6147155761719,10246900
2026-04-01,304.41890425868155,304.41890425868155,293.2820187246287,297.8924560546875,7707600
2026-04-02,297.18387993371056,301.84423173587874,295.23793249238884,300.17767333984375,4376000
2026-04-06,300.1178154929676,303.79022540723855,298.84046479152994,302.70245361328125,5501000
2026-04-07,301.81431445179874,304.3490682260976,300.4970379592236,301.924072265625,4413900
2026-04-08,307.09336495279763,310.4364099548042,307.0634282363584,308.32080078125,6879300
2026-04-09,307.36281310114674,308.93953101515194,302.9619328044834,307.6522216796875,4811500
2026-04-10,308.0713228407691,308.3607314071977,302.8820990315011,303.7303161621094,5190000
2026-04-13,303.30121285543817,309.10917956751626,301.7145059514164,308.74993896484375,6787200
2026-04-14,307.83183571502826,311.47427847139704,306.8538521842199,310.725830078125,5571000
2026-04-15,312.3524558530697,316.07475007651544,310.87550675955816,315.2564392089844,4831400
2026-04-16,315.6955340890468,317.3421144410126,313.91921781129685,314.4481201171875,5695800
2026-04-17,315.9450216957469,318.7791426284462,314.52794600217567,316.3641357421875,8082300
2026-04-20,315.74542959968784,316.8930444033761,311.70382037012894,313.29052734375,5506800
2026-04-21,313.3603848879222,316.23443160774116,308.1811195395908,309.2987976074219,6806900
2026-04-22,310.3665765900329,310.7158281288479,307.42266751686486,310.64599609375,5666600
2026-04-23,309.8576410034995,311.5541362439113,304.37900840074366,308.2409973144531,7275000
2026-04-24,306.4646690803624,309.33871572907344,303.87004194169583,308.7798767089844,5616900
2026-04-27,306.8738424172374,310.17699235362977,305.42682995132543,309.0093994140625,6261500
2026-04-28,311.55411993872787,313.31045806908014,308.1012562023077,308.66009521484375,8839900
2026-04-29,335.70405894620507,341.27253225190367,333.09947305974015,334.167236328125,16658600
2026-04-30,331.4329052084062,331.8121239370452,327.401254633927,329.1576232910156,11241100
2026-05-01,332.19135193962137,335.1552089039801,327.2515801808754,327.35137939453125,6726100
2026-05-04,327.32144294688226,329.1077483731355,324.72681566190226,326.173828125,6712400
2026-05-05,324.4373840973491,324.90641295969726,318.9886885029524,321.36376953125,5893200
2026-05-06,323.08021332247415,323.9084827860181,317.3421091476348,318.14044189453125,7808400
2026-05-07,318.87893543276164,323.02034370833087,318.87893543276164,320.6153259277344,7186100
2026-05-08,320.3259235133766,320.4057750632095,315.5059292568937,318.1304931640625,5950200
2026-05-11,318.43984029560517,324.5072483684324,317.352098982156,323.1899719238281,9586200
2026-05-12,324.32000732421875,328.9100036621094,324.20001220703125,326.4200134277344,6235200
2026-05-13,323.7900085449219,325.4200134277344,319.79998779296875,320.30999755859375,7950400
2026-05-14,321.3699951171875,323.3299865722656,320.25,322.5199890136719,5277400
2026-05-15,324.0,329.010009765625,323.8399963378906,325.75,6029300
